2026-07-11 03:58:17,345 | ApplicationRunner | INFO | Starting the pipeline run
2026-07-11 03:58:17,345 | ApplicationRunner | INFO | exclusionchecker=True and diseasechecker=True
2026-07-11 03:58:17,346 | AppPreprocessing | INFO | diseasecheker: resolving ModelIDs for disease 'Leukemia'
2026-07-11 03:58:17,418 | AppPreprocessing | INFO | diseasecheker: 104 ModelID(s) match disease 'Leukemia'
2026-07-11 03:58:17,419 | ApplicationRunner | INFO | Resolving target ids and reading target omic tables
2026-07-11 03:58:17,419 | AppPreprocessing | INFO | genetoesng: resolving 3 gene symbol(s) to ENSG
2026-07-11 03:58:17,465 | AppPreprocessing | INFO | genetoesng: resolved 3 ENSG id(s)
2026-07-11 03:58:17,465 | AppPreprocessing | INFO | esngtoprotein: resolving proteins for 3 ENSG id(s)
2026-07-11 03:58:17,509 | AppPreprocessing | INFO | esngtoprotein: 3 protein(s) found, 0 ENSG id(s) without a protein (0-fill placeholders)
2026-07-11 03:58:17,510 | AppPreprocessing | INFO | depmapreader: extracting 3 ENSG column(s)
2026-07-11 03:58:24,511 | AppPreprocessing | INFO | depmap: RNA/ENSG -> 3 found, 0 NaN-filled (not found)
2026-07-11 03:58:24,513 | AppPreprocessing | INFO | depmapreader: returning shape (1479, 4)
2026-07-11 03:58:24,549 | AppPreprocessing | INFO | hparnareader: extracting 3 ENSG column(s)
2026-07-11 03:58:30,166 | AppPreprocessing | INFO | hpa: HPA/ENSG -> 3 found, 0 NaN-filled (not found)
2026-07-11 03:58:30,167 | AppPreprocessing | INFO | hparnareader: returning shape (1145, 4)
2026-07-11 03:58:30,200 | AppPreprocessing | INFO | proteinreader: extracting 3 protein column(s)
2026-07-11 03:58:30,973 | AppPreprocessing | INFO | protein: protein -> 3 found, 0 NaN-filled (not found)
2026-07-11 03:58:30,974 | AppPreprocessing | INFO | proteinreader: returning shape (375, 4)
2026-07-11 03:58:30,984 | AppPreprocessing | INFO | similarityreader: extracting 3 gene cosine column(s)
2026-07-11 03:58:37,957 | AppPreprocessing | INFO | cosine: cosine/ENSG -> 3 found, 0 NaN-filled (not found)
2026-07-11 03:58:37,958 | AppPreprocessing | INFO | similarityreader: returning shape (1479, 4)
2026-07-11 03:58:38,007 | ApplicationRunner | INFO | target_df shape is (1570, 10)
2026-07-11 03:58:38,008 | ApplicationRunner | INFO | Releasing target reader frames from memory
2026-07-11 03:58:38,094 | ApplicationRunner | INFO | Resolving exclusion ids and reading exclusion omic tables
2026-07-11 03:58:38,094 | AppPreprocessing | INFO | genetoesng: resolving 1 gene symbol(s) to ENSG
2026-07-11 03:58:38,115 | AppPreprocessing | INFO | genetoesng: resolved 1 ENSG id(s)
2026-07-11 03:58:38,115 | AppPreprocessing | INFO | esngtoprotein: resolving proteins for 1 ENSG id(s)
2026-07-11 03:58:38,132 | AppPreprocessing | INFO | esngtoprotein: 0 protein(s) found, 1 ENSG id(s) without a protein (0-fill placeholders)
2026-07-11 03:58:38,132 | AppPreprocessing | INFO | depmapreader: extracting 1 ENSG column(s)
2026-07-11 03:58:44,753 | AppPreprocessing | INFO | depmap: RNA/ENSG -> 1 found, 0 NaN-filled (not found)
2026-07-11 03:58:44,754 | AppPreprocessing | INFO | depmapreader: returning shape (1479, 2)
2026-07-11 03:58:44,793 | AppPreprocessing | INFO | hparnareader: extracting 1 ENSG column(s)
2026-07-11 03:58:50,352 | AppPreprocessing | INFO | hpa: HPA/ENSG -> 1 found, 0 NaN-filled (not found)
2026-07-11 03:58:50,353 | AppPreprocessing | INFO | hparnareader: returning shape (1145, 2)
2026-07-11 03:58:50,385 | AppPreprocessing | INFO | proteinreader: extracting 0 protein column(s)
2026-07-11 03:58:51,286 | AppPreprocessing | INFO | protein: protein -> 0 found, 0 NaN-filled (not found)
2026-07-11 03:58:51,286 | AppPreprocessing | INFO | proteinreader: returning shape (375, 1)
2026-07-11 03:58:51,295 | AppPreprocessing | INFO | similarityreader: extracting 1 gene cosine column(s)
2026-07-11 03:58:58,068 | AppPreprocessing | INFO | cosine: cosine/ENSG -> 1 found, 0 NaN-filled (not found)
2026-07-11 03:58:58,069 | AppPreprocessing | INFO | similarityreader: returning shape (1479, 2)
2026-07-11 03:58:58,118 | ApplicationRunner | INFO | exclusion_df shape is (1570, 4)
2026-07-11 03:58:58,118 | ApplicationRunner | INFO | Releasing exclusion reader frames from memory
2026-07-11 03:58:58,212 | ApplicationRunner | INFO | Applying disease filter of (104 on ModelIDs)
2026-07-11 03:58:58,216 | ApplicationRunner | INFO | Scoring: evidence + similarity (target)
2026-07-11 03:58:58,218 | Scoring | INFO | calculateevidencescore (type=target): input shape (104, 10)
2026-07-11 03:58:58,218 | Scoring | INFO | calculateevidencescore: 9 value column(s)
2026-07-11 03:58:58,222 | Scoring | INFO | target_evidence: min=0.0752 max=0.5388
2026-07-11 03:58:58,223 | Scoring | INFO | calculatesimilarityscore (type=target): input shape (1479, 4)
2026-07-11 03:58:58,223 | Scoring | INFO | calculatesimilarityscore: 3 cosine column(s)
2026-07-11 03:58:58,225 | Scoring | INFO | target_similarity: min=0.1348 max=0.8328
2026-07-11 03:58:58,226 | ApplicationRunner | INFO | Releasing target cosine frame from memory
2026-07-11 03:58:58,328 | ApplicationRunner | INFO | Calculating the confidence score
2026-07-11 03:58:58,331 | Scoring | INFO | calculateconfidencescore: input shape (104, 13)
2026-07-11 03:58:58,331 | Scoring | INFO | calculateconfidencescore: pooling 12 value column(s)
2026-07-11 03:58:58,368 | Scoring | INFO | confidence_score: nulls=0 of 104
2026-07-11 03:58:58,368 | ApplicationRunner | INFO | Releasing confidence input frame from memory
2026-07-11 03:58:58,473 | ApplicationRunner | INFO | Scoring: evidence and similarity (exclusion)
2026-07-11 03:58:58,473 | Scoring | INFO | calculateevidencescore (type=exclusion): input shape (104, 4)
2026-07-11 03:58:58,474 | Scoring | INFO | calculateevidencescore: 3 value column(s)
2026-07-11 03:58:58,487 | Scoring | INFO | exclusion_penalty: min=0.2231 max=0.6774
2026-07-11 03:58:58,488 | Scoring | INFO | calculatesimilarityscore (type=exclusion): input shape (1479, 2)
2026-07-11 03:58:58,489 | Scoring | INFO | calculatesimilarityscore: 1 cosine column(s)
2026-07-11 03:58:58,491 | Scoring | INFO | exclusion_similarity_penalty: min=0.2231 max=0.9990
2026-07-11 03:58:58,492 | ApplicationRunner | INFO | Releasing exclusion cosine frame from memory
2026-07-11 03:58:58,583 | Scoring | INFO | calculatenetevidencescore (type=exclusion): input shape (104, 5)
2026-07-11 03:58:58,587 | Scoring | INFO | calculatenetsimilarityscore (type=exclusion): input shape (1479, 5)
2026-07-11 03:58:58,588 | ApplicationRunner | INFO | Releasing intermediate evidence/similarity frames from memory
2026-07-11 03:58:58,685 | ApplicationRunner | INFO | Releasing target evidence/similarity frames from memory
2026-07-11 03:58:58,765 | ApplicationRunner | INFO | Assembling final score (net_similarity x net_evidence x confidence)
2026-07-11 03:58:58,769 | Scoring | INFO | finalscoring: input shape (104, 14)
2026-07-11 03:58:58,770 | Scoring | INFO | final_score: nulls=0 of 104
2026-07-11 03:58:58,771 | ApplicationRunner | INFO | Releasing net score component frames from memory
2026-07-11 03:58:58,866 | ApplicationRunner | INFO | Releasing feature and final-score frames from memory
2026-07-11 03:58:58,955 | ApplicationRunner | INFO | Fusion flagging over 4 gene(s); filter=False
2026-07-11 03:58:58,955 | Fusion | INFO | fusionflagger: 104 cell line(s), 4 gene(s)
2026-07-11 03:58:59,769 | Fusion | INFO | fusionflagger: fusion table shape (184237, 31)
2026-07-11 03:58:59,774 | Fusion | INFO | fusionflagger: 0 matching fusion row(s) and 0 distinct flagged ModelID(s)
2026-07-11 03:58:59,774 | Fusion | INFO | fusionflagger: releasing fusion table frames from memory
2026-07-11 03:58:59,881 | Fusion | INFO | fusionflagger: 0 cell line(s) flagged Yes
2026-07-11 03:58:59,970 | ApplicationRunner | INFO | Mutation flagging over 4 gene(s); filter=False
2026-07-11 03:58:59,971 | Mutation | INFO | mutationflager: 104 cell line(s), 4 gene(s)
2026-07-11 03:59:08,667 | Mutation | INFO | mutationflager: mutation table shape (1066869, 71)
2026-07-11 03:59:09,361 | Mutation | INFO | mutationflager: 66 distinct ModelID(s) with a matching mutation
2026-07-11 03:59:09,363 | Mutation | INFO | mutationflager: 2 cell line(s) flagged Yes
2026-07-11 03:59:09,483 | ApplicationRunner | INFO | Selected top 10 cell line(s)
2026-07-11 03:59:09,484 | Fusion | INFO | getthefusionreferencetable: 10 top cell line(s), 4 gene(s)
2026-07-11 03:59:10,388 | Fusion | INFO | getthefusionreferencetable: releasing full fusion table from memory
2026-07-11 03:59:10,476 | Fusion | INFO | getthefusionreferencetable: returning 0 reference row(s)
2026-07-11 03:59:10,477 | Mutation | INFO | getthemutationreferencetable: 10 cell line(s), 4 gene(s)
2026-07-11 03:59:19,432 | Mutation | INFO | getthemutationreferencetable: returning 0 reference row(s)
2026-07-11 03:59:19,432 | ApplicationRunner | INFO | Running KMeans plot
2026-07-11 03:59:19,432 | ModelLoader | INFO | kmeansonthedata: 10 selected cell line(s)
2026-07-11 03:59:19,667 | ModelLoader | INFO | kmeansonthedata: factor matrix (1479, 20); predicting clusters
2026-07-11 03:59:19,713 | ModelLoader | INFO | kmeansonthedata: generating UMAP projection (full 1479-row manifold)
2026-07-11 03:59:31,567 | ModelLoader | INFO | kmeansonthedata: 10 of 10 chosen id(s) located on the map
2026-07-11 03:59:31,567 | ModelLoader | INFO | kmeansonthedata: releasing factor matrix and UMAP arrays from memory
2026-07-11 03:59:32,418 | ModelLoader | INFO | kmeansonthedata: plot saved to C:\Users\Shankar\Desktop\AstraZeneca\code\astrazeneca\CelllineSelector\images\kmeansplotforselectedcell_f935b686-e4c3-4ee5-80c0-61bb8d61b1c7.png
2026-07-11 03:59:32,418 | ModelLoader | INFO | kmeansonthedata: releasing plotting frames from memory
2026-07-11 03:59:32,532 | ApplicationRunner | INFO | Kmeans plot completed
2026-07-11 03:59:32,532 | ApplicationRunner | INFO | Running KNN
2026-07-11 03:59:32,533 | ModelLoader | INFO | knnonthedata: finding alternatives for 10 selected cell line(s)
2026-07-11 03:59:32,705 | ModelLoader | INFO | knnonthedata: releasing factor matrix from memory
2026-07-11 03:59:32,867 | ModelLoader | INFO | knnonthedata: 9 of 10 target(s) received an alternative
2026-07-11 03:59:32,868 | ApplicationRunner | INFO | KNN Completed
2026-07-11 03:59:32,868 | ApplicationRunner | INFO | Running Data combiner
2026-07-11 03:59:32,868 | AppPreprocessing | INFO | datacombiner: enriching 10 row(s) with master_lookup identity
2026-07-11 03:59:32,880 | AppPreprocessing | INFO | datacombiner: returning shape (10, 36)
2026-07-11 03:59:32,880 | AppPreprocessing | INFO | alternativedatacombiner: enriching 10 alternative row(s)
2026-07-11 03:59:32,891 | AppPreprocessing | INFO | alternativedatacombiner: returning shape (10, 8)
2026-07-11 03:59:32,891 | ApplicationRunner | INFO | Data combiner completed
2026-07-11 03:59:32,891 | ApplicationRunner | INFO | pipelinerun completed successfully
2026-07-11 04:56:28,925 | ApplicationRunner | INFO | Starting the pipeline run
2026-07-11 04:56:28,926 | ApplicationRunner | INFO | exclusionchecker=True and diseasechecker=False
2026-07-11 04:56:28,926 | ApplicationRunner | INFO | Resolving target ids and reading target omic tables
2026-07-11 04:56:28,926 | AppPreprocessing | INFO | genetoesng: resolving 3 gene symbol(s) to ENSG
2026-07-11 04:56:29,030 | AppPreprocessing | INFO | genetoesng: resolved 3 ENSG id(s)
2026-07-11 04:56:29,030 | AppPreprocessing | INFO | esngtoprotein: resolving proteins for 3 ENSG id(s)
2026-07-11 04:56:29,062 | AppPreprocessing | INFO | esngtoprotein: 3 protein(s) found, 0 ENSG id(s) without a protein (0-fill placeholders)
2026-07-11 04:56:29,063 | AppPreprocessing | INFO | depmapreader: extracting 3 ENSG column(s)
2026-07-11 04:56:36,067 | AppPreprocessing | INFO | depmap: RNA/ENSG -> 3 found, 0 NaN-filled (not found)
2026-07-11 04:56:36,068 | AppPreprocessing | INFO | depmapreader: returning shape (1479, 4)
2026-07-11 04:56:36,108 | AppPreprocessing | INFO | hparnareader: extracting 3 ENSG column(s)
2026-07-11 04:56:41,570 | AppPreprocessing | INFO | hpa: HPA/ENSG -> 3 found, 0 NaN-filled (not found)
2026-07-11 04:56:41,572 | AppPreprocessing | INFO | hparnareader: returning shape (1145, 4)
2026-07-11 04:56:41,606 | AppPreprocessing | INFO | proteinreader: extracting 3 protein column(s)
2026-07-11 04:56:42,374 | AppPreprocessing | INFO | protein: protein -> 3 found, 0 NaN-filled (not found)
2026-07-11 04:56:42,374 | AppPreprocessing | INFO | proteinreader: returning shape (375, 4)
2026-07-11 04:56:42,385 | AppPreprocessing | INFO | similarityreader: extracting 3 gene cosine column(s)
2026-07-11 04:56:49,521 | AppPreprocessing | INFO | cosine: cosine/ENSG -> 3 found, 0 NaN-filled (not found)
2026-07-11 04:56:49,522 | AppPreprocessing | INFO | similarityreader: returning shape (1479, 4)
2026-07-11 04:56:49,600 | ApplicationRunner | INFO | target_df shape is (1570, 10)
2026-07-11 04:56:49,600 | ApplicationRunner | INFO | Releasing target reader frames from memory
2026-07-11 04:56:49,707 | ApplicationRunner | INFO | Resolving exclusion ids and reading exclusion omic tables
2026-07-11 04:56:49,707 | AppPreprocessing | INFO | genetoesng: resolving 1 gene symbol(s) to ENSG
2026-07-11 04:56:49,727 | AppPreprocessing | INFO | genetoesng: resolved 1 ENSG id(s)
2026-07-11 04:56:49,727 | AppPreprocessing | INFO | esngtoprotein: resolving proteins for 1 ENSG id(s)
2026-07-11 04:56:49,748 | AppPreprocessing | INFO | esngtoprotein: 0 protein(s) found, 1 ENSG id(s) without a protein (0-fill placeholders)
2026-07-11 04:56:49,748 | AppPreprocessing | INFO | depmapreader: extracting 1 ENSG column(s)
2026-07-11 04:56:56,632 | AppPreprocessing | INFO | depmap: RNA/ENSG -> 1 found, 0 NaN-filled (not found)
2026-07-11 04:56:56,634 | AppPreprocessing | INFO | depmapreader: returning shape (1479, 2)
2026-07-11 04:56:56,672 | AppPreprocessing | INFO | hparnareader: extracting 1 ENSG column(s)
2026-07-11 04:57:01,996 | AppPreprocessing | INFO | hpa: HPA/ENSG -> 1 found, 0 NaN-filled (not found)
2026-07-11 04:57:01,999 | AppPreprocessing | INFO | hparnareader: returning shape (1145, 2)
2026-07-11 04:57:02,028 | AppPreprocessing | INFO | proteinreader: extracting 0 protein column(s)
2026-07-11 04:57:02,873 | AppPreprocessing | INFO | protein: protein -> 0 found, 0 NaN-filled (not found)
2026-07-11 04:57:02,873 | AppPreprocessing | INFO | proteinreader: returning shape (375, 1)
2026-07-11 04:57:02,880 | AppPreprocessing | INFO | similarityreader: extracting 1 gene cosine column(s)
2026-07-11 04:57:10,246 | AppPreprocessing | INFO | cosine: cosine/ENSG -> 1 found, 0 NaN-filled (not found)
2026-07-11 04:57:10,249 | AppPreprocessing | INFO | similarityreader: returning shape (1479, 2)
2026-07-11 04:57:10,304 | ApplicationRunner | INFO | exclusion_df shape is (1570, 4)
2026-07-11 04:57:10,304 | ApplicationRunner | INFO | Releasing exclusion reader frames from memory
2026-07-11 04:57:10,393 | ApplicationRunner | INFO | Scoring: evidence + similarity (target)
2026-07-11 04:57:10,394 | Scoring | INFO | calculateevidencescore (type=target): input shape (1570, 10)
2026-07-11 04:57:10,394 | Scoring | INFO | calculateevidencescore: 9 value column(s)
2026-07-11 04:57:10,401 | Scoring | INFO | target_evidence: min=0.0657 max=0.6891
2026-07-11 04:57:10,402 | Scoring | INFO | calculatesimilarityscore (type=target): input shape (1479, 4)
2026-07-11 04:57:10,403 | Scoring | INFO | calculatesimilarityscore: 3 cosine column(s)
2026-07-11 04:57:10,405 | Scoring | INFO | target_similarity: min=0.1348 max=0.8328
2026-07-11 04:57:10,406 | ApplicationRunner | INFO | Releasing target cosine frame from memory
2026-07-11 04:57:10,496 | ApplicationRunner | INFO | Calculating the confidence score
2026-07-11 04:57:10,501 | Scoring | INFO | calculateconfidencescore: input shape (2298, 13)
2026-07-11 04:57:10,501 | Scoring | INFO | calculateconfidencescore: pooling 12 value column(s)
2026-07-11 04:57:10,801 | Scoring | INFO | confidence_score: nulls=0 of 54714
2026-07-11 04:57:10,801 | ApplicationRunner | INFO | Releasing confidence input frame from memory
2026-07-11 04:57:10,886 | ApplicationRunner | INFO | Scoring: evidence and similarity (exclusion)
2026-07-11 04:57:10,887 | Scoring | INFO | calculateevidencescore (type=exclusion): input shape (1570, 4)
2026-07-11 04:57:10,887 | Scoring | INFO | calculateevidencescore: 3 value column(s)
2026-07-11 04:57:10,893 | Scoring | INFO | exclusion_penalty: min=0.2231 max=0.6756
2026-07-11 04:57:10,893 | Scoring | INFO | calculatesimilarityscore (type=exclusion): input shape (1479, 2)
2026-07-11 04:57:10,894 | Scoring | INFO | calculatesimilarityscore: 1 cosine column(s)
2026-07-11 04:57:10,898 | Scoring | INFO | exclusion_similarity_penalty: min=0.2231 max=0.9990
2026-07-11 04:57:10,899 | ApplicationRunner | INFO | Releasing exclusion cosine frame from memory
2026-07-11 04:57:10,990 | Scoring | INFO | calculatenetevidencescore (type=exclusion): input shape (2298, 5)
2026-07-11 04:57:10,993 | Scoring | INFO | calculatenetsimilarityscore (type=exclusion): input shape (1479, 5)
2026-07-11 04:57:10,994 | ApplicationRunner | INFO | Releasing intermediate evidence/similarity frames from memory
2026-07-11 04:57:11,083 | ApplicationRunner | INFO | Releasing target evidence/similarity frames from memory
2026-07-11 04:57:11,183 | ApplicationRunner | INFO | Assembling final score (net_similarity x net_evidence x confidence)
2026-07-11 04:57:12,135 | Scoring | INFO | finalscoring: input shape (3409338, 14)
2026-07-11 04:57:12,156 | Scoring | INFO | final_score: nulls=0 of 3409338
2026-07-11 04:57:12,176 | ApplicationRunner | INFO | Releasing net score component frames from memory
2026-07-11 04:57:23,501 | ApplicationRunner | ERROR | Error while running the application pipeline: Unable to allocate 1.63 GiB for an array with shape (218105274,) and data type int64
2026-07-11 05:08:05,314 | ApplicationRunner | INFO | Starting the pipeline run
2026-07-11 05:08:05,316 | ApplicationRunner | INFO | exclusionchecker=True and diseasechecker=False
2026-07-11 05:08:05,317 | ApplicationRunner | INFO | Resolving target ids and reading target omic tables
2026-07-11 05:08:05,317 | AppPreprocessing | INFO | genetoesng: resolving 3 gene symbol(s) to ENSG
2026-07-11 05:08:05,400 | AppPreprocessing | INFO | genetoesng: resolved 3 ENSG id(s)
2026-07-11 05:08:05,401 | AppPreprocessing | INFO | esngtoprotein: resolving proteins for 3 ENSG id(s)
2026-07-11 05:08:05,429 | AppPreprocessing | INFO | esngtoprotein: 3 protein(s) found, 0 ENSG id(s) without a protein (0-fill placeholders)
2026-07-11 05:08:05,429 | AppPreprocessing | INFO | depmapreader: extracting 3 ENSG column(s)
2026-07-11 05:08:19,225 | AppPreprocessing | INFO | depmap: RNA/ENSG -> 3 found, 0 NaN-filled (not found)
2026-07-11 05:08:19,226 | AppPreprocessing | INFO | depmapreader: returning shape (1479, 4)
2026-07-11 05:08:19,280 | AppPreprocessing | INFO | hparnareader: extracting 3 ENSG column(s)
2026-07-11 05:08:30,044 | AppPreprocessing | WARNING | hpa: removed 91 row(s) with null/duplicate ModelID (kept 1054 unique cell line(s))
2026-07-11 05:08:30,044 | AppPreprocessing | INFO | hpa: HPA/ENSG -> 3 found, 0 NaN-filled (not found)
2026-07-11 05:08:30,046 | AppPreprocessing | INFO | hparnareader: returning shape (1054, 4)
2026-07-11 05:08:30,083 | AppPreprocessing | INFO | proteinreader: extracting 3 protein column(s)
2026-07-11 05:08:31,616 | AppPreprocessing | INFO | protein: protein -> 3 found, 0 NaN-filled (not found)
2026-07-11 05:08:31,617 | AppPreprocessing | INFO | proteinreader: returning shape (375, 4)
2026-07-11 05:08:31,632 | AppPreprocessing | INFO | similarityreader: extracting 3 gene cosine column(s)
2026-07-11 05:08:45,820 | AppPreprocessing | INFO | cosine: cosine/ENSG -> 3 found, 0 NaN-filled (not found)
2026-07-11 05:08:45,822 | AppPreprocessing | INFO | similarityreader: returning shape (1479, 4)
2026-07-11 05:08:45,956 | ApplicationRunner | INFO | target_df shape is (1479, 10)
2026-07-11 05:08:45,956 | ApplicationRunner | INFO | Releasing target reader frames from memory
2026-07-11 05:08:46,138 | ApplicationRunner | INFO | Resolving exclusion ids and reading exclusion omic tables
2026-07-11 05:08:46,139 | AppPreprocessing | INFO | genetoesng: resolving 1 gene symbol(s) to ENSG
2026-07-11 05:08:46,172 | AppPreprocessing | INFO | genetoesng: resolved 1 ENSG id(s)
2026-07-11 05:08:46,172 | AppPreprocessing | INFO | esngtoprotein: resolving proteins for 1 ENSG id(s)
2026-07-11 05:08:46,213 | AppPreprocessing | INFO | esngtoprotein: 0 protein(s) found, 1 ENSG id(s) without a protein (0-fill placeholders)
2026-07-11 05:08:46,213 | AppPreprocessing | INFO | depmapreader: extracting 1 ENSG column(s)
2026-07-11 05:08:54,247 | AppPreprocessing | INFO | depmap: RNA/ENSG -> 1 found, 0 NaN-filled (not found)
2026-07-11 05:08:54,248 | AppPreprocessing | INFO | depmapreader: returning shape (1479, 2)
2026-07-11 05:08:54,293 | AppPreprocessing | INFO | hparnareader: extracting 1 ENSG column(s)
2026-07-11 05:08:59,626 | AppPreprocessing | WARNING | hpa: removed 91 row(s) with null/duplicate ModelID (kept 1054 unique cell line(s))
2026-07-11 05:08:59,626 | AppPreprocessing | INFO | hpa: HPA/ENSG -> 1 found, 0 NaN-filled (not found)
2026-07-11 05:08:59,627 | AppPreprocessing | INFO | hparnareader: returning shape (1054, 2)
2026-07-11 05:08:59,660 | AppPreprocessing | INFO | proteinreader: extracting 0 protein column(s)
2026-07-11 05:09:00,543 | AppPreprocessing | INFO | protein: protein -> 0 found, 0 NaN-filled (not found)
2026-07-11 05:09:00,544 | AppPreprocessing | INFO | proteinreader: returning shape (375, 1)
2026-07-11 05:09:00,555 | AppPreprocessing | INFO | similarityreader: extracting 1 gene cosine column(s)
2026-07-11 05:09:07,449 | AppPreprocessing | INFO | cosine: cosine/ENSG -> 1 found, 0 NaN-filled (not found)
2026-07-11 05:09:07,450 | AppPreprocessing | INFO | similarityreader: returning shape (1479, 2)
2026-07-11 05:09:07,702 | ApplicationRunner | INFO | exclusion_df shape is (1479, 4)
2026-07-11 05:09:07,703 | ApplicationRunner | INFO | Releasing exclusion reader frames from memory
2026-07-11 05:09:07,795 | ApplicationRunner | INFO | Scoring: evidence + similarity (target)
2026-07-11 05:09:07,796 | Scoring | INFO | calculateevidencescore (type=target): input shape (1479, 10)
2026-07-11 05:09:07,797 | Scoring | INFO | calculateevidencescore: 9 value column(s)
2026-07-11 05:09:07,805 | Scoring | INFO | target_evidence: min=0.0657 max=0.6891
2026-07-11 05:09:07,806 | Scoring | INFO | calculatesimilarityscore (type=target): input shape (1479, 4)
2026-07-11 05:09:07,806 | Scoring | INFO | calculatesimilarityscore: 3 cosine column(s)
2026-07-11 05:09:07,808 | Scoring | INFO | target_similarity: min=0.1348 max=0.8328
2026-07-11 05:09:07,809 | ApplicationRunner | INFO | Releasing target cosine frame from memory
2026-07-11 05:09:07,911 | ApplicationRunner | INFO | Calculating the confidence score
2026-07-11 05:09:07,914 | Scoring | INFO | calculateconfidencescore: input shape (1479, 13)
2026-07-11 05:09:07,915 | Scoring | INFO | calculateconfidencescore: pooling 12 value column(s)
2026-07-11 05:09:08,115 | Scoring | INFO | confidence_score: nulls=0 of 1479
2026-07-11 05:09:08,115 | ApplicationRunner | INFO | Releasing confidence input frame from memory
2026-07-11 05:09:08,205 | ApplicationRunner | INFO | Scoring: evidence and similarity (exclusion)
2026-07-11 05:09:08,205 | Scoring | INFO | calculateevidencescore (type=exclusion): input shape (1479, 4)
2026-07-11 05:09:08,206 | Scoring | INFO | calculateevidencescore: 3 value column(s)
2026-07-11 05:09:08,217 | Scoring | INFO | exclusion_penalty: min=0.2231 max=0.6761
2026-07-11 05:09:08,218 | Scoring | INFO | calculatesimilarityscore (type=exclusion): input shape (1479, 2)
2026-07-11 05:09:08,218 | Scoring | INFO | calculatesimilarityscore: 1 cosine column(s)
2026-07-11 05:09:08,221 | Scoring | INFO | exclusion_similarity_penalty: min=0.2231 max=0.9990
2026-07-11 05:09:08,222 | ApplicationRunner | INFO | Releasing exclusion cosine frame from memory
2026-07-11 05:09:08,312 | Scoring | INFO | calculatenetevidencescore (type=exclusion): input shape (1479, 5)
2026-07-11 05:09:08,315 | Scoring | INFO | calculatenetsimilarityscore (type=exclusion): input shape (1479, 5)
2026-07-11 05:09:08,316 | ApplicationRunner | INFO | Releasing intermediate evidence/similarity frames from memory
2026-07-11 05:09:08,407 | ApplicationRunner | INFO | Releasing target evidence/similarity frames from memory
2026-07-11 05:09:08,498 | ApplicationRunner | INFO | Assembling final score (net_similarity x net_evidence x confidence)
2026-07-11 05:09:08,504 | Scoring | INFO | finalscoring: input shape (1479, 14)
2026-07-11 05:09:08,505 | Scoring | INFO | final_score: nulls=0 of 1479
2026-07-11 05:09:08,505 | ApplicationRunner | INFO | Releasing net score component frames from memory
2026-07-11 05:09:08,617 | ApplicationRunner | INFO | Releasing feature and final-score frames from memory
2026-07-11 05:09:08,723 | ApplicationRunner | INFO | Fusion flagging over 4 gene(s); filter=False
2026-07-11 05:09:08,724 | Fusion | INFO | fusionflagger: 1479 cell line(s), 4 gene(s)
2026-07-11 05:09:09,580 | Fusion | INFO | fusionflagger: fusion table shape (184237, 31)
2026-07-11 05:09:09,586 | Fusion | INFO | fusionflagger: 0 matching fusion row(s) and 0 distinct flagged ModelID(s)
2026-07-11 05:09:09,586 | Fusion | INFO | fusionflagger: releasing fusion table frames from memory
2026-07-11 05:09:09,677 | Fusion | INFO | fusionflagger: 0 cell line(s) flagged Yes
2026-07-11 05:09:09,766 | ApplicationRunner | INFO | Mutation flagging over 4 gene(s); filter=False
2026-07-11 05:09:09,767 | Mutation | INFO | mutationflager: 1479 cell line(s), 4 gene(s)
2026-07-11 05:09:18,185 | Mutation | INFO | mutationflager: mutation table shape (1066869, 71)
2026-07-11 05:09:18,847 | Mutation | INFO | mutationflager: 66 distinct ModelID(s) with a matching mutation
2026-07-11 05:09:18,849 | Mutation | INFO | mutationflager: 56 cell line(s) flagged Yes
2026-07-11 05:09:18,973 | ApplicationRunner | INFO | Selected top 10 cell line(s)
2026-07-11 05:09:18,973 | Fusion | INFO | getthefusionreferencetable: 10 top cell line(s), 4 gene(s)
2026-07-11 05:09:19,933 | Fusion | INFO | getthefusionreferencetable: releasing full fusion table from memory
2026-07-11 05:09:20,040 | Fusion | INFO | getthefusionreferencetable: returning 0 reference row(s)
2026-07-11 05:09:20,040 | Mutation | INFO | getthemutationreferencetable: 10 cell line(s), 4 gene(s)
2026-07-11 05:09:29,266 | Mutation | INFO | getthemutationreferencetable: returning 2 reference row(s)
2026-07-11 05:09:29,266 | ApplicationRunner | INFO | Running KMeans plot
2026-07-11 05:09:29,266 | ModelLoader | INFO | kmeansonthedata: 10 selected cell line(s)
2026-07-11 05:09:29,731 | ModelLoader | INFO | kmeansonthedata: factor matrix (1479, 20); predicting clusters
2026-07-11 05:09:29,778 | ModelLoader | INFO | kmeansonthedata: generating UMAP projection (full 1479-row manifold)
2026-07-11 05:09:41,841 | ModelLoader | INFO | kmeansonthedata: 10 of 10 chosen id(s) located on the map
2026-07-11 05:09:41,841 | ModelLoader | INFO | kmeansonthedata: releasing factor matrix and UMAP arrays from memory
2026-07-11 05:09:42,969 | ModelLoader | INFO | kmeansonthedata: plot saved to C:\Users\Shankar\Desktop\AstraZeneca\code\astrazeneca\CelllineSelector\images\kmeansplotforselectedcell_1ab04d59-8f12-48e2-beee-f676d99b0638.png
2026-07-11 05:09:42,969 | ModelLoader | INFO | kmeansonthedata: releasing plotting frames from memory
2026-07-11 05:09:43,090 | ApplicationRunner | INFO | Kmeans plot completed
2026-07-11 05:09:43,090 | ApplicationRunner | INFO | Running KNN
2026-07-11 05:09:43,090 | ModelLoader | INFO | knnonthedata: finding alternatives for 10 selected cell line(s)
2026-07-11 05:09:43,134 | ModelLoader | INFO | knnonthedata: releasing factor matrix from memory
2026-07-11 05:09:43,281 | ModelLoader | INFO | knnonthedata: 10 of 10 target(s) received an alternative
2026-07-11 05:09:43,281 | ApplicationRunner | INFO | KNN Completed
2026-07-11 05:09:43,282 | ApplicationRunner | INFO | Running Data combiner
2026-07-11 05:09:43,282 | AppPreprocessing | INFO | datacombiner: enriching 10 row(s) with master_lookup identity
2026-07-11 05:09:43,430 | AppPreprocessing | INFO | datacombiner: returning shape (10, 36)
2026-07-11 05:09:43,431 | AppPreprocessing | INFO | alternativedatacombiner: enriching 10 alternative row(s)
2026-07-11 05:09:43,444 | AppPreprocessing | INFO | alternativedatacombiner: returning shape (10, 8)
2026-07-11 05:09:43,444 | ApplicationRunner | INFO | Data combiner completed
2026-07-11 05:09:43,445 | ApplicationRunner | INFO | pipelinerun completed successfully
2026-07-11 05:45:18,554 | ApplicationRunner | INFO | Starting the pipeline run
2026-07-11 05:45:18,555 | ApplicationRunner | INFO | exclusionchecker=True and diseasechecker=False
2026-07-11 05:45:18,555 | ApplicationRunner | INFO | Resolving target ids and reading target omic tables
2026-07-11 05:45:18,555 | AppPreprocessing | INFO | genetoesng: resolving 3 gene symbol(s) to ENSG
2026-07-11 05:45:18,703 | AppPreprocessing | INFO | genetoesng: resolved 3 ENSG id(s)
2026-07-11 05:45:18,703 | AppPreprocessing | INFO | esngtoprotein: resolving proteins for 3 ENSG id(s)
2026-07-11 05:45:18,738 | AppPreprocessing | INFO | esngtoprotein: 3 protein(s) found, 0 ENSG id(s) without a protein (0-fill placeholders)
2026-07-11 05:45:18,738 | AppPreprocessing | INFO | depmapreader: extracting 3 ENSG column(s)
2026-07-11 05:45:27,909 | AppPreprocessing | INFO | depmap: RNA/ENSG -> 3 found, 0 NaN-filled (not found)
2026-07-11 05:45:27,911 | AppPreprocessing | INFO | depmapreader: returning shape (1479, 4)
2026-07-11 05:45:27,967 | AppPreprocessing | INFO | hparnareader: extracting 3 ENSG column(s)
2026-07-11 05:45:40,121 | AppPreprocessing | WARNING | hpa: removed 91 row(s) with null/duplicate ModelID (kept 1054 unique cell line(s))
2026-07-11 05:45:40,121 | AppPreprocessing | INFO | hpa: HPA/ENSG -> 3 found, 0 NaN-filled (not found)
2026-07-11 05:45:40,123 | AppPreprocessing | INFO | hparnareader: returning shape (1054, 4)
2026-07-11 05:45:40,162 | AppPreprocessing | INFO | proteinreader: extracting 3 protein column(s)
2026-07-11 05:45:41,834 | AppPreprocessing | INFO | protein: protein -> 3 found, 0 NaN-filled (not found)
2026-07-11 05:45:41,836 | AppPreprocessing | INFO | proteinreader: returning shape (375, 4)
2026-07-11 05:45:41,848 | AppPreprocessing | INFO | similarityreader: extracting 3 gene cosine column(s)
2026-07-11 05:45:55,908 | AppPreprocessing | INFO | cosine: cosine/ENSG -> 3 found, 0 NaN-filled (not found)
2026-07-11 05:45:55,910 | AppPreprocessing | INFO | similarityreader: returning shape (1479, 4)
2026-07-11 05:45:56,000 | ApplicationRunner | INFO | target_df shape is (1479, 10)
2026-07-11 05:45:56,001 | ApplicationRunner | INFO | Releasing target reader frames from memory
2026-07-11 05:45:56,185 | ApplicationRunner | INFO | Resolving exclusion ids and reading exclusion omic tables
2026-07-11 05:45:56,186 | AppPreprocessing | INFO | genetoesng: resolving 1 gene symbol(s) to ENSG
2026-07-11 05:45:56,211 | AppPreprocessing | INFO | genetoesng: resolved 1 ENSG id(s)
2026-07-11 05:45:56,212 | AppPreprocessing | INFO | esngtoprotein: resolving proteins for 1 ENSG id(s)
2026-07-11 05:45:56,244 | AppPreprocessing | INFO | esngtoprotein: 0 protein(s) found, 1 ENSG id(s) without a protein (0-fill placeholders)
2026-07-11 05:45:56,244 | AppPreprocessing | INFO | depmapreader: extracting 1 ENSG column(s)
2026-07-11 05:46:09,678 | AppPreprocessing | INFO | depmap: RNA/ENSG -> 1 found, 0 NaN-filled (not found)
2026-07-11 05:46:09,681 | AppPreprocessing | INFO | depmapreader: returning shape (1479, 2)
2026-07-11 05:46:09,740 | AppPreprocessing | INFO | hparnareader: extracting 1 ENSG column(s)
2026-07-11 05:46:17,908 | AppPreprocessing | WARNING | hpa: removed 91 row(s) with null/duplicate ModelID (kept 1054 unique cell line(s))
2026-07-11 05:46:17,908 | AppPreprocessing | INFO | hpa: HPA/ENSG -> 1 found, 0 NaN-filled (not found)
2026-07-11 05:46:17,909 | AppPreprocessing | INFO | hparnareader: returning shape (1054, 2)
2026-07-11 05:46:17,942 | AppPreprocessing | INFO | proteinreader: extracting 0 protein column(s)
2026-07-11 05:46:18,886 | AppPreprocessing | INFO | protein: protein -> 0 found, 0 NaN-filled (not found)
2026-07-11 05:46:18,887 | AppPreprocessing | INFO | proteinreader: returning shape (375, 1)
2026-07-11 05:46:18,896 | AppPreprocessing | INFO | similarityreader: extracting 1 gene cosine column(s)
2026-07-11 05:46:25,969 | AppPreprocessing | INFO | cosine: cosine/ENSG -> 1 found, 0 NaN-filled (not found)
2026-07-11 05:46:25,971 | AppPreprocessing | INFO | similarityreader: returning shape (1479, 2)
2026-07-11 05:46:26,020 | ApplicationRunner | INFO | exclusion_df shape is (1479, 4)
2026-07-11 05:46:26,020 | ApplicationRunner | INFO | Releasing exclusion reader frames from memory
2026-07-11 05:46:26,123 | ApplicationRunner | INFO | Scoring: evidence + similarity (target)
2026-07-11 05:46:26,124 | Scoring | INFO | calculateevidencescore (type=target): input shape (1479, 10)
2026-07-11 05:46:26,124 | Scoring | INFO | calculateevidencescore: 9 value column(s)
2026-07-11 05:46:26,129 | Scoring | INFO | target_evidence: min=0.0657 max=0.6891
2026-07-11 05:46:26,129 | Scoring | INFO | calculatesimilarityscore (type=target): input shape (1479, 4)
2026-07-11 05:46:26,130 | Scoring | INFO | calculatesimilarityscore: 3 cosine column(s)
2026-07-11 05:46:26,132 | Scoring | INFO | target_similarity: min=0.1348 max=0.8328
2026-07-11 05:46:26,132 | ApplicationRunner | INFO | Releasing target cosine frame from memory
2026-07-11 05:46:26,221 | ApplicationRunner | INFO | Calculating the confidence score
2026-07-11 05:46:26,225 | Scoring | INFO | calculateconfidencescore: input shape (1479, 13)
2026-07-11 05:46:26,225 | Scoring | INFO | calculateconfidencescore: pooling 12 value column(s)
2026-07-11 05:46:26,447 | Scoring | INFO | confidence_score: nulls=0 of 1479
2026-07-11 05:46:26,447 | ApplicationRunner | INFO | Releasing confidence input frame from memory
2026-07-11 05:46:26,532 | ApplicationRunner | INFO | Scoring: evidence and similarity (exclusion)
2026-07-11 05:46:26,533 | Scoring | INFO | calculateevidencescore (type=exclusion): input shape (1479, 4)
2026-07-11 05:46:26,533 | Scoring | INFO | calculateevidencescore: 3 value column(s)
2026-07-11 05:46:26,542 | Scoring | INFO | exclusion_penalty: min=0.2231 max=0.6761
2026-07-11 05:46:26,543 | Scoring | INFO | calculatesimilarityscore (type=exclusion): input shape (1479, 2)
2026-07-11 05:46:26,543 | Scoring | INFO | calculatesimilarityscore: 1 cosine column(s)
2026-07-11 05:46:26,546 | Scoring | INFO | exclusion_similarity_penalty: min=0.2231 max=0.9990
2026-07-11 05:46:26,547 | ApplicationRunner | INFO | Releasing exclusion cosine frame from memory
2026-07-11 05:46:26,646 | Scoring | INFO | calculatenetevidencescore (type=exclusion): input shape (1479, 5)
2026-07-11 05:46:26,649 | Scoring | INFO | calculatenetsimilarityscore (type=exclusion): input shape (1479, 5)
2026-07-11 05:46:26,650 | ApplicationRunner | INFO | Releasing intermediate evidence/similarity frames from memory
2026-07-11 05:46:26,752 | ApplicationRunner | INFO | Releasing target evidence/similarity frames from memory
2026-07-11 05:46:26,860 | ApplicationRunner | INFO | Assembling final score (net_similarity x net_evidence x confidence)
2026-07-11 05:46:26,865 | Scoring | INFO | finalscoring: input shape (1479, 14)
2026-07-11 05:46:26,866 | Scoring | INFO | final_score: nulls=0 of 1479
2026-07-11 05:46:26,866 | ApplicationRunner | INFO | Releasing net score component frames from memory
2026-07-11 05:46:26,987 | ApplicationRunner | INFO | Releasing feature and final-score frames from memory
2026-07-11 05:46:27,084 | ApplicationRunner | INFO | Fusion flagging over 4 gene(s); filter=False
2026-07-11 05:46:27,085 | Fusion | INFO | fusionflagger: 1479 cell line(s), 4 gene(s)
2026-07-11 05:46:28,079 | Fusion | INFO | fusionflagger: fusion table shape (184237, 31)
2026-07-11 05:46:28,088 | Fusion | INFO | fusionflagger: 0 matching fusion row(s) and 0 distinct flagged ModelID(s)
2026-07-11 05:46:28,088 | Fusion | INFO | fusionflagger: releasing fusion table frames from memory
2026-07-11 05:46:28,190 | Fusion | INFO | fusionflagger: 0 cell line(s) flagged Yes
2026-07-11 05:46:28,286 | ApplicationRunner | INFO | Mutation flagging over 4 gene(s); filter=False
2026-07-11 05:46:28,286 | Mutation | INFO | mutationflager: 1479 cell line(s), 4 gene(s)
2026-07-11 05:46:36,757 | Mutation | INFO | mutationflager: mutation table shape (1066869, 71)
2026-07-11 05:46:37,448 | Mutation | INFO | mutationflager: 66 distinct ModelID(s) with a matching mutation
2026-07-11 05:46:37,450 | Mutation | INFO | mutationflager: 56 cell line(s) flagged Yes
2026-07-11 05:46:37,554 | ApplicationRunner | INFO | Selected top 10 cell line(s)
2026-07-11 05:46:37,555 | Fusion | INFO | getthefusionreferencetable: 10 top cell line(s), 4 gene(s)
2026-07-11 05:46:38,491 | Fusion | INFO | getthefusionreferencetable: releasing full fusion table from memory
2026-07-11 05:46:38,584 | Fusion | INFO | getthefusionreferencetable: returning 0 reference row(s)
2026-07-11 05:46:38,584 | Mutation | INFO | getthemutationreferencetable: 10 cell line(s), 4 gene(s)
2026-07-11 05:46:48,341 | Mutation | INFO | getthemutationreferencetable: returning 2 reference row(s)
2026-07-11 05:46:48,341 | ApplicationRunner | INFO | Running KMeans plot
2026-07-11 05:46:48,341 | ModelLoader | INFO | kmeansonthedata: 10 selected cell line(s)
2026-07-11 05:46:48,398 | ModelLoader | INFO | kmeansonthedata: factor matrix (1479, 20); predicting clusters
2026-07-11 05:46:48,448 | ModelLoader | INFO | kmeansonthedata: generating UMAP projection (full 1479-row manifold)
2026-07-11 05:47:00,296 | ModelLoader | INFO | kmeansonthedata: 10 of 10 chosen id(s) located on the map
2026-07-11 05:47:00,296 | ModelLoader | INFO | kmeansonthedata: releasing factor matrix and UMAP arrays from memory
2026-07-11 05:47:00,972 | ModelLoader | INFO | kmeansonthedata: plot saved to C:\Users\Shankar\Desktop\AstraZeneca\code\astrazeneca\CelllineSelector\images\kmeansplotforselectedcell_6666bae9-ea6c-47ff-b1d3-e27ec81d1568.png
2026-07-11 05:47:00,972 | ModelLoader | INFO | kmeansonthedata: releasing plotting frames from memory
2026-07-11 05:47:01,090 | ApplicationRunner | INFO | Kmeans plot completed
2026-07-11 05:47:01,090 | ApplicationRunner | INFO | Running KNN
2026-07-11 05:47:01,091 | ModelLoader | INFO | knnonthedata: finding alternatives for 10 selected cell line(s)
2026-07-11 05:47:01,130 | ModelLoader | INFO | knnonthedata: releasing factor matrix from memory
2026-07-11 05:47:01,263 | ModelLoader | INFO | knnonthedata: 10 of 10 target(s) received an alternative
2026-07-11 05:47:01,263 | ApplicationRunner | INFO | KNN Completed
2026-07-11 05:47:01,264 | ApplicationRunner | INFO | Running Data combiner
2026-07-11 05:47:01,264 | AppPreprocessing | INFO | datacombiner: enriching 10 row(s) with master_lookup identity
2026-07-11 05:47:01,372 | AppPreprocessing | INFO | datacombiner: returning shape (10, 36)
2026-07-11 05:47:01,373 | AppPreprocessing | INFO | alternativedatacombiner: enriching 10 alternative row(s)
2026-07-11 05:47:01,385 | AppPreprocessing | INFO | alternativedatacombiner: returning shape (10, 8)
2026-07-11 05:47:01,385 | ApplicationRunner | INFO | Data combiner completed
2026-07-11 05:47:01,385 | ApplicationRunner | INFO | pipelinerun completed successfully
2026-07-11 10:46:15,699 | ApplicationRunner | INFO | Starting the pipeline run
2026-07-11 10:46:15,699 | ApplicationRunner | INFO | exclusionchecker=True and diseasechecker=False
2026-07-11 10:46:15,699 | ApplicationRunner | INFO | Resolving target ids and reading target omic tables
2026-07-11 10:46:15,699 | AppPreprocessing | INFO | genetoesng: resolving 3 gene symbol(s) to ENSG
2026-07-11 10:46:15,781 | AppPreprocessing | INFO | genetoesng: resolved 3 ENSG id(s)
2026-07-11 10:46:15,781 | AppPreprocessing | INFO | esngtoprotein: resolving proteins for 3 ENSG id(s)
2026-07-11 10:46:15,812 | AppPreprocessing | INFO | esngtoprotein: 3 protein(s) found, 0 ENSG id(s) without a protein (0-fill placeholders)
2026-07-11 10:46:15,812 | AppPreprocessing | INFO | depmapreader: extracting 3 ENSG column(s)
2026-07-11 10:46:22,728 | AppPreprocessing | INFO | depmap: RNA/ENSG -> 3 found, 0 NaN-filled (not found)
2026-07-11 10:46:22,729 | AppPreprocessing | INFO | depmapreader: returning shape (1479, 4)
2026-07-11 10:46:22,765 | AppPreprocessing | INFO | hparnareader: extracting 3 ENSG column(s)
2026-07-11 10:46:28,449 | AppPreprocessing | WARNING | hpa: removed 91 row(s) with null/duplicate ModelID (kept 1054 unique cell line(s))
2026-07-11 10:46:28,449 | AppPreprocessing | INFO | hpa: HPA/ENSG -> 3 found, 0 NaN-filled (not found)
2026-07-11 10:46:28,450 | AppPreprocessing | INFO | hparnareader: returning shape (1054, 4)
2026-07-11 10:46:28,486 | AppPreprocessing | INFO | proteinreader: extracting 3 protein column(s)
2026-07-11 10:46:29,300 | AppPreprocessing | INFO | protein: protein -> 3 found, 0 NaN-filled (not found)
2026-07-11 10:46:29,301 | AppPreprocessing | INFO | proteinreader: returning shape (375, 4)
2026-07-11 10:46:29,311 | AppPreprocessing | INFO | similarityreader: extracting 3 gene cosine column(s)
2026-07-11 10:46:36,559 | AppPreprocessing | INFO | cosine: cosine/ENSG -> 3 found, 0 NaN-filled (not found)
2026-07-11 10:46:36,560 | AppPreprocessing | INFO | similarityreader: returning shape (1479, 4)
2026-07-11 10:46:36,626 | ApplicationRunner | INFO | target_df shape is (1479, 10)
2026-07-11 10:46:36,626 | ApplicationRunner | INFO | Releasing target reader frames from memory
2026-07-11 10:46:36,724 | ApplicationRunner | INFO | Resolving exclusion ids and reading exclusion omic tables
2026-07-11 10:46:36,724 | AppPreprocessing | INFO | genetoesng: resolving 1 gene symbol(s) to ENSG
2026-07-11 10:46:36,745 | AppPreprocessing | INFO | genetoesng: resolved 1 ENSG id(s)
2026-07-11 10:46:36,745 | AppPreprocessing | INFO | esngtoprotein: resolving proteins for 1 ENSG id(s)
2026-07-11 10:46:36,763 | AppPreprocessing | INFO | esngtoprotein: 0 protein(s) found, 1 ENSG id(s) without a protein (0-fill placeholders)
2026-07-11 10:46:36,764 | AppPreprocessing | INFO | depmapreader: extracting 1 ENSG column(s)
2026-07-11 10:46:43,698 | AppPreprocessing | INFO | depmap: RNA/ENSG -> 1 found, 0 NaN-filled (not found)
2026-07-11 10:46:43,699 | AppPreprocessing | INFO | depmapreader: returning shape (1479, 2)
2026-07-11 10:46:43,740 | AppPreprocessing | INFO | hparnareader: extracting 1 ENSG column(s)
2026-07-11 10:46:49,730 | AppPreprocessing | WARNING | hpa: removed 91 row(s) with null/duplicate ModelID (kept 1054 unique cell line(s))
2026-07-11 10:46:49,730 | AppPreprocessing | INFO | hpa: HPA/ENSG -> 1 found, 0 NaN-filled (not found)
2026-07-11 10:46:49,731 | AppPreprocessing | INFO | hparnareader: returning shape (1054, 2)
2026-07-11 10:46:49,767 | AppPreprocessing | INFO | proteinreader: extracting 0 protein column(s)
2026-07-11 10:46:50,671 | AppPreprocessing | INFO | protein: protein -> 0 found, 0 NaN-filled (not found)
2026-07-11 10:46:50,672 | AppPreprocessing | INFO | proteinreader: returning shape (375, 1)
2026-07-11 10:46:50,682 | AppPreprocessing | INFO | similarityreader: extracting 1 gene cosine column(s)
2026-07-11 10:46:57,841 | AppPreprocessing | INFO | cosine: cosine/ENSG -> 1 found, 0 NaN-filled (not found)
2026-07-11 10:46:57,842 | AppPreprocessing | INFO | similarityreader: returning shape (1479, 2)
2026-07-11 10:46:57,893 | ApplicationRunner | INFO | exclusion_df shape is (1479, 4)
2026-07-11 10:46:57,894 | ApplicationRunner | INFO | Releasing exclusion reader frames from memory
2026-07-11 10:46:58,001 | ApplicationRunner | INFO | Scoring: evidence + similarity (target)
2026-07-11 10:46:58,002 | Scoring | INFO | calculateevidencescore (type=target): input shape (1479, 10)
2026-07-11 10:46:58,002 | Scoring | INFO | calculateevidencescore: 9 value column(s)
2026-07-11 10:46:58,007 | Scoring | INFO | target_evidence: min=0.0657 max=0.6891
2026-07-11 10:46:58,008 | Scoring | INFO | calculatesimilarityscore (type=target): input shape (1479, 4)
2026-07-11 10:46:58,008 | Scoring | INFO | calculatesimilarityscore: 3 cosine column(s)
2026-07-11 10:46:58,010 | Scoring | INFO | target_similarity: min=0.1348 max=0.8328
2026-07-11 10:46:58,011 | ApplicationRunner | INFO | Releasing target cosine frame from memory
2026-07-11 10:46:58,113 | ApplicationRunner | INFO | Calculating the confidence score
2026-07-11 10:46:58,117 | Scoring | INFO | calculateconfidencescore: input shape (1479, 13)
2026-07-11 10:46:58,117 | Scoring | INFO | calculateconfidencescore: pooling 12 value column(s)
2026-07-11 10:46:58,325 | Scoring | INFO | confidence_score: nulls=0 of 1479
2026-07-11 10:46:58,325 | ApplicationRunner | INFO | Releasing confidence input frame from memory
2026-07-11 10:46:58,434 | ApplicationRunner | INFO | Scoring: evidence and similarity (exclusion)
2026-07-11 10:46:58,434 | Scoring | INFO | calculateevidencescore (type=exclusion): input shape (1479, 4)
2026-07-11 10:46:58,435 | Scoring | INFO | calculateevidencescore: 3 value column(s)
2026-07-11 10:46:58,440 | Scoring | INFO | exclusion_penalty: min=0.2231 max=0.6761
2026-07-11 10:46:58,441 | Scoring | INFO | calculatesimilarityscore (type=exclusion): input shape (1479, 2)
2026-07-11 10:46:58,441 | Scoring | INFO | calculatesimilarityscore: 1 cosine column(s)
2026-07-11 10:46:58,445 | Scoring | INFO | exclusion_similarity_penalty: min=0.2231 max=0.9990
2026-07-11 10:46:58,446 | ApplicationRunner | INFO | Releasing exclusion cosine frame from memory
2026-07-11 10:46:58,561 | Scoring | INFO | calculatenetevidencescore (type=exclusion): input shape (1479, 5)
2026-07-11 10:46:58,564 | Scoring | INFO | calculatenetsimilarityscore (type=exclusion): input shape (1479, 5)
2026-07-11 10:46:58,565 | ApplicationRunner | INFO | Releasing intermediate evidence/similarity frames from memory
2026-07-11 10:46:58,676 | ApplicationRunner | INFO | Releasing target evidence/similarity frames from memory
2026-07-11 10:46:58,781 | ApplicationRunner | INFO | Assembling final score (net_similarity x net_evidence x confidence)
2026-07-11 10:46:58,786 | Scoring | INFO | finalscoring: input shape (1479, 14)
2026-07-11 10:46:58,787 | Scoring | INFO | final_score: nulls=0 of 1479
2026-07-11 10:46:58,788 | ApplicationRunner | INFO | Releasing net score component frames from memory
2026-07-11 10:46:58,899 | ApplicationRunner | INFO | Releasing feature and final-score frames from memory
2026-07-11 10:46:59,005 | ApplicationRunner | INFO | Fusion flagging over 4 gene(s); filter=False
2026-07-11 10:46:59,006 | Fusion | INFO | fusionflagger: 1479 cell line(s), 4 gene(s)
2026-07-11 10:46:59,894 | Fusion | INFO | fusionflagger: fusion table shape (184237, 31)
2026-07-11 10:46:59,899 | Fusion | INFO | fusionflagger: 0 matching fusion row(s) and 0 distinct flagged ModelID(s)
2026-07-11 10:46:59,900 | Fusion | INFO | fusionflagger: releasing fusion table frames from memory
2026-07-11 10:47:00,036 | Fusion | INFO | fusionflagger: 0 cell line(s) flagged Yes
2026-07-11 10:47:00,142 | ApplicationRunner | INFO | Mutation flagging over 4 gene(s); filter=False
2026-07-11 10:47:00,143 | Mutation | INFO | mutationflager: 1479 cell line(s), 4 gene(s)
2026-07-11 10:47:08,991 | Mutation | INFO | mutationflager: mutation table shape (1066869, 71)
2026-07-11 10:47:09,727 | Mutation | INFO | mutationflager: 66 distinct ModelID(s) with a matching mutation
2026-07-11 10:47:09,730 | Mutation | INFO | mutationflager: 56 cell line(s) flagged Yes
2026-07-11 10:47:09,865 | ApplicationRunner | INFO | Selected top 10 cell line(s)
2026-07-11 10:47:09,865 | Fusion | INFO | getthefusionreferencetable: 10 top cell line(s), 4 gene(s)
2026-07-11 10:47:10,809 | Fusion | INFO | getthefusionreferencetable: releasing full fusion table from memory
2026-07-11 10:47:10,912 | Fusion | INFO | getthefusionreferencetable: returning 0 reference row(s)
2026-07-11 10:47:10,912 | Mutation | INFO | getthemutationreferencetable: 10 cell line(s), 4 gene(s)
2026-07-11 10:47:19,813 | Mutation | INFO | getthemutationreferencetable: returning 2 reference row(s)
2026-07-11 10:47:19,813 | Explanation | INFO | generate_explanation: starting
2026-07-11 10:47:19,814 | Explanation | INFO | generate_explanation: exclusionapplied=True fusionfilter=False mutationfilter=False disease=None
2026-07-11 10:47:19,816 | Explanation | INFO | _row_digest: built 10 record(s) with columns ['ModelID', 'final_score', 'net_similarity', 'net_evidence', 'confidence_score', 'modality_score', 'agreement', 'target_similarity', 'target_evidence', 'exclusion_evidence', 'exclusion_percentile', 'exclusion_penalty', 'exclusion_similarity', 'exclusion_similarity_percentile', 'exclusion_similarity_penalty', 'fusion_flag', 'mutation_flag']
2026-07-11 10:47:19,817 | Explanation | INFO | _population_context: {'total_candidates': 1479, 'final_score_min': 0.0011, 'final_score_max': 0.1942, 'final_score_median': 0.019, 'fusion_flag_yes_count': 0, 'mutation_flag_yes_count': 56}
2026-07-11 10:47:19,818 | Explanation | INFO | generate_explanation: prompt built (system=476 chars, user=9874 chars)
2026-07-11 10:47:19,906 | Explanation | INFO | ollama_chat: calling model 'llama3.1:8b' at http://localhost:11434
2026-07-11 10:47:24,949 | Explanation | ERROR | Error generating the top-10 explanation: 500 Server Error: Internal Server Error for url: http://localhost:11434/api/chat
2026-07-11 10:47:24,949 | ApplicationRunner | ERROR | Error while running the application pipeline: 500 Server Error: Internal Server Error for url: http://localhost:11434/api/chat
2026-07-11 10:54:45,260 | ApplicationRunner | INFO | Starting the pipeline run
2026-07-11 10:54:45,260 | ApplicationRunner | INFO | exclusionchecker=True and diseasechecker=False
2026-07-11 10:54:45,260 | ApplicationRunner | INFO | Resolving target ids and reading target omic tables
2026-07-11 10:54:45,260 | AppPreprocessing | INFO | genetoesng: resolving 3 gene symbol(s) to ENSG
2026-07-11 10:54:45,329 | AppPreprocessing | INFO | genetoesng: resolved 3 ENSG id(s)
2026-07-11 10:54:45,329 | AppPreprocessing | INFO | esngtoprotein: resolving proteins for 3 ENSG id(s)
2026-07-11 10:54:45,350 | AppPreprocessing | INFO | esngtoprotein: 3 protein(s) found, 0 ENSG id(s) without a protein (0-fill placeholders)
2026-07-11 10:54:45,350 | AppPreprocessing | INFO | depmapreader: extracting 3 ENSG column(s)
2026-07-11 10:54:58,307 | AppPreprocessing | INFO | depmap: RNA/ENSG -> 3 found, 0 NaN-filled (not found)
2026-07-11 10:54:58,309 | AppPreprocessing | INFO | depmapreader: returning shape (1479, 4)
2026-07-11 10:54:58,376 | AppPreprocessing | INFO | hparnareader: extracting 3 ENSG column(s)
2026-07-11 10:55:09,330 | AppPreprocessing | WARNING | hpa: removed 91 row(s) with null/duplicate ModelID (kept 1054 unique cell line(s))
2026-07-11 10:55:09,331 | AppPreprocessing | INFO | hpa: HPA/ENSG -> 3 found, 0 NaN-filled (not found)
2026-07-11 10:55:09,332 | AppPreprocessing | INFO | hparnareader: returning shape (1054, 4)
2026-07-11 10:55:09,382 | AppPreprocessing | INFO | proteinreader: extracting 3 protein column(s)
2026-07-11 10:55:10,939 | AppPreprocessing | INFO | protein: protein -> 3 found, 0 NaN-filled (not found)
2026-07-11 10:55:10,940 | AppPreprocessing | INFO | proteinreader: returning shape (375, 4)
2026-07-11 10:55:10,959 | AppPreprocessing | INFO | similarityreader: extracting 3 gene cosine column(s)
2026-07-11 10:55:21,863 | AppPreprocessing | INFO | cosine: cosine/ENSG -> 3 found, 0 NaN-filled (not found)
2026-07-11 10:55:21,864 | AppPreprocessing | INFO | similarityreader: returning shape (1479, 4)
2026-07-11 10:55:21,956 | ApplicationRunner | INFO | target_df shape is (1479, 10)
2026-07-11 10:55:21,957 | ApplicationRunner | INFO | Releasing target reader frames from memory
2026-07-11 10:55:22,051 | ApplicationRunner | INFO | Resolving exclusion ids and reading exclusion omic tables
2026-07-11 10:55:22,052 | AppPreprocessing | INFO | genetoesng: resolving 1 gene symbol(s) to ENSG
2026-07-11 10:55:22,073 | AppPreprocessing | INFO | genetoesng: resolved 1 ENSG id(s)
2026-07-11 10:55:22,073 | AppPreprocessing | INFO | esngtoprotein: resolving proteins for 1 ENSG id(s)
2026-07-11 10:55:22,090 | AppPreprocessing | INFO | esngtoprotein: 0 protein(s) found, 1 ENSG id(s) without a protein (0-fill placeholders)
2026-07-11 10:55:22,090 | AppPreprocessing | INFO | depmapreader: extracting 1 ENSG column(s)
2026-07-11 10:55:28,861 | AppPreprocessing | INFO | depmap: RNA/ENSG -> 1 found, 0 NaN-filled (not found)
2026-07-11 10:55:28,862 | AppPreprocessing | INFO | depmapreader: returning shape (1479, 2)
2026-07-11 10:55:28,903 | AppPreprocessing | INFO | hparnareader: extracting 1 ENSG column(s)
2026-07-11 10:55:34,542 | AppPreprocessing | WARNING | hpa: removed 91 row(s) with null/duplicate ModelID (kept 1054 unique cell line(s))
2026-07-11 10:55:34,543 | AppPreprocessing | INFO | hpa: HPA/ENSG -> 1 found, 0 NaN-filled (not found)
2026-07-11 10:55:34,544 | AppPreprocessing | INFO | hparnareader: returning shape (1054, 2)
2026-07-11 10:55:34,576 | AppPreprocessing | INFO | proteinreader: extracting 0 protein column(s)
2026-07-11 10:55:35,470 | AppPreprocessing | INFO | protein: protein -> 0 found, 0 NaN-filled (not found)
2026-07-11 10:55:35,471 | AppPreprocessing | INFO | proteinreader: returning shape (375, 1)
2026-07-11 10:55:35,480 | AppPreprocessing | INFO | similarityreader: extracting 1 gene cosine column(s)
2026-07-11 10:55:42,442 | AppPreprocessing | INFO | cosine: cosine/ENSG -> 1 found, 0 NaN-filled (not found)
2026-07-11 10:55:42,443 | AppPreprocessing | INFO | similarityreader: returning shape (1479, 2)
2026-07-11 10:55:42,489 | ApplicationRunner | INFO | exclusion_df shape is (1479, 4)
2026-07-11 10:55:42,489 | ApplicationRunner | INFO | Releasing exclusion reader frames from memory
2026-07-11 10:55:42,592 | ApplicationRunner | INFO | Scoring: evidence + similarity (target)
2026-07-11 10:55:42,593 | Scoring | INFO | calculateevidencescore (type=target): input shape (1479, 10)
2026-07-11 10:55:42,593 | Scoring | INFO | calculateevidencescore: 9 value column(s)
2026-07-11 10:55:42,597 | Scoring | INFO | target_evidence: min=0.0657 max=0.6891
2026-07-11 10:55:42,598 | Scoring | INFO | calculatesimilarityscore (type=target): input shape (1479, 4)
2026-07-11 10:55:42,598 | Scoring | INFO | calculatesimilarityscore: 3 cosine column(s)
2026-07-11 10:55:42,601 | Scoring | INFO | target_similarity: min=0.1348 max=0.8328
2026-07-11 10:55:42,602 | ApplicationRunner | INFO | Releasing target cosine frame from memory
2026-07-11 10:55:42,699 | ApplicationRunner | INFO | Calculating the confidence score
2026-07-11 10:55:42,701 | Scoring | INFO | calculateconfidencescore: input shape (1479, 13)
2026-07-11 10:55:42,701 | Scoring | INFO | calculateconfidencescore: pooling 12 value column(s)
2026-07-11 10:55:42,899 | Scoring | INFO | confidence_score: nulls=0 of 1479
2026-07-11 10:55:42,900 | ApplicationRunner | INFO | Releasing confidence input frame from memory
2026-07-11 10:55:42,989 | ApplicationRunner | INFO | Scoring: evidence and similarity (exclusion)
2026-07-11 10:55:42,990 | Scoring | INFO | calculateevidencescore (type=exclusion): input shape (1479, 4)
2026-07-11 10:55:42,990 | Scoring | INFO | calculateevidencescore: 3 value column(s)
2026-07-11 10:55:42,996 | Scoring | INFO | exclusion_penalty: min=0.2231 max=0.6761
2026-07-11 10:55:42,997 | Scoring | INFO | calculatesimilarityscore (type=exclusion): input shape (1479, 2)
2026-07-11 10:55:42,997 | Scoring | INFO | calculatesimilarityscore: 1 cosine column(s)
2026-07-11 10:55:43,001 | Scoring | INFO | exclusion_similarity_penalty: min=0.2231 max=0.9990
2026-07-11 10:55:43,002 | ApplicationRunner | INFO | Releasing exclusion cosine frame from memory
2026-07-11 10:55:43,100 | Scoring | INFO | calculatenetevidencescore (type=exclusion): input shape (1479, 5)
2026-07-11 10:55:43,104 | Scoring | INFO | calculatenetsimilarityscore (type=exclusion): input shape (1479, 5)
2026-07-11 10:55:43,104 | ApplicationRunner | INFO | Releasing intermediate evidence/similarity frames from memory
2026-07-11 10:55:43,206 | ApplicationRunner | INFO | Releasing target evidence/similarity frames from memory
2026-07-11 10:55:43,303 | ApplicationRunner | INFO | Assembling final score (net_similarity x net_evidence x confidence)
2026-07-11 10:55:43,309 | Scoring | INFO | finalscoring: input shape (1479, 14)
2026-07-11 10:55:43,310 | Scoring | INFO | final_score: nulls=0 of 1479
2026-07-11 10:55:43,310 | ApplicationRunner | INFO | Releasing net score component frames from memory
2026-07-11 10:55:43,405 | ApplicationRunner | INFO | Releasing feature and final-score frames from memory
2026-07-11 10:55:43,498 | ApplicationRunner | INFO | Fusion flagging over 4 gene(s); filter=False
2026-07-11 10:55:43,499 | Fusion | INFO | fusionflagger: 1479 cell line(s), 4 gene(s)
2026-07-11 10:55:44,305 | Fusion | INFO | fusionflagger: fusion table shape (184237, 31)
2026-07-11 10:55:44,333 | Fusion | INFO | fusionflagger: 0 matching fusion row(s) and 0 distinct flagged ModelID(s)
2026-07-11 10:55:44,334 | Fusion | INFO | fusionflagger: releasing fusion table frames from memory
2026-07-11 10:55:44,437 | Fusion | INFO | fusionflagger: 0 cell line(s) flagged Yes
2026-07-11 10:55:44,531 | ApplicationRunner | INFO | Mutation flagging over 4 gene(s); filter=False
2026-07-11 10:55:44,531 | Mutation | INFO | mutationflager: 1479 cell line(s), 4 gene(s)
2026-07-11 10:55:52,711 | Mutation | INFO | mutationflager: mutation table shape (1066869, 71)
2026-07-11 10:55:53,248 | Mutation | INFO | mutationflager: 66 distinct ModelID(s) with a matching mutation
2026-07-11 10:55:53,251 | Mutation | INFO | mutationflager: 56 cell line(s) flagged Yes
2026-07-11 10:55:53,343 | ApplicationRunner | INFO | Selected top 10 cell line(s)
2026-07-11 10:55:53,343 | Fusion | INFO | getthefusionreferencetable: 10 top cell line(s), 4 gene(s)
2026-07-11 10:55:54,242 | Fusion | INFO | getthefusionreferencetable: releasing full fusion table from memory
2026-07-11 10:55:54,329 | Fusion | INFO | getthefusionreferencetable: returning 0 reference row(s)
2026-07-11 10:55:54,329 | Mutation | INFO | getthemutationreferencetable: 10 cell line(s), 4 gene(s)
2026-07-11 10:56:03,053 | Mutation | INFO | getthemutationreferencetable: returning 2 reference row(s)
2026-07-11 10:56:03,054 | Explanation | INFO | generate_explanation: starting
2026-07-11 10:56:03,054 | Explanation | INFO | generate_explanation: exclusionapplied=True fusionfilter=False mutationfilter=False disease=None
2026-07-11 10:56:03,056 | Explanation | INFO | _row_digest: built 10 record(s) with columns ['ModelID', 'final_score', 'net_similarity', 'net_evidence', 'confidence_score', 'modality_score', 'agreement', 'target_similarity', 'target_evidence', 'exclusion_evidence', 'exclusion_percentile', 'exclusion_penalty', 'exclusion_similarity', 'exclusion_similarity_percentile', 'exclusion_similarity_penalty', 'fusion_flag', 'mutation_flag']
2026-07-11 10:56:03,060 | Explanation | INFO | _population_context: {'total_candidates': 1479, 'final_score_min': 0.0011, 'final_score_max': 0.1942, 'final_score_median': 0.019, 'fusion_flag_yes_count': 0, 'mutation_flag_yes_count': 56}
2026-07-11 10:56:03,060 | Explanation | INFO | generate_explanation: prompt built (system=476 chars, user=9874 chars)
2026-07-11 10:56:03,154 | Explanation | INFO | ollama_chat: calling model 'llama3.1:8b' at http://localhost:11434
2026-07-11 11:01:45,335 | Explanation | INFO | ollama_chat: received 4345 character(s)
2026-07-11 11:01:45,355 | Explanation | INFO | generate_explanation: explanation generated (4345 chars)
2026-07-11 11:01:45,575 | ApplicationRunner | INFO | Running KMeans plot
2026-07-11 11:01:45,577 | ModelLoader | INFO | kmeansonthedata: 10 selected cell line(s)
2026-07-11 11:01:46,914 | ModelLoader | INFO | kmeansonthedata: factor matrix (1479, 20); predicting clusters
2026-07-11 11:01:47,087 | ModelLoader | INFO | kmeansonthedata: generating UMAP projection (full 1479-row manifold)
2026-07-11 11:02:04,622 | ModelLoader | INFO | kmeansonthedata: 10 of 10 chosen id(s) located on the map
2026-07-11 11:02:04,622 | ModelLoader | INFO | kmeansonthedata: releasing factor matrix and UMAP arrays from memory
2026-07-11 11:02:06,086 | ModelLoader | INFO | kmeansonthedata: plot saved to C:\Users\Shankar\Desktop\AstraZeneca\code\astrazeneca\CelllineSelector\images\kmeansplotforselectedcell_9cb2b41f-3185-4cd0-81c7-afe51552b586.png
2026-07-11 11:02:06,086 | ModelLoader | INFO | kmeansonthedata: releasing plotting frames from memory
2026-07-11 11:02:06,227 | ApplicationRunner | INFO | Kmeans plot completed
2026-07-11 11:02:06,228 | ApplicationRunner | INFO | Running KNN
2026-07-11 11:02:06,228 | ModelLoader | INFO | knnonthedata: finding alternatives for 10 selected cell line(s)
2026-07-11 11:02:06,301 | ModelLoader | INFO | knnonthedata: releasing factor matrix from memory
2026-07-11 11:02:06,460 | ModelLoader | INFO | knnonthedata: 10 of 10 target(s) received an alternative
2026-07-11 11:02:06,461 | ApplicationRunner | INFO | KNN Completed
2026-07-11 11:02:06,461 | ApplicationRunner | INFO | Running Data combiner
2026-07-11 11:02:06,461 | AppPreprocessing | INFO | datacombiner: enriching 10 row(s) with master_lookup identity
2026-07-11 11:02:06,601 | AppPreprocessing | INFO | datacombiner: returning shape (10, 36)
2026-07-11 11:02:06,602 | AppPreprocessing | INFO | alternativedatacombiner: enriching 10 alternative row(s)
2026-07-11 11:02:06,613 | AppPreprocessing | INFO | alternativedatacombiner: returning shape (10, 8)
2026-07-11 11:02:06,613 | ApplicationRunner | INFO | Data combiner completed
2026-07-11 11:02:06,614 | ApplicationRunner | INFO | pipelinerun completed successfully
2026-07-11 17:05:20,210 | ApplicationRunner | INFO | Starting the pipeline run
2026-07-11 17:05:20,211 | ApplicationRunner | INFO | exclusionchecker=True and diseasechecker=False
2026-07-11 17:05:20,211 | ApplicationRunner | INFO | Resolving target ids and reading target omic tables
2026-07-11 17:05:20,211 | AppPreprocessing | INFO | genetoesng: resolving 3 gene symbol(s) to ENSG
2026-07-11 17:05:20,290 | AppPreprocessing | INFO | genetoesng: resolved 3 ENSG id(s)
2026-07-11 17:05:20,291 | AppPreprocessing | INFO | esngtoprotein: resolving proteins for 3 ENSG id(s)
2026-07-11 17:05:20,318 | AppPreprocessing | INFO | esngtoprotein: 3 protein(s) found, 0 ENSG id(s) without a protein (0-fill placeholders)
2026-07-11 17:05:20,318 | AppPreprocessing | INFO | depmapreader: extracting 3 ENSG column(s)
2026-07-11 17:05:27,201 | AppPreprocessing | INFO | depmap: RNA/ENSG -> 3 found, 0 NaN-filled (not found)
2026-07-11 17:05:27,202 | AppPreprocessing | INFO | depmapreader: returning shape (1479, 4)
2026-07-11 17:05:27,241 | AppPreprocessing | INFO | hparnareader: extracting 3 ENSG column(s)
2026-07-11 17:05:33,187 | AppPreprocessing | WARNING | hpa: removed 91 row(s) with null/duplicate ModelID (kept 1054 unique cell line(s))
2026-07-11 17:05:33,187 | AppPreprocessing | INFO | hpa: HPA/ENSG -> 3 found, 0 NaN-filled (not found)
2026-07-11 17:05:33,189 | AppPreprocessing | INFO | hparnareader: returning shape (1054, 4)
2026-07-11 17:05:33,222 | AppPreprocessing | INFO | proteinreader: extracting 3 protein column(s)
2026-07-11 17:05:34,050 | AppPreprocessing | INFO | protein: protein -> 3 found, 0 NaN-filled (not found)
2026-07-11 17:05:34,051 | AppPreprocessing | INFO | proteinreader: returning shape (375, 4)
2026-07-11 17:05:34,060 | AppPreprocessing | INFO | similarityreader: extracting 3 gene cosine column(s)
2026-07-11 17:05:41,279 | AppPreprocessing | INFO | cosine: cosine/ENSG -> 3 found, 0 NaN-filled (not found)
2026-07-11 17:05:41,280 | AppPreprocessing | INFO | similarityreader: returning shape (1479, 4)
2026-07-11 17:05:41,343 | ApplicationRunner | INFO | target_df shape is (1479, 10)
2026-07-11 17:05:41,343 | ApplicationRunner | INFO | Releasing target reader frames from memory
2026-07-11 17:05:41,449 | ApplicationRunner | INFO | Resolving exclusion ids and reading exclusion omic tables
2026-07-11 17:05:41,449 | AppPreprocessing | INFO | genetoesng: resolving 1 gene symbol(s) to ENSG
2026-07-11 17:05:41,469 | AppPreprocessing | INFO | genetoesng: resolved 1 ENSG id(s)
2026-07-11 17:05:41,469 | AppPreprocessing | INFO | esngtoprotein: resolving proteins for 1 ENSG id(s)
2026-07-11 17:05:41,489 | AppPreprocessing | INFO | esngtoprotein: 0 protein(s) found, 1 ENSG id(s) without a protein (0-fill placeholders)
2026-07-11 17:05:41,489 | AppPreprocessing | INFO | depmapreader: extracting 1 ENSG column(s)
2026-07-11 17:05:48,467 | AppPreprocessing | INFO | depmap: RNA/ENSG -> 1 found, 0 NaN-filled (not found)
2026-07-11 17:05:48,468 | AppPreprocessing | INFO | depmapreader: returning shape (1479, 2)
2026-07-11 17:05:48,508 | AppPreprocessing | INFO | hparnareader: extracting 1 ENSG column(s)
2026-07-11 17:05:53,966 | AppPreprocessing | WARNING | hpa: removed 91 row(s) with null/duplicate ModelID (kept 1054 unique cell line(s))
2026-07-11 17:05:53,966 | AppPreprocessing | INFO | hpa: HPA/ENSG -> 1 found, 0 NaN-filled (not found)
2026-07-11 17:05:53,967 | AppPreprocessing | INFO | hparnareader: returning shape (1054, 2)
2026-07-11 17:05:54,001 | AppPreprocessing | INFO | proteinreader: extracting 0 protein column(s)
2026-07-11 17:05:54,902 | AppPreprocessing | INFO | protein: protein -> 0 found, 0 NaN-filled (not found)
2026-07-11 17:05:54,902 | AppPreprocessing | INFO | proteinreader: returning shape (375, 1)
2026-07-11 17:05:54,912 | AppPreprocessing | INFO | similarityreader: extracting 1 gene cosine column(s)
2026-07-11 17:06:01,972 | AppPreprocessing | INFO | cosine: cosine/ENSG -> 1 found, 0 NaN-filled (not found)
2026-07-11 17:06:01,973 | AppPreprocessing | INFO | similarityreader: returning shape (1479, 2)
2026-07-11 17:06:02,022 | ApplicationRunner | INFO | exclusion_df shape is (1479, 4)
2026-07-11 17:06:02,022 | ApplicationRunner | INFO | Releasing exclusion reader frames from memory
2026-07-11 17:06:02,131 | ApplicationRunner | INFO | Scoring: evidence + similarity (target)
2026-07-11 17:06:02,132 | Scoring | INFO | calculateevidencescore (type=target): input shape (1479, 10)
2026-07-11 17:06:02,133 | Scoring | INFO | calculateevidencescore: 9 value column(s)
2026-07-11 17:06:02,138 | Scoring | INFO | target_evidence: min=0.0657 max=0.6891
2026-07-11 17:06:02,139 | Scoring | INFO | calculatesimilarityscore (type=target): input shape (1479, 4)
2026-07-11 17:06:02,139 | Scoring | INFO | calculatesimilarityscore: 3 cosine column(s)
2026-07-11 17:06:02,142 | Scoring | INFO | target_similarity: min=0.1348 max=0.8328
2026-07-11 17:06:02,142 | ApplicationRunner | INFO | Releasing target cosine frame from memory
2026-07-11 17:06:02,247 | ApplicationRunner | INFO | Calculating the confidence score
2026-07-11 17:06:02,251 | Scoring | INFO | calculateconfidencescore: input shape (1479, 13)
2026-07-11 17:06:02,251 | Scoring | INFO | calculateconfidencescore: pooling 12 value column(s)
2026-07-11 17:06:02,457 | Scoring | INFO | confidence_score: nulls=0 of 1479
2026-07-11 17:06:02,458 | ApplicationRunner | INFO | Releasing confidence input frame from memory
2026-07-11 17:06:02,565 | ApplicationRunner | INFO | Scoring: evidence and similarity (exclusion)
2026-07-11 17:06:02,565 | Scoring | INFO | calculateevidencescore (type=exclusion): input shape (1479, 4)
2026-07-11 17:06:02,565 | Scoring | INFO | calculateevidencescore: 3 value column(s)
2026-07-11 17:06:02,572 | Scoring | INFO | exclusion_penalty: min=0.2231 max=0.6761
2026-07-11 17:06:02,573 | Scoring | INFO | calculatesimilarityscore (type=exclusion): input shape (1479, 2)
2026-07-11 17:06:02,574 | Scoring | INFO | calculatesimilarityscore: 1 cosine column(s)
2026-07-11 17:06:02,577 | Scoring | INFO | exclusion_similarity_penalty: min=0.2231 max=0.9990
2026-07-11 17:06:02,577 | ApplicationRunner | INFO | Releasing exclusion cosine frame from memory
2026-07-11 17:06:02,685 | Scoring | INFO | calculatenetevidencescore (type=exclusion): input shape (1479, 5)
2026-07-11 17:06:02,688 | Scoring | INFO | calculatenetsimilarityscore (type=exclusion): input shape (1479, 5)
2026-07-11 17:06:02,689 | ApplicationRunner | INFO | Releasing intermediate evidence/similarity frames from memory
2026-07-11 17:06:02,796 | ApplicationRunner | INFO | Releasing target evidence/similarity frames from memory
2026-07-11 17:06:02,903 | ApplicationRunner | INFO | Assembling final score (net_similarity x net_evidence x confidence)
2026-07-11 17:06:02,909 | Scoring | INFO | finalscoring: input shape (1479, 14)
2026-07-11 17:06:02,910 | Scoring | INFO | final_score: nulls=0 of 1479
2026-07-11 17:06:02,910 | ApplicationRunner | INFO | Releasing net score component frames from memory
2026-07-11 17:06:03,023 | ApplicationRunner | INFO | Releasing feature and final-score frames from memory
2026-07-11 17:06:03,130 | ApplicationRunner | INFO | Fusion flagging over 4 gene(s); filter=False
2026-07-11 17:06:03,130 | Fusion | INFO | fusionflagger: 1479 cell line(s), 4 gene(s)
2026-07-11 17:06:04,008 | Fusion | INFO | fusionflagger: fusion table shape (184237, 31)
2026-07-11 17:06:04,014 | Fusion | INFO | fusionflagger: 0 matching fusion row(s) and 0 distinct flagged ModelID(s)
2026-07-11 17:06:04,014 | Fusion | INFO | fusionflagger: releasing fusion table frames from memory
2026-07-11 17:06:04,123 | Fusion | INFO | fusionflagger: 0 cell line(s) flagged Yes
2026-07-11 17:06:04,230 | ApplicationRunner | INFO | Mutation flagging over 4 gene(s); filter=False
2026-07-11 17:06:04,230 | Mutation | INFO | mutationflager: 1479 cell line(s), 4 gene(s)
2026-07-11 17:06:13,252 | Mutation | INFO | mutationflager: mutation table shape (1066869, 71)
2026-07-11 17:06:13,932 | Mutation | INFO | mutationflager: 66 distinct ModelID(s) with a matching mutation
2026-07-11 17:06:13,935 | Mutation | INFO | mutationflager: 56 cell line(s) flagged Yes
2026-07-11 17:06:14,061 | ApplicationRunner | INFO | Selected top 10 cell line(s)
2026-07-11 17:06:14,061 | Fusion | INFO | getthefusionreferencetable: 10 top cell line(s), 4 gene(s)
2026-07-11 17:06:14,991 | Fusion | INFO | getthefusionreferencetable: releasing full fusion table from memory
2026-07-11 17:06:15,088 | Fusion | INFO | getthefusionreferencetable: returning 0 reference row(s)
2026-07-11 17:06:15,089 | Mutation | INFO | getthemutationreferencetable: 10 cell line(s), 4 gene(s)
2026-07-11 17:06:24,215 | Mutation | INFO | getthemutationreferencetable: returning 2 reference row(s)
2026-07-11 17:06:24,317 | ApplicationRunner | INFO | Generating LLM explanation
2026-07-11 17:06:24,317 | Explanation | INFO | generate_explanation: starting
2026-07-11 17:06:24,317 | Explanation | INFO | generate_explanation: exclusionapplied=True fusionfilter=False mutationfilter=False disease=None
2026-07-11 17:06:24,321 | Explanation | INFO | _row_digest: built 10 record(s) with columns ['ModelID', 'final_score', 'net_similarity', 'net_evidence', 'confidence_score', 'modality_score', 'agreement', 'target_similarity', 'target_evidence', 'exclusion_evidence', 'exclusion_percentile', 'exclusion_penalty', 'exclusion_similarity', 'exclusion_similarity_percentile', 'exclusion_similarity_penalty', 'fusion_flag', 'mutation_flag']
2026-07-11 17:06:24,324 | Explanation | INFO | _population_context: {'total_candidates': 1479, 'final_score_min': 0.0011, 'final_score_max': 0.1942, 'final_score_median': 0.019, 'fusion_flag_yes_count': 0, 'mutation_flag_yes_count': 56}
2026-07-11 17:06:24,325 | Explanation | INFO | generate_explanation: prompt built (system=913 chars, user=10489 chars)
2026-07-11 17:06:24,425 | Explanation | INFO | ollama_chat: calling model 'llama3.1:8b' at http://localhost:11434
2026-07-11 17:06:27,960 | Explanation | ERROR | ollama_chat: Ollama 500 body: {"error":"llama-server process has terminated: exit status 1: ggml_backend_cpu_buffer_type_alloc_buffer: failed to allocate buffer of size 1553260800\nalloc_tensor_range: failed to allocate CPU buffer of size 1553260800\nerror loading model: unable to allocate CPU buffer"}
2026-07-11 17:06:27,960 | Explanation | ERROR | Error generating the top-10 explanation: 500 Server Error: Internal Server Error for url: http://localhost:11434/api/chat
2026-07-11 17:06:27,960 | ApplicationRunner | ERROR | Error while running the application pipeline: 500 Server Error: Internal Server Error for url: http://localhost:11434/api/chat
2026-07-11 17:18:00,630 | ApplicationRunner | INFO | Starting the pipeline run
2026-07-11 17:18:00,631 | ApplicationRunner | INFO | exclusionchecker=True and diseasechecker=False
2026-07-11 17:18:00,631 | ApplicationRunner | INFO | Resolving target ids and reading target omic tables
2026-07-11 17:18:00,631 | AppPreprocessing | INFO | genetoesng: resolving 3 gene symbol(s) to ENSG
2026-07-11 17:18:00,668 | AppPreprocessing | INFO | genetoesng: resolved 3 ENSG id(s)
2026-07-11 17:18:00,668 | AppPreprocessing | INFO | esngtoprotein: resolving proteins for 3 ENSG id(s)
2026-07-11 17:18:00,704 | AppPreprocessing | INFO | esngtoprotein: 3 protein(s) found, 0 ENSG id(s) without a protein (0-fill placeholders)
2026-07-11 17:18:00,705 | AppPreprocessing | INFO | depmapreader: extracting 3 ENSG column(s)
2026-07-11 17:18:09,868 | AppPreprocessing | INFO | depmap: RNA/ENSG -> 3 found, 0 NaN-filled (not found)
2026-07-11 17:18:09,869 | AppPreprocessing | INFO | depmapreader: returning shape (1479, 4)
2026-07-11 17:18:09,908 | AppPreprocessing | INFO | hparnareader: extracting 3 ENSG column(s)
2026-07-11 17:18:16,023 | AppPreprocessing | WARNING | hpa: removed 91 row(s) with null/duplicate ModelID (kept 1054 unique cell line(s))
2026-07-11 17:18:16,023 | AppPreprocessing | INFO | hpa: HPA/ENSG -> 3 found, 0 NaN-filled (not found)
2026-07-11 17:18:16,024 | AppPreprocessing | INFO | hparnareader: returning shape (1054, 4)
2026-07-11 17:18:16,059 | AppPreprocessing | INFO | proteinreader: extracting 3 protein column(s)
2026-07-11 17:18:16,847 | AppPreprocessing | INFO | protein: protein -> 3 found, 0 NaN-filled (not found)
2026-07-11 17:18:16,847 | AppPreprocessing | INFO | proteinreader: returning shape (375, 4)
2026-07-11 17:18:16,858 | AppPreprocessing | INFO | similarityreader: extracting 3 gene cosine column(s)
2026-07-11 17:18:24,113 | AppPreprocessing | INFO | cosine: cosine/ENSG -> 3 found, 0 NaN-filled (not found)
2026-07-11 17:18:24,114 | AppPreprocessing | INFO | similarityreader: returning shape (1479, 4)
2026-07-11 17:18:24,176 | ApplicationRunner | INFO | target_df shape is (1479, 10)
2026-07-11 17:18:24,176 | ApplicationRunner | INFO | Releasing target reader frames from memory
2026-07-11 17:18:24,283 | ApplicationRunner | INFO | Resolving exclusion ids and reading exclusion omic tables
2026-07-11 17:18:24,285 | AppPreprocessing | INFO | genetoesng: resolving 1 gene symbol(s) to ENSG
2026-07-11 17:18:24,304 | AppPreprocessing | INFO | genetoesng: resolved 1 ENSG id(s)
2026-07-11 17:18:24,305 | AppPreprocessing | INFO | esngtoprotein: resolving proteins for 1 ENSG id(s)
2026-07-11 17:18:24,324 | AppPreprocessing | INFO | esngtoprotein: 0 protein(s) found, 1 ENSG id(s) without a protein (0-fill placeholders)
2026-07-11 17:18:24,325 | AppPreprocessing | INFO | depmapreader: extracting 1 ENSG column(s)
2026-07-11 17:18:36,373 | AppPreprocessing | INFO | depmap: RNA/ENSG -> 1 found, 0 NaN-filled (not found)
2026-07-11 17:18:36,374 | AppPreprocessing | INFO | depmapreader: returning shape (1479, 2)
2026-07-11 17:18:36,422 | AppPreprocessing | INFO | hparnareader: extracting 1 ENSG column(s)
2026-07-11 17:18:47,961 | AppPreprocessing | WARNING | hpa: removed 91 row(s) with null/duplicate ModelID (kept 1054 unique cell line(s))
2026-07-11 17:18:47,961 | AppPreprocessing | INFO | hpa: HPA/ENSG -> 1 found, 0 NaN-filled (not found)
2026-07-11 17:18:47,963 | AppPreprocessing | INFO | hparnareader: returning shape (1054, 2)
2026-07-11 17:18:48,002 | AppPreprocessing | INFO | proteinreader: extracting 0 protein column(s)
2026-07-11 17:18:48,987 | AppPreprocessing | INFO | protein: protein -> 0 found, 0 NaN-filled (not found)
2026-07-11 17:18:48,988 | AppPreprocessing | INFO | proteinreader: returning shape (375, 1)
2026-07-11 17:18:48,997 | AppPreprocessing | INFO | similarityreader: extracting 1 gene cosine column(s)
2026-07-11 17:19:00,893 | AppPreprocessing | INFO | cosine: cosine/ENSG -> 1 found, 0 NaN-filled (not found)
2026-07-11 17:19:00,895 | AppPreprocessing | INFO | similarityreader: returning shape (1479, 2)
2026-07-11 17:19:00,949 | ApplicationRunner | INFO | exclusion_df shape is (1479, 4)
2026-07-11 17:19:00,949 | ApplicationRunner | INFO | Releasing exclusion reader frames from memory
2026-07-11 17:19:01,106 | ApplicationRunner | INFO | Scoring: evidence + similarity (target)
2026-07-11 17:19:01,108 | Scoring | INFO | calculateevidencescore (type=target): input shape (1479, 10)
2026-07-11 17:19:01,109 | Scoring | INFO | calculateevidencescore: 9 value column(s)
2026-07-11 17:19:01,130 | Scoring | INFO | target_evidence: min=0.0657 max=0.6891
2026-07-11 17:19:01,131 | Scoring | INFO | calculatesimilarityscore (type=target): input shape (1479, 4)
2026-07-11 17:19:01,132 | Scoring | INFO | calculatesimilarityscore: 3 cosine column(s)
2026-07-11 17:19:01,140 | Scoring | INFO | target_similarity: min=0.1348 max=0.8328
2026-07-11 17:19:01,142 | ApplicationRunner | INFO | Releasing target cosine frame from memory
2026-07-11 17:19:01,321 | ApplicationRunner | INFO | Calculating the confidence score
2026-07-11 17:19:01,329 | Scoring | INFO | calculateconfidencescore: input shape (1479, 13)
2026-07-11 17:19:01,329 | Scoring | INFO | calculateconfidencescore: pooling 12 value column(s)
2026-07-11 17:19:01,632 | Scoring | INFO | confidence_score: nulls=0 of 1479
2026-07-11 17:19:01,632 | ApplicationRunner | INFO | Releasing confidence input frame from memory
2026-07-11 17:19:01,812 | ApplicationRunner | INFO | Scoring: evidence and similarity (exclusion)
2026-07-11 17:19:01,813 | Scoring | INFO | calculateevidencescore (type=exclusion): input shape (1479, 4)
2026-07-11 17:19:01,815 | Scoring | INFO | calculateevidencescore: 3 value column(s)
2026-07-11 17:19:01,833 | Scoring | INFO | exclusion_penalty: min=0.2231 max=0.6761
2026-07-11 17:19:01,834 | Scoring | INFO | calculatesimilarityscore (type=exclusion): input shape (1479, 2)
2026-07-11 17:19:01,834 | Scoring | INFO | calculatesimilarityscore: 1 cosine column(s)
2026-07-11 17:19:01,837 | Scoring | INFO | exclusion_similarity_penalty: min=0.2231 max=0.9990
2026-07-11 17:19:01,838 | ApplicationRunner | INFO | Releasing exclusion cosine frame from memory
2026-07-11 17:19:02,027 | Scoring | INFO | calculatenetevidencescore (type=exclusion): input shape (1479, 5)
2026-07-11 17:19:02,032 | Scoring | INFO | calculatenetsimilarityscore (type=exclusion): input shape (1479, 5)
2026-07-11 17:19:02,033 | ApplicationRunner | INFO | Releasing intermediate evidence/similarity frames from memory
2026-07-11 17:19:02,230 | ApplicationRunner | INFO | Releasing target evidence/similarity frames from memory
2026-07-11 17:19:02,424 | ApplicationRunner | INFO | Assembling final score (net_similarity x net_evidence x confidence)
2026-07-11 17:19:02,440 | Scoring | INFO | finalscoring: input shape (1479, 14)
2026-07-11 17:19:02,441 | Scoring | INFO | final_score: nulls=0 of 1479
2026-07-11 17:19:02,442 | ApplicationRunner | INFO | Releasing net score component frames from memory
2026-07-11 17:19:02,646 | ApplicationRunner | INFO | Releasing feature and final-score frames from memory
2026-07-11 17:19:02,833 | ApplicationRunner | INFO | Fusion flagging over 4 gene(s); filter=False
2026-07-11 17:19:02,833 | Fusion | INFO | fusionflagger: 1479 cell line(s), 4 gene(s)
2026-07-11 17:19:04,223 | Fusion | INFO | fusionflagger: fusion table shape (184237, 31)
2026-07-11 17:19:04,232 | Fusion | INFO | fusionflagger: 0 matching fusion row(s) and 0 distinct flagged ModelID(s)
2026-07-11 17:19:04,232 | Fusion | INFO | fusionflagger: releasing fusion table frames from memory
2026-07-11 17:19:04,393 | Fusion | INFO | fusionflagger: 0 cell line(s) flagged Yes
2026-07-11 17:19:04,564 | ApplicationRunner | INFO | Mutation flagging over 4 gene(s); filter=False
2026-07-11 17:19:04,565 | Mutation | INFO | mutationflager: 1479 cell line(s), 4 gene(s)
2026-07-11 17:19:15,976 | Mutation | INFO | mutationflager: mutation table shape (1066869, 71)
2026-07-11 17:19:16,690 | Mutation | INFO | mutationflager: 66 distinct ModelID(s) with a matching mutation
2026-07-11 17:19:16,693 | Mutation | INFO | mutationflager: 56 cell line(s) flagged Yes
2026-07-11 17:19:16,827 | ApplicationRunner | INFO | Selected top 10 cell line(s)
2026-07-11 17:19:16,827 | Fusion | INFO | getthefusionreferencetable: 10 top cell line(s), 4 gene(s)
2026-07-11 17:19:17,758 | Fusion | INFO | getthefusionreferencetable: releasing full fusion table from memory
2026-07-11 17:19:17,866 | Fusion | INFO | getthefusionreferencetable: returning 0 reference row(s)
2026-07-11 17:19:17,866 | Mutation | INFO | getthemutationreferencetable: 10 cell line(s), 4 gene(s)
2026-07-11 17:19:26,927 | Mutation | INFO | getthemutationreferencetable: returning 2 reference row(s)
2026-07-11 17:19:27,038 | ApplicationRunner | INFO | Generating LLM explanation
2026-07-11 17:19:27,038 | Explanation | INFO | generate_explanation: starting
2026-07-11 17:19:27,038 | Explanation | INFO | generate_explanation: exclusionapplied=True fusionfilter=False mutationfilter=False disease=None
2026-07-11 17:19:27,042 | Explanation | INFO | _row_digest: built 10 record(s) with columns ['ModelID', 'final_score', 'net_similarity', 'net_evidence', 'confidence_score', 'modality_score', 'agreement', 'target_similarity', 'target_evidence', 'exclusion_evidence', 'exclusion_percentile', 'exclusion_penalty', 'exclusion_similarity', 'exclusion_similarity_percentile', 'exclusion_similarity_penalty', 'fusion_flag', 'mutation_flag']
2026-07-11 17:19:27,044 | Explanation | INFO | _population_context: {'total_candidates': 1479, 'final_score_min': 0.0011, 'final_score_max': 0.1942, 'final_score_median': 0.019, 'fusion_flag_yes_count': 0, 'mutation_flag_yes_count': 56}
2026-07-11 17:19:27,045 | Explanation | INFO | generate_explanation: prompt built (system=913 chars, user=10489 chars)
2026-07-11 17:19:27,136 | Explanation | INFO | ollama_chat: calling model 'llama3.1:8b' at http://localhost:11434
2026-07-11 17:19:31,245 | Explanation | ERROR | Error generating the top-10 explanation: HTTPConnectionPool(host='localhost', port=11434): Max retries exceeded with url: /api/chat (Caused by NewConnectionError("HTTPConnection(host='localhost', port=11434): Failed to establish a new connection: [WinError 10061] No connection could be made because the target machine actively refused it"))
2026-07-11 17:19:31,246 | ApplicationRunner | ERROR | Error while running the application pipeline: HTTPConnectionPool(host='localhost', port=11434): Max retries exceeded with url: /api/chat (Caused by NewConnectionError("HTTPConnection(host='localhost', port=11434): Failed to establish a new connection: [WinError 10061] No connection could be made because the target machine actively refused it"))
2026-07-11 17:28:08,460 | ApplicationRunner | INFO | Starting the pipeline run
2026-07-11 17:28:08,460 | ApplicationRunner | INFO | exclusionchecker=True and diseasechecker=False
2026-07-11 17:28:08,461 | ApplicationRunner | INFO | Resolving target ids and reading target omic tables
2026-07-11 17:28:08,461 | AppPreprocessing | INFO | genetoesng: resolving 3 gene symbol(s) to ENSG
2026-07-11 17:28:08,488 | AppPreprocessing | INFO | genetoesng: resolved 3 ENSG id(s)
2026-07-11 17:28:08,488 | AppPreprocessing | INFO | esngtoprotein: resolving proteins for 3 ENSG id(s)
2026-07-11 17:28:08,504 | AppPreprocessing | INFO | esngtoprotein: 3 protein(s) found, 0 ENSG id(s) without a protein (0-fill placeholders)
2026-07-11 17:28:08,505 | AppPreprocessing | INFO | depmapreader: extracting 3 ENSG column(s)
2026-07-11 17:28:15,654 | AppPreprocessing | INFO | depmap: RNA/ENSG -> 3 found, 0 NaN-filled (not found)
2026-07-11 17:28:15,655 | AppPreprocessing | INFO | depmapreader: returning shape (1479, 4)
2026-07-11 17:28:15,695 | AppPreprocessing | INFO | hparnareader: extracting 3 ENSG column(s)
2026-07-11 17:28:21,227 | AppPreprocessing | WARNING | hpa: removed 91 row(s) with null/duplicate ModelID (kept 1054 unique cell line(s))
2026-07-11 17:28:21,227 | AppPreprocessing | INFO | hpa: HPA/ENSG -> 3 found, 0 NaN-filled (not found)
2026-07-11 17:28:21,228 | AppPreprocessing | INFO | hparnareader: returning shape (1054, 4)
2026-07-11 17:28:21,262 | AppPreprocessing | INFO | proteinreader: extracting 3 protein column(s)
2026-07-11 17:28:22,026 | AppPreprocessing | INFO | protein: protein -> 3 found, 0 NaN-filled (not found)
2026-07-11 17:28:22,026 | AppPreprocessing | INFO | proteinreader: returning shape (375, 4)
2026-07-11 17:28:22,038 | AppPreprocessing | INFO | similarityreader: extracting 3 gene cosine column(s)
2026-07-11 17:28:29,129 | AppPreprocessing | INFO | cosine: cosine/ENSG -> 3 found, 0 NaN-filled (not found)
2026-07-11 17:28:29,130 | AppPreprocessing | INFO | similarityreader: returning shape (1479, 4)
2026-07-11 17:28:29,229 | ApplicationRunner | INFO | target_df shape is (1479, 10)
2026-07-11 17:28:29,229 | ApplicationRunner | INFO | Releasing target reader frames from memory
2026-07-11 17:28:29,336 | ApplicationRunner | INFO | Resolving exclusion ids and reading exclusion omic tables
2026-07-11 17:28:29,337 | AppPreprocessing | INFO | genetoesng: resolving 1 gene symbol(s) to ENSG
2026-07-11 17:28:29,358 | AppPreprocessing | INFO | genetoesng: resolved 1 ENSG id(s)
2026-07-11 17:28:29,358 | AppPreprocessing | INFO | esngtoprotein: resolving proteins for 1 ENSG id(s)
2026-07-11 17:28:29,376 | AppPreprocessing | INFO | esngtoprotein: 0 protein(s) found, 1 ENSG id(s) without a protein (0-fill placeholders)
2026-07-11 17:28:29,376 | AppPreprocessing | INFO | depmapreader: extracting 1 ENSG column(s)
2026-07-11 17:28:36,097 | AppPreprocessing | INFO | depmap: RNA/ENSG -> 1 found, 0 NaN-filled (not found)
2026-07-11 17:28:36,098 | AppPreprocessing | INFO | depmapreader: returning shape (1479, 2)
2026-07-11 17:28:36,137 | AppPreprocessing | INFO | hparnareader: extracting 1 ENSG column(s)
2026-07-11 17:28:41,691 | AppPreprocessing | WARNING | hpa: removed 91 row(s) with null/duplicate ModelID (kept 1054 unique cell line(s))
2026-07-11 17:28:41,691 | AppPreprocessing | INFO | hpa: HPA/ENSG -> 1 found, 0 NaN-filled (not found)
2026-07-11 17:28:41,693 | AppPreprocessing | INFO | hparnareader: returning shape (1054, 2)
2026-07-11 17:28:41,722 | AppPreprocessing | INFO | proteinreader: extracting 0 protein column(s)
2026-07-11 17:28:42,616 | AppPreprocessing | INFO | protein: protein -> 0 found, 0 NaN-filled (not found)
2026-07-11 17:28:42,617 | AppPreprocessing | INFO | proteinreader: returning shape (375, 1)
2026-07-11 17:28:42,625 | AppPreprocessing | INFO | similarityreader: extracting 1 gene cosine column(s)
2026-07-11 17:28:49,518 | AppPreprocessing | INFO | cosine: cosine/ENSG -> 1 found, 0 NaN-filled (not found)
2026-07-11 17:28:49,519 | AppPreprocessing | INFO | similarityreader: returning shape (1479, 2)
2026-07-11 17:28:49,570 | ApplicationRunner | INFO | exclusion_df shape is (1479, 4)
2026-07-11 17:28:49,570 | ApplicationRunner | INFO | Releasing exclusion reader frames from memory
2026-07-11 17:28:49,657 | ApplicationRunner | INFO | Scoring: evidence + similarity (target)
2026-07-11 17:28:49,658 | Scoring | INFO | calculateevidencescore (type=target): input shape (1479, 10)
2026-07-11 17:28:49,658 | Scoring | INFO | calculateevidencescore: 9 value column(s)
2026-07-11 17:28:49,662 | Scoring | INFO | target_evidence: min=0.0657 max=0.6891
2026-07-11 17:28:49,663 | Scoring | INFO | calculatesimilarityscore (type=target): input shape (1479, 4)
2026-07-11 17:28:49,663 | Scoring | INFO | calculatesimilarityscore: 3 cosine column(s)
2026-07-11 17:28:49,665 | Scoring | INFO | target_similarity: min=0.1348 max=0.8328
2026-07-11 17:28:49,666 | ApplicationRunner | INFO | Releasing target cosine frame from memory
2026-07-11 17:28:49,760 | ApplicationRunner | INFO | Calculating the confidence score
2026-07-11 17:28:49,763 | Scoring | INFO | calculateconfidencescore: input shape (1479, 13)
2026-07-11 17:28:49,763 | Scoring | INFO | calculateconfidencescore: pooling 12 value column(s)
2026-07-11 17:28:49,963 | Scoring | INFO | confidence_score: nulls=0 of 1479
2026-07-11 17:28:49,963 | ApplicationRunner | INFO | Releasing confidence input frame from memory
2026-07-11 17:28:50,068 | ApplicationRunner | INFO | Scoring: evidence and similarity (exclusion)
2026-07-11 17:28:50,069 | Scoring | INFO | calculateevidencescore (type=exclusion): input shape (1479, 4)
2026-07-11 17:28:50,069 | Scoring | INFO | calculateevidencescore: 3 value column(s)
2026-07-11 17:28:50,085 | Scoring | INFO | exclusion_penalty: min=0.2231 max=0.6761
2026-07-11 17:28:50,087 | Scoring | INFO | calculatesimilarityscore (type=exclusion): input shape (1479, 2)
2026-07-11 17:28:50,087 | Scoring | INFO | calculatesimilarityscore: 1 cosine column(s)
2026-07-11 17:28:50,092 | Scoring | INFO | exclusion_similarity_penalty: min=0.2231 max=0.9990
2026-07-11 17:28:50,094 | ApplicationRunner | INFO | Releasing exclusion cosine frame from memory
2026-07-11 17:28:50,195 | Scoring | INFO | calculatenetevidencescore (type=exclusion): input shape (1479, 5)
2026-07-11 17:28:50,198 | Scoring | INFO | calculatenetsimilarityscore (type=exclusion): input shape (1479, 5)
2026-07-11 17:28:50,199 | ApplicationRunner | INFO | Releasing intermediate evidence/similarity frames from memory
2026-07-11 17:28:50,288 | ApplicationRunner | INFO | Releasing target evidence/similarity frames from memory
2026-07-11 17:28:50,389 | ApplicationRunner | INFO | Assembling final score (net_similarity x net_evidence x confidence)
2026-07-11 17:28:50,395 | Scoring | INFO | finalscoring: input shape (1479, 14)
2026-07-11 17:28:50,396 | Scoring | INFO | final_score: nulls=0 of 1479
2026-07-11 17:28:50,397 | ApplicationRunner | INFO | Releasing net score component frames from memory
2026-07-11 17:28:50,507 | ApplicationRunner | INFO | Releasing feature and final-score frames from memory
2026-07-11 17:28:50,613 | ApplicationRunner | INFO | Fusion flagging over 4 gene(s); filter=False
2026-07-11 17:28:50,614 | Fusion | INFO | fusionflagger: 1479 cell line(s), 4 gene(s)
2026-07-11 17:28:51,425 | Fusion | INFO | fusionflagger: fusion table shape (184237, 31)
2026-07-11 17:28:51,449 | Fusion | INFO | fusionflagger: 0 matching fusion row(s) and 0 distinct flagged ModelID(s)
2026-07-11 17:28:51,449 | Fusion | INFO | fusionflagger: releasing fusion table frames from memory
2026-07-11 17:28:51,551 | Fusion | INFO | fusionflagger: 0 cell line(s) flagged Yes
2026-07-11 17:28:51,652 | ApplicationRunner | INFO | Mutation flagging over 4 gene(s); filter=False
2026-07-11 17:28:51,652 | Mutation | INFO | mutationflager: 1479 cell line(s), 4 gene(s)
2026-07-11 17:29:00,012 | Mutation | INFO | mutationflager: mutation table shape (1066869, 71)
2026-07-11 17:29:00,629 | Mutation | INFO | mutationflager: 66 distinct ModelID(s) with a matching mutation
2026-07-11 17:29:00,632 | Mutation | INFO | mutationflager: 56 cell line(s) flagged Yes
2026-07-11 17:29:00,744 | ApplicationRunner | INFO | Selected top 10 cell line(s)
2026-07-11 17:29:00,744 | Fusion | INFO | getthefusionreferencetable: 10 top cell line(s), 4 gene(s)
2026-07-11 17:29:01,659 | Fusion | INFO | getthefusionreferencetable: releasing full fusion table from memory
2026-07-11 17:29:01,751 | Fusion | INFO | getthefusionreferencetable: returning 0 reference row(s)
2026-07-11 17:29:01,752 | Mutation | INFO | getthemutationreferencetable: 10 cell line(s), 4 gene(s)
2026-07-11 17:29:10,479 | Mutation | INFO | getthemutationreferencetable: returning 2 reference row(s)
2026-07-11 17:29:10,589 | ApplicationRunner | INFO | Generating LLM explanation
2026-07-11 17:29:10,589 | Explanation | INFO | generate_explanation: starting
2026-07-11 17:29:10,589 | Explanation | INFO | generate_explanation: exclusionapplied=True fusionfilter=False mutationfilter=False disease=None
2026-07-11 17:29:10,592 | Explanation | INFO | _row_digest: built 10 record(s) with columns ['ModelID', 'final_score', 'net_similarity', 'net_evidence', 'confidence_score', 'modality_score', 'agreement', 'target_similarity', 'target_evidence', 'exclusion_evidence', 'exclusion_percentile', 'exclusion_penalty', 'exclusion_similarity', 'exclusion_similarity_percentile', 'exclusion_similarity_penalty', 'fusion_flag', 'mutation_flag']
2026-07-11 17:29:10,595 | Explanation | INFO | _population_context: {'total_candidates': 1479, 'final_score_min': 0.0011, 'final_score_max': 0.1942, 'final_score_median': 0.019, 'fusion_flag_yes_count': 0, 'mutation_flag_yes_count': 56}
2026-07-11 17:29:10,595 | Explanation | INFO | generate_explanation: prompt built (system=913 chars, user=10489 chars)
2026-07-11 17:29:10,689 | Explanation | INFO | ollama_chat: calling model 'llama3.1:8b' at http://localhost:11434
2026-07-11 17:29:14,137 | Explanation | ERROR | ollama_chat: Ollama 500 body: {"error":"llama-server process has terminated: exit status 1: ggml_backend_cpu_buffer_type_alloc_buffer: failed to allocate buffer of size 3359637504\nalloc_tensor_range: failed to allocate CPU_REPACK buffer of size 3359637504\nerror loading model: unable to allocate CPU_REPACK buffer"}
2026-07-11 17:29:14,137 | Explanation | ERROR | Error generating the top-10 explanation: 500 Server Error: Internal Server Error for url: http://localhost:11434/api/chat
2026-07-11 17:29:14,137 | ApplicationRunner | ERROR | Error while running the application pipeline: 500 Server Error: Internal Server Error for url: http://localhost:11434/api/chat
2026-07-11 17:30:50,451 | ApplicationRunner | INFO | Starting the pipeline run
2026-07-11 17:30:50,451 | ApplicationRunner | INFO | exclusionchecker=True and diseasechecker=False
2026-07-11 17:30:50,451 | ApplicationRunner | INFO | Resolving target ids and reading target omic tables
2026-07-11 17:30:50,451 | AppPreprocessing | INFO | genetoesng: resolving 3 gene symbol(s) to ENSG
2026-07-11 17:30:50,476 | AppPreprocessing | INFO | genetoesng: resolved 3 ENSG id(s)
2026-07-11 17:30:50,476 | AppPreprocessing | INFO | esngtoprotein: resolving proteins for 3 ENSG id(s)
2026-07-11 17:30:50,492 | AppPreprocessing | INFO | esngtoprotein: 3 protein(s) found, 0 ENSG id(s) without a protein (0-fill placeholders)
2026-07-11 17:30:50,493 | AppPreprocessing | INFO | depmapreader: extracting 3 ENSG column(s)
2026-07-11 17:30:57,205 | AppPreprocessing | INFO | depmap: RNA/ENSG -> 3 found, 0 NaN-filled (not found)
2026-07-11 17:30:57,206 | AppPreprocessing | INFO | depmapreader: returning shape (1479, 4)
2026-07-11 17:30:57,243 | AppPreprocessing | INFO | hparnareader: extracting 3 ENSG column(s)
2026-07-11 17:31:02,790 | AppPreprocessing | WARNING | hpa: removed 91 row(s) with null/duplicate ModelID (kept 1054 unique cell line(s))
2026-07-11 17:31:02,790 | AppPreprocessing | INFO | hpa: HPA/ENSG -> 3 found, 0 NaN-filled (not found)
2026-07-11 17:31:02,791 | AppPreprocessing | INFO | hparnareader: returning shape (1054, 4)
2026-07-11 17:31:02,822 | AppPreprocessing | INFO | proteinreader: extracting 3 protein column(s)
2026-07-11 17:31:03,609 | AppPreprocessing | INFO | protein: protein -> 3 found, 0 NaN-filled (not found)
2026-07-11 17:31:03,610 | AppPreprocessing | INFO | proteinreader: returning shape (375, 4)
2026-07-11 17:31:03,619 | AppPreprocessing | INFO | similarityreader: extracting 3 gene cosine column(s)
2026-07-11 17:31:16,492 | AppPreprocessing | INFO | cosine: cosine/ENSG -> 3 found, 0 NaN-filled (not found)
2026-07-11 17:31:16,493 | AppPreprocessing | INFO | similarityreader: returning shape (1479, 4)
2026-07-11 17:31:16,561 | ApplicationRunner | INFO | target_df shape is (1479, 10)
2026-07-11 17:31:16,562 | ApplicationRunner | INFO | Releasing target reader frames from memory
2026-07-11 17:31:16,695 | ApplicationRunner | INFO | Resolving exclusion ids and reading exclusion omic tables
2026-07-11 17:31:16,696 | AppPreprocessing | INFO | genetoesng: resolving 1 gene symbol(s) to ENSG
2026-07-11 17:31:16,725 | AppPreprocessing | INFO | genetoesng: resolved 1 ENSG id(s)
2026-07-11 17:31:16,725 | AppPreprocessing | INFO | esngtoprotein: resolving proteins for 1 ENSG id(s)
2026-07-11 17:31:16,763 | AppPreprocessing | INFO | esngtoprotein: 0 protein(s) found, 1 ENSG id(s) without a protein (0-fill placeholders)
2026-07-11 17:31:16,764 | AppPreprocessing | INFO | depmapreader: extracting 1 ENSG column(s)
2026-07-11 17:31:29,217 | AppPreprocessing | INFO | depmap: RNA/ENSG -> 1 found, 0 NaN-filled (not found)
2026-07-11 17:31:29,218 | AppPreprocessing | INFO | depmapreader: returning shape (1479, 2)
2026-07-11 17:31:29,273 | AppPreprocessing | INFO | hparnareader: extracting 1 ENSG column(s)
2026-07-11 17:31:36,355 | AppPreprocessing | WARNING | hpa: removed 91 row(s) with null/duplicate ModelID (kept 1054 unique cell line(s))
2026-07-11 17:31:36,355 | AppPreprocessing | INFO | hpa: HPA/ENSG -> 1 found, 0 NaN-filled (not found)
2026-07-11 17:31:36,356 | AppPreprocessing | INFO | hparnareader: returning shape (1054, 2)
2026-07-11 17:31:36,393 | AppPreprocessing | INFO | proteinreader: extracting 0 protein column(s)
2026-07-11 17:31:37,246 | AppPreprocessing | INFO | protein: protein -> 0 found, 0 NaN-filled (not found)
2026-07-11 17:31:37,247 | AppPreprocessing | INFO | proteinreader: returning shape (375, 1)
2026-07-11 17:31:37,256 | AppPreprocessing | INFO | similarityreader: extracting 1 gene cosine column(s)
2026-07-11 17:31:44,341 | AppPreprocessing | INFO | cosine: cosine/ENSG -> 1 found, 0 NaN-filled (not found)
2026-07-11 17:31:44,342 | AppPreprocessing | INFO | similarityreader: returning shape (1479, 2)
2026-07-11 17:31:44,391 | ApplicationRunner | INFO | exclusion_df shape is (1479, 4)
2026-07-11 17:31:44,391 | ApplicationRunner | INFO | Releasing exclusion reader frames from memory
2026-07-11 17:31:44,496 | ApplicationRunner | INFO | Scoring: evidence + similarity (target)
2026-07-11 17:31:44,497 | Scoring | INFO | calculateevidencescore (type=target): input shape (1479, 10)
2026-07-11 17:31:44,497 | Scoring | INFO | calculateevidencescore: 9 value column(s)
2026-07-11 17:31:44,501 | Scoring | INFO | target_evidence: min=0.0657 max=0.6891
2026-07-11 17:31:44,502 | Scoring | INFO | calculatesimilarityscore (type=target): input shape (1479, 4)
2026-07-11 17:31:44,502 | Scoring | INFO | calculatesimilarityscore: 3 cosine column(s)
2026-07-11 17:31:44,505 | Scoring | INFO | target_similarity: min=0.1348 max=0.8328
2026-07-11 17:31:44,505 | ApplicationRunner | INFO | Releasing target cosine frame from memory
2026-07-11 17:31:44,611 | ApplicationRunner | INFO | Calculating the confidence score
2026-07-11 17:31:44,614 | Scoring | INFO | calculateconfidencescore: input shape (1479, 13)
2026-07-11 17:31:44,614 | Scoring | INFO | calculateconfidencescore: pooling 12 value column(s)
2026-07-11 17:31:44,826 | Scoring | INFO | confidence_score: nulls=0 of 1479
2026-07-11 17:31:44,826 | ApplicationRunner | INFO | Releasing confidence input frame from memory
2026-07-11 17:31:44,931 | ApplicationRunner | INFO | Scoring: evidence and similarity (exclusion)
2026-07-11 17:31:44,932 | Scoring | INFO | calculateevidencescore (type=exclusion): input shape (1479, 4)
2026-07-11 17:31:44,932 | Scoring | INFO | calculateevidencescore: 3 value column(s)
2026-07-11 17:31:44,936 | Scoring | INFO | exclusion_penalty: min=0.2231 max=0.6761
2026-07-11 17:31:44,937 | Scoring | INFO | calculatesimilarityscore (type=exclusion): input shape (1479, 2)
2026-07-11 17:31:44,937 | Scoring | INFO | calculatesimilarityscore: 1 cosine column(s)
2026-07-11 17:31:44,940 | Scoring | INFO | exclusion_similarity_penalty: min=0.2231 max=0.9990
2026-07-11 17:31:44,941 | ApplicationRunner | INFO | Releasing exclusion cosine frame from memory
2026-07-11 17:31:45,051 | Scoring | INFO | calculatenetevidencescore (type=exclusion): input shape (1479, 5)
2026-07-11 17:31:45,053 | Scoring | INFO | calculatenetsimilarityscore (type=exclusion): input shape (1479, 5)
2026-07-11 17:31:45,053 | ApplicationRunner | INFO | Releasing intermediate evidence/similarity frames from memory
2026-07-11 17:31:45,160 | ApplicationRunner | INFO | Releasing target evidence/similarity frames from memory
2026-07-11 17:31:45,263 | ApplicationRunner | INFO | Assembling final score (net_similarity x net_evidence x confidence)
2026-07-11 17:31:45,268 | Scoring | INFO | finalscoring: input shape (1479, 14)
2026-07-11 17:31:45,269 | Scoring | INFO | final_score: nulls=0 of 1479
2026-07-11 17:31:45,269 | ApplicationRunner | INFO | Releasing net score component frames from memory
2026-07-11 17:31:45,375 | ApplicationRunner | INFO | Releasing feature and final-score frames from memory
2026-07-11 17:31:45,465 | ApplicationRunner | INFO | Fusion flagging over 4 gene(s); filter=False
2026-07-11 17:31:45,465 | Fusion | INFO | fusionflagger: 1479 cell line(s), 4 gene(s)
2026-07-11 17:31:46,265 | Fusion | INFO | fusionflagger: fusion table shape (184237, 31)
2026-07-11 17:31:46,270 | Fusion | INFO | fusionflagger: 0 matching fusion row(s) and 0 distinct flagged ModelID(s)
2026-07-11 17:31:46,270 | Fusion | INFO | fusionflagger: releasing fusion table frames from memory
2026-07-11 17:31:46,362 | Fusion | INFO | fusionflagger: 0 cell line(s) flagged Yes
2026-07-11 17:31:46,444 | ApplicationRunner | INFO | Mutation flagging over 4 gene(s); filter=False
2026-07-11 17:31:46,445 | Mutation | INFO | mutationflager: 1479 cell line(s), 4 gene(s)
2026-07-11 17:31:54,830 | Mutation | INFO | mutationflager: mutation table shape (1066869, 71)
2026-07-11 17:31:55,426 | Mutation | INFO | mutationflager: 66 distinct ModelID(s) with a matching mutation
2026-07-11 17:31:55,429 | Mutation | INFO | mutationflager: 56 cell line(s) flagged Yes
2026-07-11 17:31:55,562 | ApplicationRunner | INFO | Selected top 10 cell line(s)
2026-07-11 17:31:55,563 | Fusion | INFO | getthefusionreferencetable: 10 top cell line(s), 4 gene(s)
2026-07-11 17:31:56,467 | Fusion | INFO | getthefusionreferencetable: releasing full fusion table from memory
2026-07-11 17:31:56,574 | Fusion | INFO | getthefusionreferencetable: returning 0 reference row(s)
2026-07-11 17:31:56,574 | Mutation | INFO | getthemutationreferencetable: 10 cell line(s), 4 gene(s)
2026-07-11 17:32:05,330 | Mutation | INFO | getthemutationreferencetable: returning 2 reference row(s)
2026-07-11 17:32:05,419 | ApplicationRunner | INFO | Generating LLM explanation
2026-07-11 17:32:05,419 | Explanation | INFO | generate_explanation: starting
2026-07-11 17:32:05,420 | Explanation | INFO | generate_explanation: exclusionapplied=True fusionfilter=False mutationfilter=False disease=None
2026-07-11 17:32:05,422 | Explanation | INFO | _row_digest: built 10 record(s) with columns ['ModelID', 'final_score', 'net_similarity', 'net_evidence', 'confidence_score', 'modality_score', 'agreement', 'target_similarity', 'target_evidence', 'exclusion_evidence', 'exclusion_percentile', 'exclusion_penalty', 'exclusion_similarity', 'exclusion_similarity_percentile', 'exclusion_similarity_penalty', 'fusion_flag', 'mutation_flag']
2026-07-11 17:32:05,425 | Explanation | INFO | _population_context: {'total_candidates': 1479, 'final_score_min': 0.0011, 'final_score_max': 0.1942, 'final_score_median': 0.019, 'fusion_flag_yes_count': 0, 'mutation_flag_yes_count': 56}
2026-07-11 17:32:05,426 | Explanation | INFO | generate_explanation: prompt built (system=913 chars, user=10489 chars)
2026-07-11 17:32:05,501 | Explanation | INFO | ollama_chat: calling model 'llama3.1:8b' at http://localhost:11434
2026-07-11 17:32:08,963 | Explanation | ERROR | ollama_chat: Ollama 500 body: {"error":"llama-server process has terminated: exit status 1: ggml_backend_cpu_buffer_type_alloc_buffer: failed to allocate buffer of size 3359637504\nalloc_tensor_range: failed to allocate CPU_REPACK buffer of size 3359637504\nerror loading model: unable to allocate CPU_REPACK buffer"}
2026-07-11 17:32:08,963 | Explanation | ERROR | Error generating the top-10 explanation: 500 Server Error: Internal Server Error for url: http://localhost:11434/api/chat
2026-07-11 17:32:08,964 | ApplicationRunner | ERROR | Error while running the application pipeline: 500 Server Error: Internal Server Error for url: http://localhost:11434/api/chat
2026-07-11 17:36:22,128 | ApplicationRunner | INFO | Starting the pipeline run
2026-07-11 17:36:22,128 | ApplicationRunner | INFO | exclusionchecker=True and diseasechecker=False
2026-07-11 17:36:22,128 | ApplicationRunner | INFO | Resolving target ids and reading target omic tables
2026-07-11 17:36:22,129 | AppPreprocessing | INFO | genetoesng: resolving 3 gene symbol(s) to ENSG
2026-07-11 17:36:22,185 | AppPreprocessing | INFO | genetoesng: resolved 3 ENSG id(s)
2026-07-11 17:36:22,185 | AppPreprocessing | INFO | esngtoprotein: resolving proteins for 3 ENSG id(s)
2026-07-11 17:36:22,204 | AppPreprocessing | INFO | esngtoprotein: 3 protein(s) found, 0 ENSG id(s) without a protein (0-fill placeholders)
2026-07-11 17:36:22,204 | AppPreprocessing | INFO | depmapreader: extracting 3 ENSG column(s)
2026-07-11 17:36:29,005 | AppPreprocessing | INFO | depmap: RNA/ENSG -> 3 found, 0 NaN-filled (not found)
2026-07-11 17:36:29,006 | AppPreprocessing | INFO | depmapreader: returning shape (1479, 4)
2026-07-11 17:36:29,039 | AppPreprocessing | INFO | hparnareader: extracting 3 ENSG column(s)
2026-07-11 17:36:34,474 | AppPreprocessing | WARNING | hpa: removed 91 row(s) with null/duplicate ModelID (kept 1054 unique cell line(s))
2026-07-11 17:36:34,474 | AppPreprocessing | INFO | hpa: HPA/ENSG -> 3 found, 0 NaN-filled (not found)
2026-07-11 17:36:34,475 | AppPreprocessing | INFO | hparnareader: returning shape (1054, 4)
2026-07-11 17:36:34,512 | AppPreprocessing | INFO | proteinreader: extracting 3 protein column(s)
2026-07-11 17:36:35,282 | AppPreprocessing | INFO | protein: protein -> 3 found, 0 NaN-filled (not found)
2026-07-11 17:36:35,283 | AppPreprocessing | INFO | proteinreader: returning shape (375, 4)
2026-07-11 17:36:35,292 | AppPreprocessing | INFO | similarityreader: extracting 3 gene cosine column(s)
2026-07-11 17:36:42,458 | AppPreprocessing | INFO | cosine: cosine/ENSG -> 3 found, 0 NaN-filled (not found)
2026-07-11 17:36:42,459 | AppPreprocessing | INFO | similarityreader: returning shape (1479, 4)
2026-07-11 17:36:42,529 | ApplicationRunner | INFO | target_df shape is (1479, 10)
2026-07-11 17:36:42,529 | ApplicationRunner | INFO | Releasing target reader frames from memory
2026-07-11 17:36:42,636 | ApplicationRunner | INFO | Resolving exclusion ids and reading exclusion omic tables
2026-07-11 17:36:42,636 | AppPreprocessing | INFO | genetoesng: resolving 1 gene symbol(s) to ENSG
2026-07-11 17:36:42,655 | AppPreprocessing | INFO | genetoesng: resolved 1 ENSG id(s)
2026-07-11 17:36:42,655 | AppPreprocessing | INFO | esngtoprotein: resolving proteins for 1 ENSG id(s)
2026-07-11 17:36:42,675 | AppPreprocessing | INFO | esngtoprotein: 0 protein(s) found, 1 ENSG id(s) without a protein (0-fill placeholders)
2026-07-11 17:36:42,675 | AppPreprocessing | INFO | depmapreader: extracting 1 ENSG column(s)
2026-07-11 17:36:49,784 | AppPreprocessing | INFO | depmap: RNA/ENSG -> 1 found, 0 NaN-filled (not found)
2026-07-11 17:36:49,786 | AppPreprocessing | INFO | depmapreader: returning shape (1479, 2)
2026-07-11 17:36:49,823 | AppPreprocessing | INFO | hparnareader: extracting 1 ENSG column(s)
2026-07-11 17:36:55,219 | AppPreprocessing | WARNING | hpa: removed 91 row(s) with null/duplicate ModelID (kept 1054 unique cell line(s))
2026-07-11 17:36:55,219 | AppPreprocessing | INFO | hpa: HPA/ENSG -> 1 found, 0 NaN-filled (not found)
2026-07-11 17:36:55,220 | AppPreprocessing | INFO | hparnareader: returning shape (1054, 2)
2026-07-11 17:36:55,256 | AppPreprocessing | INFO | proteinreader: extracting 0 protein column(s)
2026-07-11 17:36:56,117 | AppPreprocessing | INFO | protein: protein -> 0 found, 0 NaN-filled (not found)
2026-07-11 17:36:56,118 | AppPreprocessing | INFO | proteinreader: returning shape (375, 1)
2026-07-11 17:36:56,127 | AppPreprocessing | INFO | similarityreader: extracting 1 gene cosine column(s)
2026-07-11 17:37:03,046 | AppPreprocessing | INFO | cosine: cosine/ENSG -> 1 found, 0 NaN-filled (not found)
2026-07-11 17:37:03,047 | AppPreprocessing | INFO | similarityreader: returning shape (1479, 2)
2026-07-11 17:37:03,095 | ApplicationRunner | INFO | exclusion_df shape is (1479, 4)
2026-07-11 17:37:03,096 | ApplicationRunner | INFO | Releasing exclusion reader frames from memory
2026-07-11 17:37:03,183 | ApplicationRunner | INFO | Scoring: evidence + similarity (target)
2026-07-11 17:37:03,183 | Scoring | INFO | calculateevidencescore (type=target): input shape (1479, 10)
2026-07-11 17:37:03,184 | Scoring | INFO | calculateevidencescore: 9 value column(s)
2026-07-11 17:37:03,191 | Scoring | INFO | target_evidence: min=0.0657 max=0.6891
2026-07-11 17:37:03,191 | Scoring | INFO | calculatesimilarityscore (type=target): input shape (1479, 4)
2026-07-11 17:37:03,191 | Scoring | INFO | calculatesimilarityscore: 3 cosine column(s)
2026-07-11 17:37:03,193 | Scoring | INFO | target_similarity: min=0.1348 max=0.8328
2026-07-11 17:37:03,194 | ApplicationRunner | INFO | Releasing target cosine frame from memory
2026-07-11 17:37:03,290 | ApplicationRunner | INFO | Calculating the confidence score
2026-07-11 17:37:03,294 | Scoring | INFO | calculateconfidencescore: input shape (1479, 13)
2026-07-11 17:37:03,294 | Scoring | INFO | calculateconfidencescore: pooling 12 value column(s)
2026-07-11 17:37:03,497 | Scoring | INFO | confidence_score: nulls=0 of 1479
2026-07-11 17:37:03,498 | ApplicationRunner | INFO | Releasing confidence input frame from memory
2026-07-11 17:37:03,590 | ApplicationRunner | INFO | Scoring: evidence and similarity (exclusion)
2026-07-11 17:37:03,590 | Scoring | INFO | calculateevidencescore (type=exclusion): input shape (1479, 4)
2026-07-11 17:37:03,591 | Scoring | INFO | calculateevidencescore: 3 value column(s)
2026-07-11 17:37:03,603 | Scoring | INFO | exclusion_penalty: min=0.2231 max=0.6761
2026-07-11 17:37:03,604 | Scoring | INFO | calculatesimilarityscore (type=exclusion): input shape (1479, 2)
2026-07-11 17:37:03,604 | Scoring | INFO | calculatesimilarityscore: 1 cosine column(s)
2026-07-11 17:37:03,608 | Scoring | INFO | exclusion_similarity_penalty: min=0.2231 max=0.9990
2026-07-11 17:37:03,608 | ApplicationRunner | INFO | Releasing exclusion cosine frame from memory
2026-07-11 17:37:03,714 | Scoring | INFO | calculatenetevidencescore (type=exclusion): input shape (1479, 5)
2026-07-11 17:37:03,716 | Scoring | INFO | calculatenetsimilarityscore (type=exclusion): input shape (1479, 5)
2026-07-11 17:37:03,718 | ApplicationRunner | INFO | Releasing intermediate evidence/similarity frames from memory
2026-07-11 17:37:03,806 | ApplicationRunner | INFO | Releasing target evidence/similarity frames from memory
2026-07-11 17:37:03,896 | ApplicationRunner | INFO | Assembling final score (net_similarity x net_evidence x confidence)
2026-07-11 17:37:03,902 | Scoring | INFO | finalscoring: input shape (1479, 14)
2026-07-11 17:37:03,903 | Scoring | INFO | final_score: nulls=0 of 1479
2026-07-11 17:37:03,903 | ApplicationRunner | INFO | Releasing net score component frames from memory
2026-07-11 17:37:04,007 | ApplicationRunner | INFO | Releasing feature and final-score frames from memory
2026-07-11 17:37:04,095 | ApplicationRunner | INFO | Fusion flagging over 4 gene(s); filter=False
2026-07-11 17:37:04,095 | Fusion | INFO | fusionflagger: 1479 cell line(s), 4 gene(s)
2026-07-11 17:37:04,925 | Fusion | INFO | fusionflagger: fusion table shape (184237, 31)
2026-07-11 17:37:04,935 | Fusion | INFO | fusionflagger: 0 matching fusion row(s) and 0 distinct flagged ModelID(s)
2026-07-11 17:37:04,936 | Fusion | INFO | fusionflagger: releasing fusion table frames from memory
2026-07-11 17:37:05,047 | Fusion | INFO | fusionflagger: 0 cell line(s) flagged Yes
2026-07-11 17:37:05,135 | ApplicationRunner | INFO | Mutation flagging over 4 gene(s); filter=False
2026-07-11 17:37:05,135 | Mutation | INFO | mutationflager: 1479 cell line(s), 4 gene(s)
2026-07-11 17:37:13,569 | Mutation | INFO | mutationflager: mutation table shape (1066869, 71)
2026-07-11 17:37:14,196 | Mutation | INFO | mutationflager: 66 distinct ModelID(s) with a matching mutation
2026-07-11 17:37:14,198 | Mutation | INFO | mutationflager: 56 cell line(s) flagged Yes
2026-07-11 17:37:14,319 | ApplicationRunner | INFO | Selected top 10 cell line(s)
2026-07-11 17:37:14,319 | Fusion | INFO | getthefusionreferencetable: 10 top cell line(s), 4 gene(s)
2026-07-11 17:37:15,275 | Fusion | INFO | getthefusionreferencetable: releasing full fusion table from memory
2026-07-11 17:37:15,383 | Fusion | INFO | getthefusionreferencetable: returning 0 reference row(s)
2026-07-11 17:37:15,383 | Mutation | INFO | getthemutationreferencetable: 10 cell line(s), 4 gene(s)
2026-07-11 17:37:24,518 | Mutation | INFO | getthemutationreferencetable: returning 2 reference row(s)
2026-07-11 17:37:24,612 | ApplicationRunner | INFO | Generating LLM explanation
2026-07-11 17:37:24,612 | Explanation | INFO | generate_explanation: starting
2026-07-11 17:37:24,612 | Explanation | INFO | generate_explanation: exclusionapplied=True fusionfilter=False mutationfilter=False disease=None
2026-07-11 17:37:24,615 | Explanation | INFO | _row_digest: built 10 record(s) with columns ['ModelID', 'final_score', 'net_similarity', 'net_evidence', 'confidence_score', 'modality_score', 'agreement', 'target_similarity', 'target_evidence', 'exclusion_evidence', 'exclusion_percentile', 'exclusion_penalty', 'exclusion_similarity', 'exclusion_similarity_percentile', 'exclusion_similarity_penalty', 'fusion_flag', 'mutation_flag']
2026-07-11 17:37:24,617 | Explanation | INFO | _population_context: {'total_candidates': 1479, 'final_score_min': 0.0011, 'final_score_max': 0.1942, 'final_score_median': 0.019, 'fusion_flag_yes_count': 0, 'mutation_flag_yes_count': 56}
2026-07-11 17:37:24,618 | Explanation | INFO | generate_explanation: prompt built (system=913 chars, user=10489 chars)
2026-07-11 17:37:24,701 | Explanation | INFO | ollama_chat: calling model 'llama3.2:3b' at http://localhost:11434
2026-07-11 17:41:00,177 | Explanation | INFO | ollama_chat: received 5651 character(s)
2026-07-11 17:41:00,178 | Explanation | INFO | generate_explanation: explanation generated (5651 chars)
2026-07-11 17:41:00,190 | ApplicationRunner | INFO | Running KMeans plot
2026-07-11 17:41:00,191 | ModelLoader | INFO | kmeansonthedata: 10 selected cell line(s)
2026-07-11 17:41:00,870 | ModelLoader | INFO | kmeansonthedata: factor matrix (1479, 20); predicting clusters
2026-07-11 17:41:00,932 | ModelLoader | INFO | kmeansonthedata: generating UMAP projection (full 1479-row manifold)
2026-07-11 17:41:15,586 | ModelLoader | INFO | kmeansonthedata: 10 of 10 chosen id(s) located on the map
2026-07-11 17:41:15,586 | ModelLoader | INFO | kmeansonthedata: releasing factor matrix and UMAP arrays from memory
2026-07-11 17:41:17,553 | ModelLoader | INFO | kmeansonthedata: plot saved to C:\Users\Shankar\Desktop\AstraZeneca\code\astrazeneca\CelllineSelector\images\kmeansplotforselectedcell_029113bc-ff53-44f3-8457-6e474e35c0ba.png
2026-07-11 17:41:17,554 | ModelLoader | INFO | kmeansonthedata: releasing plotting frames from memory
2026-07-11 17:41:17,722 | ApplicationRunner | INFO | Kmeans plot completed
2026-07-11 17:41:17,722 | ApplicationRunner | INFO | Running KNN
2026-07-11 17:41:17,722 | ModelLoader | INFO | knnonthedata: finding alternatives for 10 selected cell line(s)
2026-07-11 17:41:17,782 | ModelLoader | INFO | knnonthedata: releasing factor matrix from memory
2026-07-11 17:41:18,022 | ModelLoader | INFO | knnonthedata: 10 of 10 target(s) received an alternative
2026-07-11 17:41:18,022 | ApplicationRunner | INFO | KNN Completed
2026-07-11 17:41:18,022 | ApplicationRunner | INFO | Running Data combiner
2026-07-11 17:41:18,022 | AppPreprocessing | INFO | datacombiner: enriching 10 row(s) with master_lookup identity
2026-07-11 17:41:18,219 | AppPreprocessing | INFO | datacombiner: returning shape (10, 36)
2026-07-11 17:41:18,219 | AppPreprocessing | INFO | alternativedatacombiner: enriching 10 alternative row(s)
2026-07-11 17:41:18,233 | AppPreprocessing | INFO | alternativedatacombiner: returning shape (10, 8)
2026-07-11 17:41:18,234 | ApplicationRunner | INFO | Data combiner completed
2026-07-11 17:41:18,234 | ApplicationRunner | INFO | pipelinerun completed successfully
2026-08-01 16:43:44,566 | ApplicationRunner | INFO | Starting the pipeline run
2026-08-01 16:43:44,566 | ApplicationRunner | INFO | exclusionchecker=True and diseasechecker=False
2026-08-01 16:43:44,566 | ApplicationRunner | INFO | Resolving target ids and reading target omic tables
2026-08-01 16:43:44,566 | AppPreprocessing | INFO | genetoesng: resolving 3 gene symbol(s) to ENSG
2026-08-01 16:43:44,669 | AppPreprocessing | INFO | genetoesng: resolved 3 ENSG id(s)
2026-08-01 16:43:44,669 | AppPreprocessing | INFO | esngtoprotein: resolving proteins for 3 ENSG id(s)
2026-08-01 16:43:44,701 | AppPreprocessing | INFO | esngtoprotein: 3 protein(s) found, 0 ENSG id(s) without a protein (0-fill placeholders)
2026-08-01 16:43:44,701 | AppPreprocessing | INFO | depmapreader: extracting 3 ENSG column(s)
2026-08-01 16:43:56,430 | AppPreprocessing | INFO | depmap: RNA/ENSG -> 3 found, 0 NaN-filled (not found)
2026-08-01 16:43:56,431 | AppPreprocessing | INFO | depmapreader: returning shape (1479, 4)
2026-08-01 16:43:56,477 | AppPreprocessing | INFO | hparnareader: extracting 3 ENSG column(s)
2026-08-01 16:44:10,378 | AppPreprocessing | WARNING | hpa: removed 91 row(s) with null/duplicate ModelID (kept 1054 unique cell line(s))
2026-08-01 16:44:10,378 | AppPreprocessing | INFO | hpa: HPA/ENSG -> 3 found, 0 NaN-filled (not found)
2026-08-01 16:44:10,378 | AppPreprocessing | INFO | hparnareader: returning shape (1054, 4)
2026-08-01 16:44:10,414 | AppPreprocessing | INFO | proteinreader: extracting 3 protein column(s)
2026-08-01 16:44:11,453 | AppPreprocessing | INFO | protein: protein -> 3 found, 0 NaN-filled (not found)
2026-08-01 16:44:11,453 | AppPreprocessing | INFO | proteinreader: returning shape (375, 4)
2026-08-01 16:44:11,468 | AppPreprocessing | INFO | similarityreader: extracting 3 gene cosine column(s)
2026-08-01 16:44:19,732 | AppPreprocessing | INFO | cosine: cosine/ENSG -> 3 found, 0 NaN-filled (not found)
2026-08-01 16:44:19,734 | AppPreprocessing | INFO | similarityreader: returning shape (1479, 4)
2026-08-01 16:44:19,815 | ApplicationRunner | INFO | target_df shape is (1479, 10)
2026-08-01 16:44:19,815 | ApplicationRunner | INFO | Releasing target reader frames from memory
2026-08-01 16:44:19,901 | ApplicationRunner | INFO | Resolving exclusion ids and reading exclusion omic tables
2026-08-01 16:44:19,902 | AppPreprocessing | INFO | genetoesng: resolving 1 gene symbol(s) to ENSG
2026-08-01 16:44:19,923 | AppPreprocessing | INFO | genetoesng: resolved 1 ENSG id(s)
2026-08-01 16:44:19,923 | AppPreprocessing | INFO | esngtoprotein: resolving proteins for 1 ENSG id(s)
2026-08-01 16:44:19,938 | AppPreprocessing | INFO | esngtoprotein: 0 protein(s) found, 1 ENSG id(s) without a protein (0-fill placeholders)
2026-08-01 16:44:19,938 | AppPreprocessing | INFO | depmapreader: extracting 1 ENSG column(s)
2026-08-01 16:44:27,220 | AppPreprocessing | INFO | depmap: RNA/ENSG -> 1 found, 0 NaN-filled (not found)
2026-08-01 16:44:27,220 | AppPreprocessing | INFO | depmapreader: returning shape (1479, 2)
2026-08-01 16:44:27,266 | AppPreprocessing | INFO | hparnareader: extracting 1 ENSG column(s)
2026-08-01 16:44:34,828 | AppPreprocessing | WARNING | hpa: removed 91 row(s) with null/duplicate ModelID (kept 1054 unique cell line(s))
2026-08-01 16:44:34,828 | AppPreprocessing | INFO | hpa: HPA/ENSG -> 1 found, 0 NaN-filled (not found)
2026-08-01 16:44:34,829 | AppPreprocessing | INFO | hparnareader: returning shape (1054, 2)
2026-08-01 16:44:34,865 | AppPreprocessing | INFO | proteinreader: extracting 0 protein column(s)
2026-08-01 16:44:36,097 | AppPreprocessing | INFO | protein: protein -> 0 found, 0 NaN-filled (not found)
2026-08-01 16:44:36,097 | AppPreprocessing | INFO | proteinreader: returning shape (375, 1)
2026-08-01 16:44:36,123 | AppPreprocessing | INFO | similarityreader: extracting 1 gene cosine column(s)
2026-08-01 16:44:45,281 | AppPreprocessing | INFO | cosine: cosine/ENSG -> 1 found, 0 NaN-filled (not found)
2026-08-01 16:44:45,282 | AppPreprocessing | INFO | similarityreader: returning shape (1479, 2)
2026-08-01 16:44:45,318 | ApplicationRunner | INFO | exclusion_df shape is (1479, 4)
2026-08-01 16:44:45,318 | ApplicationRunner | INFO | Releasing exclusion reader frames from memory
2026-08-01 16:44:45,418 | ApplicationRunner | INFO | Scoring: evidence + similarity (target)
2026-08-01 16:44:45,419 | Scoring | INFO | calculateevidencescore (type=target): input shape (1479, 10)
2026-08-01 16:44:45,420 | Scoring | INFO | calculateevidencescore: 9 value column(s)
2026-08-01 16:44:45,438 | Scoring | INFO | target_evidence: min=0.0657 max=0.6891
2026-08-01 16:44:45,438 | Scoring | INFO | calculatesimilarityscore (type=target): input shape (1479, 4)
2026-08-01 16:44:45,444 | Scoring | INFO | calculatesimilarityscore: 3 cosine column(s)
2026-08-01 16:44:45,447 | Scoring | INFO | target_similarity: min=0.1348 max=0.8328
2026-08-01 16:44:45,448 | ApplicationRunner | INFO | Releasing target cosine frame from memory
2026-08-01 16:44:45,534 | ApplicationRunner | INFO | Calculating the confidence score
2026-08-01 16:44:45,538 | Scoring | INFO | calculateconfidencescore: input shape (1479, 13)
2026-08-01 16:44:45,538 | Scoring | INFO | calculateconfidencescore: pooling 12 value column(s)
2026-08-01 16:44:45,767 | Scoring | INFO | confidence_score: nulls=0 of 1479
2026-08-01 16:44:45,767 | ApplicationRunner | INFO | Releasing confidence input frame from memory
2026-08-01 16:44:45,852 | ApplicationRunner | INFO | Scoring: evidence and similarity (exclusion)
2026-08-01 16:44:45,852 | Scoring | INFO | calculateevidencescore (type=exclusion): input shape (1479, 4)
2026-08-01 16:44:45,852 | Scoring | INFO | calculateevidencescore: 3 value column(s)
2026-08-01 16:44:45,877 | Scoring | INFO | exclusion_penalty: min=0.2231 max=0.6761
2026-08-01 16:44:45,877 | Scoring | INFO | calculatesimilarityscore (type=exclusion): input shape (1479, 2)
2026-08-01 16:44:45,877 | Scoring | INFO | calculatesimilarityscore: 1 cosine column(s)
2026-08-01 16:44:45,880 | Scoring | INFO | exclusion_similarity_penalty: min=0.2231 max=0.9990
2026-08-01 16:44:45,882 | ApplicationRunner | INFO | Releasing exclusion cosine frame from memory
2026-08-01 16:44:45,967 | Scoring | INFO | calculatenetevidencescore (type=exclusion): input shape (1479, 5)
2026-08-01 16:44:45,970 | Scoring | INFO | calculatenetsimilarityscore (type=exclusion): input shape (1479, 5)
2026-08-01 16:44:45,971 | ApplicationRunner | INFO | Releasing intermediate evidence/similarity frames from memory
2026-08-01 16:44:46,056 | ApplicationRunner | INFO | Releasing target evidence/similarity frames from memory
2026-08-01 16:44:46,146 | ApplicationRunner | INFO | Assembling final score (net_similarity x net_evidence x confidence)
2026-08-01 16:44:46,153 | Scoring | INFO | finalscoring: input shape (1479, 14)
2026-08-01 16:44:46,153 | Scoring | INFO | final_score: nulls=0 of 1479
2026-08-01 16:44:46,154 | ApplicationRunner | INFO | Releasing net score component frames from memory
2026-08-01 16:44:46,265 | ApplicationRunner | INFO | Releasing feature and final-score frames from memory
2026-08-01 16:44:46,353 | ApplicationRunner | INFO | Fusion flagging over 4 gene(s); filter=False
2026-08-01 16:44:46,353 | Fusion | INFO | fusionflagger: 1479 cell line(s), 4 gene(s)
2026-08-01 16:44:47,281 | Fusion | INFO | fusionflagger: fusion table shape (184237, 31)
2026-08-01 16:44:47,281 | Fusion | INFO | fusionflagger: 0 matching fusion row(s) and 0 distinct flagged ModelID(s)
2026-08-01 16:44:47,281 | Fusion | INFO | fusionflagger: releasing fusion table frames from memory
2026-08-01 16:44:47,389 | Fusion | INFO | fusionflagger: 0 cell line(s) flagged Yes
2026-08-01 16:44:47,463 | ApplicationRunner | INFO | Mutation flagging over 4 gene(s); filter=False
2026-08-01 16:44:47,463 | Mutation | INFO | mutationflager: 1479 cell line(s), 4 gene(s)
2026-08-01 16:44:56,658 | Mutation | INFO | mutationflager: mutation table shape (1066869, 71)
2026-08-01 16:44:57,317 | Mutation | INFO | mutationflager: 66 distinct ModelID(s) with a matching mutation
2026-08-01 16:44:57,317 | Mutation | INFO | mutationflager: 56 cell line(s) flagged Yes
2026-08-01 16:44:57,429 | ApplicationRunner | INFO | Filtering the dataset for the cell line names
2026-08-01 16:44:57,430 | AppPreprocessing | INFO | Getting the master look up table
2026-08-01 16:44:57,477 | AppPreprocessing | INFO | Filtering the required columns
2026-08-01 16:44:57,480 | AppPreprocessing | INFO | Mergining the data with the master table
2026-08-01 16:44:57,484 | AppPreprocessing | INFO | Droping the rows which have null value
2026-08-01 16:44:57,486 | AppPreprocessing | INFO | Removing the columns which are not needed
2026-08-01 16:44:57,488 | ApplicationRunner | ERROR | Error while running the application pipeline: cannot access local variable 'final_fusion_df' where it is not associated with a value
2026-08-01 16:49:19,625 | ApplicationRunner | INFO | Starting the pipeline run
2026-08-01 16:49:19,625 | ApplicationRunner | INFO | exclusionchecker=True and diseasechecker=False
2026-08-01 16:49:19,625 | ApplicationRunner | INFO | Resolving target ids and reading target omic tables
2026-08-01 16:49:19,625 | AppPreprocessing | INFO | genetoesng: resolving 3 gene symbol(s) to ENSG
2026-08-01 16:49:19,662 | AppPreprocessing | INFO | genetoesng: resolved 3 ENSG id(s)
2026-08-01 16:49:19,662 | AppPreprocessing | INFO | esngtoprotein: resolving proteins for 3 ENSG id(s)
2026-08-01 16:49:19,684 | AppPreprocessing | INFO | esngtoprotein: 3 protein(s) found, 0 ENSG id(s) without a protein (0-fill placeholders)
2026-08-01 16:49:19,684 | AppPreprocessing | INFO | depmapreader: extracting 3 ENSG column(s)
2026-08-01 16:49:33,579 | AppPreprocessing | INFO | depmap: RNA/ENSG -> 3 found, 0 NaN-filled (not found)
2026-08-01 16:49:33,580 | AppPreprocessing | INFO | depmapreader: returning shape (1479, 4)
2026-08-01 16:49:33,670 | AppPreprocessing | INFO | hparnareader: extracting 3 ENSG column(s)
2026-08-01 16:49:42,468 | AppPreprocessing | WARNING | hpa: removed 91 row(s) with null/duplicate ModelID (kept 1054 unique cell line(s))
2026-08-01 16:49:42,468 | AppPreprocessing | INFO | hpa: HPA/ENSG -> 3 found, 0 NaN-filled (not found)
2026-08-01 16:49:42,468 | AppPreprocessing | INFO | hparnareader: returning shape (1054, 4)
2026-08-01 16:49:42,512 | AppPreprocessing | INFO | proteinreader: extracting 3 protein column(s)
2026-08-01 16:49:43,444 | AppPreprocessing | INFO | protein: protein -> 3 found, 0 NaN-filled (not found)
2026-08-01 16:49:43,445 | AppPreprocessing | INFO | proteinreader: returning shape (375, 4)
2026-08-01 16:49:43,454 | AppPreprocessing | INFO | similarityreader: extracting 3 gene cosine column(s)
2026-08-01 16:49:51,208 | AppPreprocessing | INFO | cosine: cosine/ENSG -> 3 found, 0 NaN-filled (not found)
2026-08-01 16:49:51,208 | AppPreprocessing | INFO | similarityreader: returning shape (1479, 4)
2026-08-01 16:49:51,266 | ApplicationRunner | INFO | target_df shape is (1479, 10)
2026-08-01 16:49:51,266 | ApplicationRunner | INFO | Releasing target reader frames from memory
2026-08-01 16:49:51,355 | ApplicationRunner | INFO | Resolving exclusion ids and reading exclusion omic tables
2026-08-01 16:49:51,357 | AppPreprocessing | INFO | genetoesng: resolving 1 gene symbol(s) to ENSG
2026-08-01 16:49:51,379 | AppPreprocessing | INFO | genetoesng: resolved 1 ENSG id(s)
2026-08-01 16:49:51,379 | AppPreprocessing | INFO | esngtoprotein: resolving proteins for 1 ENSG id(s)
2026-08-01 16:49:51,396 | AppPreprocessing | INFO | esngtoprotein: 0 protein(s) found, 1 ENSG id(s) without a protein (0-fill placeholders)
2026-08-01 16:49:51,396 | AppPreprocessing | INFO | depmapreader: extracting 1 ENSG column(s)
2026-08-01 16:49:58,985 | AppPreprocessing | INFO | depmap: RNA/ENSG -> 1 found, 0 NaN-filled (not found)
2026-08-01 16:49:58,985 | AppPreprocessing | INFO | depmapreader: returning shape (1479, 2)
2026-08-01 16:49:59,026 | AppPreprocessing | INFO | hparnareader: extracting 1 ENSG column(s)
2026-08-01 16:50:06,953 | AppPreprocessing | WARNING | hpa: removed 91 row(s) with null/duplicate ModelID (kept 1054 unique cell line(s))
2026-08-01 16:50:06,953 | AppPreprocessing | INFO | hpa: HPA/ENSG -> 1 found, 0 NaN-filled (not found)
2026-08-01 16:50:06,953 | AppPreprocessing | INFO | hparnareader: returning shape (1054, 2)
2026-08-01 16:50:06,998 | AppPreprocessing | INFO | proteinreader: extracting 0 protein column(s)
2026-08-01 16:50:08,341 | AppPreprocessing | INFO | protein: protein -> 0 found, 0 NaN-filled (not found)
2026-08-01 16:50:08,343 | AppPreprocessing | INFO | proteinreader: returning shape (375, 1)
2026-08-01 16:50:08,348 | AppPreprocessing | INFO | similarityreader: extracting 1 gene cosine column(s)
2026-08-01 16:50:17,207 | AppPreprocessing | INFO | cosine: cosine/ENSG -> 1 found, 0 NaN-filled (not found)
2026-08-01 16:50:17,209 | AppPreprocessing | INFO | similarityreader: returning shape (1479, 2)
2026-08-01 16:50:17,271 | ApplicationRunner | INFO | exclusion_df shape is (1479, 4)
2026-08-01 16:50:17,271 | ApplicationRunner | INFO | Releasing exclusion reader frames from memory
2026-08-01 16:50:17,358 | ApplicationRunner | INFO | Scoring: evidence + similarity (target)
2026-08-01 16:50:17,358 | Scoring | INFO | calculateevidencescore (type=target): input shape (1479, 10)
2026-08-01 16:50:17,358 | Scoring | INFO | calculateevidencescore: 9 value column(s)
2026-08-01 16:50:17,387 | Scoring | INFO | target_evidence: min=0.0657 max=0.6891
2026-08-01 16:50:17,390 | Scoring | INFO | calculatesimilarityscore (type=target): input shape (1479, 4)
2026-08-01 16:50:17,390 | Scoring | INFO | calculatesimilarityscore: 3 cosine column(s)
2026-08-01 16:50:17,392 | Scoring | INFO | target_similarity: min=0.1348 max=0.8328
2026-08-01 16:50:17,394 | ApplicationRunner | INFO | Releasing target cosine frame from memory
2026-08-01 16:50:17,480 | ApplicationRunner | INFO | Calculating the confidence score
2026-08-01 16:50:17,484 | Scoring | INFO | calculateconfidencescore: input shape (1479, 13)
2026-08-01 16:50:17,484 | Scoring | INFO | calculateconfidencescore: pooling 12 value column(s)
2026-08-01 16:50:17,729 | Scoring | INFO | confidence_score: nulls=0 of 1479
2026-08-01 16:50:17,729 | ApplicationRunner | INFO | Releasing confidence input frame from memory
2026-08-01 16:50:17,823 | ApplicationRunner | INFO | Scoring: evidence and similarity (exclusion)
2026-08-01 16:50:17,824 | Scoring | INFO | calculateevidencescore (type=exclusion): input shape (1479, 4)
2026-08-01 16:50:17,824 | Scoring | INFO | calculateevidencescore: 3 value column(s)
2026-08-01 16:50:17,844 | Scoring | INFO | exclusion_penalty: min=0.2231 max=0.6761
2026-08-01 16:50:17,845 | Scoring | INFO | calculatesimilarityscore (type=exclusion): input shape (1479, 2)
2026-08-01 16:50:17,845 | Scoring | INFO | calculatesimilarityscore: 1 cosine column(s)
2026-08-01 16:50:17,847 | Scoring | INFO | exclusion_similarity_penalty: min=0.2231 max=0.9990
2026-08-01 16:50:17,847 | ApplicationRunner | INFO | Releasing exclusion cosine frame from memory
2026-08-01 16:50:17,941 | Scoring | INFO | calculatenetevidencescore (type=exclusion): input shape (1479, 5)
2026-08-01 16:50:17,941 | Scoring | INFO | calculatenetsimilarityscore (type=exclusion): input shape (1479, 5)
2026-08-01 16:50:17,941 | ApplicationRunner | INFO | Releasing intermediate evidence/similarity frames from memory
2026-08-01 16:50:18,036 | ApplicationRunner | INFO | Releasing target evidence/similarity frames from memory
2026-08-01 16:50:18,121 | ApplicationRunner | INFO | Assembling final score (net_similarity x net_evidence x confidence)
2026-08-01 16:50:18,123 | Scoring | INFO | finalscoring: input shape (1479, 14)
2026-08-01 16:50:18,123 | Scoring | INFO | final_score: nulls=0 of 1479
2026-08-01 16:50:18,129 | ApplicationRunner | INFO | Releasing net score component frames from memory
2026-08-01 16:50:18,225 | ApplicationRunner | INFO | Releasing feature and final-score frames from memory
2026-08-01 16:50:18,312 | ApplicationRunner | INFO | Fusion flagging over 4 gene(s); filter=False
2026-08-01 16:50:18,312 | Fusion | INFO | fusionflagger: 1479 cell line(s), 4 gene(s)
2026-08-01 16:50:19,206 | Fusion | INFO | fusionflagger: fusion table shape (184237, 31)
2026-08-01 16:50:19,225 | Fusion | INFO | fusionflagger: 0 matching fusion row(s) and 0 distinct flagged ModelID(s)
2026-08-01 16:50:19,226 | Fusion | INFO | fusionflagger: releasing fusion table frames from memory
2026-08-01 16:50:19,318 | Fusion | INFO | fusionflagger: 0 cell line(s) flagged Yes
2026-08-01 16:50:19,411 | ApplicationRunner | INFO | Mutation flagging over 4 gene(s); filter=False
2026-08-01 16:50:19,411 | Mutation | INFO | mutationflager: 1479 cell line(s), 4 gene(s)
2026-08-01 16:50:28,922 | Mutation | INFO | mutationflager: mutation table shape (1066869, 71)
2026-08-01 16:50:29,906 | Mutation | INFO | mutationflager: 66 distinct ModelID(s) with a matching mutation
2026-08-01 16:50:29,906 | Mutation | INFO | mutationflager: 56 cell line(s) flagged Yes
2026-08-01 16:50:30,052 | ApplicationRunner | INFO | Filtering the dataset for the cell line names
2026-08-01 16:50:30,052 | AppPreprocessing | INFO | Getting the master look up table
2026-08-01 16:50:30,068 | AppPreprocessing | INFO | Filtering the required columns
2026-08-01 16:50:30,071 | AppPreprocessing | INFO | Mergining the data with the master table
2026-08-01 16:50:30,221 | AppPreprocessing | INFO | Droping the rows which have null value
2026-08-01 16:50:30,230 | AppPreprocessing | INFO | Removing the columns which are not needed
2026-08-01 16:50:30,230 | ApplicationRunner | INFO | Selected top 10 cell line(s)
2026-08-01 16:50:30,230 | Fusion | INFO | getthefusionreferencetable: 10 top cell line(s), 4 gene(s)
2026-08-01 16:50:31,587 | Fusion | INFO | getthefusionreferencetable: releasing full fusion table from memory
2026-08-01 16:50:31,690 | Fusion | INFO | getthefusionreferencetable: returning 0 reference row(s)
2026-08-01 16:50:31,690 | Mutation | INFO | getthemutationreferencetable: 10 cell line(s), 4 gene(s)
2026-08-01 16:50:47,170 | Mutation | INFO | getthemutationreferencetable: returning 2 reference row(s)
2026-08-01 16:50:47,303 | ApplicationRunner | INFO | Generating LLM explanation
2026-08-01 16:50:47,303 | Explanation | INFO | generate_explanation: starting
2026-08-01 16:50:47,303 | Explanation | INFO | generate_explanation: exclusionapplied=True fusionfilter=False mutationfilter=False disease=None
2026-08-01 16:50:47,303 | Explanation | INFO | _row_digest: built 10 record(s) with columns ['ModelID', 'final_score', 'net_similarity', 'net_evidence', 'confidence_score', 'modality_score', 'agreement', 'target_similarity', 'target_evidence', 'exclusion_evidence', 'exclusion_percentile', 'exclusion_penalty', 'exclusion_similarity', 'exclusion_similarity_percentile', 'exclusion_similarity_penalty', 'fusion_flag', 'mutation_flag']
2026-08-01 16:50:47,314 | Explanation | INFO | _population_context: {'total_candidates': 1410, 'final_score_min': 0.0011, 'final_score_max': 0.1942, 'final_score_median': 0.0195, 'fusion_flag_yes_count': 0, 'mutation_flag_yes_count': 55}
2026-08-01 16:50:47,315 | Explanation | INFO | generate_explanation: prompt built (system=994 chars, user=11102 chars)
2026-08-01 16:50:47,454 | Explanation | INFO | ollama_chat: calling model 'llama3.2:3b' at http://localhost:11434
2026-08-01 17:00:49,523 | Explanation | ERROR | Error calling Ollama chat backend: HTTPConnectionPool(host='localhost', port=11434): Read timed out. (read timeout=600)
2026-08-01 17:00:49,523 | Explanation | ERROR | Error generating the top-10 explanation: HTTPConnectionPool(host='localhost', port=11434): Read timed out. (read timeout=600)
2026-08-01 17:00:49,523 | ApplicationRunner | ERROR | Error while running the application pipeline: HTTPConnectionPool(host='localhost', port=11434): Read timed out. (read timeout=600)
2026-08-01 17:16:40,020 | ApplicationRunner | INFO | Starting the pipeline run
2026-08-01 17:16:40,020 | ApplicationRunner | INFO | exclusionchecker=True and diseasechecker=False
2026-08-01 17:16:40,020 | ApplicationRunner | INFO | Resolving target ids and reading target omic tables
2026-08-01 17:16:40,020 | AppPreprocessing | INFO | genetoesng: resolving 3 gene symbol(s) to ENSG
2026-08-01 17:16:40,115 | AppPreprocessing | INFO | genetoesng: resolved 3 ENSG id(s)
2026-08-01 17:16:40,115 | AppPreprocessing | INFO | esngtoprotein: resolving proteins for 3 ENSG id(s)
2026-08-01 17:16:40,140 | AppPreprocessing | INFO | esngtoprotein: 3 protein(s) found, 0 ENSG id(s) without a protein (0-fill placeholders)
2026-08-01 17:16:40,140 | AppPreprocessing | INFO | depmapreader: extracting 3 ENSG column(s)
2026-08-01 17:16:56,361 | AppPreprocessing | INFO | depmap: RNA/ENSG -> 3 found, 0 NaN-filled (not found)
2026-08-01 17:16:56,361 | AppPreprocessing | INFO | depmapreader: returning shape (1479, 4)
2026-08-01 17:16:56,428 | AppPreprocessing | INFO | hparnareader: extracting 3 ENSG column(s)
2026-08-01 17:17:09,331 | AppPreprocessing | WARNING | hpa: removed 91 row(s) with null/duplicate ModelID (kept 1054 unique cell line(s))
2026-08-01 17:17:09,331 | AppPreprocessing | INFO | hpa: HPA/ENSG -> 3 found, 0 NaN-filled (not found)
2026-08-01 17:17:09,331 | AppPreprocessing | INFO | hparnareader: returning shape (1054, 4)
2026-08-01 17:17:09,443 | AppPreprocessing | INFO | proteinreader: extracting 3 protein column(s)
2026-08-01 17:17:12,021 | AppPreprocessing | INFO | protein: protein -> 3 found, 0 NaN-filled (not found)
2026-08-01 17:17:12,027 | AppPreprocessing | INFO | proteinreader: returning shape (375, 4)
2026-08-01 17:17:12,044 | AppPreprocessing | INFO | similarityreader: extracting 3 gene cosine column(s)
2026-08-01 17:17:25,610 | AppPreprocessing | INFO | cosine: cosine/ENSG -> 3 found, 0 NaN-filled (not found)
2026-08-01 17:17:25,627 | AppPreprocessing | INFO | similarityreader: returning shape (1479, 4)
2026-08-01 17:17:25,699 | ApplicationRunner | INFO | target_df shape is (1479, 10)
2026-08-01 17:17:25,699 | ApplicationRunner | INFO | Releasing target reader frames from memory
2026-08-01 17:17:25,856 | ApplicationRunner | INFO | Resolving exclusion ids and reading exclusion omic tables
2026-08-01 17:17:25,856 | AppPreprocessing | INFO | genetoesng: resolving 1 gene symbol(s) to ENSG
2026-08-01 17:17:25,893 | AppPreprocessing | INFO | genetoesng: resolved 1 ENSG id(s)
2026-08-01 17:17:25,893 | AppPreprocessing | INFO | esngtoprotein: resolving proteins for 1 ENSG id(s)
2026-08-01 17:17:25,929 | AppPreprocessing | INFO | esngtoprotein: 0 protein(s) found, 1 ENSG id(s) without a protein (0-fill placeholders)
2026-08-01 17:17:25,929 | AppPreprocessing | INFO | depmapreader: extracting 1 ENSG column(s)
2026-08-01 17:17:42,429 | AppPreprocessing | INFO | depmap: RNA/ENSG -> 1 found, 0 NaN-filled (not found)
2026-08-01 17:17:42,443 | AppPreprocessing | INFO | depmapreader: returning shape (1479, 2)
2026-08-01 17:17:42,502 | AppPreprocessing | INFO | hparnareader: extracting 1 ENSG column(s)
2026-08-01 17:17:52,613 | AppPreprocessing | WARNING | hpa: removed 91 row(s) with null/duplicate ModelID (kept 1054 unique cell line(s))
2026-08-01 17:17:52,613 | AppPreprocessing | INFO | hpa: HPA/ENSG -> 1 found, 0 NaN-filled (not found)
2026-08-01 17:17:52,613 | AppPreprocessing | INFO | hparnareader: returning shape (1054, 2)
2026-08-01 17:17:52,678 | AppPreprocessing | INFO | proteinreader: extracting 0 protein column(s)
2026-08-01 17:17:54,503 | AppPreprocessing | INFO | protein: protein -> 0 found, 0 NaN-filled (not found)
2026-08-01 17:17:54,503 | AppPreprocessing | INFO | proteinreader: returning shape (375, 1)
2026-08-01 17:17:54,527 | AppPreprocessing | INFO | similarityreader: extracting 1 gene cosine column(s)
2026-08-01 17:18:10,426 | AppPreprocessing | INFO | cosine: cosine/ENSG -> 1 found, 0 NaN-filled (not found)
2026-08-01 17:18:10,426 | AppPreprocessing | INFO | similarityreader: returning shape (1479, 2)
2026-08-01 17:18:10,526 | ApplicationRunner | INFO | exclusion_df shape is (1479, 4)
2026-08-01 17:18:10,526 | ApplicationRunner | INFO | Releasing exclusion reader frames from memory
2026-08-01 17:18:10,689 | ApplicationRunner | INFO | Scoring: evidence + similarity (target)
2026-08-01 17:18:10,705 | Scoring | INFO | calculateevidencescore (type=target): input shape (1479, 10)
2026-08-01 17:18:10,705 | Scoring | INFO | calculateevidencescore: 9 value column(s)
2026-08-01 17:18:10,721 | Scoring | INFO | target_evidence: min=0.0657 max=0.6891
2026-08-01 17:18:10,721 | Scoring | INFO | calculatesimilarityscore (type=target): input shape (1479, 4)
2026-08-01 17:18:10,721 | Scoring | INFO | calculatesimilarityscore: 3 cosine column(s)
2026-08-01 17:18:10,721 | Scoring | INFO | target_similarity: min=0.1348 max=0.8328
2026-08-01 17:18:10,732 | ApplicationRunner | INFO | Releasing target cosine frame from memory
2026-08-01 17:18:10,907 | ApplicationRunner | INFO | Calculating the confidence score
2026-08-01 17:18:10,923 | Scoring | INFO | calculateconfidencescore: input shape (1479, 13)
2026-08-01 17:18:10,923 | Scoring | INFO | calculateconfidencescore: pooling 12 value column(s)
2026-08-01 17:18:11,374 | Scoring | INFO | confidence_score: nulls=0 of 1479
2026-08-01 17:18:11,374 | ApplicationRunner | INFO | Releasing confidence input frame from memory
2026-08-01 17:18:11,540 | ApplicationRunner | INFO | Scoring: evidence and similarity (exclusion)
2026-08-01 17:18:11,540 | Scoring | INFO | calculateevidencescore (type=exclusion): input shape (1479, 4)
2026-08-01 17:18:11,540 | Scoring | INFO | calculateevidencescore: 3 value column(s)
2026-08-01 17:18:11,556 | Scoring | INFO | exclusion_penalty: min=0.2231 max=0.6761
2026-08-01 17:18:11,556 | Scoring | INFO | calculatesimilarityscore (type=exclusion): input shape (1479, 2)
2026-08-01 17:18:11,556 | Scoring | INFO | calculatesimilarityscore: 1 cosine column(s)
2026-08-01 17:18:11,556 | Scoring | INFO | exclusion_similarity_penalty: min=0.2231 max=0.9990
2026-08-01 17:18:11,556 | ApplicationRunner | INFO | Releasing exclusion cosine frame from memory
2026-08-01 17:18:11,708 | Scoring | INFO | calculatenetevidencescore (type=exclusion): input shape (1479, 5)
2026-08-01 17:18:11,708 | Scoring | INFO | calculatenetsimilarityscore (type=exclusion): input shape (1479, 5)
2026-08-01 17:18:11,708 | ApplicationRunner | INFO | Releasing intermediate evidence/similarity frames from memory
2026-08-01 17:18:11,857 | ApplicationRunner | INFO | Releasing target evidence/similarity frames from memory
2026-08-01 17:18:11,991 | ApplicationRunner | INFO | Assembling final score (net_similarity x net_evidence x confidence)
2026-08-01 17:18:12,007 | Scoring | INFO | finalscoring: input shape (1479, 14)
2026-08-01 17:18:12,010 | Scoring | INFO | final_score: nulls=0 of 1479
2026-08-01 17:18:12,012 | ApplicationRunner | INFO | Releasing net score component frames from memory
2026-08-01 17:18:12,191 | ApplicationRunner | INFO | Releasing feature and final-score frames from memory
2026-08-01 17:18:12,356 | ApplicationRunner | INFO | Fusion flagging over 4 gene(s); filter=False
2026-08-01 17:18:12,356 | Fusion | INFO | fusionflagger: 1479 cell line(s), 4 gene(s)
2026-08-01 17:18:13,951 | Fusion | INFO | fusionflagger: fusion table shape (184237, 31)
2026-08-01 17:18:13,951 | Fusion | INFO | fusionflagger: 0 matching fusion row(s) and 0 distinct flagged ModelID(s)
2026-08-01 17:18:13,951 | Fusion | INFO | fusionflagger: releasing fusion table frames from memory
2026-08-01 17:18:14,109 | Fusion | INFO | fusionflagger: 0 cell line(s) flagged Yes
2026-08-01 17:18:14,259 | ApplicationRunner | INFO | Mutation flagging over 4 gene(s); filter=False
2026-08-01 17:18:14,259 | Mutation | INFO | mutationflager: 1479 cell line(s), 4 gene(s)
2026-08-01 17:18:29,203 | Mutation | INFO | mutationflager: mutation table shape (1066869, 71)
2026-08-01 17:18:30,205 | Mutation | INFO | mutationflager: 66 distinct ModelID(s) with a matching mutation
2026-08-01 17:18:30,209 | Mutation | INFO | mutationflager: 56 cell line(s) flagged Yes
2026-08-01 17:18:30,369 | ApplicationRunner | INFO | Filtering the dataset for the cell line names
2026-08-01 17:18:30,369 | AppPreprocessing | INFO | Getting the master look up table
2026-08-01 17:18:30,382 | AppPreprocessing | INFO | Filtering the required columns
2026-08-01 17:18:30,382 | AppPreprocessing | INFO | Mergining the data with the master table
2026-08-01 17:18:30,557 | AppPreprocessing | INFO | Droping the rows which have null value
2026-08-01 17:18:30,560 | AppPreprocessing | INFO | Removing the columns which are not needed
2026-08-01 17:18:30,560 | ApplicationRunner | INFO | Selected top 10 cell line(s)
2026-08-01 17:18:30,560 | Fusion | INFO | getthefusionreferencetable: 10 top cell line(s), 4 gene(s)
2026-08-01 17:18:32,085 | Fusion | INFO | getthefusionreferencetable: releasing full fusion table from memory
2026-08-01 17:18:32,231 | Fusion | INFO | getthefusionreferencetable: returning 0 reference row(s)
2026-08-01 17:18:32,231 | Mutation | INFO | getthemutationreferencetable: 10 cell line(s), 4 gene(s)
2026-08-01 17:18:48,126 | Mutation | INFO | getthemutationreferencetable: returning 2 reference row(s)
2026-08-01 17:18:48,275 | ApplicationRunner | INFO | Generating LLM explanation
2026-08-01 17:18:48,275 | Explanation | INFO | generate_explanation: starting
2026-08-01 17:18:48,284 | Explanation | INFO | generate_explanation: exclusionapplied=True fusionfilter=False mutationfilter=False disease=None
2026-08-01 17:18:48,284 | Explanation | INFO | _row_digest: built 10 record(s) with columns ['ModelID', 'final_score', 'net_similarity', 'net_evidence', 'confidence_score', 'modality_score', 'agreement', 'target_similarity', 'target_evidence', 'exclusion_evidence', 'exclusion_percentile', 'exclusion_penalty', 'exclusion_similarity', 'exclusion_similarity_percentile', 'exclusion_similarity_penalty', 'fusion_flag', 'mutation_flag']
2026-08-01 17:18:48,290 | Explanation | INFO | _population_context: {'total_candidates': 1410, 'final_score_min': 0.0011, 'final_score_max': 0.1942, 'final_score_median': 0.0195, 'fusion_flag_yes_count': 0, 'mutation_flag_yes_count': 55}
2026-08-01 17:18:48,290 | Explanation | INFO | generate_explanation: prompt built (system=994 chars, user=11102 chars)
2026-08-01 17:18:48,398 | Explanation | INFO | ollama_chat: calling model 'llama3.2:3b' at http://localhost:11434
2026-08-01 17:23:43,631 | Explanation | INFO | ollama_chat: received 5252 character(s)
2026-08-01 17:23:43,632 | Explanation | INFO | generate_explanation: explanation generated (5252 chars)
2026-08-01 17:23:43,654 | ApplicationRunner | INFO | Running KMeans plot
2026-08-01 17:23:43,654 | ModelLoader | INFO | kmeansonthedata: 10 selected cell line(s)
2026-08-01 17:23:44,488 | ModelLoader | INFO | kmeansonthedata: factor matrix (1479, 20); predicting clusters
2026-08-01 17:23:44,717 | ModelLoader | INFO | kmeansonthedata: generating UMAP projection (full 1479-row manifold)
2026-08-01 17:24:07,554 | ModelLoader | INFO | kmeansonthedata: 10 of 10 chosen id(s) located on the map
2026-08-01 17:24:07,554 | ModelLoader | INFO | kmeansonthedata: releasing factor matrix and UMAP arrays from memory
2026-08-01 17:24:09,949 | ModelLoader | INFO | kmeansonthedata: plot saved to C:\Users\Shankar\Desktop\AstraZeneca\code\astrazeneca\CelllineSelector\images\kmeansplotforselectedcell_0190f0ca-f8e3-42dd-9d1a-73013f8babbe.png
2026-08-01 17:24:09,949 | ModelLoader | INFO | kmeansonthedata: releasing plotting frames from memory
2026-08-01 17:24:10,151 | ApplicationRunner | INFO | Kmeans plot completed
2026-08-01 17:24:10,151 | ApplicationRunner | INFO | Running KNN
2026-08-01 17:24:10,151 | ModelLoader | INFO | knnonthedata: finding alternatives for 10 selected cell line(s)
2026-08-01 17:24:10,268 | ModelLoader | INFO | knnonthedata: releasing factor matrix from memory
2026-08-01 17:24:10,510 | ModelLoader | INFO | knnonthedata: 10 of 10 target(s) received an alternative
2026-08-01 17:24:10,510 | ApplicationRunner | INFO | KNN Completed
2026-08-01 17:24:10,510 | ApplicationRunner | INFO | Running Data combiner
2026-08-01 17:24:10,510 | AppPreprocessing | INFO | datacombiner: enriching 10 row(s) with master_lookup identity
2026-08-01 17:24:10,528 | AppPreprocessing | INFO | datacombiner: returning shape (10, 36)
2026-08-01 17:24:10,528 | AppPreprocessing | INFO | alternativedatacombiner: enriching 10 alternative row(s)
2026-08-01 17:24:10,556 | AppPreprocessing | INFO | alternativedatacombiner: returning shape (10, 8)
2026-08-01 17:24:10,557 | ApplicationRunner | INFO | Data combiner completed
2026-08-01 17:24:10,557 | ApplicationRunner | INFO | pipelinerun completed successfully
2026-08-01 22:40:52,058 | ApplicationRunner | INFO | Starting the pipeline run
2026-08-01 22:40:52,058 | ApplicationRunner | INFO | exclusionchecker=True and diseasechecker=False
2026-08-01 22:40:52,058 | ApplicationRunner | INFO | Resolving target ids and reading target omic tables
2026-08-01 22:40:52,060 | AppPreprocessing | INFO | genetoesng: resolving 3 gene symbol(s) to ENSG
2026-08-01 22:40:52,168 | AppPreprocessing | INFO | genetoesng: resolved 3 ENSG id(s)
2026-08-01 22:40:52,173 | AppPreprocessing | INFO | esngtoprotein: resolving proteins for 3 ENSG id(s)
2026-08-01 22:40:52,220 | AppPreprocessing | INFO | esngtoprotein: 3 protein(s) found, 0 ENSG id(s) without a protein (0-fill placeholders)
2026-08-01 22:40:52,221 | AppPreprocessing | INFO | depmapreader: extracting 3 ENSG column(s)
2026-08-01 22:41:06,089 | AppPreprocessing | INFO | depmap: RNA/ENSG -> 3 found, 0 NaN-filled (not found)
2026-08-01 22:41:06,093 | AppPreprocessing | INFO | depmapreader: returning shape (1479, 4)
2026-08-01 22:41:06,123 | AppPreprocessing | INFO | hparnareader: extracting 3 ENSG column(s)
2026-08-01 22:41:13,186 | AppPreprocessing | WARNING | hpa: removed 91 row(s) with null/duplicate ModelID (kept 1054 unique cell line(s))
2026-08-01 22:41:13,187 | AppPreprocessing | INFO | hpa: HPA/ENSG -> 3 found, 0 NaN-filled (not found)
2026-08-01 22:41:13,189 | AppPreprocessing | INFO | hparnareader: returning shape (1054, 4)
2026-08-01 22:41:13,250 | AppPreprocessing | INFO | proteinreader: extracting 3 protein column(s)
2026-08-01 22:41:15,539 | AppPreprocessing | INFO | protein: protein -> 3 found, 0 NaN-filled (not found)
2026-08-01 22:41:15,543 | AppPreprocessing | INFO | proteinreader: returning shape (375, 4)
2026-08-01 22:41:15,575 | AppPreprocessing | INFO | similarityreader: extracting 3 gene cosine column(s)
2026-08-01 22:41:26,867 | AppPreprocessing | INFO | cosine: cosine/ENSG -> 3 found, 0 NaN-filled (not found)
2026-08-01 22:41:26,867 | AppPreprocessing | INFO | similarityreader: returning shape (1479, 4)
2026-08-01 22:41:26,946 | ApplicationRunner | INFO | target_df shape is (1479, 10)
2026-08-01 22:41:26,946 | ApplicationRunner | INFO | Releasing target reader frames from memory
2026-08-01 22:41:27,073 | ApplicationRunner | INFO | Resolving exclusion ids and reading exclusion omic tables
2026-08-01 22:41:27,073 | AppPreprocessing | INFO | genetoesng: resolving 1 gene symbol(s) to ENSG
2026-08-01 22:41:27,100 | AppPreprocessing | INFO | genetoesng: resolved 1 ENSG id(s)
2026-08-01 22:41:27,100 | AppPreprocessing | INFO | esngtoprotein: resolving proteins for 1 ENSG id(s)
2026-08-01 22:41:27,121 | AppPreprocessing | INFO | esngtoprotein: 0 protein(s) found, 1 ENSG id(s) without a protein (0-fill placeholders)
2026-08-01 22:41:27,122 | AppPreprocessing | INFO | depmapreader: extracting 1 ENSG column(s)
2026-08-01 22:41:35,356 | AppPreprocessing | INFO | depmap: RNA/ENSG -> 1 found, 0 NaN-filled (not found)
2026-08-01 22:41:35,356 | AppPreprocessing | INFO | depmapreader: returning shape (1479, 2)
2026-08-01 22:41:35,405 | AppPreprocessing | INFO | hparnareader: extracting 1 ENSG column(s)
2026-08-01 22:41:42,504 | AppPreprocessing | WARNING | hpa: removed 91 row(s) with null/duplicate ModelID (kept 1054 unique cell line(s))
2026-08-01 22:41:42,504 | AppPreprocessing | INFO | hpa: HPA/ENSG -> 1 found, 0 NaN-filled (not found)
2026-08-01 22:41:42,504 | AppPreprocessing | INFO | hparnareader: returning shape (1054, 2)
2026-08-01 22:41:42,542 | AppPreprocessing | INFO | proteinreader: extracting 0 protein column(s)
2026-08-01 22:41:43,725 | AppPreprocessing | INFO | protein: protein -> 0 found, 0 NaN-filled (not found)
2026-08-01 22:41:43,725 | AppPreprocessing | INFO | proteinreader: returning shape (375, 1)
2026-08-01 22:41:43,738 | AppPreprocessing | INFO | similarityreader: extracting 1 gene cosine column(s)
2026-08-01 22:41:56,205 | AppPreprocessing | INFO | cosine: cosine/ENSG -> 1 found, 0 NaN-filled (not found)
2026-08-01 22:41:56,206 | AppPreprocessing | INFO | similarityreader: returning shape (1479, 2)
2026-08-01 22:41:56,283 | ApplicationRunner | INFO | exclusion_df shape is (1479, 4)
2026-08-01 22:41:56,283 | ApplicationRunner | INFO | Releasing exclusion reader frames from memory
2026-08-01 22:41:56,392 | ApplicationRunner | INFO | Scoring: evidence + similarity (target)
2026-08-01 22:41:56,392 | Scoring | INFO | calculateevidencescore (type=target): input shape (1479, 10)
2026-08-01 22:41:56,392 | Scoring | INFO | calculateevidencescore: 9 value column(s)
2026-08-01 22:41:56,398 | Scoring | INFO | target_evidence: min=0.0657 max=0.6891
2026-08-01 22:41:56,398 | Scoring | INFO | calculatesimilarityscore (type=target): input shape (1479, 4)
2026-08-01 22:41:56,398 | Scoring | INFO | calculatesimilarityscore: 3 cosine column(s)
2026-08-01 22:41:56,403 | Scoring | INFO | target_similarity: min=0.1348 max=0.8328
2026-08-01 22:41:56,404 | ApplicationRunner | INFO | Releasing target cosine frame from memory
2026-08-01 22:41:56,488 | ApplicationRunner | INFO | Calculating the confidence score
2026-08-01 22:41:56,494 | Scoring | INFO | calculateconfidencescore: input shape (1479, 13)
2026-08-01 22:41:56,494 | Scoring | INFO | calculateconfidencescore: pooling 12 value column(s)
2026-08-01 22:41:56,772 | Scoring | INFO | confidence_score: nulls=0 of 1479
2026-08-01 22:41:56,772 | ApplicationRunner | INFO | Releasing confidence input frame from memory
2026-08-01 22:41:56,872 | ApplicationRunner | INFO | Scoring: evidence and similarity (exclusion)
2026-08-01 22:41:56,874 | Scoring | INFO | calculateevidencescore (type=exclusion): input shape (1479, 4)
2026-08-01 22:41:56,874 | Scoring | INFO | calculateevidencescore: 3 value column(s)
2026-08-01 22:41:56,888 | Scoring | INFO | exclusion_penalty: min=0.2231 max=0.6761
2026-08-01 22:41:56,889 | Scoring | INFO | calculatesimilarityscore (type=exclusion): input shape (1479, 2)
2026-08-01 22:41:56,889 | Scoring | INFO | calculatesimilarityscore: 1 cosine column(s)
2026-08-01 22:41:56,892 | Scoring | INFO | exclusion_similarity_penalty: min=0.2231 max=0.9990
2026-08-01 22:41:56,892 | ApplicationRunner | INFO | Releasing exclusion cosine frame from memory
2026-08-01 22:41:56,979 | Scoring | INFO | calculatenetevidencescore (type=exclusion): input shape (1479, 5)
2026-08-01 22:41:56,982 | Scoring | INFO | calculatenetsimilarityscore (type=exclusion): input shape (1479, 5)
2026-08-01 22:41:56,982 | ApplicationRunner | INFO | Releasing intermediate evidence/similarity frames from memory
2026-08-01 22:41:57,079 | ApplicationRunner | INFO | Releasing target evidence/similarity frames from memory
2026-08-01 22:41:57,179 | ApplicationRunner | INFO | Assembling final score (net_similarity x net_evidence x confidence)
2026-08-01 22:41:57,185 | Scoring | INFO | finalscoring: input shape (1479, 14)
2026-08-01 22:41:57,185 | Scoring | INFO | final_score: nulls=0 of 1479
2026-08-01 22:41:57,188 | ApplicationRunner | INFO | Releasing net score component frames from memory
2026-08-01 22:41:57,324 | ApplicationRunner | INFO | Releasing feature and final-score frames from memory
2026-08-01 22:41:57,478 | ApplicationRunner | INFO | Fusion flagging over 4 gene(s); filter=False
2026-08-01 22:41:57,478 | Fusion | INFO | fusionflagger: 1479 cell line(s), 4 gene(s)
2026-08-01 22:41:58,962 | Fusion | INFO | fusionflagger: fusion table shape (184237, 31)
2026-08-01 22:41:58,990 | Fusion | INFO | fusionflagger: 0 matching fusion row(s) and 0 distinct flagged ModelID(s)
2026-08-01 22:41:58,990 | Fusion | INFO | fusionflagger: releasing fusion table frames from memory
2026-08-01 22:41:59,086 | Fusion | INFO | fusionflagger: 0 cell line(s) flagged Yes
2026-08-01 22:41:59,180 | ApplicationRunner | INFO | Mutation flagging over 4 gene(s); filter=False
2026-08-01 22:41:59,181 | Mutation | INFO | mutationflager: 1479 cell line(s), 4 gene(s)
2026-08-01 22:42:10,186 | Mutation | INFO | mutationflager: mutation table shape (1066869, 71)
2026-08-01 22:42:11,210 | Mutation | INFO | mutationflager: 66 distinct ModelID(s) with a matching mutation
2026-08-01 22:42:11,215 | Mutation | INFO | mutationflager: 56 cell line(s) flagged Yes
2026-08-01 22:42:11,370 | ApplicationRunner | INFO | Filtering the dataset for the cell line names
2026-08-01 22:42:11,372 | AppPreprocessing | INFO | Getting the master look up table
2026-08-01 22:42:11,381 | AppPreprocessing | INFO | Filtering the required columns
2026-08-01 22:42:11,386 | AppPreprocessing | INFO | Mergining the data with the master table
2026-08-01 22:42:11,523 | AppPreprocessing | INFO | Droping the rows which have null value
2026-08-01 22:42:11,526 | AppPreprocessing | INFO | Removing the columns which are not needed
2026-08-01 22:42:11,528 | ApplicationRunner | INFO | Selected top 10 cell line(s)
2026-08-01 22:42:11,530 | Fusion | INFO | getthefusionreferencetable: 10 top cell line(s), 4 gene(s)
2026-08-01 22:42:13,032 | Fusion | INFO | getthefusionreferencetable: releasing full fusion table from memory
2026-08-01 22:42:13,187 | Fusion | INFO | getthefusionreferencetable: returning 0 reference row(s)
2026-08-01 22:42:13,188 | Mutation | INFO | getthemutationreferencetable: 10 cell line(s), 4 gene(s)
2026-08-01 22:42:27,191 | Mutation | INFO | getthemutationreferencetable: returning 2 reference row(s)
2026-08-01 22:42:27,314 | ApplicationRunner | INFO | Getting Metabolomnic data
2026-08-01 22:42:27,314 | AppPreprocessing | INFO | Getting the metabolomnic data
2026-08-01 22:42:27,343 | ApplicationRunner | INFO | Generating LLM explanation
2026-08-01 22:42:27,343 | Explanation | INFO | generate_explanation: starting
2026-08-01 22:42:27,343 | Explanation | INFO | generate_explanation: exclusionapplied=True fusionfilter=False mutationfilter=False disease=None
2026-08-01 22:42:27,349 | Explanation | INFO | _row_digest: built 10 record(s) with columns ['ModelID', 'final_score', 'net_similarity', 'net_evidence', 'confidence_score', 'modality_score', 'agreement', 'target_similarity', 'target_evidence', 'exclusion_evidence', 'exclusion_percentile', 'exclusion_penalty', 'exclusion_similarity', 'exclusion_similarity_percentile', 'exclusion_similarity_penalty', 'fusion_flag', 'mutation_flag']
2026-08-01 22:42:27,352 | Explanation | INFO | _population_context: {'total_candidates': 1410, 'final_score_min': 0.0011, 'final_score_max': 0.1942, 'final_score_median': 0.0195, 'fusion_flag_yes_count': 0, 'mutation_flag_yes_count': 55}
2026-08-01 22:42:27,352 | Explanation | INFO | generate_explanation: prompt built (system=994 chars, user=11102 chars)
2026-08-01 22:42:27,453 | Explanation | INFO | ollama_chat: calling model 'llama3.2:3b' at http://localhost:11434
2026-08-01 22:47:57,643 | Explanation | INFO | ollama_chat: received 6581 character(s)
2026-08-01 22:47:57,644 | Explanation | INFO | generate_explanation: explanation generated (6581 chars)
2026-08-01 22:47:57,655 | ApplicationRunner | INFO | Running KMeans plot
2026-08-01 22:47:57,655 | ModelLoader | INFO | kmeansonthedata: 10 selected cell line(s)
2026-08-01 22:47:57,811 | ModelLoader | INFO | kmeansonthedata: factor matrix (1479, 20); predicting clusters
2026-08-01 22:47:57,976 | ModelLoader | INFO | kmeansonthedata: generating UMAP projection (full 1479-row manifold)
2026-08-01 22:48:12,499 | ModelLoader | INFO | kmeansonthedata: 10 of 10 chosen id(s) located on the map
2026-08-01 22:48:12,499 | ModelLoader | INFO | kmeansonthedata: releasing factor matrix and UMAP arrays from memory
2026-08-01 22:48:13,375 | ModelLoader | INFO | kmeansonthedata: plot saved to C:\Users\Shankar\Desktop\AstraZeneca\code\astrazeneca\CelllineSelector\images\kmeansplotforselectedcell_5dbea8e2-4a85-4831-9985-48153db04197.png
2026-08-01 22:48:13,375 | ModelLoader | INFO | kmeansonthedata: releasing plotting frames from memory
2026-08-01 22:48:13,497 | ApplicationRunner | INFO | Kmeans plot completed
2026-08-01 22:48:13,497 | ApplicationRunner | INFO | Running KNN
2026-08-01 22:48:13,498 | ModelLoader | INFO | knnonthedata: finding alternatives for 10 selected cell line(s)
2026-08-01 22:48:13,542 | ModelLoader | INFO | knnonthedata: releasing factor matrix from memory
2026-08-01 22:48:13,677 | ModelLoader | INFO | knnonthedata: 10 of 10 target(s) received an alternative
2026-08-01 22:48:13,677 | ApplicationRunner | INFO | KNN Completed
2026-08-01 22:48:13,677 | ApplicationRunner | INFO | Running Data combiner
2026-08-01 22:48:13,677 | AppPreprocessing | INFO | datacombiner: enriching 10 row(s) with master_lookup identity
2026-08-01 22:48:13,691 | AppPreprocessing | INFO | datacombiner: returning shape (10, 36)
2026-08-01 22:48:13,692 | AppPreprocessing | INFO | alternativedatacombiner: enriching 10 alternative row(s)
2026-08-01 22:48:13,705 | AppPreprocessing | INFO | alternativedatacombiner: returning shape (10, 8)
2026-08-01 22:48:13,705 | ApplicationRunner | INFO | Data combiner completed
2026-08-01 22:48:13,705 | ApplicationRunner | INFO | pipelinerun completed successfully
2026-08-10 00:51:52,063 | ApplicationRunner | INFO | Starting the pipeline run
2026-08-10 00:51:52,063 | ApplicationRunner | INFO | exclusionchecker=True and diseasechecker=False
2026-08-10 00:51:52,063 | ApplicationRunner | INFO | Resolving target ids and reading target omic tables
2026-08-10 00:51:52,063 | AppPreprocessing | INFO | genetoesng: resolving 3 gene symbol(s) to ENSG
2026-08-10 00:51:52,128 | AppPreprocessing | INFO | genetoesng: resolved 3 ENSG id(s)
2026-08-10 00:51:52,128 | AppPreprocessing | INFO | esngtoprotein: resolving proteins for 3 ENSG id(s)
2026-08-10 00:51:52,150 | AppPreprocessing | INFO | esngtoprotein: 3 protein(s) found, 0 ENSG id(s) without a protein (0-fill placeholders)
2026-08-10 00:51:52,155 | AppPreprocessing | INFO | depmapreader: extracting 3 ENSG column(s)
2026-08-10 00:51:58,792 | AppPreprocessing | INFO | depmap: RNA/ENSG -> 3 found, 0 NaN-filled (not found)
2026-08-10 00:51:58,792 | AppPreprocessing | INFO | depmapreader: returning shape (1479, 4)
2026-08-10 00:51:58,840 | AppPreprocessing | INFO | hparnareader: extracting 3 ENSG column(s)
2026-08-10 00:52:04,920 | AppPreprocessing | WARNING | hpa: removed 91 row(s) with null/duplicate ModelID (kept 1054 unique cell line(s))
2026-08-10 00:52:04,920 | AppPreprocessing | INFO | hpa: HPA/ENSG -> 3 found, 0 NaN-filled (not found)
2026-08-10 00:52:04,920 | AppPreprocessing | INFO | hparnareader: returning shape (1054, 4)
2026-08-10 00:52:04,942 | AppPreprocessing | INFO | proteinreader: extracting 3 protein column(s)
2026-08-10 00:52:06,095 | AppPreprocessing | INFO | protein: protein -> 3 found, 0 NaN-filled (not found)
2026-08-10 00:52:06,096 | AppPreprocessing | INFO | proteinreader: returning shape (375, 4)
2026-08-10 00:52:06,108 | AppPreprocessing | INFO | similarityreader: extracting 3 gene cosine column(s)
2026-08-10 00:52:16,630 | AppPreprocessing | INFO | cosine: cosine/ENSG -> 3 found, 0 NaN-filled (not found)
2026-08-10 00:52:16,630 | AppPreprocessing | INFO | similarityreader: returning shape (1479, 4)
2026-08-10 00:52:16,751 | ApplicationRunner | INFO | target_df shape is (1479, 10)
2026-08-10 00:52:16,752 | ApplicationRunner | INFO | Releasing target reader frames from memory
2026-08-10 00:52:16,937 | ApplicationRunner | INFO | Resolving exclusion ids and reading exclusion omic tables
2026-08-10 00:52:16,938 | AppPreprocessing | INFO | genetoesng: resolving 1 gene symbol(s) to ENSG
2026-08-10 00:52:16,980 | AppPreprocessing | INFO | genetoesng: resolved 1 ENSG id(s)
2026-08-10 00:52:16,980 | AppPreprocessing | INFO | esngtoprotein: resolving proteins for 1 ENSG id(s)
2026-08-10 00:52:17,021 | AppPreprocessing | INFO | esngtoprotein: 0 protein(s) found, 1 ENSG id(s) without a protein (0-fill placeholders)
2026-08-10 00:52:17,022 | AppPreprocessing | INFO | depmapreader: extracting 1 ENSG column(s)
2026-08-10 00:52:30,022 | AppPreprocessing | INFO | depmap: RNA/ENSG -> 1 found, 0 NaN-filled (not found)
2026-08-10 00:52:30,022 | AppPreprocessing | INFO | depmapreader: returning shape (1479, 2)
2026-08-10 00:52:30,056 | AppPreprocessing | INFO | hparnareader: extracting 1 ENSG column(s)
2026-08-10 00:52:36,476 | AppPreprocessing | WARNING | hpa: removed 91 row(s) with null/duplicate ModelID (kept 1054 unique cell line(s))
2026-08-10 00:52:36,476 | AppPreprocessing | INFO | hpa: HPA/ENSG -> 1 found, 0 NaN-filled (not found)
2026-08-10 00:52:36,476 | AppPreprocessing | INFO | hparnareader: returning shape (1054, 2)
2026-08-10 00:52:36,507 | AppPreprocessing | INFO | proteinreader: extracting 0 protein column(s)
2026-08-10 00:52:37,516 | AppPreprocessing | INFO | protein: protein -> 0 found, 0 NaN-filled (not found)
2026-08-10 00:52:37,516 | AppPreprocessing | INFO | proteinreader: returning shape (375, 1)
2026-08-10 00:52:37,523 | AppPreprocessing | INFO | similarityreader: extracting 1 gene cosine column(s)
2026-08-10 00:52:45,749 | AppPreprocessing | INFO | cosine: cosine/ENSG -> 1 found, 0 NaN-filled (not found)
2026-08-10 00:52:45,749 | AppPreprocessing | INFO | similarityreader: returning shape (1479, 2)
2026-08-10 00:52:45,819 | ApplicationRunner | INFO | exclusion_df shape is (1479, 4)
2026-08-10 00:52:45,819 | ApplicationRunner | INFO | Releasing exclusion reader frames from memory
2026-08-10 00:52:45,922 | ApplicationRunner | INFO | Scoring: evidence + similarity (target)
2026-08-10 00:52:45,927 | Scoring | INFO | calculateevidencescore (type=target): input shape (1479, 10)
2026-08-10 00:52:45,927 | Scoring | INFO | calculateevidencescore: 9 value column(s)
2026-08-10 00:52:45,927 | Scoring | INFO | target_evidence: min=0.0657 max=0.6891
2026-08-10 00:52:45,927 | Scoring | INFO | calculatesimilarityscore (type=target): input shape (1479, 4)
2026-08-10 00:52:45,927 | Scoring | INFO | calculatesimilarityscore: 3 cosine column(s)
2026-08-10 00:52:45,939 | Scoring | INFO | target_similarity: min=0.1348 max=0.8328
2026-08-10 00:52:45,940 | ApplicationRunner | INFO | Releasing target cosine frame from memory
2026-08-10 00:52:46,037 | ApplicationRunner | INFO | Calculating the confidence score
2026-08-10 00:52:46,038 | Scoring | INFO | calculateconfidencescore: input shape (1479, 13)
2026-08-10 00:52:46,038 | Scoring | INFO | calculateconfidencescore: pooling 12 value column(s)
2026-08-10 00:52:46,281 | Scoring | INFO | confidence_score: nulls=0 of 1479
2026-08-10 00:52:46,281 | ApplicationRunner | INFO | Releasing confidence input frame from memory
2026-08-10 00:52:46,361 | ApplicationRunner | INFO | Scoring: evidence and similarity (exclusion)
2026-08-10 00:52:46,361 | Scoring | INFO | calculateevidencescore (type=exclusion): input shape (1479, 4)
2026-08-10 00:52:46,361 | Scoring | INFO | calculateevidencescore: 3 value column(s)
2026-08-10 00:52:46,361 | Scoring | INFO | exclusion_penalty: min=0.2231 max=0.6761
2026-08-10 00:52:46,361 | Scoring | INFO | calculatesimilarityscore (type=exclusion): input shape (1479, 2)
2026-08-10 00:52:46,361 | Scoring | INFO | calculatesimilarityscore: 1 cosine column(s)
2026-08-10 00:52:46,373 | Scoring | INFO | exclusion_similarity_penalty: min=0.2231 max=0.9990
2026-08-10 00:52:46,374 | ApplicationRunner | INFO | Releasing exclusion cosine frame from memory
2026-08-10 00:52:46,459 | Scoring | INFO | calculatenetevidencescore (type=exclusion): input shape (1479, 5)
2026-08-10 00:52:46,462 | Scoring | INFO | calculatenetsimilarityscore (type=exclusion): input shape (1479, 5)
2026-08-10 00:52:46,463 | ApplicationRunner | INFO | Releasing intermediate evidence/similarity frames from memory
2026-08-10 00:52:46,538 | ApplicationRunner | INFO | Releasing target evidence/similarity frames from memory
2026-08-10 00:52:46,618 | ApplicationRunner | INFO | Assembling final score (net_similarity x net_evidence x confidence)
2026-08-10 00:52:46,622 | Scoring | INFO | finalscoring: input shape (1479, 14)
2026-08-10 00:52:46,622 | Scoring | INFO | final_score: nulls=0 of 1479
2026-08-10 00:52:46,626 | ApplicationRunner | INFO | Releasing net score component frames from memory
2026-08-10 00:52:46,713 | ApplicationRunner | INFO | Releasing feature and final-score frames from memory
2026-08-10 00:52:46,788 | ApplicationRunner | INFO | Fusion flagging over 4 gene(s); filter=1
2026-08-10 00:52:46,788 | Fusion | INFO | fusionflagger: 1479 cell line(s), 4 gene(s)
2026-08-10 00:52:47,875 | Fusion | INFO | fusionflagger: fusion table shape (184237, 31)
2026-08-10 00:52:47,890 | Fusion | INFO | fusionflagger: 0 matching fusion row(s) and 0 distinct flagged ModelID(s)
2026-08-10 00:52:47,890 | Fusion | INFO | fusionflagger: releasing fusion table frames from memory
2026-08-10 00:52:48,005 | Fusion | INFO | fusionflagger: 0 cell line(s) flagged Yes
2026-08-10 00:52:48,106 | Fusion | INFO | remove_fusion_models: 1479 row(s) in
2026-08-10 00:52:48,106 | Fusion | INFO | remove_fusion_models: 1479 row(s) retained after dropping fusion-positive
2026-08-10 00:52:48,106 | ApplicationRunner | INFO | Mutation flagging over 4 gene(s); filter=1
2026-08-10 00:52:48,106 | Mutation | INFO | mutationflager: 1479 cell line(s), 4 gene(s)
2026-08-10 00:53:00,073 | Mutation | INFO | mutationflager: mutation table shape (1066869, 71)
2026-08-10 00:53:00,974 | Mutation | INFO | mutationflager: 66 distinct ModelID(s) with a matching mutation
2026-08-10 00:53:00,980 | Mutation | INFO | mutationflager: 56 cell line(s) flagged Yes
2026-08-10 00:53:01,103 | Mutation | INFO | remove_mutation_models: 1479 row(s) in
2026-08-10 00:53:01,103 | Mutation | INFO | remove_mutation_models: 1423 row(s) retained after dropping mutation-positive
2026-08-10 00:53:01,103 | ApplicationRunner | INFO | Filtering the dataset for the cell line names
2026-08-10 00:53:01,103 | AppPreprocessing | INFO | Getting the master look up table
2026-08-10 00:53:01,207 | AppPreprocessing | INFO | Filtering the required columns
2026-08-10 00:53:01,209 | AppPreprocessing | INFO | Mergining the data with the master table
2026-08-10 00:53:01,353 | AppPreprocessing | INFO | Droping the rows which have null value
2026-08-10 00:53:01,355 | AppPreprocessing | INFO | Removing the columns which are not needed
2026-08-10 00:53:01,359 | ApplicationRunner | INFO | Selected top 10 cell line(s)
2026-08-10 00:53:01,468 | ApplicationRunner | INFO | Getting Metabolomnic data
2026-08-10 00:53:01,469 | AppPreprocessing | INFO | Getting the metabolomnic data
2026-08-10 00:53:01,523 | ApplicationRunner | INFO | Generating LLM explanation
2026-08-10 00:53:01,524 | Explanation | INFO | generate_explanation: starting
2026-08-10 00:53:01,524 | Explanation | INFO | generate_explanation: exclusionapplied=True fusionfilter=True mutationfilter=True disease=None
2026-08-10 00:53:01,527 | Explanation | INFO | _row_digest: built 10 record(s) with columns ['ModelID', 'final_score', 'net_similarity', 'net_evidence', 'confidence_score', 'modality_score', 'agreement', 'target_similarity', 'target_evidence', 'exclusion_evidence', 'exclusion_percentile', 'exclusion_penalty', 'exclusion_similarity', 'exclusion_similarity_percentile', 'exclusion_similarity_penalty', 'fusion_flag', 'mutation_flag']
2026-08-10 00:53:01,530 | Explanation | INFO | _population_context: {'total_candidates': 1355, 'final_score_min': 0.0011, 'final_score_max': 0.1942, 'final_score_median': 0.0194, 'fusion_flag_yes_count': 0, 'mutation_flag_yes_count': 0}
2026-08-10 00:53:01,530 | Explanation | INFO | generate_explanation: prompt built (system=994 chars, user=11257 chars)
2026-08-10 00:53:01,640 | Explanation | INFO | ollama_chat: calling model 'llama3.2:3b' at http://localhost:11434
2026-08-10 00:58:22,648 | Explanation | INFO | ollama_chat: received 6042 character(s)
2026-08-10 00:58:22,650 | Explanation | INFO | generate_explanation: explanation generated (6042 chars)
2026-08-10 00:58:22,677 | ApplicationRunner | INFO | Running KMeans plot
2026-08-10 00:58:22,678 | ModelLoader | INFO | kmeansonthedata: 10 selected cell line(s)
2026-08-10 00:58:23,570 | ModelLoader | INFO | kmeansonthedata: factor matrix (1479, 20); predicting clusters
2026-08-10 00:58:23,760 | ModelLoader | INFO | kmeansonthedata: generating UMAP projection (full 1479-row manifold)
2026-08-10 00:58:53,325 | ModelLoader | INFO | kmeansonthedata: 10 of 10 chosen id(s) located on the map
2026-08-10 00:58:53,325 | ModelLoader | INFO | kmeansonthedata: releasing factor matrix and UMAP arrays from memory
2026-08-10 00:58:55,946 | ModelLoader | INFO | kmeansonthedata: plot saved to C:\Users\Shankar\Desktop\AstraZeneca\code\astrazeneca\CelllineSelector\images\kmeansplotforselectedcell_616d0f0a-8cbe-438d-8f7f-d1a51daa5fdf.png
2026-08-10 00:58:55,946 | ModelLoader | INFO | kmeansonthedata: releasing plotting frames from memory
2026-08-10 00:58:56,166 | ApplicationRunner | INFO | Kmeans plot completed
2026-08-10 00:58:56,166 | ApplicationRunner | INFO | Running KNN
2026-08-10 00:58:56,178 | ModelLoader | INFO | knnonthedata: finding alternatives for 10 selected cell line(s)
2026-08-10 00:58:56,273 | ModelLoader | INFO | knnonthedata: releasing factor matrix from memory
2026-08-10 00:58:56,496 | ModelLoader | INFO | knnonthedata: 10 of 10 target(s) received an alternative
2026-08-10 00:58:56,496 | ApplicationRunner | INFO | KNN Completed
2026-08-10 00:58:56,496 | ApplicationRunner | INFO | Running Data combiner
2026-08-10 00:58:56,496 | AppPreprocessing | INFO | datacombiner: enriching 10 row(s) with master_lookup identity
2026-08-10 00:58:56,518 | AppPreprocessing | INFO | datacombiner: returning shape (10, 36)
2026-08-10 00:58:56,519 | AppPreprocessing | INFO | alternativedatacombiner: enriching 10 alternative row(s)
2026-08-10 00:58:56,532 | AppPreprocessing | INFO | alternativedatacombiner: returning shape (10, 8)
2026-08-10 00:58:56,532 | ApplicationRunner | INFO | Data combiner completed
2026-08-10 00:58:56,532 | ApplicationRunner | INFO | pipelinerun completed successfully
2026-08-10 14:19:30,574 | ApplicationRunner | INFO | Starting the pipeline run
2026-08-10 14:19:30,574 | ApplicationRunner | INFO | exclusionchecker=True and diseasechecker=False
2026-08-10 14:19:30,575 | ApplicationRunner | INFO | Resolving target ids and reading target omic tables
2026-08-10 14:19:30,575 | AppPreprocessing | INFO | genetoesng: resolving 3 gene symbol(s) to ENSG
2026-08-10 14:19:30,667 | AppPreprocessing | INFO | genetoesng: resolved 3 ENSG id(s)
2026-08-10 14:19:30,669 | AppPreprocessing | INFO | esngtoprotein: resolving proteins for 3 ENSG id(s)
2026-08-10 14:19:30,711 | AppPreprocessing | INFO | esngtoprotein: 3 protein(s) found, 0 ENSG id(s) without a protein (0-fill placeholders)
2026-08-10 14:19:30,711 | AppPreprocessing | INFO | depmapreader: extracting 3 ENSG column(s)
2026-08-10 14:19:42,183 | AppPreprocessing | INFO | depmap: RNA/ENSG -> 3 found, 0 NaN-filled (not found)
2026-08-10 14:19:42,185 | AppPreprocessing | INFO | depmapreader: returning shape (1479, 4)
2026-08-10 14:19:42,233 | AppPreprocessing | INFO | hparnareader: extracting 3 ENSG column(s)
2026-08-10 14:19:49,471 | AppPreprocessing | WARNING | hpa: removed 91 row(s) with null/duplicate ModelID (kept 1054 unique cell line(s))
2026-08-10 14:19:49,471 | AppPreprocessing | INFO | hpa: HPA/ENSG -> 3 found, 0 NaN-filled (not found)
2026-08-10 14:19:49,471 | AppPreprocessing | INFO | hparnareader: returning shape (1054, 4)
2026-08-10 14:19:49,513 | AppPreprocessing | INFO | proteinreader: extracting 3 protein column(s)
2026-08-10 14:19:50,519 | AppPreprocessing | INFO | protein: protein -> 3 found, 0 NaN-filled (not found)
2026-08-10 14:19:50,519 | AppPreprocessing | INFO | proteinreader: returning shape (375, 4)
2026-08-10 14:19:50,540 | AppPreprocessing | INFO | similarityreader: extracting 3 gene cosine column(s)
2026-08-10 14:19:58,628 | AppPreprocessing | INFO | cosine: cosine/ENSG -> 3 found, 0 NaN-filled (not found)
2026-08-10 14:19:58,630 | AppPreprocessing | INFO | similarityreader: returning shape (1479, 4)
2026-08-10 14:19:58,678 | ApplicationRunner | INFO | target_df shape is (1479, 10)
2026-08-10 14:19:58,678 | ApplicationRunner | INFO | Releasing target reader frames from memory
2026-08-10 14:19:58,785 | ApplicationRunner | INFO | Resolving exclusion ids and reading exclusion omic tables
2026-08-10 14:19:58,786 | AppPreprocessing | INFO | genetoesng: resolving 1 gene symbol(s) to ENSG
2026-08-10 14:19:58,797 | AppPreprocessing | INFO | genetoesng: resolved 1 ENSG id(s)
2026-08-10 14:19:58,797 | AppPreprocessing | INFO | esngtoprotein: resolving proteins for 1 ENSG id(s)
2026-08-10 14:19:58,819 | AppPreprocessing | INFO | esngtoprotein: 0 protein(s) found, 1 ENSG id(s) without a protein (0-fill placeholders)
2026-08-10 14:19:58,819 | AppPreprocessing | INFO | depmapreader: extracting 1 ENSG column(s)
2026-08-10 14:20:09,461 | AppPreprocessing | INFO | depmap: RNA/ENSG -> 1 found, 0 NaN-filled (not found)
2026-08-10 14:20:09,461 | AppPreprocessing | INFO | depmapreader: returning shape (1479, 2)
2026-08-10 14:20:09,547 | AppPreprocessing | INFO | hparnareader: extracting 1 ENSG column(s)
2026-08-10 14:20:16,638 | AppPreprocessing | WARNING | hpa: removed 91 row(s) with null/duplicate ModelID (kept 1054 unique cell line(s))
2026-08-10 14:20:16,638 | AppPreprocessing | INFO | hpa: HPA/ENSG -> 1 found, 0 NaN-filled (not found)
2026-08-10 14:20:16,653 | AppPreprocessing | INFO | hparnareader: returning shape (1054, 2)
2026-08-10 14:20:16,684 | AppPreprocessing | INFO | proteinreader: extracting 0 protein column(s)
2026-08-10 14:20:17,657 | AppPreprocessing | INFO | protein: protein -> 0 found, 0 NaN-filled (not found)
2026-08-10 14:20:17,658 | AppPreprocessing | INFO | proteinreader: returning shape (375, 1)
2026-08-10 14:20:17,661 | AppPreprocessing | INFO | similarityreader: extracting 1 gene cosine column(s)
2026-08-10 14:20:25,056 | AppPreprocessing | INFO | cosine: cosine/ENSG -> 1 found, 0 NaN-filled (not found)
2026-08-10 14:20:25,057 | AppPreprocessing | INFO | similarityreader: returning shape (1479, 2)
2026-08-10 14:20:25,114 | ApplicationRunner | INFO | exclusion_df shape is (1479, 4)
2026-08-10 14:20:25,114 | ApplicationRunner | INFO | Releasing exclusion reader frames from memory
2026-08-10 14:20:25,211 | ApplicationRunner | INFO | Scoring: evidence + similarity (target)
2026-08-10 14:20:25,211 | Scoring | INFO | calculateevidencescore (type=target): input shape (1479, 10)
2026-08-10 14:20:25,211 | Scoring | INFO | calculateevidencescore: 9 value column(s)
2026-08-10 14:20:25,220 | Scoring | INFO | target_evidence: min=0.0657 max=0.6891
2026-08-10 14:20:25,220 | Scoring | INFO | calculatesimilarityscore (type=target): input shape (1479, 4)
2026-08-10 14:20:25,220 | Scoring | INFO | calculatesimilarityscore: 3 cosine column(s)
2026-08-10 14:20:25,226 | Scoring | INFO | target_similarity: min=0.1348 max=0.8328
2026-08-10 14:20:25,227 | ApplicationRunner | INFO | Releasing target cosine frame from memory
2026-08-10 14:20:25,322 | ApplicationRunner | INFO | Calculating the confidence score
2026-08-10 14:20:25,327 | Scoring | INFO | calculateconfidencescore: input shape (1479, 13)
2026-08-10 14:20:25,327 | Scoring | INFO | calculateconfidencescore: pooling 12 value column(s)
2026-08-10 14:20:25,806 | Scoring | INFO | confidence_score: nulls=0 of 1479
2026-08-10 14:20:25,806 | ApplicationRunner | INFO | Releasing confidence input frame from memory
2026-08-10 14:20:25,925 | ApplicationRunner | INFO | Scoring: evidence and similarity (exclusion)
2026-08-10 14:20:25,925 | Scoring | INFO | calculateevidencescore (type=exclusion): input shape (1479, 4)
2026-08-10 14:20:25,925 | Scoring | INFO | calculateevidencescore: 3 value column(s)
2026-08-10 14:20:25,941 | Scoring | INFO | exclusion_penalty: min=0.2231 max=0.6761
2026-08-10 14:20:25,941 | Scoring | INFO | calculatesimilarityscore (type=exclusion): input shape (1479, 2)
2026-08-10 14:20:25,941 | Scoring | INFO | calculatesimilarityscore: 1 cosine column(s)
2026-08-10 14:20:25,956 | Scoring | INFO | exclusion_similarity_penalty: min=0.2231 max=0.9990
2026-08-10 14:20:25,956 | ApplicationRunner | INFO | Releasing exclusion cosine frame from memory
2026-08-10 14:20:26,078 | Scoring | INFO | calculatenetevidencescore (type=exclusion): input shape (1479, 5)
2026-08-10 14:20:26,083 | Scoring | INFO | calculatenetsimilarityscore (type=exclusion): input shape (1479, 5)
2026-08-10 14:20:26,085 | ApplicationRunner | INFO | Releasing intermediate evidence/similarity frames from memory
2026-08-10 14:20:26,204 | ApplicationRunner | INFO | Releasing target evidence/similarity frames from memory
2026-08-10 14:20:26,327 | ApplicationRunner | INFO | Assembling final score (net_similarity x net_evidence x confidence)
2026-08-10 14:20:26,337 | Scoring | INFO | finalscoring: input shape (1479, 14)
2026-08-10 14:20:26,337 | Scoring | INFO | final_score: nulls=0 of 1479
2026-08-10 14:20:26,337 | ApplicationRunner | INFO | Releasing net score component frames from memory
2026-08-10 14:20:26,456 | ApplicationRunner | INFO | Releasing feature and final-score frames from memory
2026-08-10 14:20:26,563 | ApplicationRunner | INFO | Fusion flagging over 4 gene(s); filter=1
2026-08-10 14:20:26,563 | Fusion | INFO | fusionflagger: 1479 cell line(s), 3 target gene(s), 1 exclusion gene(s)
2026-08-10 14:20:27,778 | Fusion | INFO | fusionflagger: fusion table shape (184237, 31)
2026-08-10 14:20:27,778 | Fusion | INFO | fusionflagger: 0 matching fusion row(s); 0 exclusion-involved, 0 target-only ModelID(s)
2026-08-10 14:20:27,778 | Fusion | INFO | fusionflagger: releasing fusion table frames from memory
2026-08-10 14:20:27,873 | Fusion | INFO | fusionflagger: fusion_type counts -> {'No': 1479}
2026-08-10 14:20:27,954 | Fusion | INFO | remove_fusion_models: 1479 row(s) in
2026-08-10 14:20:27,956 | Fusion | INFO | remove_fusion_models: 1479 row(s) retained after dropping fusion-positive
2026-08-10 14:20:27,956 | ApplicationRunner | INFO | Mutation flagging over 4 gene(s); filter=1
2026-08-10 14:20:27,957 | Mutation | INFO | mutationflager: 1479 cell line(s), 3 target gene(s), 1 exclusion gene(s)
2026-08-10 14:20:39,026 | Mutation | INFO | mutationflager: mutation table shape (1066869, 71)
2026-08-10 14:20:39,638 | Mutation | INFO | mutationflager: 66 distinct ModelID(s) with a matching mutation; 16 exclusion-involved, 51 target-involved
2026-08-10 14:20:39,644 | Mutation | INFO | mutationflager: mutation_type counts -> {'No': 1423, 'target': 44, 'exclusion': 12}
2026-08-10 14:20:39,743 | Mutation | INFO | remove_mutation_models: 1479 row(s) in
2026-08-10 14:20:39,743 | Mutation | INFO | remove_mutation_models: 1423 row(s) retained after dropping mutation-positive
2026-08-10 14:20:39,743 | ApplicationRunner | INFO | Filtering the dataset for the cell line names
2026-08-10 14:20:39,743 | AppPreprocessing | INFO | Getting the master look up table
2026-08-10 14:20:39,825 | AppPreprocessing | INFO | Filtering the required columns
2026-08-10 14:20:39,826 | AppPreprocessing | INFO | Mergining the data with the master table
2026-08-10 14:20:39,826 | AppPreprocessing | INFO | Droping the rows which have null value
2026-08-10 14:20:39,826 | AppPreprocessing | INFO | Removing the columns which are not needed
2026-08-10 14:20:39,835 | ApplicationRunner | INFO | Selected top 10 cell line(s)
2026-08-10 14:20:39,926 | ApplicationRunner | INFO | Getting Metabolomnic data
2026-08-10 14:20:39,926 | AppPreprocessing | INFO | Getting the metabolomnic data
2026-08-10 14:20:39,982 | ApplicationRunner | INFO | Generating LLM explanation
2026-08-10 14:20:39,982 | Explanation | INFO | generate_explanation: starting
2026-08-10 14:20:39,983 | Explanation | INFO | generate_explanation: exclusionapplied=True fusionfilter=True mutationfilter=True disease=None
2026-08-10 14:20:39,986 | Explanation | INFO | _row_digest: built 10 record(s) with columns ['ModelID', 'final_score', 'net_similarity', 'net_evidence', 'confidence_score', 'modality_score', 'agreement', 'target_similarity', 'target_evidence', 'exclusion_evidence', 'exclusion_percentile', 'exclusion_penalty', 'exclusion_similarity', 'exclusion_similarity_percentile', 'exclusion_similarity_penalty', 'fusion_flag', 'mutation_flag']
2026-08-10 14:20:39,987 | Explanation | INFO | _population_context: {'total_candidates': 1355, 'final_score_min': 0.0011, 'final_score_max': 0.1942, 'final_score_median': 0.0194, 'fusion_flag_yes_count': 0, 'mutation_flag_yes_count': 0}
2026-08-10 14:20:39,989 | Explanation | INFO | generate_explanation: prompt built (system=994 chars, user=11257 chars)
2026-08-10 14:20:40,092 | Explanation | INFO | ollama_chat: calling model 'llama3.2:3b' at http://localhost:11434
2026-08-10 14:26:37,734 | Explanation | INFO | ollama_chat: received 7252 character(s)
2026-08-10 14:26:37,737 | Explanation | INFO | generate_explanation: explanation generated (7252 chars)
2026-08-10 14:26:37,755 | ApplicationRunner | INFO | Running KMeans plot
2026-08-10 14:26:37,755 | ModelLoader | INFO | kmeansonthedata: 10 selected cell line(s)
2026-08-10 14:26:38,514 | ModelLoader | INFO | kmeansonthedata: factor matrix (1479, 20); predicting clusters
2026-08-10 14:26:38,615 | ModelLoader | INFO | kmeansonthedata: generating UMAP projection (full 1479-row manifold)
2026-08-10 14:26:53,757 | ModelLoader | INFO | kmeansonthedata: 10 of 10 chosen id(s) located on the map
2026-08-10 14:26:53,757 | ModelLoader | INFO | kmeansonthedata: releasing factor matrix and UMAP arrays from memory
2026-08-10 14:26:55,090 | ModelLoader | INFO | kmeansonthedata: plot saved to C:\Users\Shankar\Desktop\AstraZeneca\code\astrazeneca\CelllineSelector\images\kmeansplotforselectedcell_a636727d-ec5a-4d12-824d-54060b194a11.png
2026-08-10 14:26:55,090 | ModelLoader | INFO | kmeansonthedata: releasing plotting frames from memory
2026-08-10 14:26:55,198 | ApplicationRunner | INFO | Kmeans plot completed
2026-08-10 14:26:55,198 | ApplicationRunner | INFO | Running KNN
2026-08-10 14:26:55,198 | ModelLoader | INFO | knnonthedata: finding alternatives for 10 selected cell line(s)
2026-08-10 14:26:55,251 | ModelLoader | INFO | knnonthedata: releasing factor matrix from memory
2026-08-10 14:26:55,384 | ModelLoader | INFO | knnonthedata: 10 of 10 target(s) received an alternative
2026-08-10 14:26:55,384 | ApplicationRunner | INFO | KNN Completed
2026-08-10 14:26:55,384 | ApplicationRunner | INFO | Running Data combiner
2026-08-10 14:26:55,384 | AppPreprocessing | INFO | datacombiner: enriching 10 row(s) with master_lookup identity
2026-08-10 14:26:55,403 | AppPreprocessing | INFO | datacombiner: returning shape (10, 38)
2026-08-10 14:26:55,403 | AppPreprocessing | INFO | alternativedatacombiner: enriching 10 alternative row(s)
2026-08-10 14:26:55,415 | AppPreprocessing | INFO | alternativedatacombiner: returning shape (10, 8)
2026-08-10 14:26:55,415 | ApplicationRunner | INFO | Data combiner completed
2026-08-10 14:26:55,415 | ApplicationRunner | INFO | pipelinerun completed successfully
2026-08-10 14:38:17,928 | ApplicationRunner | INFO | Starting the pipeline run
2026-08-10 14:38:17,928 | ApplicationRunner | INFO | exclusionchecker=True and diseasechecker=False
2026-08-10 14:38:17,928 | ApplicationRunner | INFO | Resolving target ids and reading target omic tables
2026-08-10 14:38:17,928 | AppPreprocessing | INFO | genetoesng: resolving 3 gene symbol(s) to ENSG
2026-08-10 14:38:17,960 | AppPreprocessing | INFO | genetoesng: resolved 3 ENSG id(s)
2026-08-10 14:38:17,960 | AppPreprocessing | INFO | esngtoprotein: resolving proteins for 3 ENSG id(s)
2026-08-10 14:38:17,980 | AppPreprocessing | INFO | esngtoprotein: 3 protein(s) found, 0 ENSG id(s) without a protein (0-fill placeholders)
2026-08-10 14:38:17,980 | AppPreprocessing | INFO | depmapreader: extracting 3 ENSG column(s)
2026-08-10 14:38:25,647 | AppPreprocessing | INFO | depmap: RNA/ENSG -> 3 found, 0 NaN-filled (not found)
2026-08-10 14:38:25,647 | AppPreprocessing | INFO | depmapreader: returning shape (1479, 4)
2026-08-10 14:38:25,680 | AppPreprocessing | INFO | hparnareader: extracting 3 ENSG column(s)
2026-08-10 14:38:31,349 | AppPreprocessing | WARNING | hpa: removed 91 row(s) with null/duplicate ModelID (kept 1054 unique cell line(s))
2026-08-10 14:38:31,349 | AppPreprocessing | INFO | hpa: HPA/ENSG -> 3 found, 0 NaN-filled (not found)
2026-08-10 14:38:31,350 | AppPreprocessing | INFO | hparnareader: returning shape (1054, 4)
2026-08-10 14:38:31,380 | AppPreprocessing | INFO | proteinreader: extracting 3 protein column(s)
2026-08-10 14:38:32,283 | AppPreprocessing | INFO | protein: protein -> 3 found, 0 NaN-filled (not found)
2026-08-10 14:38:32,283 | AppPreprocessing | INFO | proteinreader: returning shape (375, 4)
2026-08-10 14:38:32,287 | AppPreprocessing | INFO | similarityreader: extracting 3 gene cosine column(s)
2026-08-10 14:38:42,049 | AppPreprocessing | INFO | cosine: cosine/ENSG -> 3 found, 0 NaN-filled (not found)
2026-08-10 14:38:42,051 | AppPreprocessing | INFO | similarityreader: returning shape (1479, 4)
2026-08-10 14:38:42,110 | ApplicationRunner | INFO | target_df shape is (1479, 10)
2026-08-10 14:38:42,110 | ApplicationRunner | INFO | Releasing target reader frames from memory
2026-08-10 14:38:42,216 | ApplicationRunner | INFO | Resolving exclusion ids and reading exclusion omic tables
2026-08-10 14:38:42,218 | AppPreprocessing | INFO | genetoesng: resolving 1 gene symbol(s) to ENSG
2026-08-10 14:38:42,246 | AppPreprocessing | INFO | genetoesng: resolved 1 ENSG id(s)
2026-08-10 14:38:42,246 | AppPreprocessing | INFO | esngtoprotein: resolving proteins for 1 ENSG id(s)
2026-08-10 14:38:42,273 | AppPreprocessing | INFO | esngtoprotein: 0 protein(s) found, 1 ENSG id(s) without a protein (0-fill placeholders)
2026-08-10 14:38:42,275 | AppPreprocessing | INFO | depmapreader: extracting 1 ENSG column(s)
2026-08-10 14:38:51,320 | AppPreprocessing | INFO | depmap: RNA/ENSG -> 1 found, 0 NaN-filled (not found)
2026-08-10 14:38:51,320 | AppPreprocessing | INFO | depmapreader: returning shape (1479, 2)
2026-08-10 14:38:51,356 | AppPreprocessing | INFO | hparnareader: extracting 1 ENSG column(s)
2026-08-10 14:38:57,457 | AppPreprocessing | WARNING | hpa: removed 91 row(s) with null/duplicate ModelID (kept 1054 unique cell line(s))
2026-08-10 14:38:57,457 | AppPreprocessing | INFO | hpa: HPA/ENSG -> 1 found, 0 NaN-filled (not found)
2026-08-10 14:38:57,457 | AppPreprocessing | INFO | hparnareader: returning shape (1054, 2)
2026-08-10 14:38:57,521 | AppPreprocessing | INFO | proteinreader: extracting 0 protein column(s)
2026-08-10 14:38:58,587 | AppPreprocessing | INFO | protein: protein -> 0 found, 0 NaN-filled (not found)
2026-08-10 14:38:58,587 | AppPreprocessing | INFO | proteinreader: returning shape (375, 1)
2026-08-10 14:38:58,595 | AppPreprocessing | INFO | similarityreader: extracting 1 gene cosine column(s)
2026-08-10 14:39:08,213 | AppPreprocessing | INFO | cosine: cosine/ENSG -> 1 found, 0 NaN-filled (not found)
2026-08-10 14:39:08,213 | AppPreprocessing | INFO | similarityreader: returning shape (1479, 2)
2026-08-10 14:39:08,281 | ApplicationRunner | INFO | exclusion_df shape is (1479, 4)
2026-08-10 14:39:08,282 | ApplicationRunner | INFO | Releasing exclusion reader frames from memory
2026-08-10 14:39:08,390 | ApplicationRunner | INFO | Scoring: evidence + similarity (target)
2026-08-10 14:39:08,392 | Scoring | INFO | calculateevidencescore (type=target): input shape (1479, 10)
2026-08-10 14:39:08,392 | Scoring | INFO | calculateevidencescore: 9 value column(s)
2026-08-10 14:39:08,395 | Scoring | INFO | target_evidence: min=0.0657 max=0.6891
2026-08-10 14:39:08,399 | Scoring | INFO | calculatesimilarityscore (type=target): input shape (1479, 4)
2026-08-10 14:39:08,399 | Scoring | INFO | calculatesimilarityscore: 3 cosine column(s)
2026-08-10 14:39:08,404 | Scoring | INFO | target_similarity: min=0.1348 max=0.8328
2026-08-10 14:39:08,404 | ApplicationRunner | INFO | Releasing target cosine frame from memory
2026-08-10 14:39:08,511 | ApplicationRunner | INFO | Calculating the confidence score
2026-08-10 14:39:08,514 | Scoring | INFO | calculateconfidencescore: input shape (1479, 13)
2026-08-10 14:39:08,514 | Scoring | INFO | calculateconfidencescore: pooling 12 value column(s)
2026-08-10 14:39:08,824 | Scoring | INFO | confidence_score: nulls=0 of 1479
2026-08-10 14:39:08,824 | ApplicationRunner | INFO | Releasing confidence input frame from memory
2026-08-10 14:39:08,922 | ApplicationRunner | INFO | Scoring: evidence and similarity (exclusion)
2026-08-10 14:39:08,922 | Scoring | INFO | calculateevidencescore (type=exclusion): input shape (1479, 4)
2026-08-10 14:39:08,922 | Scoring | INFO | calculateevidencescore: 3 value column(s)
2026-08-10 14:39:08,931 | Scoring | INFO | exclusion_penalty: min=0.2231 max=0.6761
2026-08-10 14:39:08,931 | Scoring | INFO | calculatesimilarityscore (type=exclusion): input shape (1479, 2)
2026-08-10 14:39:08,931 | Scoring | INFO | calculatesimilarityscore: 1 cosine column(s)
2026-08-10 14:39:08,936 | Scoring | INFO | exclusion_similarity_penalty: min=0.2231 max=0.9990
2026-08-10 14:39:08,938 | ApplicationRunner | INFO | Releasing exclusion cosine frame from memory
2026-08-10 14:39:09,031 | Scoring | INFO | calculatenetevidencescore (type=exclusion): input shape (1479, 5)
2026-08-10 14:39:09,031 | Scoring | INFO | calculatenetsimilarityscore (type=exclusion): input shape (1479, 5)
2026-08-10 14:39:09,031 | ApplicationRunner | INFO | Releasing intermediate evidence/similarity frames from memory
2026-08-10 14:39:09,130 | ApplicationRunner | INFO | Releasing target evidence/similarity frames from memory
2026-08-10 14:39:09,219 | ApplicationRunner | INFO | Assembling final score (net_similarity x net_evidence x confidence)
2026-08-10 14:39:09,222 | Scoring | INFO | finalscoring: input shape (1479, 14)
2026-08-10 14:39:09,222 | Scoring | INFO | final_score: nulls=0 of 1479
2026-08-10 14:39:09,222 | ApplicationRunner | INFO | Releasing net score component frames from memory
2026-08-10 14:39:09,318 | ApplicationRunner | INFO | Releasing feature and final-score frames from memory
2026-08-10 14:39:09,408 | ApplicationRunner | INFO | Fusion flagging over 4 gene(s); filter=2
2026-08-10 14:39:09,408 | Fusion | INFO | fusionflagger: 1479 cell line(s), 3 target gene(s), 1 exclusion gene(s)
2026-08-10 14:39:10,377 | Fusion | INFO | fusionflagger: fusion table shape (184237, 31)
2026-08-10 14:39:10,396 | Fusion | INFO | fusionflagger: 0 matching fusion row(s); 0 exclusion-involved, 0 target-only ModelID(s)
2026-08-10 14:39:10,396 | Fusion | INFO | fusionflagger: releasing fusion table frames from memory
2026-08-10 14:39:10,489 | Fusion | INFO | fusionflagger: fusion_type counts -> {'No': 1479}
2026-08-10 14:39:10,578 | Fusion | INFO | require_fusion_models: 1479 row(s) in
2026-08-10 14:39:10,580 | Fusion | INFO | require_fusion_models: 0 row(s) retained after dropping fusion-positive
2026-08-10 14:39:10,662 | ApplicationRunner | WARNING | pipelinerun: returning empty result — fusion filter removed all cell lines
2026-08-10 14:41:22,663 | ApplicationRunner | INFO | Starting the pipeline run
2026-08-10 14:41:22,663 | ApplicationRunner | INFO | exclusionchecker=True and diseasechecker=False
2026-08-10 14:41:22,663 | ApplicationRunner | INFO | Resolving target ids and reading target omic tables
2026-08-10 14:41:22,663 | AppPreprocessing | INFO | genetoesng: resolving 2 gene symbol(s) to ENSG
2026-08-10 14:41:22,682 | AppPreprocessing | INFO | genetoesng: resolved 2 ENSG id(s)
2026-08-10 14:41:22,682 | AppPreprocessing | INFO | esngtoprotein: resolving proteins for 2 ENSG id(s)
2026-08-10 14:41:22,705 | AppPreprocessing | INFO | esngtoprotein: 2 protein(s) found, 0 ENSG id(s) without a protein (0-fill placeholders)
2026-08-10 14:41:22,705 | AppPreprocessing | INFO | depmapreader: extracting 2 ENSG column(s)
2026-08-10 14:41:29,310 | AppPreprocessing | INFO | depmap: RNA/ENSG -> 2 found, 0 NaN-filled (not found)
2026-08-10 14:41:29,310 | AppPreprocessing | INFO | depmapreader: returning shape (1479, 3)
2026-08-10 14:41:29,342 | AppPreprocessing | INFO | hparnareader: extracting 2 ENSG column(s)
2026-08-10 14:41:34,817 | AppPreprocessing | WARNING | hpa: removed 91 row(s) with null/duplicate ModelID (kept 1054 unique cell line(s))
2026-08-10 14:41:34,817 | AppPreprocessing | INFO | hpa: HPA/ENSG -> 2 found, 0 NaN-filled (not found)
2026-08-10 14:41:34,817 | AppPreprocessing | INFO | hparnareader: returning shape (1054, 3)
2026-08-10 14:41:34,858 | AppPreprocessing | INFO | proteinreader: extracting 2 protein column(s)
2026-08-10 14:41:35,966 | AppPreprocessing | INFO | protein: protein -> 2 found, 0 NaN-filled (not found)
2026-08-10 14:41:35,966 | AppPreprocessing | INFO | proteinreader: returning shape (375, 3)
2026-08-10 14:41:35,983 | AppPreprocessing | INFO | similarityreader: extracting 2 gene cosine column(s)
2026-08-10 14:41:45,627 | AppPreprocessing | INFO | cosine: cosine/ENSG -> 2 found, 0 NaN-filled (not found)
2026-08-10 14:41:45,627 | AppPreprocessing | INFO | similarityreader: returning shape (1479, 3)
2026-08-10 14:41:45,698 | ApplicationRunner | INFO | target_df shape is (1479, 7)
2026-08-10 14:41:45,698 | ApplicationRunner | INFO | Releasing target reader frames from memory
2026-08-10 14:41:45,801 | ApplicationRunner | INFO | Resolving exclusion ids and reading exclusion omic tables
2026-08-10 14:41:45,801 | AppPreprocessing | INFO | genetoesng: resolving 1 gene symbol(s) to ENSG
2026-08-10 14:41:45,833 | AppPreprocessing | INFO | genetoesng: resolved 1 ENSG id(s)
2026-08-10 14:41:45,833 | AppPreprocessing | INFO | esngtoprotein: resolving proteins for 1 ENSG id(s)
2026-08-10 14:41:45,859 | AppPreprocessing | INFO | esngtoprotein: 0 protein(s) found, 1 ENSG id(s) without a protein (0-fill placeholders)
2026-08-10 14:41:45,859 | AppPreprocessing | INFO | depmapreader: extracting 1 ENSG column(s)
2026-08-10 14:41:54,059 | AppPreprocessing | INFO | depmap: RNA/ENSG -> 1 found, 0 NaN-filled (not found)
2026-08-10 14:41:54,059 | AppPreprocessing | INFO | depmapreader: returning shape (1479, 2)
2026-08-10 14:41:54,110 | AppPreprocessing | INFO | hparnareader: extracting 1 ENSG column(s)
2026-08-10 14:41:59,935 | AppPreprocessing | WARNING | hpa: removed 91 row(s) with null/duplicate ModelID (kept 1054 unique cell line(s))
2026-08-10 14:41:59,935 | AppPreprocessing | INFO | hpa: HPA/ENSG -> 1 found, 0 NaN-filled (not found)
2026-08-10 14:41:59,935 | AppPreprocessing | INFO | hparnareader: returning shape (1054, 2)
2026-08-10 14:41:59,974 | AppPreprocessing | INFO | proteinreader: extracting 0 protein column(s)
2026-08-10 14:42:01,024 | AppPreprocessing | INFO | protein: protein -> 0 found, 0 NaN-filled (not found)
2026-08-10 14:42:01,024 | AppPreprocessing | INFO | proteinreader: returning shape (375, 1)
2026-08-10 14:42:01,024 | AppPreprocessing | INFO | similarityreader: extracting 1 gene cosine column(s)
2026-08-10 14:42:10,306 | AppPreprocessing | INFO | cosine: cosine/ENSG -> 1 found, 0 NaN-filled (not found)
2026-08-10 14:42:10,307 | AppPreprocessing | INFO | similarityreader: returning shape (1479, 2)
2026-08-10 14:42:10,363 | ApplicationRunner | INFO | exclusion_df shape is (1479, 4)
2026-08-10 14:42:10,363 | ApplicationRunner | INFO | Releasing exclusion reader frames from memory
2026-08-10 14:42:10,467 | ApplicationRunner | INFO | Scoring: evidence + similarity (target)
2026-08-10 14:42:10,467 | Scoring | INFO | calculateevidencescore (type=target): input shape (1479, 7)
2026-08-10 14:42:10,467 | Scoring | INFO | calculateevidencescore: 6 value column(s)
2026-08-10 14:42:10,472 | Scoring | INFO | target_evidence: min=0.0118 max=0.6546
2026-08-10 14:42:10,476 | Scoring | INFO | calculatesimilarityscore (type=target): input shape (1479, 3)
2026-08-10 14:42:10,477 | Scoring | INFO | calculatesimilarityscore: 2 cosine column(s)
2026-08-10 14:42:10,480 | Scoring | INFO | target_similarity: min=0.1277 max=0.8640
2026-08-10 14:42:10,481 | ApplicationRunner | INFO | Releasing target cosine frame from memory
2026-08-10 14:42:10,598 | ApplicationRunner | INFO | Calculating the confidence score
2026-08-10 14:42:10,600 | Scoring | INFO | calculateconfidencescore: input shape (1479, 10)
2026-08-10 14:42:10,600 | Scoring | INFO | calculateconfidencescore: pooling 9 value column(s)
2026-08-10 14:42:10,880 | Scoring | INFO | confidence_score: nulls=0 of 1479
2026-08-10 14:42:10,880 | ApplicationRunner | INFO | Releasing confidence input frame from memory
2026-08-10 14:42:10,990 | ApplicationRunner | INFO | Scoring: evidence and similarity (exclusion)
2026-08-10 14:42:10,990 | Scoring | INFO | calculateevidencescore (type=exclusion): input shape (1479, 4)
2026-08-10 14:42:10,990 | Scoring | INFO | calculateevidencescore: 3 value column(s)
2026-08-10 14:42:10,990 | Scoring | INFO | exclusion_penalty: min=0.2231 max=0.6761
2026-08-10 14:42:10,990 | Scoring | INFO | calculatesimilarityscore (type=exclusion): input shape (1479, 2)
2026-08-10 14:42:11,000 | Scoring | INFO | calculatesimilarityscore: 1 cosine column(s)
2026-08-10 14:42:11,005 | Scoring | INFO | exclusion_similarity_penalty: min=0.2231 max=0.9990
2026-08-10 14:42:11,006 | ApplicationRunner | INFO | Releasing exclusion cosine frame from memory
2026-08-10 14:42:11,106 | Scoring | INFO | calculatenetevidencescore (type=exclusion): input shape (1479, 5)
2026-08-10 14:42:11,106 | Scoring | INFO | calculatenetsimilarityscore (type=exclusion): input shape (1479, 5)
2026-08-10 14:42:11,106 | ApplicationRunner | INFO | Releasing intermediate evidence/similarity frames from memory
2026-08-10 14:42:11,206 | ApplicationRunner | INFO | Releasing target evidence/similarity frames from memory
2026-08-10 14:42:11,306 | ApplicationRunner | INFO | Assembling final score (net_similarity x net_evidence x confidence)
2026-08-10 14:42:11,306 | Scoring | INFO | finalscoring: input shape (1479, 14)
2026-08-10 14:42:11,323 | Scoring | INFO | final_score: nulls=0 of 1479
2026-08-10 14:42:11,323 | ApplicationRunner | INFO | Releasing net score component frames from memory
2026-08-10 14:42:11,424 | ApplicationRunner | INFO | Releasing feature and final-score frames from memory
2026-08-10 14:42:11,523 | ApplicationRunner | INFO | Fusion flagging over 3 gene(s); filter=2
2026-08-10 14:42:11,523 | Fusion | INFO | fusionflagger: 1479 cell line(s), 2 target gene(s), 1 exclusion gene(s)
2026-08-10 14:42:12,696 | Fusion | INFO | fusionflagger: fusion table shape (184237, 31)
2026-08-10 14:42:12,704 | Fusion | INFO | fusionflagger: 0 matching fusion row(s); 0 exclusion-involved, 0 target-only ModelID(s)
2026-08-10 14:42:12,705 | Fusion | INFO | fusionflagger: releasing fusion table frames from memory
2026-08-10 14:42:12,815 | Fusion | INFO | fusionflagger: fusion_type counts -> {'No': 1479}
2026-08-10 14:42:12,906 | Fusion | INFO | require_fusion_models: 1479 row(s) in
2026-08-10 14:42:12,906 | Fusion | INFO | require_fusion_models: 0 row(s) retained after dropping fusion-positive
2026-08-10 14:42:12,990 | ApplicationRunner | WARNING | pipelinerun: returning empty result — fusion filter removed all cell lines
2026-08-10 14:43:39,634 | ApplicationRunner | INFO | Starting the pipeline run
2026-08-10 14:43:39,634 | ApplicationRunner | INFO | exclusionchecker=False and diseasechecker=False
2026-08-10 14:43:39,636 | ApplicationRunner | INFO | Resolving target ids and reading target omic tables
2026-08-10 14:43:39,636 | AppPreprocessing | INFO | genetoesng: resolving 3 gene symbol(s) to ENSG
2026-08-10 14:43:39,675 | AppPreprocessing | INFO | genetoesng: resolved 3 ENSG id(s)
2026-08-10 14:43:39,675 | AppPreprocessing | INFO | esngtoprotein: resolving proteins for 3 ENSG id(s)
2026-08-10 14:43:39,700 | AppPreprocessing | INFO | esngtoprotein: 2 protein(s) found, 1 ENSG id(s) without a protein (0-fill placeholders)
2026-08-10 14:43:39,700 | AppPreprocessing | INFO | depmapreader: extracting 3 ENSG column(s)
2026-08-10 14:43:48,608 | AppPreprocessing | INFO | depmap: RNA/ENSG -> 3 found, 0 NaN-filled (not found)
2026-08-10 14:43:48,620 | AppPreprocessing | INFO | depmapreader: returning shape (1479, 4)
2026-08-10 14:43:48,654 | AppPreprocessing | INFO | hparnareader: extracting 3 ENSG column(s)
2026-08-10 14:43:54,499 | AppPreprocessing | WARNING | hpa: removed 91 row(s) with null/duplicate ModelID (kept 1054 unique cell line(s))
2026-08-10 14:43:54,499 | AppPreprocessing | INFO | hpa: HPA/ENSG -> 3 found, 0 NaN-filled (not found)
2026-08-10 14:43:54,499 | AppPreprocessing | INFO | hparnareader: returning shape (1054, 4)
2026-08-10 14:43:54,538 | AppPreprocessing | INFO | proteinreader: extracting 2 protein column(s)
2026-08-10 14:43:55,587 | AppPreprocessing | INFO | protein: protein -> 2 found, 0 NaN-filled (not found)
2026-08-10 14:43:55,588 | AppPreprocessing | INFO | proteinreader: returning shape (375, 3)
2026-08-10 14:43:55,588 | AppPreprocessing | INFO | similarityreader: extracting 3 gene cosine column(s)
2026-08-10 14:44:03,586 | AppPreprocessing | INFO | cosine: cosine/ENSG -> 3 found, 0 NaN-filled (not found)
2026-08-10 14:44:03,588 | AppPreprocessing | INFO | similarityreader: returning shape (1479, 4)
2026-08-10 14:44:03,655 | ApplicationRunner | INFO | target_df shape is (1479, 10)
2026-08-10 14:44:03,655 | ApplicationRunner | INFO | Releasing target reader frames from memory
2026-08-10 14:44:03,762 | ApplicationRunner | INFO | Scoring: evidence + similarity (target)
2026-08-10 14:44:03,764 | Scoring | INFO | calculateevidencescore (type=target): input shape (1479, 10)
2026-08-10 14:44:03,764 | Scoring | INFO | calculateevidencescore: 9 value column(s)
2026-08-10 14:44:03,770 | Scoring | INFO | target_evidence: min=0.0079 max=0.4447
2026-08-10 14:44:03,773 | Scoring | INFO | calculatesimilarityscore (type=target): input shape (1479, 4)
2026-08-10 14:44:03,774 | Scoring | INFO | calculatesimilarityscore: 3 cosine column(s)
2026-08-10 14:44:03,776 | Scoring | INFO | target_similarity: min=0.1203 max=0.8639
2026-08-10 14:44:03,779 | ApplicationRunner | INFO | Releasing target cosine frame from memory
2026-08-10 14:44:03,885 | ApplicationRunner | INFO | Calculating the confidence score
2026-08-10 14:44:03,886 | Scoring | INFO | calculateconfidencescore: input shape (1479, 10)
2026-08-10 14:44:03,886 | Scoring | INFO | calculateconfidencescore: pooling 9 value column(s)
2026-08-10 14:44:04,251 | Scoring | INFO | confidence_score: nulls=0 of 1479
2026-08-10 14:44:04,251 | ApplicationRunner | INFO | Releasing confidence input frame from memory
2026-08-10 14:44:04,353 | Scoring | INFO | calculatenetevidencescore (type=target): input shape (1479, 2)
2026-08-10 14:44:04,355 | Scoring | INFO | calculatenetsimilarityscore (type=target): input shape (1479, 2)
2026-08-10 14:44:04,357 | ApplicationRunner | INFO | Releasing target evidence/similarity frames from memory
2026-08-10 14:44:04,457 | ApplicationRunner | INFO | Assembling final score (net_similarity x net_evidence x confidence)
2026-08-10 14:44:04,469 | Scoring | INFO | finalscoring: input shape (1479, 8)
2026-08-10 14:44:04,469 | Scoring | INFO | final_score: nulls=0 of 1479
2026-08-10 14:44:04,469 | ApplicationRunner | INFO | Releasing net score component frames from memory
2026-08-10 14:44:04,586 | ApplicationRunner | INFO | Releasing feature and final-score frames from memory
2026-08-10 14:44:04,695 | ApplicationRunner | INFO | Fusion flagging over 3 gene(s); filter=2
2026-08-10 14:44:04,701 | Fusion | INFO | fusionflagger: 1479 cell line(s), 3 target gene(s), 0 exclusion gene(s)
2026-08-10 14:44:05,829 | Fusion | INFO | fusionflagger: fusion table shape (184237, 31)
2026-08-10 14:44:05,836 | Fusion | INFO | fusionflagger: 0 matching fusion row(s); 0 exclusion-involved, 0 target-only ModelID(s)
2026-08-10 14:44:05,836 | Fusion | INFO | fusionflagger: releasing fusion table frames from memory
2026-08-10 14:44:05,937 | Fusion | INFO | fusionflagger: fusion_type counts -> {'No': 1479}
2026-08-10 14:44:06,036 | Fusion | INFO | require_fusion_models: 1479 row(s) in
2026-08-10 14:44:06,036 | Fusion | INFO | require_fusion_models: 0 row(s) retained after dropping fusion-positive
2026-08-10 14:44:06,133 | ApplicationRunner | WARNING | pipelinerun: returning empty result — fusion filter removed all cell lines
2026-08-10 14:54:07,055 | ApplicationRunner | INFO | Starting the pipeline run
2026-08-10 14:54:07,055 | ApplicationRunner | INFO | exclusionchecker=False and diseasechecker=False
2026-08-10 14:54:07,055 | ApplicationRunner | INFO | Resolving target ids and reading target omic tables
2026-08-10 14:54:07,055 | AppPreprocessing | INFO | genetoesng: resolving 2 gene symbol(s) to ENSG
2026-08-10 14:54:07,113 | AppPreprocessing | INFO | genetoesng: resolved 2 ENSG id(s)
2026-08-10 14:54:07,113 | AppPreprocessing | INFO | esngtoprotein: resolving proteins for 2 ENSG id(s)
2026-08-10 14:54:07,146 | AppPreprocessing | INFO | esngtoprotein: 1 protein(s) found, 1 ENSG id(s) without a protein (0-fill placeholders)
2026-08-10 14:54:07,146 | AppPreprocessing | INFO | depmapreader: extracting 2 ENSG column(s)
2026-08-10 14:54:23,645 | AppPreprocessing | INFO | depmap: RNA/ENSG -> 2 found, 0 NaN-filled (not found)
2026-08-10 14:54:23,645 | AppPreprocessing | INFO | depmapreader: returning shape (1479, 3)
2026-08-10 14:54:23,707 | AppPreprocessing | INFO | hparnareader: extracting 2 ENSG column(s)
2026-08-10 14:54:36,063 | AppPreprocessing | WARNING | hpa: removed 91 row(s) with null/duplicate ModelID (kept 1054 unique cell line(s))
2026-08-10 14:54:36,063 | AppPreprocessing | INFO | hpa: HPA/ENSG -> 2 found, 0 NaN-filled (not found)
2026-08-10 14:54:36,065 | AppPreprocessing | INFO | hparnareader: returning shape (1054, 3)
2026-08-10 14:54:36,170 | AppPreprocessing | INFO | proteinreader: extracting 1 protein column(s)
2026-08-10 14:54:38,591 | AppPreprocessing | INFO | protein: protein -> 1 found, 0 NaN-filled (not found)
2026-08-10 14:54:38,591 | AppPreprocessing | INFO | proteinreader: returning shape (375, 2)
2026-08-10 14:54:38,608 | AppPreprocessing | INFO | similarityreader: extracting 2 gene cosine column(s)
2026-08-10 14:54:49,159 | AppPreprocessing | INFO | cosine: cosine/ENSG -> 2 found, 0 NaN-filled (not found)
2026-08-10 14:54:49,160 | AppPreprocessing | INFO | similarityreader: returning shape (1479, 3)
2026-08-10 14:54:49,204 | ApplicationRunner | INFO | target_df shape is (1479, 7)
2026-08-10 14:54:49,204 | ApplicationRunner | INFO | Releasing target reader frames from memory
2026-08-10 14:54:49,287 | ApplicationRunner | INFO | Scoring: evidence + similarity (target)
2026-08-10 14:54:49,287 | Scoring | INFO | calculateevidencescore (type=target): input shape (1479, 7)
2026-08-10 14:54:49,287 | Scoring | INFO | calculateevidencescore: 6 value column(s)
2026-08-10 14:54:49,287 | Scoring | INFO | target_evidence: min=0.0000 max=0.7483
2026-08-10 14:54:49,287 | Scoring | INFO | calculatesimilarityscore (type=target): input shape (1479, 3)
2026-08-10 14:54:49,287 | Scoring | INFO | calculatesimilarityscore: 2 cosine column(s)
2026-08-10 14:54:49,299 | Scoring | INFO | target_similarity: min=0.0317 max=0.9765
2026-08-10 14:54:49,299 | ApplicationRunner | INFO | Releasing target cosine frame from memory
2026-08-10 14:54:49,380 | ApplicationRunner | INFO | Calculating the confidence score
2026-08-10 14:54:49,381 | Scoring | INFO | calculateconfidencescore: input shape (1479, 7)
2026-08-10 14:54:49,381 | Scoring | INFO | calculateconfidencescore: pooling 6 value column(s)
2026-08-10 14:54:49,583 | Scoring | INFO | confidence_score: nulls=5 of 1479
2026-08-10 14:54:49,583 | ApplicationRunner | INFO | Releasing confidence input frame from memory
2026-08-10 14:54:49,654 | Scoring | INFO | calculatenetevidencescore (type=target): input shape (1479, 2)
2026-08-10 14:54:49,654 | Scoring | INFO | calculatenetsimilarityscore (type=target): input shape (1479, 2)
2026-08-10 14:54:49,654 | ApplicationRunner | INFO | Releasing target evidence/similarity frames from memory
2026-08-10 14:54:49,742 | ApplicationRunner | INFO | Assembling final score (net_similarity x net_evidence x confidence)
2026-08-10 14:54:49,753 | Scoring | INFO | finalscoring: input shape (1479, 8)
2026-08-10 14:54:49,755 | Scoring | INFO | final_score: nulls=5 of 1479
2026-08-10 14:54:49,755 | ApplicationRunner | INFO | Releasing net score component frames from memory
2026-08-10 14:54:49,854 | ApplicationRunner | INFO | Releasing feature and final-score frames from memory
2026-08-10 14:54:49,945 | ApplicationRunner | INFO | Fusion flagging over 2 gene(s); filter=2
2026-08-10 14:54:49,945 | Fusion | INFO | fusionflagger: 1479 cell line(s), 2 target gene(s), 0 exclusion gene(s)
2026-08-10 14:54:50,807 | Fusion | INFO | fusionflagger: fusion table shape (184237, 31)
2026-08-10 14:54:50,811 | Fusion | INFO | fusionflagger: 0 matching fusion row(s); 0 exclusion-involved, 0 target-only ModelID(s)
2026-08-10 14:54:50,811 | Fusion | INFO | fusionflagger: releasing fusion table frames from memory
2026-08-10 14:54:50,902 | Fusion | INFO | fusionflagger: fusion_type counts -> {'No': 1479}
2026-08-10 14:54:50,980 | Fusion | INFO | require_fusion_models: 1479 row(s) in
2026-08-10 14:54:50,980 | Fusion | INFO | require_fusion_models: 0 row(s) retained after dropping fusion-positive
2026-08-10 14:54:51,063 | ApplicationRunner | WARNING | pipelinerun: returning empty result — fusion filter removed all cell lines
2026-08-10 15:00:28,824 | ApplicationRunner | INFO | Starting the pipeline run
2026-08-10 15:00:28,824 | ApplicationRunner | INFO | exclusionchecker=False and diseasechecker=False
2026-08-10 15:00:28,824 | ApplicationRunner | INFO | Resolving target ids and reading target omic tables
2026-08-10 15:00:28,824 | AppPreprocessing | INFO | genetoesng: resolving 2 gene symbol(s) to ENSG
2026-08-10 15:00:28,849 | AppPreprocessing | INFO | genetoesng: resolved 2 ENSG id(s)
2026-08-10 15:00:28,849 | AppPreprocessing | INFO | esngtoprotein: resolving proteins for 2 ENSG id(s)
2026-08-10 15:00:28,869 | AppPreprocessing | INFO | esngtoprotein: 1 protein(s) found, 1 ENSG id(s) without a protein (0-fill placeholders)
2026-08-10 15:00:28,869 | AppPreprocessing | INFO | depmapreader: extracting 2 ENSG column(s)
2026-08-10 15:00:37,913 | AppPreprocessing | INFO | depmap: RNA/ENSG -> 2 found, 0 NaN-filled (not found)
2026-08-10 15:00:37,913 | AppPreprocessing | INFO | depmapreader: returning shape (1479, 3)
2026-08-10 15:00:37,968 | AppPreprocessing | INFO | hparnareader: extracting 2 ENSG column(s)
2026-08-10 15:00:45,287 | AppPreprocessing | WARNING | hpa: removed 91 row(s) with null/duplicate ModelID (kept 1054 unique cell line(s))
2026-08-10 15:00:45,287 | AppPreprocessing | INFO | hpa: HPA/ENSG -> 2 found, 0 NaN-filled (not found)
2026-08-10 15:00:45,287 | AppPreprocessing | INFO | hparnareader: returning shape (1054, 3)
2026-08-10 15:00:45,327 | AppPreprocessing | INFO | proteinreader: extracting 1 protein column(s)
2026-08-10 15:00:46,291 | AppPreprocessing | INFO | protein: protein -> 1 found, 0 NaN-filled (not found)
2026-08-10 15:00:46,291 | AppPreprocessing | INFO | proteinreader: returning shape (375, 2)
2026-08-10 15:00:46,313 | AppPreprocessing | INFO | similarityreader: extracting 2 gene cosine column(s)
2026-08-10 15:00:54,610 | AppPreprocessing | INFO | cosine: cosine/ENSG -> 2 found, 0 NaN-filled (not found)
2026-08-10 15:00:54,613 | AppPreprocessing | INFO | similarityreader: returning shape (1479, 3)
2026-08-10 15:00:54,669 | ApplicationRunner | INFO | target_df shape is (1479, 7)
2026-08-10 15:00:54,669 | ApplicationRunner | INFO | Releasing target reader frames from memory
2026-08-10 15:00:54,745 | ApplicationRunner | INFO | Scoring: evidence + similarity (target)
2026-08-10 15:00:54,745 | Scoring | INFO | calculateevidencescore (type=target): input shape (1479, 7)
2026-08-10 15:00:54,745 | Scoring | INFO | calculateevidencescore: 6 value column(s)
2026-08-10 15:00:54,745 | Scoring | INFO | target_evidence: min=0.0000 max=0.7483
2026-08-10 15:00:54,745 | Scoring | INFO | calculatesimilarityscore (type=target): input shape (1479, 3)
2026-08-10 15:00:54,745 | Scoring | INFO | calculatesimilarityscore: 2 cosine column(s)
2026-08-10 15:00:54,763 | Scoring | INFO | target_similarity: min=0.0317 max=0.9765
2026-08-10 15:00:54,764 | ApplicationRunner | INFO | Releasing target cosine frame from memory
2026-08-10 15:00:54,848 | ApplicationRunner | INFO | Calculating the confidence score
2026-08-10 15:00:54,849 | Scoring | INFO | calculateconfidencescore: input shape (1479, 7)
2026-08-10 15:00:54,849 | Scoring | INFO | calculateconfidencescore: pooling 6 value column(s)
2026-08-10 15:00:55,062 | Scoring | INFO | confidence_score: nulls=5 of 1479
2026-08-10 15:00:55,062 | ApplicationRunner | INFO | Releasing confidence input frame from memory
2026-08-10 15:00:55,145 | Scoring | INFO | calculatenetevidencescore (type=target): input shape (1479, 2)
2026-08-10 15:00:55,145 | Scoring | INFO | calculatenetsimilarityscore (type=target): input shape (1479, 2)
2026-08-10 15:00:55,145 | ApplicationRunner | INFO | Releasing target evidence/similarity frames from memory
2026-08-10 15:00:55,232 | ApplicationRunner | INFO | Assembling final score (net_similarity x net_evidence x confidence)
2026-08-10 15:00:55,237 | Scoring | INFO | finalscoring: input shape (1479, 8)
2026-08-10 15:00:55,238 | Scoring | INFO | final_score: nulls=5 of 1479
2026-08-10 15:00:55,238 | ApplicationRunner | INFO | Releasing net score component frames from memory
2026-08-10 15:00:55,326 | ApplicationRunner | INFO | Releasing feature and final-score frames from memory
2026-08-10 15:00:55,410 | ApplicationRunner | INFO | Fusion flagging over 2 gene(s); filter=2
2026-08-10 15:00:55,410 | Fusion | INFO | fusionflagger: 1479 cell line(s), 2 target gene(s), 0 exclusion gene(s)
2026-08-10 15:00:56,260 | Fusion | INFO | fusionflagger: fusion table shape (184237, 31)
2026-08-10 15:00:56,262 | Fusion | INFO | fusionflagger: 0 matching fusion row(s); 0 exclusion-involved, 0 target-only ModelID(s)
2026-08-10 15:00:56,262 | Fusion | INFO | fusionflagger: releasing fusion table frames from memory
2026-08-10 15:00:56,352 | Fusion | INFO | fusionflagger: fusion_type counts -> {'No': 1479}
2026-08-10 15:00:56,432 | Fusion | INFO | require_fusion_models: 1479 row(s) in
2026-08-10 15:00:56,433 | Fusion | INFO | require_fusion_models: 1479 row(s) retained after dropping fusion-positive
2026-08-10 15:00:56,433 | ApplicationRunner | INFO | Mutation flagging over 2 gene(s); filter=2
2026-08-10 15:00:56,433 | Mutation | INFO | mutationflager: 1479 cell line(s), 2 target gene(s), 0 exclusion gene(s)
2026-08-10 15:01:07,865 | Mutation | INFO | mutationflager: mutation table shape (1066869, 71)
2026-08-10 15:01:08,838 | Mutation | INFO | mutationflager: 72 distinct ModelID(s) with a matching mutation; 0 exclusion-involved, 72 target-involved
2026-08-10 15:01:08,838 | Mutation | INFO | mutationflager: mutation_type counts -> {'No': 1420, 'target': 59}
2026-08-10 15:01:08,976 | Mutation | INFO | require_mutation_models: 1479 row(s) in
2026-08-10 15:01:08,976 | Mutation | INFO | require_mutation_models: 59 row(s) retained after dropping mutation-positive
2026-08-10 15:01:08,976 | ApplicationRunner | INFO | Filtering the dataset for the cell line names
2026-08-10 15:01:08,976 | AppPreprocessing | INFO | Getting the master look up table
2026-08-10 15:01:09,153 | AppPreprocessing | INFO | Filtering the required columns
2026-08-10 15:01:09,157 | AppPreprocessing | INFO | Mergining the data with the master table
2026-08-10 15:01:09,157 | AppPreprocessing | INFO | Droping the rows which have null value
2026-08-10 15:01:09,162 | AppPreprocessing | INFO | Removing the columns which are not needed
2026-08-10 15:01:09,166 | ApplicationRunner | INFO | Selected top 10 cell line(s)
2026-08-10 15:01:09,166 | Fusion | INFO | getthefusionreferencetable: 10 top cell line(s), 2 gene(s)
2026-08-10 15:01:09,999 | Fusion | INFO | getthefusionreferencetable: releasing full fusion table from memory
2026-08-10 15:01:10,104 | Fusion | INFO | getthefusionreferencetable: returning 0 reference row(s)
2026-08-10 15:01:10,104 | Mutation | INFO | getthemutationreferencetable: 10 cell line(s), 2 gene(s)
2026-08-10 15:01:20,269 | Mutation | INFO | getthemutationreferencetable: returning 14 reference row(s)
2026-08-10 15:01:20,377 | ApplicationRunner | INFO | Getting Metabolomnic data
2026-08-10 15:01:20,377 | AppPreprocessing | INFO | Getting the metabolomnic data
2026-08-10 15:01:20,422 | ApplicationRunner | INFO | Generating LLM explanation
2026-08-10 15:01:20,427 | Explanation | INFO | generate_explanation: starting
2026-08-10 15:01:20,427 | Explanation | INFO | generate_explanation: exclusionapplied=False fusionfilter=True mutationfilter=True disease=None
2026-08-10 15:01:20,432 | Explanation | INFO | _row_digest: built 10 record(s) with columns ['ModelID', 'final_score', 'net_similarity', 'net_evidence', 'confidence_score', 'modality_score', 'agreement', 'target_similarity', 'target_evidence', 'fusion_flag', 'mutation_flag']
2026-08-10 15:01:20,435 | Explanation | INFO | _population_context: {'total_candidates': 59, 'final_score_min': 0.0052, 'final_score_max': 0.3942, 'final_score_median': 0.0806, 'fusion_flag_yes_count': 0, 'mutation_flag_yes_count': 59}
2026-08-10 15:01:20,435 | Explanation | INFO | generate_explanation: prompt built (system=994 chars, user=8529 chars)
2026-08-10 15:01:20,518 | Explanation | INFO | ollama_chat: calling model 'llama3.2:3b' at http://localhost:11434
2026-08-10 15:08:04,136 | Explanation | INFO | ollama_chat: received 10304 character(s)
2026-08-10 15:08:04,140 | Explanation | INFO | generate_explanation: explanation generated (10304 chars)
2026-08-10 15:08:04,155 | ApplicationRunner | INFO | Running KMeans plot
2026-08-10 15:08:04,155 | ModelLoader | INFO | kmeansonthedata: 10 selected cell line(s)
2026-08-10 15:08:04,309 | ModelLoader | INFO | kmeansonthedata: factor matrix (1479, 20); predicting clusters
2026-08-10 15:08:04,417 | ModelLoader | INFO | kmeansonthedata: generating UMAP projection (full 1479-row manifold)
2026-08-10 15:08:21,147 | ModelLoader | INFO | kmeansonthedata: 10 of 10 chosen id(s) located on the map
2026-08-10 15:08:21,147 | ModelLoader | INFO | kmeansonthedata: releasing factor matrix and UMAP arrays from memory
2026-08-10 15:08:22,191 | ModelLoader | INFO | kmeansonthedata: plot saved to C:\Users\Shankar\Desktop\AstraZeneca\code\astrazeneca\CelllineSelector\images\kmeansplotforselectedcell_7ddac1f7-36f8-47ef-8345-4ae7d6a4017f.png
2026-08-10 15:08:22,191 | ModelLoader | INFO | kmeansonthedata: releasing plotting frames from memory
2026-08-10 15:08:22,299 | ApplicationRunner | INFO | Kmeans plot completed
2026-08-10 15:08:22,315 | ApplicationRunner | INFO | Running KNN
2026-08-10 15:08:22,315 | ModelLoader | INFO | knnonthedata: finding alternatives for 10 selected cell line(s)
2026-08-10 15:08:22,368 | ModelLoader | INFO | knnonthedata: releasing factor matrix from memory
2026-08-10 15:08:22,501 | ModelLoader | INFO | knnonthedata: 5 of 10 target(s) received an alternative
2026-08-10 15:08:22,501 | ApplicationRunner | INFO | KNN Completed
2026-08-10 15:08:22,501 | ApplicationRunner | INFO | Running Data combiner
2026-08-10 15:08:22,501 | AppPreprocessing | INFO | datacombiner: enriching 10 row(s) with master_lookup identity
2026-08-10 15:08:22,517 | AppPreprocessing | INFO | datacombiner: returning shape (10, 26)
2026-08-10 15:08:22,517 | AppPreprocessing | INFO | alternativedatacombiner: enriching 10 alternative row(s)
2026-08-10 15:08:22,534 | AppPreprocessing | INFO | alternativedatacombiner: returning shape (10, 8)
2026-08-10 15:08:22,537 | ApplicationRunner | INFO | Data combiner completed
2026-08-10 15:08:22,537 | ApplicationRunner | INFO | pipelinerun completed successfully
2026-08-10 15:14:37,626 | ApplicationRunner | INFO | Starting the pipeline run
2026-08-10 15:14:37,626 | ApplicationRunner | INFO | exclusionchecker=False and diseasechecker=False
2026-08-10 15:14:37,626 | ApplicationRunner | INFO | Resolving target ids and reading target omic tables
2026-08-10 15:14:37,626 | AppPreprocessing | INFO | genetoesng: resolving 2 gene symbol(s) to ENSG
2026-08-10 15:14:37,662 | AppPreprocessing | INFO | genetoesng: resolved 2 ENSG id(s)
2026-08-10 15:14:37,662 | AppPreprocessing | INFO | esngtoprotein: resolving proteins for 2 ENSG id(s)
2026-08-10 15:14:37,694 | AppPreprocessing | INFO | esngtoprotein: 1 protein(s) found, 1 ENSG id(s) without a protein (0-fill placeholders)
2026-08-10 15:14:37,694 | AppPreprocessing | INFO | depmapreader: extracting 2 ENSG column(s)
2026-08-10 15:14:48,465 | AppPreprocessing | INFO | depmap: RNA/ENSG -> 2 found, 0 NaN-filled (not found)
2026-08-10 15:14:48,465 | AppPreprocessing | INFO | depmapreader: returning shape (1479, 3)
2026-08-10 15:14:48,527 | AppPreprocessing | INFO | hparnareader: extracting 2 ENSG column(s)
2026-08-10 15:14:54,970 | AppPreprocessing | WARNING | hpa: removed 91 row(s) with null/duplicate ModelID (kept 1054 unique cell line(s))
2026-08-10 15:14:54,970 | AppPreprocessing | INFO | hpa: HPA/ENSG -> 2 found, 0 NaN-filled (not found)
2026-08-10 15:14:54,986 | AppPreprocessing | INFO | hparnareader: returning shape (1054, 3)
2026-08-10 15:14:55,012 | AppPreprocessing | INFO | proteinreader: extracting 1 protein column(s)
2026-08-10 15:14:55,930 | AppPreprocessing | INFO | protein: protein -> 1 found, 0 NaN-filled (not found)
2026-08-10 15:14:55,930 | AppPreprocessing | INFO | proteinreader: returning shape (375, 2)
2026-08-10 15:14:55,940 | AppPreprocessing | INFO | similarityreader: extracting 2 gene cosine column(s)
2026-08-10 15:15:03,615 | AppPreprocessing | INFO | cosine: cosine/ENSG -> 2 found, 0 NaN-filled (not found)
2026-08-10 15:15:03,615 | AppPreprocessing | INFO | similarityreader: returning shape (1479, 3)
2026-08-10 15:15:03,670 | ApplicationRunner | INFO | target_df shape is (1479, 7)
2026-08-10 15:15:03,670 | ApplicationRunner | INFO | Releasing target reader frames from memory
2026-08-10 15:15:03,761 | ApplicationRunner | INFO | Scoring: evidence + similarity (target)
2026-08-10 15:15:03,762 | Scoring | INFO | calculateevidencescore (type=target): input shape (1479, 7)
2026-08-10 15:15:03,762 | Scoring | INFO | calculateevidencescore: 6 value column(s)
2026-08-10 15:15:03,766 | Scoring | INFO | target_evidence: min=0.0000 max=0.7483
2026-08-10 15:15:03,767 | Scoring | INFO | calculatesimilarityscore (type=target): input shape (1479, 3)
2026-08-10 15:15:03,767 | Scoring | INFO | calculatesimilarityscore: 2 cosine column(s)
2026-08-10 15:15:03,770 | Scoring | INFO | target_similarity: min=0.0317 max=0.9765
2026-08-10 15:15:03,770 | ApplicationRunner | INFO | Releasing target cosine frame from memory
2026-08-10 15:15:03,855 | ApplicationRunner | INFO | Calculating the confidence score
2026-08-10 15:15:03,855 | Scoring | INFO | calculateconfidencescore: input shape (1479, 7)
2026-08-10 15:15:03,857 | Scoring | INFO | calculateconfidencescore: pooling 6 value column(s)
2026-08-10 15:15:04,053 | Scoring | INFO | confidence_score: nulls=5 of 1479
2026-08-10 15:15:04,053 | ApplicationRunner | INFO | Releasing confidence input frame from memory
2026-08-10 15:15:04,148 | Scoring | INFO | calculatenetevidencescore (type=target): input shape (1479, 2)
2026-08-10 15:15:04,149 | Scoring | INFO | calculatenetsimilarityscore (type=target): input shape (1479, 2)
2026-08-10 15:15:04,150 | ApplicationRunner | INFO | Releasing target evidence/similarity frames from memory
2026-08-10 15:15:04,231 | ApplicationRunner | INFO | Assembling final score (net_similarity x net_evidence x confidence)
2026-08-10 15:15:04,236 | Scoring | INFO | finalscoring: input shape (1479, 8)
2026-08-10 15:15:04,237 | Scoring | INFO | final_score: nulls=5 of 1479
2026-08-10 15:15:04,237 | ApplicationRunner | INFO | Releasing net score component frames from memory
2026-08-10 15:15:04,320 | ApplicationRunner | INFO | Releasing feature and final-score frames from memory
2026-08-10 15:15:04,398 | ApplicationRunner | INFO | Fusion flagging over 2 gene(s); filter=2
2026-08-10 15:15:04,398 | Fusion | INFO | fusionflagger: 1479 cell line(s), 2 target gene(s), 0 exclusion gene(s)
2026-08-10 15:15:05,234 | Fusion | INFO | fusionflagger: fusion table shape (184237, 31)
2026-08-10 15:15:05,241 | Fusion | INFO | fusionflagger: 0 matching fusion row(s); 0 exclusion-involved, 0 target-only ModelID(s)
2026-08-10 15:15:05,243 | Fusion | INFO | fusionflagger: releasing fusion table frames from memory
2026-08-10 15:15:05,325 | Fusion | INFO | fusionflagger: fusion_type counts -> {'No': 1479}
2026-08-10 15:15:05,408 | Fusion | INFO | require_fusion_models: 1479 row(s) in
2026-08-10 15:15:05,408 | Fusion | INFO | require_fusion_models: 1479 row(s) retained after dropping fusion-positive
2026-08-10 15:15:05,408 | ApplicationRunner | INFO | Mutation flagging over 2 gene(s); filter=2
2026-08-10 15:15:05,408 | Mutation | INFO | mutationflager: 1479 cell line(s), 2 target gene(s), 0 exclusion gene(s)
2026-08-10 15:15:16,905 | Mutation | INFO | mutationflager: mutation table shape (1066869, 71)
2026-08-10 15:15:17,563 | Mutation | INFO | mutationflager: 72 distinct ModelID(s) with a matching mutation; 0 exclusion-involved, 72 target-involved
2026-08-10 15:15:17,563 | Mutation | INFO | mutationflager: mutation_type counts -> {'No': 1420, 'target': 59}
2026-08-10 15:15:17,578 | Mutation | INFO | mutationflager: 1479 cell line(s), 2 target gene(s), 0 exclusion gene(s)
2026-08-10 15:15:27,300 | Mutation | INFO | mutationflager: mutation table shape (1066869, 71)
2026-08-10 15:15:27,850 | Mutation | INFO | mutationflager: 72 distinct ModelID(s) with a matching mutation; 0 exclusion-involved, 72 target-involved
2026-08-10 15:15:27,850 | Mutation | INFO | mutationflager: mutation_type counts -> {'No': 1420, 'target': 59}
2026-08-10 15:15:27,940 | Mutation | INFO | require_mutation_models: 1479 row(s) in
2026-08-10 15:15:27,940 | Mutation | INFO | require_mutation_models: 59 row(s) retained after dropping mutation-positive
2026-08-10 15:15:27,940 | ApplicationRunner | INFO | Filtering the dataset for the cell line names
2026-08-10 15:15:27,940 | AppPreprocessing | INFO | Getting the master look up table
2026-08-10 15:15:27,958 | AppPreprocessing | INFO | Filtering the required columns
2026-08-10 15:15:27,958 | AppPreprocessing | INFO | Mergining the data with the master table
2026-08-10 15:15:27,967 | AppPreprocessing | INFO | Droping the rows which have null value
2026-08-10 15:15:27,967 | AppPreprocessing | INFO | Removing the columns which are not needed
2026-08-10 15:15:27,969 | AppPreprocessing | INFO | Getting the master look up table
2026-08-10 15:15:27,977 | AppPreprocessing | INFO | Filtering the required columns
2026-08-10 15:15:27,977 | AppPreprocessing | INFO | Mergining the data with the master table
2026-08-10 15:15:27,982 | AppPreprocessing | INFO | Droping the rows which have null value
2026-08-10 15:15:27,984 | AppPreprocessing | INFO | Removing the columns which are not needed
2026-08-10 15:15:27,984 | ApplicationRunner | INFO | Selected top 10 cell line(s)
2026-08-10 15:15:27,986 | Fusion | INFO | getthefusionreferencetable: 10 top cell line(s), 2 gene(s)
2026-08-10 15:15:29,089 | Fusion | INFO | getthefusionreferencetable: releasing full fusion table from memory
2026-08-10 15:15:29,188 | Fusion | INFO | getthefusionreferencetable: returning 0 reference row(s)
2026-08-10 15:15:29,188 | Mutation | INFO | getthemutationreferencetable: 10 cell line(s), 2 gene(s)
2026-08-10 15:15:40,971 | Mutation | INFO | getthemutationreferencetable: returning 14 reference row(s)
2026-08-10 15:15:41,135 | ApplicationRunner | INFO | Getting Metabolomnic data
2026-08-10 15:15:41,135 | AppPreprocessing | INFO | Getting the metabolomnic data
2026-08-10 15:15:41,211 | ApplicationRunner | INFO | Generating LLM explanation
2026-08-10 15:15:41,212 | Explanation | INFO | generate_explanation: starting
2026-08-10 15:15:41,212 | Explanation | INFO | generate_explanation: exclusionapplied=False fusionfilter=True mutationfilter=True disease=None
2026-08-10 15:15:41,219 | Explanation | INFO | _row_digest: built 10 record(s) with columns ['ModelID', 'final_score', 'net_similarity', 'net_evidence', 'confidence_score', 'modality_score', 'agreement', 'target_similarity', 'target_evidence', 'fusion_flag', 'mutation_flag']
2026-08-10 15:15:41,226 | Explanation | INFO | _population_context: {'total_candidates': 1410, 'final_score_min': 0.0, 'final_score_max': 0.5868, 'final_score_median': 0.0731, 'fusion_flag_yes_count': 0, 'mutation_flag_yes_count': 59}
2026-08-10 15:15:41,227 | Explanation | INFO | generate_explanation: prompt built (system=994 chars, user=8528 chars)
2026-08-10 15:15:41,355 | Explanation | INFO | ollama_chat: calling model 'llama3.2:3b' at http://localhost:11434
2026-08-10 15:18:51,212 | Explanation | INFO | ollama_chat: received 3773 character(s)
2026-08-10 15:18:51,213 | Explanation | INFO | generate_explanation: explanation generated (3773 chars)
2026-08-10 15:18:51,230 | ApplicationRunner | INFO | Running KMeans plot
2026-08-10 15:18:51,230 | ModelLoader | INFO | kmeansonthedata: 10 selected cell line(s)
2026-08-10 15:18:51,369 | ModelLoader | INFO | kmeansonthedata: factor matrix (1479, 20); predicting clusters
2026-08-10 15:18:51,484 | ModelLoader | INFO | kmeansonthedata: generating UMAP projection (full 1479-row manifold)
2026-08-10 15:19:07,212 | ModelLoader | INFO | kmeansonthedata: 10 of 10 chosen id(s) located on the map
2026-08-10 15:19:07,212 | ModelLoader | INFO | kmeansonthedata: releasing factor matrix and UMAP arrays from memory
2026-08-10 15:19:07,951 | ModelLoader | INFO | kmeansonthedata: plot saved to C:\Users\Shankar\Desktop\AstraZeneca\code\astrazeneca\CelllineSelector\images\kmeansplotforselectedcell_7146b050-82d4-4de4-9ee5-eb86cb4c6ceb.png
2026-08-10 15:19:07,951 | ModelLoader | INFO | kmeansonthedata: releasing plotting frames from memory
2026-08-10 15:19:08,113 | ApplicationRunner | INFO | Kmeans plot completed
2026-08-10 15:19:08,113 | ApplicationRunner | INFO | Running KNN
2026-08-10 15:19:08,113 | ModelLoader | INFO | knnonthedata: finding alternatives for 10 selected cell line(s)
2026-08-10 15:19:08,178 | ModelLoader | INFO | knnonthedata: releasing factor matrix from memory
2026-08-10 15:19:08,328 | ModelLoader | INFO | knnonthedata: 10 of 10 target(s) received an alternative
2026-08-10 15:19:08,328 | ApplicationRunner | INFO | KNN Completed
2026-08-10 15:19:08,328 | ApplicationRunner | INFO | Running Data combiner
2026-08-10 15:19:08,328 | AppPreprocessing | INFO | datacombiner: enriching 10 row(s) with master_lookup identity
2026-08-10 15:19:08,347 | AppPreprocessing | INFO | datacombiner: returning shape (10, 26)
2026-08-10 15:19:08,347 | AppPreprocessing | INFO | alternativedatacombiner: enriching 10 alternative row(s)
2026-08-10 15:19:08,366 | AppPreprocessing | INFO | alternativedatacombiner: returning shape (10, 8)
2026-08-10 15:19:08,366 | ApplicationRunner | INFO | Data combiner completed
2026-08-10 15:19:08,366 | ApplicationRunner | INFO | pipelinerun completed successfully
2026-08-10 15:48:00,643 | ApplicationRunner | INFO | Starting the pipeline run
2026-08-10 15:48:00,643 | ApplicationRunner | INFO | exclusionchecker=False and diseasechecker=False
2026-08-10 15:48:00,643 | ApplicationRunner | INFO | Resolving target ids and reading target omic tables
2026-08-10 15:48:00,643 | AppPreprocessing | INFO | genetoesng: resolving 5 gene symbol(s) to ENSG
2026-08-10 15:48:00,694 | AppPreprocessing | INFO | genetoesng: resolved 5 ENSG id(s)
2026-08-10 15:48:00,694 | AppPreprocessing | INFO | esngtoprotein: resolving proteins for 5 ENSG id(s)
2026-08-10 15:48:00,711 | AppPreprocessing | INFO | esngtoprotein: 4 protein(s) found, 1 ENSG id(s) without a protein (0-fill placeholders)
2026-08-10 15:48:00,711 | AppPreprocessing | INFO | depmapreader: extracting 5 ENSG column(s)
2026-08-10 15:48:13,794 | AppPreprocessing | INFO | depmap: RNA/ENSG -> 5 found, 0 NaN-filled (not found)
2026-08-10 15:48:13,804 | AppPreprocessing | INFO | depmapreader: returning shape (1479, 6)
2026-08-10 15:48:13,927 | AppPreprocessing | INFO | hparnareader: extracting 5 ENSG column(s)
2026-08-10 15:48:27,470 | AppPreprocessing | WARNING | hpa: removed 91 row(s) with null/duplicate ModelID (kept 1054 unique cell line(s))
2026-08-10 15:48:27,470 | AppPreprocessing | INFO | hpa: HPA/ENSG -> 5 found, 0 NaN-filled (not found)
2026-08-10 15:48:27,470 | AppPreprocessing | INFO | hparnareader: returning shape (1054, 6)
2026-08-10 15:48:27,512 | AppPreprocessing | INFO | proteinreader: extracting 4 protein column(s)
2026-08-10 15:48:29,339 | AppPreprocessing | INFO | protein: protein -> 4 found, 0 NaN-filled (not found)
2026-08-10 15:48:29,339 | AppPreprocessing | INFO | proteinreader: returning shape (375, 5)
2026-08-10 15:48:29,349 | AppPreprocessing | INFO | similarityreader: extracting 5 gene cosine column(s)
2026-08-10 15:48:39,353 | AppPreprocessing | INFO | cosine: cosine/ENSG -> 5 found, 0 NaN-filled (not found)
2026-08-10 15:48:39,353 | AppPreprocessing | INFO | similarityreader: returning shape (1479, 6)
2026-08-10 15:48:39,421 | ApplicationRunner | INFO | target_df shape is (1479, 16)
2026-08-10 15:48:39,421 | ApplicationRunner | INFO | Releasing target reader frames from memory
2026-08-10 15:48:39,509 | ApplicationRunner | INFO | Scoring: evidence + similarity (target)
2026-08-10 15:48:39,525 | Scoring | INFO | calculateevidencescore (type=target): input shape (1479, 16)
2026-08-10 15:48:39,525 | Scoring | INFO | calculateevidencescore: 15 value column(s)
2026-08-10 15:48:39,531 | Scoring | INFO | target_evidence: min=0.0458 max=0.6128
2026-08-10 15:48:39,534 | Scoring | INFO | calculatesimilarityscore (type=target): input shape (1479, 6)
2026-08-10 15:48:39,534 | Scoring | INFO | calculatesimilarityscore: 5 cosine column(s)
2026-08-10 15:48:39,537 | Scoring | INFO | target_similarity: min=0.1785 max=0.8083
2026-08-10 15:48:39,539 | ApplicationRunner | INFO | Releasing target cosine frame from memory
2026-08-10 15:48:39,633 | ApplicationRunner | INFO | Calculating the confidence score
2026-08-10 15:48:39,642 | Scoring | INFO | calculateconfidencescore: input shape (1479, 16)
2026-08-10 15:48:39,642 | Scoring | INFO | calculateconfidencescore: pooling 15 value column(s)
2026-08-10 15:48:39,872 | Scoring | INFO | confidence_score: nulls=0 of 1479
2026-08-10 15:48:39,872 | ApplicationRunner | INFO | Releasing confidence input frame from memory
2026-08-10 15:48:39,955 | Scoring | INFO | calculatenetevidencescore (type=target): input shape (1479, 2)
2026-08-10 15:48:39,955 | Scoring | INFO | calculatenetsimilarityscore (type=target): input shape (1479, 2)
2026-08-10 15:48:39,955 | ApplicationRunner | INFO | Releasing target evidence/similarity frames from memory
2026-08-10 15:48:40,034 | ApplicationRunner | INFO | Assembling final score (net_similarity x net_evidence x confidence)
2026-08-10 15:48:40,039 | Scoring | INFO | finalscoring: input shape (1479, 8)
2026-08-10 15:48:40,042 | Scoring | INFO | final_score: nulls=0 of 1479
2026-08-10 15:48:40,042 | ApplicationRunner | INFO | Releasing net score component frames from memory
2026-08-10 15:48:40,124 | ApplicationRunner | INFO | Releasing feature and final-score frames from memory
2026-08-10 15:48:40,203 | ApplicationRunner | INFO | Fusion flagging over 5 gene(s); filter=2
2026-08-10 15:48:40,204 | Fusion | INFO | fusionflagger: 1479 cell line(s), 5 target gene(s), 0 exclusion gene(s)
2026-08-10 15:48:41,013 | Fusion | INFO | fusionflagger: fusion table shape (184237, 31)
2026-08-10 15:48:41,021 | Fusion | INFO | fusionflagger: 0 matching fusion row(s); 0 exclusion-involved, 0 target-only ModelID(s)
2026-08-10 15:48:41,021 | Fusion | INFO | fusionflagger: releasing fusion table frames from memory
2026-08-10 15:48:41,135 | Fusion | INFO | fusionflagger: fusion_type counts -> {'No': 1479}
2026-08-10 15:48:41,237 | Fusion | INFO | require_fusion_models: 1479 row(s) in
2026-08-10 15:48:41,237 | Fusion | INFO | require_fusion_models: 1479 row(s) retained after dropping fusion-positive
2026-08-10 15:48:41,237 | ApplicationRunner | INFO | Mutation flagging over 5 gene(s); filter=2
2026-08-10 15:48:41,237 | Mutation | INFO | mutationflager: 1479 cell line(s), 5 target gene(s), 0 exclusion gene(s)
2026-08-10 15:48:53,553 | Mutation | INFO | mutationflager: mutation table shape (1066869, 71)
2026-08-10 15:48:54,259 | Mutation | INFO | mutationflager: 118 distinct ModelID(s) with a matching mutation; 0 exclusion-involved, 118 target-involved
2026-08-10 15:48:54,259 | Mutation | INFO | mutationflager: mutation_type counts -> {'No': 1379, 'target': 100}
2026-08-10 15:48:54,259 | Mutation | INFO | mutationflager: 1479 cell line(s), 5 target gene(s), 0 exclusion gene(s)
2026-08-10 15:49:04,247 | Mutation | INFO | mutationflager: mutation table shape (1066869, 71)
2026-08-10 15:49:04,796 | Mutation | INFO | mutationflager: 118 distinct ModelID(s) with a matching mutation; 0 exclusion-involved, 118 target-involved
2026-08-10 15:49:04,812 | Mutation | INFO | mutationflager: mutation_type counts -> {'No': 1379, 'target': 100}
2026-08-10 15:49:04,923 | Mutation | INFO | require_mutation_models: 1479 row(s) in
2026-08-10 15:49:04,923 | Mutation | INFO | require_mutation_models: 100 row(s) retained after dropping mutation-positive
2026-08-10 15:49:04,923 | ApplicationRunner | INFO | Filtering the dataset for the cell line names
2026-08-10 15:49:04,923 | AppPreprocessing | INFO | Getting the master look up table
2026-08-10 15:49:04,923 | AppPreprocessing | INFO | Filtering the required columns
2026-08-10 15:49:04,923 | AppPreprocessing | INFO | Mergining the data with the master table
2026-08-10 15:49:04,938 | AppPreprocessing | INFO | Droping the rows which have null value
2026-08-10 15:49:04,940 | AppPreprocessing | INFO | Removing the columns which are not needed
2026-08-10 15:49:04,941 | AppPreprocessing | INFO | Getting the master look up table
2026-08-10 15:49:04,942 | AppPreprocessing | INFO | Filtering the required columns
2026-08-10 15:49:04,942 | AppPreprocessing | INFO | Mergining the data with the master table
2026-08-10 15:49:04,953 | AppPreprocessing | INFO | Droping the rows which have null value
2026-08-10 15:49:04,955 | AppPreprocessing | INFO | Removing the columns which are not needed
2026-08-10 15:49:04,956 | ApplicationRunner | INFO | Selected top 10 cell line(s)
2026-08-10 15:49:04,956 | Fusion | INFO | getthefusionreferencetable: 10 top cell line(s), 5 gene(s)
2026-08-10 15:49:06,041 | Fusion | INFO | getthefusionreferencetable: releasing full fusion table from memory
2026-08-10 15:49:06,133 | Fusion | INFO | getthefusionreferencetable: returning 0 reference row(s)
2026-08-10 15:49:06,133 | Mutation | INFO | getthemutationreferencetable: 10 cell line(s), 5 gene(s)
2026-08-10 15:49:15,249 | Mutation | INFO | getthemutationreferencetable: returning 15 reference row(s)
2026-08-10 15:49:15,347 | ApplicationRunner | INFO | Getting Metabolomnic data
2026-08-10 15:49:15,347 | AppPreprocessing | INFO | Getting the metabolomnic data
2026-08-10 15:49:15,404 | ApplicationRunner | INFO | Generating LLM explanation
2026-08-10 15:49:15,405 | Explanation | INFO | generate_explanation: starting
2026-08-10 15:49:15,405 | Explanation | INFO | generate_explanation: exclusionapplied=False fusionfilter=True mutationfilter=True disease=None
2026-08-10 15:49:15,409 | Explanation | INFO | _row_digest: built 10 record(s) with columns ['ModelID', 'final_score', 'net_similarity', 'net_evidence', 'confidence_score', 'modality_score', 'agreement', 'target_similarity', 'target_evidence', 'fusion_flag', 'mutation_flag']
2026-08-10 15:49:15,412 | Explanation | INFO | _population_context: {'total_candidates': 1410, 'final_score_min': 0.0067, 'final_score_max': 0.4209, 'final_score_median': 0.0885, 'fusion_flag_yes_count': 0, 'mutation_flag_yes_count': 100}
2026-08-10 15:49:15,413 | Explanation | INFO | generate_explanation: prompt built (system=994 chars, user=8550 chars)
2026-08-10 15:49:15,501 | Explanation | INFO | ollama_chat: calling model 'llama3.2:3b' at http://localhost:11434
2026-08-10 15:53:22,605 | Explanation | INFO | ollama_chat: received 4974 character(s)
2026-08-10 15:53:22,606 | Explanation | INFO | generate_explanation: explanation generated (4974 chars)
2026-08-10 15:53:22,615 | ApplicationRunner | INFO | Running KMeans plot
2026-08-10 15:53:22,615 | ModelLoader | INFO | kmeansonthedata: 10 selected cell line(s)
2026-08-10 15:53:22,752 | ModelLoader | INFO | kmeansonthedata: factor matrix (1479, 20); predicting clusters
2026-08-10 15:53:22,852 | ModelLoader | INFO | kmeansonthedata: generating UMAP projection (full 1479-row manifold)
2026-08-10 15:53:37,153 | ModelLoader | INFO | kmeansonthedata: 10 of 10 chosen id(s) located on the map
2026-08-10 15:53:37,153 | ModelLoader | INFO | kmeansonthedata: releasing factor matrix and UMAP arrays from memory
2026-08-10 15:53:37,884 | ModelLoader | INFO | kmeansonthedata: plot saved to C:\Users\Shankar\Desktop\AstraZeneca\code\astrazeneca\CelllineSelector\images\kmeansplotforselectedcell_9c88dd3c-bffe-4754-98b5-91e0665d9cca.png
2026-08-10 15:53:37,884 | ModelLoader | INFO | kmeansonthedata: releasing plotting frames from memory
2026-08-10 15:53:38,005 | ApplicationRunner | INFO | Kmeans plot completed
2026-08-10 15:53:38,005 | ApplicationRunner | INFO | Running KNN
2026-08-10 15:53:38,005 | ModelLoader | INFO | knnonthedata: finding alternatives for 10 selected cell line(s)
2026-08-10 15:53:38,045 | ModelLoader | INFO | knnonthedata: releasing factor matrix from memory
2026-08-10 15:53:38,179 | ModelLoader | INFO | knnonthedata: 10 of 10 target(s) received an alternative
2026-08-10 15:53:38,179 | ApplicationRunner | INFO | KNN Completed
2026-08-10 15:53:38,180 | ApplicationRunner | INFO | Running Data combiner
2026-08-10 15:53:38,180 | AppPreprocessing | INFO | datacombiner: enriching 10 row(s) with master_lookup identity
2026-08-10 15:53:38,192 | AppPreprocessing | INFO | datacombiner: returning shape (10, 35)
2026-08-10 15:53:38,192 | AppPreprocessing | INFO | alternativedatacombiner: enriching 10 alternative row(s)
2026-08-10 15:53:38,205 | AppPreprocessing | INFO | alternativedatacombiner: returning shape (10, 8)
2026-08-10 15:53:38,205 | ApplicationRunner | INFO | Data combiner completed
2026-08-10 15:53:38,205 | ApplicationRunner | INFO | pipelinerun completed successfully
2026-08-10 15:56:30,938 | ApplicationRunner | INFO | Starting the pipeline run
2026-08-10 15:56:30,938 | ApplicationRunner | INFO | exclusionchecker=False and diseasechecker=False
2026-08-10 15:56:30,938 | ApplicationRunner | INFO | Resolving target ids and reading target omic tables
2026-08-10 15:56:30,938 | AppPreprocessing | INFO | genetoesng: resolving 5 gene symbol(s) to ENSG
2026-08-10 15:56:30,968 | AppPreprocessing | INFO | genetoesng: resolved 5 ENSG id(s)
2026-08-10 15:56:30,968 | AppPreprocessing | INFO | esngtoprotein: resolving proteins for 5 ENSG id(s)
2026-08-10 15:56:30,988 | AppPreprocessing | INFO | esngtoprotein: 4 protein(s) found, 1 ENSG id(s) without a protein (0-fill placeholders)
2026-08-10 15:56:30,988 | AppPreprocessing | INFO | depmapreader: extracting 5 ENSG column(s)
2026-08-10 15:56:38,731 | AppPreprocessing | INFO | depmap: RNA/ENSG -> 5 found, 0 NaN-filled (not found)
2026-08-10 15:56:38,732 | AppPreprocessing | INFO | depmapreader: returning shape (1479, 6)
2026-08-10 15:56:38,770 | AppPreprocessing | INFO | hparnareader: extracting 5 ENSG column(s)
2026-08-10 15:56:46,250 | AppPreprocessing | WARNING | hpa: removed 91 row(s) with null/duplicate ModelID (kept 1054 unique cell line(s))
2026-08-10 15:56:46,250 | AppPreprocessing | INFO | hpa: HPA/ENSG -> 5 found, 0 NaN-filled (not found)
2026-08-10 15:56:46,250 | AppPreprocessing | INFO | hparnareader: returning shape (1054, 6)
2026-08-10 15:56:46,315 | AppPreprocessing | INFO | proteinreader: extracting 4 protein column(s)
2026-08-10 15:56:47,990 | AppPreprocessing | INFO | protein: protein -> 4 found, 0 NaN-filled (not found)
2026-08-10 15:56:47,990 | AppPreprocessing | INFO | proteinreader: returning shape (375, 5)
2026-08-10 15:56:47,999 | AppPreprocessing | INFO | similarityreader: extracting 5 gene cosine column(s)
2026-08-10 15:56:57,292 | AppPreprocessing | INFO | cosine: cosine/ENSG -> 5 found, 0 NaN-filled (not found)
2026-08-10 15:56:57,292 | AppPreprocessing | INFO | similarityreader: returning shape (1479, 6)
2026-08-10 15:56:57,348 | ApplicationRunner | INFO | target_df shape is (1479, 16)
2026-08-10 15:56:57,350 | ApplicationRunner | INFO | Releasing target reader frames from memory
2026-08-10 15:56:57,438 | ApplicationRunner | INFO | Scoring: evidence + similarity (target)
2026-08-10 15:56:57,439 | Scoring | INFO | calculateevidencescore (type=target): input shape (1479, 16)
2026-08-10 15:56:57,439 | Scoring | INFO | calculateevidencescore: 15 value column(s)
2026-08-10 15:56:57,444 | Scoring | INFO | target_evidence: min=0.0458 max=0.6128
2026-08-10 15:56:57,445 | Scoring | INFO | calculatesimilarityscore (type=target): input shape (1479, 6)
2026-08-10 15:56:57,445 | Scoring | INFO | calculatesimilarityscore: 5 cosine column(s)
2026-08-10 15:56:57,449 | Scoring | INFO | target_similarity: min=0.1785 max=0.8083
2026-08-10 15:56:57,449 | ApplicationRunner | INFO | Releasing target cosine frame from memory
2026-08-10 15:56:57,529 | ApplicationRunner | INFO | Calculating the confidence score
2026-08-10 15:56:57,530 | Scoring | INFO | calculateconfidencescore: input shape (1479, 16)
2026-08-10 15:56:57,531 | Scoring | INFO | calculateconfidencescore: pooling 15 value column(s)
2026-08-10 15:56:57,751 | Scoring | INFO | confidence_score: nulls=0 of 1479
2026-08-10 15:56:57,751 | ApplicationRunner | INFO | Releasing confidence input frame from memory
2026-08-10 15:56:57,833 | Scoring | INFO | calculatenetevidencescore (type=target): input shape (1479, 2)
2026-08-10 15:56:57,833 | Scoring | INFO | calculatenetsimilarityscore (type=target): input shape (1479, 2)
2026-08-10 15:56:57,833 | ApplicationRunner | INFO | Releasing target evidence/similarity frames from memory
2026-08-10 15:56:57,932 | ApplicationRunner | INFO | Assembling final score (net_similarity x net_evidence x confidence)
2026-08-10 15:56:57,939 | Scoring | INFO | finalscoring: input shape (1479, 8)
2026-08-10 15:56:57,939 | Scoring | INFO | final_score: nulls=0 of 1479
2026-08-10 15:56:57,939 | ApplicationRunner | INFO | Releasing net score component frames from memory
2026-08-10 15:56:58,026 | ApplicationRunner | INFO | Releasing feature and final-score frames from memory
2026-08-10 15:56:58,109 | ApplicationRunner | INFO | Fusion flagging over 5 gene(s); filter=2
2026-08-10 15:56:58,109 | Fusion | INFO | fusionflagger: 1479 cell line(s), 5 gene(s)
2026-08-10 15:56:59,007 | Fusion | INFO | fusionflagger: fusion table shape (184237, 31)
2026-08-10 15:56:59,007 | Fusion | INFO | fusionflagger: 0 matching fusion row(s) and 0 distinct flagged ModelID(s)
2026-08-10 15:56:59,007 | Fusion | INFO | fusionflagger: releasing fusion table frames from memory
2026-08-10 15:56:59,099 | Fusion | INFO | fusionflagger: 0 cell line(s) flagged Yes
2026-08-10 15:56:59,214 | Fusion | INFO | require_fusion_models: 1479 row(s) in
2026-08-10 15:56:59,214 | Fusion | ERROR | Error executing require_fusion_models: "Input must be processed by fusionflagger() first (needs 'fusion_flag' and 'fusion_type')."
2026-08-10 15:56:59,214 | ApplicationRunner | ERROR | Error while running the application pipeline: "Input must be processed by fusionflagger() first (needs 'fusion_flag' and 'fusion_type')."
2026-08-10 15:58:01,691 | ApplicationRunner | INFO | Starting the pipeline run
2026-08-10 15:58:01,691 | ApplicationRunner | INFO | exclusionchecker=False and diseasechecker=False
2026-08-10 15:58:01,691 | ApplicationRunner | INFO | Resolving target ids and reading target omic tables
2026-08-10 15:58:01,691 | AppPreprocessing | INFO | genetoesng: resolving 5 gene symbol(s) to ENSG
2026-08-10 15:58:01,725 | AppPreprocessing | INFO | genetoesng: resolved 5 ENSG id(s)
2026-08-10 15:58:01,725 | AppPreprocessing | INFO | esngtoprotein: resolving proteins for 5 ENSG id(s)
2026-08-10 15:58:01,748 | AppPreprocessing | INFO | esngtoprotein: 4 protein(s) found, 1 ENSG id(s) without a protein (0-fill placeholders)
2026-08-10 15:58:01,748 | AppPreprocessing | INFO | depmapreader: extracting 5 ENSG column(s)
2026-08-10 15:58:09,504 | AppPreprocessing | INFO | depmap: RNA/ENSG -> 5 found, 0 NaN-filled (not found)
2026-08-10 15:58:09,505 | AppPreprocessing | INFO | depmapreader: returning shape (1479, 6)
2026-08-10 15:58:09,540 | AppPreprocessing | INFO | hparnareader: extracting 5 ENSG column(s)
2026-08-10 15:58:16,499 | AppPreprocessing | WARNING | hpa: removed 91 row(s) with null/duplicate ModelID (kept 1054 unique cell line(s))
2026-08-10 15:58:16,499 | AppPreprocessing | INFO | hpa: HPA/ENSG -> 5 found, 0 NaN-filled (not found)
2026-08-10 15:58:16,499 | AppPreprocessing | INFO | hparnareader: returning shape (1054, 6)
2026-08-10 15:58:16,530 | AppPreprocessing | INFO | proteinreader: extracting 4 protein column(s)
2026-08-10 15:58:17,864 | AppPreprocessing | INFO | protein: protein -> 4 found, 0 NaN-filled (not found)
2026-08-10 15:58:17,864 | AppPreprocessing | INFO | proteinreader: returning shape (375, 5)
2026-08-10 15:58:17,882 | AppPreprocessing | INFO | similarityreader: extracting 5 gene cosine column(s)
2026-08-10 15:58:27,097 | AppPreprocessing | INFO | cosine: cosine/ENSG -> 5 found, 0 NaN-filled (not found)
2026-08-10 15:58:27,097 | AppPreprocessing | INFO | similarityreader: returning shape (1479, 6)
2026-08-10 15:58:27,147 | ApplicationRunner | INFO | target_df shape is (1479, 16)
2026-08-10 15:58:27,147 | ApplicationRunner | INFO | Releasing target reader frames from memory
2026-08-10 15:58:27,246 | ApplicationRunner | INFO | Scoring: evidence + similarity (target)
2026-08-10 15:58:27,248 | Scoring | INFO | calculateevidencescore (type=target): input shape (1479, 16)
2026-08-10 15:58:27,248 | Scoring | INFO | calculateevidencescore: 15 value column(s)
2026-08-10 15:58:27,256 | Scoring | INFO | target_evidence: min=0.0458 max=0.6128
2026-08-10 15:58:27,257 | Scoring | INFO | calculatesimilarityscore (type=target): input shape (1479, 6)
2026-08-10 15:58:27,258 | Scoring | INFO | calculatesimilarityscore: 5 cosine column(s)
2026-08-10 15:58:27,261 | Scoring | INFO | target_similarity: min=0.1785 max=0.8083
2026-08-10 15:58:27,262 | ApplicationRunner | INFO | Releasing target cosine frame from memory
2026-08-10 15:58:27,354 | ApplicationRunner | INFO | Calculating the confidence score
2026-08-10 15:58:27,355 | Scoring | INFO | calculateconfidencescore: input shape (1479, 16)
2026-08-10 15:58:27,355 | Scoring | INFO | calculateconfidencescore: pooling 15 value column(s)
2026-08-10 15:58:27,617 | Scoring | INFO | confidence_score: nulls=0 of 1479
2026-08-10 15:58:27,617 | ApplicationRunner | INFO | Releasing confidence input frame from memory
2026-08-10 15:58:27,700 | Scoring | INFO | calculatenetevidencescore (type=target): input shape (1479, 2)
2026-08-10 15:58:27,700 | Scoring | INFO | calculatenetsimilarityscore (type=target): input shape (1479, 2)
2026-08-10 15:58:27,700 | ApplicationRunner | INFO | Releasing target evidence/similarity frames from memory
2026-08-10 15:58:27,790 | ApplicationRunner | INFO | Assembling final score (net_similarity x net_evidence x confidence)
2026-08-10 15:58:27,797 | Scoring | INFO | finalscoring: input shape (1479, 8)
2026-08-10 15:58:27,798 | Scoring | INFO | final_score: nulls=0 of 1479
2026-08-10 15:58:27,798 | ApplicationRunner | INFO | Releasing net score component frames from memory
2026-08-10 15:58:27,887 | ApplicationRunner | INFO | Releasing feature and final-score frames from memory
2026-08-10 15:58:27,978 | ApplicationRunner | INFO | Fusion flagging over 5 gene(s); filter=2
2026-08-10 15:58:27,978 | Fusion | INFO | fusionflagger: 1479 cell line(s), 5 gene(s)
2026-08-10 15:58:28,897 | Fusion | INFO | fusionflagger: fusion table shape (184237, 31)
2026-08-10 15:58:28,906 | Fusion | INFO | fusionflagger: 0 matching fusion row(s) and 0 distinct flagged ModelID(s)
2026-08-10 15:58:28,906 | Fusion | INFO | fusionflagger: releasing fusion table frames from memory
2026-08-10 15:58:29,000 | Fusion | INFO | fusionflagger: 0 cell line(s) flagged Yes
2026-08-10 15:58:29,080 | Fusion | INFO | require_fusion_models: 1479 row(s) in
2026-08-10 15:58:29,080 | Fusion | INFO | require_fusion_models: 1479 row(s) retained after dropping fusion-positive
2026-08-10 15:58:29,080 | ApplicationRunner | INFO | Mutation flagging over 5 gene(s); filter=2
2026-08-10 15:58:29,080 | Mutation | INFO | mutationflager: 1479 cell line(s), 5 target gene(s), 0 exclusion gene(s)
2026-08-10 15:58:38,292 | Mutation | INFO | mutationflager: mutation table shape (1066869, 71)
2026-08-10 15:58:38,937 | Mutation | INFO | mutationflager: 118 distinct ModelID(s) with a matching mutation; 0 exclusion-involved, 118 target-involved
2026-08-10 15:58:38,944 | Mutation | INFO | mutationflager: mutation_type counts -> {'No': 1379, 'target': 100}
2026-08-10 15:58:38,948 | Mutation | INFO | mutationflager: 1479 cell line(s), 5 target gene(s), 0 exclusion gene(s)
2026-08-10 15:58:51,819 | Mutation | INFO | mutationflager: mutation table shape (1066869, 71)
2026-08-10 15:58:52,431 | Mutation | INFO | mutationflager: 118 distinct ModelID(s) with a matching mutation; 0 exclusion-involved, 118 target-involved
2026-08-10 15:58:52,431 | Mutation | INFO | mutationflager: mutation_type counts -> {'No': 1379, 'target': 100}
2026-08-10 15:58:52,560 | Mutation | INFO | require_mutation_models: 1479 row(s) in
2026-08-10 15:58:52,580 | Mutation | INFO | require_mutation_models: 100 row(s) retained after dropping mutation-positive
2026-08-10 15:58:52,581 | ApplicationRunner | INFO | Filtering the dataset for the cell line names
2026-08-10 15:58:52,581 | AppPreprocessing | INFO | Getting the master look up table
2026-08-10 15:58:52,585 | AppPreprocessing | INFO | Filtering the required columns
2026-08-10 15:58:52,595 | AppPreprocessing | INFO | Mergining the data with the master table
2026-08-10 15:58:52,599 | AppPreprocessing | INFO | Droping the rows which have null value
2026-08-10 15:58:52,600 | AppPreprocessing | INFO | Removing the columns which are not needed
2026-08-10 15:58:52,600 | AppPreprocessing | INFO | Getting the master look up table
2026-08-10 15:58:52,612 | AppPreprocessing | INFO | Filtering the required columns
2026-08-10 15:58:52,614 | AppPreprocessing | INFO | Mergining the data with the master table
2026-08-10 15:58:52,618 | AppPreprocessing | INFO | Droping the rows which have null value
2026-08-10 15:58:52,620 | AppPreprocessing | INFO | Removing the columns which are not needed
2026-08-10 15:58:52,620 | ApplicationRunner | INFO | Selected top 10 cell line(s)
2026-08-10 15:58:52,620 | Fusion | INFO | getthefusionreferencetable: 10 top cell line(s), 5 gene(s)
2026-08-10 15:58:53,888 | Fusion | INFO | getthefusionreferencetable: releasing full fusion table from memory
2026-08-10 15:58:53,978 | Fusion | INFO | getthefusionreferencetable: returning 0 reference row(s)
2026-08-10 15:58:53,978 | Mutation | INFO | getthemutationreferencetable: 10 cell line(s), 5 gene(s)
2026-08-10 15:59:04,303 | Mutation | INFO | getthemutationreferencetable: returning 15 reference row(s)
2026-08-10 15:59:04,394 | ApplicationRunner | INFO | Getting Metabolomnic data
2026-08-10 15:59:04,394 | AppPreprocessing | INFO | Getting the metabolomnic data
2026-08-10 15:59:04,438 | ApplicationRunner | INFO | Generating LLM explanation
2026-08-10 15:59:04,438 | Explanation | INFO | generate_explanation: starting
2026-08-10 15:59:04,438 | Explanation | INFO | generate_explanation: exclusionapplied=False fusionfilter=True mutationfilter=True disease=None
2026-08-10 15:59:04,442 | Explanation | INFO | _row_digest: built 10 record(s) with columns ['ModelID', 'final_score', 'net_similarity', 'net_evidence', 'confidence_score', 'modality_score', 'agreement', 'target_similarity', 'target_evidence', 'fusion_flag', 'mutation_flag']
2026-08-10 15:59:04,442 | Explanation | INFO | _population_context: {'total_candidates': 1410, 'final_score_min': 0.0067, 'final_score_max': 0.4209, 'final_score_median': 0.0885, 'fusion_flag_yes_count': 0, 'mutation_flag_yes_count': 100}
2026-08-10 15:59:04,445 | Explanation | INFO | generate_explanation: prompt built (system=994 chars, user=8550 chars)
2026-08-10 15:59:04,537 | Explanation | INFO | ollama_chat: calling model 'llama3.2:3b' at http://localhost:11434
2026-08-10 16:04:16,579 | Explanation | INFO | ollama_chat: received 7033 character(s)
2026-08-10 16:04:16,580 | Explanation | INFO | generate_explanation: explanation generated (7033 chars)
2026-08-10 16:04:16,591 | ApplicationRunner | INFO | Running KMeans plot
2026-08-10 16:04:16,591 | ModelLoader | INFO | kmeansonthedata: 10 selected cell line(s)
2026-08-10 16:04:16,710 | ModelLoader | INFO | kmeansonthedata: factor matrix (1479, 20); predicting clusters
2026-08-10 16:04:16,805 | ModelLoader | INFO | kmeansonthedata: generating UMAP projection (full 1479-row manifold)
2026-08-10 16:04:32,115 | ModelLoader | INFO | kmeansonthedata: 10 of 10 chosen id(s) located on the map
2026-08-10 16:04:32,115 | ModelLoader | INFO | kmeansonthedata: releasing factor matrix and UMAP arrays from memory
2026-08-10 16:04:32,885 | ModelLoader | INFO | kmeansonthedata: plot saved to C:\Users\Shankar\Desktop\AstraZeneca\code\astrazeneca\CelllineSelector\images\kmeansplotforselectedcell_e32d6cbf-0e80-464e-a2fd-b55aaeff3d05.png
2026-08-10 16:04:32,885 | ModelLoader | INFO | kmeansonthedata: releasing plotting frames from memory
2026-08-10 16:04:32,988 | ApplicationRunner | INFO | Kmeans plot completed
2026-08-10 16:04:32,988 | ApplicationRunner | INFO | Running KNN
2026-08-10 16:04:32,988 | ModelLoader | INFO | knnonthedata: finding alternatives for 10 selected cell line(s)
2026-08-10 16:04:33,069 | ModelLoader | INFO | knnonthedata: releasing factor matrix from memory
2026-08-10 16:04:33,202 | ModelLoader | INFO | knnonthedata: 10 of 10 target(s) received an alternative
2026-08-10 16:04:33,202 | ApplicationRunner | INFO | KNN Completed
2026-08-10 16:04:33,204 | ApplicationRunner | INFO | Running Data combiner
2026-08-10 16:04:33,204 | AppPreprocessing | INFO | datacombiner: enriching 10 row(s) with master_lookup identity
2026-08-10 16:04:33,219 | AppPreprocessing | INFO | datacombiner: returning shape (10, 34)
2026-08-10 16:04:33,219 | AppPreprocessing | INFO | alternativedatacombiner: enriching 10 alternative row(s)
2026-08-10 16:04:33,232 | AppPreprocessing | INFO | alternativedatacombiner: returning shape (10, 8)
2026-08-10 16:04:33,232 | ApplicationRunner | INFO | Data combiner completed
2026-08-10 16:04:33,233 | ApplicationRunner | INFO | pipelinerun completed successfully
2026-08-10 16:42:03,212 | ApplicationRunner | INFO | Starting the pipeline run
2026-08-10 16:42:03,231 | ApplicationRunner | INFO | exclusionchecker=False and diseasechecker=False
2026-08-10 16:42:03,231 | ApplicationRunner | INFO | Resolving target ids and reading target omic tables
2026-08-10 16:42:03,257 | AppPreprocessing | INFO | genetoesng: resolving 6 gene symbol(s) to ENSG
2026-08-10 16:42:03,399 | AppPreprocessing | INFO | genetoesng: resolved 6 ENSG id(s)
2026-08-10 16:42:03,414 | AppPreprocessing | INFO | esngtoprotein: resolving proteins for 6 ENSG id(s)
2026-08-10 16:42:03,524 | AppPreprocessing | INFO | esngtoprotein: 6 protein(s) found, 1 ENSG id(s) without a protein (0-fill placeholders)
2026-08-10 16:42:03,567 | AppPreprocessing | INFO | depmapreader: extracting 6 ENSG column(s)
2026-08-10 16:42:30,147 | AppPreprocessing | INFO | depmap: RNA/ENSG -> 6 found, 0 NaN-filled (not found)
2026-08-10 16:42:30,156 | AppPreprocessing | INFO | depmapreader: returning shape (1479, 7)
2026-08-10 16:42:30,279 | AppPreprocessing | INFO | hparnareader: extracting 6 ENSG column(s)
2026-08-10 16:42:52,381 | AppPreprocessing | WARNING | hpa: removed 91 row(s) with null/duplicate ModelID (kept 1054 unique cell line(s))
2026-08-10 16:42:52,382 | AppPreprocessing | INFO | hpa: HPA/ENSG -> 6 found, 0 NaN-filled (not found)
2026-08-10 16:42:52,389 | AppPreprocessing | INFO | hparnareader: returning shape (1054, 7)
2026-08-10 16:42:52,637 | AppPreprocessing | INFO | proteinreader: extracting 6 protein column(s)
2026-08-10 16:42:57,476 | AppPreprocessing | INFO | protein: protein -> 6 found, 0 NaN-filled (not found)
2026-08-10 16:42:57,489 | AppPreprocessing | INFO | proteinreader: returning shape (375, 7)
2026-08-10 16:42:57,554 | AppPreprocessing | INFO | similarityreader: extracting 6 gene cosine column(s)
2026-08-10 16:43:23,877 | AppPreprocessing | INFO | cosine: cosine/ENSG -> 6 found, 0 NaN-filled (not found)
2026-08-10 16:43:23,907 | AppPreprocessing | INFO | similarityreader: returning shape (1479, 7)
2026-08-10 16:43:24,102 | ApplicationRunner | INFO | target_df shape is (1479, 20)
2026-08-10 16:43:24,105 | ApplicationRunner | INFO | Releasing target reader frames from memory
2026-08-10 16:43:24,306 | ApplicationRunner | INFO | Scoring: evidence + similarity (target)
2026-08-10 16:43:24,315 | Scoring | INFO | calculateevidencescore (type=target): input shape (1479, 20)
2026-08-10 16:43:24,316 | Scoring | INFO | calculateevidencescore: 19 value column(s)
2026-08-10 16:43:24,332 | Scoring | INFO | target_evidence: min=0.0312 max=0.6561
2026-08-10 16:43:24,334 | Scoring | INFO | calculatesimilarityscore (type=target): input shape (1479, 7)
2026-08-10 16:43:24,336 | Scoring | INFO | calculatesimilarityscore: 6 cosine column(s)
2026-08-10 16:43:24,345 | Scoring | INFO | target_similarity: min=0.1856 max=0.7651
2026-08-10 16:43:24,347 | ApplicationRunner | INFO | Releasing target cosine frame from memory
2026-08-10 16:43:24,555 | ApplicationRunner | INFO | Calculating the confidence score
2026-08-10 16:43:24,562 | Scoring | INFO | calculateconfidencescore: input shape (1479, 20)
2026-08-10 16:43:24,582 | Scoring | INFO | calculateconfidencescore: pooling 19 value column(s)
2026-08-10 16:43:25,188 | Scoring | INFO | confidence_score: nulls=0 of 1479
2026-08-10 16:43:25,190 | ApplicationRunner | INFO | Releasing confidence input frame from memory
2026-08-10 16:43:25,435 | Scoring | INFO | calculatenetevidencescore (type=target): input shape (1479, 2)
2026-08-10 16:43:25,445 | Scoring | INFO | calculatenetsimilarityscore (type=target): input shape (1479, 2)
2026-08-10 16:43:25,461 | ApplicationRunner | INFO | Releasing target evidence/similarity frames from memory
2026-08-10 16:43:25,670 | ApplicationRunner | INFO | Assembling final score (net_similarity x net_evidence x confidence)
2026-08-10 16:43:25,690 | Scoring | INFO | finalscoring: input shape (1479, 8)
2026-08-10 16:43:25,707 | Scoring | INFO | final_score: nulls=0 of 1479
2026-08-10 16:43:25,724 | ApplicationRunner | INFO | Releasing net score component frames from memory
2026-08-10 16:43:25,981 | ApplicationRunner | INFO | Releasing feature and final-score frames from memory
2026-08-10 16:43:26,332 | ApplicationRunner | INFO | Fusion flagging over 6 gene(s); filter=2
2026-08-10 16:43:26,367 | Fusion | INFO | fusionflagger: 1479 cell line(s), 6 gene(s)
2026-08-10 16:43:29,108 | Fusion | INFO | fusionflagger: fusion table shape (184237, 31)
2026-08-10 16:43:29,138 | Fusion | INFO | fusionflagger: 0 matching fusion row(s) and 0 distinct flagged ModelID(s)
2026-08-10 16:43:29,159 | Fusion | INFO | fusionflagger: releasing fusion table frames from memory
2026-08-10 16:43:29,470 | Fusion | INFO | fusionflagger: 0 cell line(s) flagged Yes
2026-08-10 16:43:29,780 | Fusion | INFO | require_fusion_models: 1479 row(s) in
2026-08-10 16:43:29,787 | Fusion | INFO | require_fusion_models: 1479 row(s) retained after dropping fusion-positive
2026-08-10 16:43:29,789 | ApplicationRunner | INFO | Mutation flagging over 6 gene(s); filter=2
2026-08-10 16:43:29,793 | Mutation | INFO | mutationflager: 1479 cell line(s), 6 target gene(s), 0 exclusion gene(s)
2026-08-10 16:43:58,099 | Mutation | INFO | mutationflager: mutation table shape (1066869, 71)
2026-08-10 16:44:00,338 | Mutation | INFO | mutationflager: 250 distinct ModelID(s) with a matching mutation; 0 exclusion-involved, 250 target-involved
2026-08-10 16:44:00,378 | Mutation | INFO | mutationflager: mutation_type counts -> {'No': 1271, 'target': 208}
2026-08-10 16:44:00,384 | Mutation | INFO | mutationflager: 1479 cell line(s), 6 target gene(s), 0 exclusion gene(s)
2026-08-10 16:44:31,600 | Mutation | INFO | mutationflager: mutation table shape (1066869, 71)
2026-08-10 16:44:33,327 | Mutation | INFO | mutationflager: 250 distinct ModelID(s) with a matching mutation; 0 exclusion-involved, 250 target-involved
2026-08-10 16:44:33,349 | Mutation | INFO | mutationflager: mutation_type counts -> {'No': 1271, 'target': 208}
2026-08-10 16:44:33,545 | Mutation | INFO | require_mutation_models: 1479 row(s) in
2026-08-10 16:44:33,554 | Mutation | INFO | require_mutation_models: 208 row(s) retained after dropping mutation-positive
2026-08-10 16:44:33,558 | ApplicationRunner | INFO | Filtering the dataset for the cell line names
2026-08-10 16:44:33,560 | AppPreprocessing | INFO | Getting the master look up table
2026-08-10 16:44:33,591 | AppPreprocessing | INFO | Filtering the required columns
2026-08-10 16:44:33,595 | AppPreprocessing | INFO | Mergining the data with the master table
2026-08-10 16:44:33,603 | AppPreprocessing | INFO | Droping the rows which have null value
2026-08-10 16:44:33,607 | AppPreprocessing | INFO | Removing the columns which are not needed
2026-08-10 16:44:33,608 | AppPreprocessing | INFO | Getting the master look up table
2026-08-10 16:44:33,624 | AppPreprocessing | INFO | Filtering the required columns
2026-08-10 16:44:33,629 | AppPreprocessing | INFO | Mergining the data with the master table
2026-08-10 16:44:33,639 | AppPreprocessing | INFO | Droping the rows which have null value
2026-08-10 16:44:33,645 | AppPreprocessing | INFO | Removing the columns which are not needed
2026-08-10 16:44:33,653 | ApplicationRunner | INFO | Selected top 10 cell line(s)
2026-08-10 16:44:33,653 | Fusion | INFO | getthefusionreferencetable: 10 top cell line(s), 6 gene(s)
2026-08-10 16:44:37,190 | Fusion | INFO | getthefusionreferencetable: releasing full fusion table from memory
2026-08-10 16:44:37,405 | Fusion | INFO | getthefusionreferencetable: returning 0 reference row(s)
2026-08-10 16:44:37,405 | Mutation | INFO | getthemutationreferencetable: 10 cell line(s), 6 gene(s)
2026-08-10 16:45:06,267 | Mutation | INFO | getthemutationreferencetable: returning 24 reference row(s)
2026-08-10 16:45:06,416 | ApplicationRunner | INFO | Getting Metabolomnic data
2026-08-10 16:45:06,421 | AppPreprocessing | INFO | Getting the metabolomnic data
2026-08-10 16:45:06,517 | ApplicationRunner | INFO | Generating LLM explanation
2026-08-10 16:45:06,517 | Explanation | INFO | generate_explanation: starting
2026-08-10 16:45:06,517 | Explanation | INFO | generate_explanation: exclusionapplied=False fusionfilter=True mutationfilter=True disease=None
2026-08-10 16:45:06,522 | Explanation | INFO | _row_digest: built 10 record(s) with columns ['ModelID', 'final_score', 'net_similarity', 'net_evidence', 'confidence_score', 'modality_score', 'agreement', 'target_similarity', 'target_evidence', 'fusion_flag', 'mutation_flag']
2026-08-10 16:45:06,528 | Explanation | INFO | _population_context: {'total_candidates': 1410, 'final_score_min': 0.0059, 'final_score_max': 0.3764, 'final_score_median': 0.093, 'fusion_flag_yes_count': 0, 'mutation_flag_yes_count': 206}
2026-08-10 16:45:06,528 | Explanation | INFO | generate_explanation: prompt built (system=994 chars, user=8595 chars)
2026-08-10 16:45:06,885 | Explanation | INFO | ollama_chat: calling model 'llama3.2:3b' at http://localhost:11434
2026-08-10 16:52:54,452 | Explanation | INFO | ollama_chat: received 4691 character(s)
2026-08-10 16:52:54,486 | Explanation | INFO | generate_explanation: explanation generated (4691 chars)
2026-08-10 16:52:54,687 | ApplicationRunner | INFO | Running KMeans plot
2026-08-10 16:52:54,692 | ModelLoader | INFO | kmeansonthedata: 10 selected cell line(s)
2026-08-10 16:52:55,180 | ModelLoader | INFO | kmeansonthedata: factor matrix (1479, 20); predicting clusters
2026-08-10 16:52:55,535 | ModelLoader | INFO | kmeansonthedata: generating UMAP projection (full 1479-row manifold)
2026-08-10 16:53:49,969 | ModelLoader | INFO | kmeansonthedata: 10 of 10 chosen id(s) located on the map
2026-08-10 16:53:49,969 | ModelLoader | INFO | kmeansonthedata: releasing factor matrix and UMAP arrays from memory
2026-08-10 16:53:52,607 | ModelLoader | INFO | kmeansonthedata: plot saved to C:\Users\Shankar\Desktop\AstraZeneca\code\astrazeneca\CelllineSelector\images\kmeansplotforselectedcell_74c8e75e-3aeb-420b-aa48-f6c3ad53edd7.png
2026-08-10 16:53:52,608 | ModelLoader | INFO | kmeansonthedata: releasing plotting frames from memory
2026-08-10 16:53:52,984 | ApplicationRunner | INFO | Kmeans plot completed
2026-08-10 16:53:52,984 | ApplicationRunner | INFO | Running KNN
2026-08-10 16:53:52,986 | ModelLoader | INFO | knnonthedata: finding alternatives for 10 selected cell line(s)
2026-08-10 16:53:53,162 | ModelLoader | INFO | knnonthedata: releasing factor matrix from memory
2026-08-10 16:53:53,528 | ModelLoader | INFO | knnonthedata: 10 of 10 target(s) received an alternative
2026-08-10 16:53:53,529 | ApplicationRunner | INFO | KNN Completed
2026-08-10 16:53:53,531 | ApplicationRunner | INFO | Running Data combiner
2026-08-10 16:53:53,532 | AppPreprocessing | INFO | datacombiner: enriching 10 row(s) with master_lookup identity
2026-08-10 16:53:53,817 | AppPreprocessing | INFO | datacombiner: returning shape (10, 38)
2026-08-10 16:53:53,817 | AppPreprocessing | INFO | alternativedatacombiner: enriching 10 alternative row(s)
2026-08-10 16:53:53,869 | AppPreprocessing | INFO | alternativedatacombiner: returning shape (10, 8)
2026-08-10 16:53:53,871 | ApplicationRunner | INFO | Data combiner completed
2026-08-10 16:53:53,872 | ApplicationRunner | INFO | pipelinerun completed successfully
2026-08-10 16:56:05,017 | ApplicationRunner | INFO | Starting the pipeline run
2026-08-10 16:56:05,027 | ApplicationRunner | INFO | exclusionchecker=False and diseasechecker=False
2026-08-10 16:56:05,040 | ApplicationRunner | INFO | Resolving target ids and reading target omic tables
2026-08-10 16:56:05,040 | AppPreprocessing | INFO | genetoesng: resolving 6 gene symbol(s) to ENSG
2026-08-10 16:56:05,203 | AppPreprocessing | INFO | genetoesng: resolved 6 ENSG id(s)
2026-08-10 16:56:05,215 | AppPreprocessing | INFO | esngtoprotein: resolving proteins for 6 ENSG id(s)
2026-08-10 16:56:05,321 | AppPreprocessing | INFO | esngtoprotein: 6 protein(s) found, 1 ENSG id(s) without a protein (0-fill placeholders)
2026-08-10 16:56:05,322 | AppPreprocessing | INFO | depmapreader: extracting 6 ENSG column(s)
2026-08-10 16:56:31,209 | AppPreprocessing | INFO | depmap: RNA/ENSG -> 6 found, 0 NaN-filled (not found)
2026-08-10 16:56:31,217 | AppPreprocessing | INFO | depmapreader: returning shape (1479, 7)
2026-08-10 16:56:31,324 | AppPreprocessing | INFO | hparnareader: extracting 6 ENSG column(s)
2026-08-10 16:56:51,308 | AppPreprocessing | WARNING | hpa: removed 91 row(s) with null/duplicate ModelID (kept 1054 unique cell line(s))
2026-08-10 16:56:51,326 | AppPreprocessing | INFO | hpa: HPA/ENSG -> 6 found, 0 NaN-filled (not found)
2026-08-10 16:56:51,333 | AppPreprocessing | INFO | hparnareader: returning shape (1054, 7)
2026-08-10 16:56:51,452 | AppPreprocessing | INFO | proteinreader: extracting 6 protein column(s)
2026-08-10 16:56:54,679 | AppPreprocessing | INFO | protein: protein -> 6 found, 0 NaN-filled (not found)
2026-08-10 16:56:54,688 | AppPreprocessing | INFO | proteinreader: returning shape (375, 7)
2026-08-10 16:56:54,727 | AppPreprocessing | INFO | similarityreader: extracting 6 gene cosine column(s)
2026-08-10 16:57:20,134 | AppPreprocessing | INFO | cosine: cosine/ENSG -> 6 found, 0 NaN-filled (not found)
2026-08-10 16:57:20,139 | AppPreprocessing | INFO | similarityreader: returning shape (1479, 7)
2026-08-10 16:57:20,258 | ApplicationRunner | INFO | target_df shape is (1479, 20)
2026-08-10 16:57:20,271 | ApplicationRunner | INFO | Releasing target reader frames from memory
2026-08-10 16:57:20,489 | ApplicationRunner | INFO | Scoring: evidence + similarity (target)
2026-08-10 16:57:20,514 | Scoring | INFO | calculateevidencescore (type=target): input shape (1479, 20)
2026-08-10 16:57:20,515 | Scoring | INFO | calculateevidencescore: 19 value column(s)
2026-08-10 16:57:20,562 | Scoring | INFO | target_evidence: min=0.0312 max=0.6561
2026-08-10 16:57:20,603 | Scoring | INFO | calculatesimilarityscore (type=target): input shape (1479, 7)
2026-08-10 16:57:20,604 | Scoring | INFO | calculatesimilarityscore: 6 cosine column(s)
2026-08-10 16:57:20,629 | Scoring | INFO | target_similarity: min=0.1856 max=0.7651
2026-08-10 16:57:20,664 | ApplicationRunner | INFO | Releasing target cosine frame from memory
2026-08-10 16:57:20,820 | ApplicationRunner | INFO | Calculating the confidence score
2026-08-10 16:57:20,845 | Scoring | INFO | calculateconfidencescore: input shape (1479, 20)
2026-08-10 16:57:20,846 | Scoring | INFO | calculateconfidencescore: pooling 19 value column(s)
2026-08-10 16:57:21,555 | Scoring | INFO | confidence_score: nulls=0 of 1479
2026-08-10 16:57:21,586 | ApplicationRunner | INFO | Releasing confidence input frame from memory
2026-08-10 16:57:21,853 | Scoring | INFO | calculatenetevidencescore (type=target): input shape (1479, 2)
2026-08-10 16:57:21,871 | Scoring | INFO | calculatenetsimilarityscore (type=target): input shape (1479, 2)
2026-08-10 16:57:21,879 | ApplicationRunner | INFO | Releasing target evidence/similarity frames from memory
2026-08-10 16:57:22,077 | ApplicationRunner | INFO | Assembling final score (net_similarity x net_evidence x confidence)
2026-08-10 16:57:22,143 | Scoring | INFO | finalscoring: input shape (1479, 8)
2026-08-10 16:57:22,162 | Scoring | INFO | final_score: nulls=0 of 1479
2026-08-10 16:57:22,162 | ApplicationRunner | INFO | Releasing net score component frames from memory
2026-08-10 16:57:22,446 | ApplicationRunner | INFO | Releasing feature and final-score frames from memory
2026-08-10 16:57:22,768 | ApplicationRunner | INFO | Fusion flagging over 6 gene(s); filter=2
2026-08-10 16:57:22,772 | Fusion | INFO | fusionflagger: 1479 cell line(s), 6 gene(s)
2026-08-10 16:57:24,950 | Fusion | INFO | fusionflagger: fusion table shape (184237, 31)
2026-08-10 16:57:25,021 | Fusion | INFO | fusionflagger: 2296 matching fusion row(s) and 899 distinct flagged ModelID(s)
2026-08-10 16:57:25,022 | Fusion | INFO | fusionflagger: releasing fusion table frames from memory
2026-08-10 16:57:25,237 | Fusion | INFO | fusionflagger: 832 cell line(s) flagged Yes
2026-08-10 16:57:25,450 | Fusion | INFO | require_fusion_models: 1479 row(s) in
2026-08-10 16:57:25,475 | Fusion | INFO | require_fusion_models: 1479 row(s) retained after dropping fusion-positive
2026-08-10 16:57:25,475 | ApplicationRunner | INFO | Mutation flagging over 6 gene(s); filter=2
2026-08-10 16:57:25,475 | Mutation | INFO | mutationflager: 1479 cell line(s), 6 target gene(s), 0 exclusion gene(s)
2026-08-10 16:57:54,031 | Mutation | INFO | mutationflager: mutation table shape (1066869, 71)
2026-08-10 16:57:56,157 | Mutation | INFO | mutationflager: 250 distinct ModelID(s) with a matching mutation; 0 exclusion-involved, 250 target-involved
2026-08-10 16:57:56,193 | Mutation | INFO | mutationflager: mutation_type counts -> {'No': 1271, 'target': 208}
2026-08-10 16:57:56,217 | Mutation | INFO | mutationflager: 1479 cell line(s), 6 target gene(s), 0 exclusion gene(s)
2026-08-10 16:58:26,024 | Mutation | INFO | mutationflager: mutation table shape (1066869, 71)
2026-08-10 16:58:27,841 | Mutation | INFO | mutationflager: 250 distinct ModelID(s) with a matching mutation; 0 exclusion-involved, 250 target-involved
2026-08-10 16:58:27,890 | Mutation | INFO | mutationflager: mutation_type counts -> {'No': 1271, 'target': 208}
2026-08-10 16:58:28,142 | Mutation | INFO | require_mutation_models: 1479 row(s) in
2026-08-10 16:58:28,148 | Mutation | INFO | require_mutation_models: 208 row(s) retained after dropping mutation-positive
2026-08-10 16:58:28,175 | ApplicationRunner | INFO | Filtering the dataset for the cell line names
2026-08-10 16:58:28,176 | AppPreprocessing | INFO | Getting the master look up table
2026-08-10 16:58:28,209 | AppPreprocessing | INFO | Filtering the required columns
2026-08-10 16:58:28,213 | AppPreprocessing | INFO | Mergining the data with the master table
2026-08-10 16:58:28,471 | AppPreprocessing | INFO | Droping the rows which have null value
2026-08-10 16:58:28,476 | AppPreprocessing | INFO | Removing the columns which are not needed
2026-08-10 16:58:28,478 | AppPreprocessing | INFO | Getting the master look up table
2026-08-10 16:58:28,496 | AppPreprocessing | INFO | Filtering the required columns
2026-08-10 16:58:28,498 | AppPreprocessing | INFO | Mergining the data with the master table
2026-08-10 16:58:28,505 | AppPreprocessing | INFO | Droping the rows which have null value
2026-08-10 16:58:28,509 | AppPreprocessing | INFO | Removing the columns which are not needed
2026-08-10 16:58:28,530 | ApplicationRunner | INFO | Selected top 10 cell line(s)
2026-08-10 16:58:28,532 | Fusion | INFO | getthefusionreferencetable: 10 top cell line(s), 6 gene(s)
2026-08-10 16:58:31,549 | Fusion | INFO | getthefusionreferencetable: releasing full fusion table from memory
2026-08-10 16:58:31,834 | Fusion | INFO | getthefusionreferencetable: returning 57 reference row(s)
2026-08-10 16:58:31,837 | Mutation | INFO | getthemutationreferencetable: 10 cell line(s), 6 gene(s)
2026-08-10 16:59:00,653 | Mutation | INFO | getthemutationreferencetable: returning 24 reference row(s)
2026-08-10 16:59:00,903 | ApplicationRunner | INFO | Getting Metabolomnic data
2026-08-10 16:59:00,907 | AppPreprocessing | INFO | Getting the metabolomnic data
2026-08-10 16:59:01,012 | ApplicationRunner | INFO | Generating LLM explanation
2026-08-10 16:59:01,021 | Explanation | INFO | generate_explanation: starting
2026-08-10 16:59:01,025 | Explanation | INFO | generate_explanation: exclusionapplied=False fusionfilter=True mutationfilter=True disease=None
2026-08-10 16:59:01,032 | Explanation | INFO | _row_digest: built 10 record(s) with columns ['ModelID', 'final_score', 'net_similarity', 'net_evidence', 'confidence_score', 'modality_score', 'agreement', 'target_similarity', 'target_evidence', 'fusion_flag', 'mutation_flag']
2026-08-10 16:59:01,041 | Explanation | INFO | _population_context: {'total_candidates': 1410, 'final_score_min': 0.0059, 'final_score_max': 0.3764, 'final_score_median': 0.093, 'fusion_flag_yes_count': 799, 'mutation_flag_yes_count': 206}
2026-08-10 16:59:01,043 | Explanation | INFO | generate_explanation: prompt built (system=994 chars, user=8607 chars)
2026-08-10 16:59:01,277 | Explanation | INFO | ollama_chat: calling model 'llama3.2:3b' at http://localhost:11434
2026-08-10 17:09:54,356 | Explanation | INFO | ollama_chat: received 8942 character(s)
2026-08-10 17:09:54,360 | Explanation | INFO | generate_explanation: explanation generated (8942 chars)
2026-08-10 17:09:54,410 | ApplicationRunner | INFO | Running KMeans plot
2026-08-10 17:09:54,412 | ModelLoader | INFO | kmeansonthedata: 10 selected cell line(s)
2026-08-10 17:09:54,621 | ModelLoader | INFO | kmeansonthedata: factor matrix (1479, 20); predicting clusters
2026-08-10 17:09:55,004 | ModelLoader | INFO | kmeansonthedata: generating UMAP projection (full 1479-row manifold)
2026-08-10 17:11:08,132 | ModelLoader | INFO | kmeansonthedata: 10 of 10 chosen id(s) located on the map
2026-08-10 17:11:08,152 | ModelLoader | INFO | kmeansonthedata: releasing factor matrix and UMAP arrays from memory
2026-08-10 17:11:10,331 | ModelLoader | INFO | kmeansonthedata: plot saved to C:\Users\Shankar\Desktop\AstraZeneca\code\astrazeneca\CelllineSelector\images\kmeansplotforselectedcell_42a40d8b-cd8c-4ce4-a622-f9f5182f3e1a.png
2026-08-10 17:11:10,343 | ModelLoader | INFO | kmeansonthedata: releasing plotting frames from memory
2026-08-10 17:11:10,581 | ApplicationRunner | INFO | Kmeans plot completed
2026-08-10 17:11:10,599 | ApplicationRunner | INFO | Running KNN
2026-08-10 17:11:10,621 | ModelLoader | INFO | knnonthedata: finding alternatives for 10 selected cell line(s)
2026-08-10 17:11:11,329 | ModelLoader | INFO | knnonthedata: releasing factor matrix from memory
2026-08-10 17:11:11,606 | ModelLoader | INFO | knnonthedata: 10 of 10 target(s) received an alternative
2026-08-10 17:11:11,608 | ApplicationRunner | INFO | KNN Completed
2026-08-10 17:11:11,608 | ApplicationRunner | INFO | Running Data combiner
2026-08-10 17:11:11,608 | AppPreprocessing | INFO | datacombiner: enriching 10 row(s) with master_lookup identity
2026-08-10 17:11:11,955 | AppPreprocessing | INFO | datacombiner: returning shape (10, 38)
2026-08-10 17:11:11,957 | AppPreprocessing | INFO | alternativedatacombiner: enriching 10 alternative row(s)
2026-08-10 17:11:12,005 | AppPreprocessing | INFO | alternativedatacombiner: returning shape (10, 8)
2026-08-10 17:11:12,021 | ApplicationRunner | INFO | Data combiner completed
2026-08-10 17:11:12,045 | ApplicationRunner | INFO | pipelinerun completed successfully
2026-08-10 17:18:52,322 | ApplicationRunner | INFO | Starting the pipeline run
2026-08-10 17:18:52,322 | ApplicationRunner | INFO | exclusionchecker=False and diseasechecker=False
2026-08-10 17:18:52,322 | ApplicationRunner | INFO | Resolving target ids and reading target omic tables
2026-08-10 17:18:52,322 | AppPreprocessing | INFO | genetoesng: resolving 6 gene symbol(s) to ENSG
2026-08-10 17:18:52,342 | AppPreprocessing | INFO | genetoesng: resolved 6 ENSG id(s)
2026-08-10 17:18:52,342 | AppPreprocessing | INFO | esngtoprotein: resolving proteins for 6 ENSG id(s)
2026-08-10 17:18:52,372 | AppPreprocessing | INFO | esngtoprotein: 6 protein(s) found, 1 ENSG id(s) without a protein (0-fill placeholders)
2026-08-10 17:18:52,372 | AppPreprocessing | INFO | depmapreader: extracting 6 ENSG column(s)
2026-08-10 17:18:58,959 | AppPreprocessing | INFO | depmap: RNA/ENSG -> 6 found, 0 NaN-filled (not found)
2026-08-10 17:18:58,959 | AppPreprocessing | INFO | depmapreader: returning shape (1479, 7)
2026-08-10 17:18:58,992 | AppPreprocessing | INFO | hparnareader: extracting 6 ENSG column(s)
2026-08-10 17:19:04,317 | AppPreprocessing | WARNING | hpa: removed 91 row(s) with null/duplicate ModelID (kept 1054 unique cell line(s))
2026-08-10 17:19:04,317 | AppPreprocessing | INFO | hpa: HPA/ENSG -> 6 found, 0 NaN-filled (not found)
2026-08-10 17:19:04,317 | AppPreprocessing | INFO | hparnareader: returning shape (1054, 7)
2026-08-10 17:19:04,341 | AppPreprocessing | INFO | proteinreader: extracting 6 protein column(s)
2026-08-10 17:19:05,190 | AppPreprocessing | INFO | protein: protein -> 6 found, 0 NaN-filled (not found)
2026-08-10 17:19:05,190 | AppPreprocessing | INFO | proteinreader: returning shape (375, 7)
2026-08-10 17:19:05,208 | AppPreprocessing | INFO | similarityreader: extracting 6 gene cosine column(s)
2026-08-10 17:19:13,696 | AppPreprocessing | INFO | cosine: cosine/ENSG -> 6 found, 0 NaN-filled (not found)
2026-08-10 17:19:13,697 | AppPreprocessing | INFO | similarityreader: returning shape (1479, 7)
2026-08-10 17:19:13,748 | ApplicationRunner | INFO | target_df shape is (1479, 20)
2026-08-10 17:19:13,748 | ApplicationRunner | INFO | Releasing target reader frames from memory
2026-08-10 17:19:13,834 | ApplicationRunner | INFO | Scoring: evidence + similarity (target)
2026-08-10 17:19:13,835 | Scoring | INFO | calculateevidencescore (type=target): input shape (1479, 20)
2026-08-10 17:19:13,836 | Scoring | INFO | calculateevidencescore: 19 value column(s)
2026-08-10 17:19:13,841 | Scoring | INFO | target_evidence: min=0.0312 max=0.6561
2026-08-10 17:19:13,841 | Scoring | INFO | calculatesimilarityscore (type=target): input shape (1479, 7)
2026-08-10 17:19:13,843 | Scoring | INFO | calculatesimilarityscore: 6 cosine column(s)
2026-08-10 17:19:13,845 | Scoring | INFO | target_similarity: min=0.1856 max=0.7651
2026-08-10 17:19:13,846 | ApplicationRunner | INFO | Releasing target cosine frame from memory
2026-08-10 17:19:13,926 | ApplicationRunner | INFO | Calculating the confidence score
2026-08-10 17:19:13,927 | Scoring | INFO | calculateconfidencescore: input shape (1479, 20)
2026-08-10 17:19:13,928 | Scoring | INFO | calculateconfidencescore: pooling 19 value column(s)
2026-08-10 17:19:14,127 | Scoring | INFO | confidence_score: nulls=0 of 1479
2026-08-10 17:19:14,127 | ApplicationRunner | INFO | Releasing confidence input frame from memory
2026-08-10 17:19:14,207 | Scoring | INFO | calculatenetevidencescore (type=target): input shape (1479, 2)
2026-08-10 17:19:14,207 | Scoring | INFO | calculatenetsimilarityscore (type=target): input shape (1479, 2)
2026-08-10 17:19:14,207 | ApplicationRunner | INFO | Releasing target evidence/similarity frames from memory
2026-08-10 17:19:14,287 | ApplicationRunner | INFO | Assembling final score (net_similarity x net_evidence x confidence)
2026-08-10 17:19:14,294 | Scoring | INFO | finalscoring: input shape (1479, 8)
2026-08-10 17:19:14,294 | Scoring | INFO | final_score: nulls=0 of 1479
2026-08-10 17:19:14,295 | ApplicationRunner | INFO | Releasing net score component frames from memory
2026-08-10 17:19:14,379 | ApplicationRunner | INFO | Releasing feature and final-score frames from memory
2026-08-10 17:19:14,457 | ApplicationRunner | INFO | Fusion flagging over 6 gene(s); filter=2
2026-08-10 17:19:14,457 | Fusion | INFO | fusionflagger: 1479 cell line(s), 6 target gene(s), 0 exclusion gene(s)
2026-08-10 17:19:15,258 | Fusion | INFO | fusionflagger: fusion table shape (184237, 31)
2026-08-10 17:19:15,272 | Fusion | INFO | fusionflagger: 2296 matching fusion row(s); 0 exclusion-involved, 899 target-only ModelID(s)
2026-08-10 17:19:15,272 | Fusion | INFO | fusionflagger: releasing fusion table frames from memory
2026-08-10 17:19:15,374 | Fusion | INFO | fusionflagger: fusion_type counts -> {'target': 832, 'No': 647}
2026-08-10 17:19:15,453 | Fusion | INFO | require_fusion_models: 1479 row(s) in
2026-08-10 17:19:15,453 | Fusion | INFO | require_fusion_models: 1479 row(s) retained after dropping fusion-positive
2026-08-10 17:19:15,453 | ApplicationRunner | INFO | Mutation flagging over 6 gene(s); filter=2
2026-08-10 17:19:15,453 | Mutation | INFO | mutationflager: 1479 cell line(s), 6 target gene(s), 0 exclusion gene(s)
2026-08-10 17:19:24,546 | Mutation | INFO | mutationflager: mutation table shape (1066869, 71)
2026-08-10 17:19:25,338 | Mutation | INFO | mutationflager: 250 distinct ModelID(s) with a matching mutation; 0 exclusion-involved, 250 target-involved
2026-08-10 17:19:25,351 | Mutation | INFO | mutationflager: mutation_type counts -> {'No': 1271, 'target': 208}
2026-08-10 17:19:25,355 | Mutation | INFO | mutationflager: 1479 cell line(s), 6 target gene(s), 0 exclusion gene(s)
2026-08-10 17:19:34,935 | Mutation | INFO | mutationflager: mutation table shape (1066869, 71)
2026-08-10 17:19:35,532 | Mutation | INFO | mutationflager: 250 distinct ModelID(s) with a matching mutation; 0 exclusion-involved, 250 target-involved
2026-08-10 17:19:35,532 | Mutation | INFO | mutationflager: mutation_type counts -> {'No': 1271, 'target': 208}
2026-08-10 17:19:35,639 | Mutation | INFO | require_mutation_models: 1479 row(s) in
2026-08-10 17:19:35,655 | Mutation | INFO | require_mutation_models: 208 row(s) retained after dropping mutation-positive
2026-08-10 17:19:35,655 | ApplicationRunner | INFO | Filtering the dataset for the cell line names
2026-08-10 17:19:35,655 | AppPreprocessing | INFO | Getting the master look up table
2026-08-10 17:19:35,662 | AppPreprocessing | INFO | Filtering the required columns
2026-08-10 17:19:35,673 | AppPreprocessing | INFO | Mergining the data with the master table
2026-08-10 17:19:35,678 | AppPreprocessing | INFO | Droping the rows which have null value
2026-08-10 17:19:35,682 | AppPreprocessing | INFO | Removing the columns which are not needed
2026-08-10 17:19:35,684 | AppPreprocessing | INFO | Getting the master look up table
2026-08-10 17:19:35,696 | AppPreprocessing | INFO | Filtering the required columns
2026-08-10 17:19:35,696 | AppPreprocessing | INFO | Mergining the data with the master table
2026-08-10 17:19:35,700 | AppPreprocessing | INFO | Droping the rows which have null value
2026-08-10 17:19:35,702 | AppPreprocessing | INFO | Removing the columns which are not needed
2026-08-10 17:19:35,705 | ApplicationRunner | INFO | Selected top 10 cell line(s)
2026-08-10 17:19:35,705 | Fusion | INFO | getthefusionreferencetable: 10 top cell line(s), 6 gene(s)
2026-08-10 17:19:36,788 | Fusion | INFO | getthefusionreferencetable: releasing full fusion table from memory
2026-08-10 17:19:36,873 | Fusion | INFO | getthefusionreferencetable: returning 57 reference row(s)
2026-08-10 17:19:36,873 | Mutation | INFO | getthemutationreferencetable: 10 cell line(s), 6 gene(s)
2026-08-10 17:19:46,496 | Mutation | INFO | getthemutationreferencetable: returning 24 reference row(s)
2026-08-10 17:19:46,604 | ApplicationRunner | INFO | Getting Metabolomnic data
2026-08-10 17:19:46,605 | AppPreprocessing | INFO | Getting the metabolomnic data
2026-08-10 17:19:46,715 | ApplicationRunner | INFO | Generating LLM explanation
2026-08-10 17:19:46,715 | Explanation | INFO | generate_explanation: starting
2026-08-10 17:19:46,715 | Explanation | INFO | generate_explanation: exclusionapplied=False fusionfilter=True mutationfilter=True disease=None
2026-08-10 17:19:46,718 | Explanation | INFO | _row_digest: built 10 record(s) with columns ['ModelID', 'final_score', 'net_similarity', 'net_evidence', 'confidence_score', 'modality_score', 'agreement', 'target_similarity', 'target_evidence', 'fusion_flag', 'mutation_flag']
2026-08-10 17:19:46,721 | Explanation | INFO | _population_context: {'total_candidates': 1410, 'final_score_min': 0.0059, 'final_score_max': 0.3764, 'final_score_median': 0.093, 'fusion_flag_yes_count': 799, 'mutation_flag_yes_count': 206}
2026-08-10 17:19:46,721 | Explanation | INFO | generate_explanation: prompt built (system=994 chars, user=8607 chars)
2026-08-10 17:19:46,801 | Explanation | INFO | ollama_chat: calling model 'llama3.2:3b' at http://localhost:11434
2026-08-10 17:24:26,563 | Explanation | INFO | ollama_chat: received 5794 character(s)
2026-08-10 17:24:26,566 | Explanation | INFO | generate_explanation: explanation generated (5794 chars)
2026-08-10 17:24:26,576 | ApplicationRunner | INFO | Running KMeans plot
2026-08-10 17:24:26,576 | ModelLoader | INFO | kmeansonthedata: 10 selected cell line(s)
2026-08-10 17:24:26,700 | ModelLoader | INFO | kmeansonthedata: factor matrix (1479, 20); predicting clusters
2026-08-10 17:24:26,814 | ModelLoader | INFO | kmeansonthedata: generating UMAP projection (full 1479-row manifold)
2026-08-10 17:24:39,726 | ModelLoader | INFO | kmeansonthedata: 10 of 10 chosen id(s) located on the map
2026-08-10 17:24:39,726 | ModelLoader | INFO | kmeansonthedata: releasing factor matrix and UMAP arrays from memory
2026-08-10 17:24:40,450 | ModelLoader | INFO | kmeansonthedata: plot saved to C:\Users\Shankar\Desktop\AstraZeneca\code\astrazeneca\CelllineSelector\images\kmeansplotforselectedcell_00fbc487-117a-4c63-8e06-c2d20c62ae24.png
2026-08-10 17:24:40,450 | ModelLoader | INFO | kmeansonthedata: releasing plotting frames from memory
2026-08-10 17:24:40,601 | ApplicationRunner | INFO | Kmeans plot completed
2026-08-10 17:24:40,601 | ApplicationRunner | INFO | Running KNN
2026-08-10 17:24:40,601 | ModelLoader | INFO | knnonthedata: finding alternatives for 10 selected cell line(s)
2026-08-10 17:24:40,660 | ModelLoader | INFO | knnonthedata: releasing factor matrix from memory
2026-08-10 17:24:40,784 | ModelLoader | INFO | knnonthedata: 10 of 10 target(s) received an alternative
2026-08-10 17:24:40,784 | ApplicationRunner | INFO | KNN Completed
2026-08-10 17:24:40,784 | ApplicationRunner | INFO | Running Data combiner
2026-08-10 17:24:40,784 | AppPreprocessing | INFO | datacombiner: enriching 10 row(s) with master_lookup identity
2026-08-10 17:24:40,801 | AppPreprocessing | INFO | datacombiner: returning shape (10, 39)
2026-08-10 17:24:40,801 | AppPreprocessing | INFO | alternativedatacombiner: enriching 10 alternative row(s)
2026-08-10 17:24:40,817 | AppPreprocessing | INFO | alternativedatacombiner: returning shape (10, 8)
2026-08-10 17:24:40,817 | ApplicationRunner | INFO | Data combiner completed
2026-08-10 17:24:40,817 | ApplicationRunner | INFO | pipelinerun completed successfully
2026-08-10 17:27:13,494 | ApplicationRunner | INFO | Starting the pipeline run
2026-08-10 17:27:13,494 | ApplicationRunner | INFO | exclusionchecker=True and diseasechecker=False
2026-08-10 17:27:13,494 | ApplicationRunner | INFO | Resolving target ids and reading target omic tables
2026-08-10 17:27:13,494 | AppPreprocessing | INFO | genetoesng: resolving 3 gene symbol(s) to ENSG
2026-08-10 17:27:13,516 | AppPreprocessing | INFO | genetoesng: resolved 3 ENSG id(s)
2026-08-10 17:27:13,516 | AppPreprocessing | INFO | esngtoprotein: resolving proteins for 3 ENSG id(s)
2026-08-10 17:27:13,539 | AppPreprocessing | INFO | esngtoprotein: 3 protein(s) found, 0 ENSG id(s) without a protein (0-fill placeholders)
2026-08-10 17:27:13,539 | AppPreprocessing | INFO | depmapreader: extracting 3 ENSG column(s)
2026-08-10 17:27:21,909 | AppPreprocessing | INFO | depmap: RNA/ENSG -> 3 found, 0 NaN-filled (not found)
2026-08-10 17:27:21,910 | AppPreprocessing | INFO | depmapreader: returning shape (1479, 4)
2026-08-10 17:27:21,948 | AppPreprocessing | INFO | hparnareader: extracting 3 ENSG column(s)
2026-08-10 17:27:27,942 | AppPreprocessing | WARNING | hpa: removed 91 row(s) with null/duplicate ModelID (kept 1054 unique cell line(s))
2026-08-10 17:27:27,942 | AppPreprocessing | INFO | hpa: HPA/ENSG -> 3 found, 0 NaN-filled (not found)
2026-08-10 17:27:27,942 | AppPreprocessing | INFO | hparnareader: returning shape (1054, 4)
2026-08-10 17:27:27,981 | AppPreprocessing | INFO | proteinreader: extracting 3 protein column(s)
2026-08-10 17:27:28,909 | AppPreprocessing | INFO | protein: protein -> 3 found, 0 NaN-filled (not found)
2026-08-10 17:27:28,909 | AppPreprocessing | INFO | proteinreader: returning shape (375, 4)
2026-08-10 17:27:28,932 | AppPreprocessing | INFO | similarityreader: extracting 3 gene cosine column(s)
2026-08-10 17:27:39,575 | AppPreprocessing | INFO | cosine: cosine/ENSG -> 3 found, 0 NaN-filled (not found)
2026-08-10 17:27:39,576 | AppPreprocessing | INFO | similarityreader: returning shape (1479, 4)
2026-08-10 17:27:39,631 | ApplicationRunner | INFO | target_df shape is (1479, 10)
2026-08-10 17:27:39,631 | ApplicationRunner | INFO | Releasing target reader frames from memory
2026-08-10 17:27:39,724 | ApplicationRunner | INFO | Resolving exclusion ids and reading exclusion omic tables
2026-08-10 17:27:39,725 | AppPreprocessing | INFO | genetoesng: resolving 1 gene symbol(s) to ENSG
2026-08-10 17:27:39,744 | AppPreprocessing | INFO | genetoesng: resolved 1 ENSG id(s)
2026-08-10 17:27:39,745 | AppPreprocessing | INFO | esngtoprotein: resolving proteins for 1 ENSG id(s)
2026-08-10 17:27:39,766 | AppPreprocessing | INFO | esngtoprotein: 0 protein(s) found, 1 ENSG id(s) without a protein (0-fill placeholders)
2026-08-10 17:27:39,766 | AppPreprocessing | INFO | depmapreader: extracting 1 ENSG column(s)
2026-08-10 17:27:48,706 | AppPreprocessing | INFO | depmap: RNA/ENSG -> 1 found, 0 NaN-filled (not found)
2026-08-10 17:27:48,706 | AppPreprocessing | INFO | depmapreader: returning shape (1479, 2)
2026-08-10 17:27:48,751 | AppPreprocessing | INFO | hparnareader: extracting 1 ENSG column(s)
2026-08-10 17:27:54,874 | AppPreprocessing | WARNING | hpa: removed 91 row(s) with null/duplicate ModelID (kept 1054 unique cell line(s))
2026-08-10 17:27:54,874 | AppPreprocessing | INFO | hpa: HPA/ENSG -> 1 found, 0 NaN-filled (not found)
2026-08-10 17:27:54,874 | AppPreprocessing | INFO | hparnareader: returning shape (1054, 2)
2026-08-10 17:27:54,925 | AppPreprocessing | INFO | proteinreader: extracting 0 protein column(s)
2026-08-10 17:27:55,879 | AppPreprocessing | INFO | protein: protein -> 0 found, 0 NaN-filled (not found)
2026-08-10 17:27:55,879 | AppPreprocessing | INFO | proteinreader: returning shape (375, 1)
2026-08-10 17:27:55,899 | AppPreprocessing | INFO | similarityreader: extracting 1 gene cosine column(s)
2026-08-10 17:28:04,447 | AppPreprocessing | INFO | cosine: cosine/ENSG -> 1 found, 0 NaN-filled (not found)
2026-08-10 17:28:04,451 | AppPreprocessing | INFO | similarityreader: returning shape (1479, 2)
2026-08-10 17:28:04,518 | ApplicationRunner | INFO | exclusion_df shape is (1479, 4)
2026-08-10 17:28:04,519 | ApplicationRunner | INFO | Releasing exclusion reader frames from memory
2026-08-10 17:28:04,626 | ApplicationRunner | INFO | Scoring: evidence + similarity (target)
2026-08-10 17:28:04,626 | Scoring | INFO | calculateevidencescore (type=target): input shape (1479, 10)
2026-08-10 17:28:04,628 | Scoring | INFO | calculateevidencescore: 9 value column(s)
2026-08-10 17:28:04,633 | Scoring | INFO | target_evidence: min=0.0657 max=0.6891
2026-08-10 17:28:04,637 | Scoring | INFO | calculatesimilarityscore (type=target): input shape (1479, 4)
2026-08-10 17:28:04,637 | Scoring | INFO | calculatesimilarityscore: 3 cosine column(s)
2026-08-10 17:28:04,643 | Scoring | INFO | target_similarity: min=0.1348 max=0.8328
2026-08-10 17:28:04,643 | ApplicationRunner | INFO | Releasing target cosine frame from memory
2026-08-10 17:28:04,747 | ApplicationRunner | INFO | Calculating the confidence score
2026-08-10 17:28:04,747 | Scoring | INFO | calculateconfidencescore: input shape (1479, 13)
2026-08-10 17:28:04,747 | Scoring | INFO | calculateconfidencescore: pooling 12 value column(s)
2026-08-10 17:28:05,097 | Scoring | INFO | confidence_score: nulls=0 of 1479
2026-08-10 17:28:05,097 | ApplicationRunner | INFO | Releasing confidence input frame from memory
2026-08-10 17:28:05,206 | ApplicationRunner | INFO | Scoring: evidence and similarity (exclusion)
2026-08-10 17:28:05,208 | Scoring | INFO | calculateevidencescore (type=exclusion): input shape (1479, 4)
2026-08-10 17:28:05,208 | Scoring | INFO | calculateevidencescore: 3 value column(s)
2026-08-10 17:28:05,216 | Scoring | INFO | exclusion_penalty: min=0.2231 max=0.6761
2026-08-10 17:28:05,217 | Scoring | INFO | calculatesimilarityscore (type=exclusion): input shape (1479, 2)
2026-08-10 17:28:05,218 | Scoring | INFO | calculatesimilarityscore: 1 cosine column(s)
2026-08-10 17:28:05,220 | Scoring | INFO | exclusion_similarity_penalty: min=0.2231 max=0.9990
2026-08-10 17:28:05,223 | ApplicationRunner | INFO | Releasing exclusion cosine frame from memory
2026-08-10 17:28:05,329 | Scoring | INFO | calculatenetevidencescore (type=exclusion): input shape (1479, 5)
2026-08-10 17:28:05,329 | Scoring | INFO | calculatenetsimilarityscore (type=exclusion): input shape (1479, 5)
2026-08-10 17:28:05,329 | ApplicationRunner | INFO | Releasing intermediate evidence/similarity frames from memory
2026-08-10 17:28:05,437 | ApplicationRunner | INFO | Releasing target evidence/similarity frames from memory
2026-08-10 17:28:05,545 | ApplicationRunner | INFO | Assembling final score (net_similarity x net_evidence x confidence)
2026-08-10 17:28:05,552 | Scoring | INFO | finalscoring: input shape (1479, 14)
2026-08-10 17:28:05,552 | Scoring | INFO | final_score: nulls=0 of 1479
2026-08-10 17:28:05,552 | ApplicationRunner | INFO | Releasing net score component frames from memory
2026-08-10 17:28:05,657 | ApplicationRunner | INFO | Releasing feature and final-score frames from memory
2026-08-10 17:28:05,753 | ApplicationRunner | INFO | Fusion flagging over 4 gene(s); filter=2
2026-08-10 17:28:05,754 | Fusion | INFO | fusionflagger: 1479 cell line(s), 3 target gene(s), 1 exclusion gene(s)
2026-08-10 17:28:06,778 | Fusion | INFO | fusionflagger: fusion table shape (184237, 31)
2026-08-10 17:28:06,796 | Fusion | INFO | fusionflagger: 0 matching fusion row(s); 0 exclusion-involved, 0 target-only ModelID(s)
2026-08-10 17:28:06,796 | Fusion | INFO | fusionflagger: releasing fusion table frames from memory
2026-08-10 17:28:06,897 | Fusion | INFO | fusionflagger: fusion_type counts -> {'No': 1479}
2026-08-10 17:28:06,994 | Fusion | INFO | require_fusion_models: 1479 row(s) in
2026-08-10 17:28:06,994 | Fusion | INFO | require_fusion_models: 1479 row(s) retained after dropping fusion-positive
2026-08-10 17:28:06,994 | ApplicationRunner | INFO | Mutation flagging over 4 gene(s); filter=2
2026-08-10 17:28:06,994 | Mutation | INFO | mutationflager: 1479 cell line(s), 3 target gene(s), 1 exclusion gene(s)
2026-08-10 17:28:18,237 | Mutation | INFO | mutationflager: mutation table shape (1066869, 71)
2026-08-10 17:28:19,006 | Mutation | INFO | mutationflager: 66 distinct ModelID(s) with a matching mutation; 16 exclusion-involved, 51 target-involved
2026-08-10 17:28:19,009 | Mutation | INFO | mutationflager: mutation_type counts -> {'No': 1423, 'target': 44, 'exclusion': 12}
2026-08-10 17:28:19,016 | Mutation | INFO | mutationflager: 1479 cell line(s), 3 target gene(s), 1 exclusion gene(s)
2026-08-10 17:28:29,076 | Mutation | INFO | mutationflager: mutation table shape (1066869, 71)
2026-08-10 17:28:29,621 | Mutation | INFO | mutationflager: 66 distinct ModelID(s) with a matching mutation; 16 exclusion-involved, 51 target-involved
2026-08-10 17:28:29,621 | Mutation | INFO | mutationflager: mutation_type counts -> {'No': 1423, 'target': 44, 'exclusion': 12}
2026-08-10 17:28:29,728 | Mutation | INFO | require_mutation_models: 1479 row(s) in
2026-08-10 17:28:29,728 | Mutation | INFO | require_mutation_models: 44 row(s) retained after dropping mutation-positive
2026-08-10 17:28:29,728 | ApplicationRunner | INFO | Filtering the dataset for the cell line names
2026-08-10 17:28:29,728 | AppPreprocessing | INFO | Getting the master look up table
2026-08-10 17:28:29,728 | AppPreprocessing | INFO | Filtering the required columns
2026-08-10 17:28:29,745 | AppPreprocessing | INFO | Mergining the data with the master table
2026-08-10 17:28:29,748 | AppPreprocessing | INFO | Droping the rows which have null value
2026-08-10 17:28:29,749 | AppPreprocessing | INFO | Removing the columns which are not needed
2026-08-10 17:28:29,750 | AppPreprocessing | INFO | Getting the master look up table
2026-08-10 17:28:29,757 | AppPreprocessing | INFO | Filtering the required columns
2026-08-10 17:28:29,758 | AppPreprocessing | INFO | Mergining the data with the master table
2026-08-10 17:28:29,762 | AppPreprocessing | INFO | Droping the rows which have null value
2026-08-10 17:28:29,765 | AppPreprocessing | INFO | Removing the columns which are not needed
2026-08-10 17:28:29,767 | ApplicationRunner | INFO | Selected top 10 cell line(s)
2026-08-10 17:28:29,767 | Fusion | INFO | getthefusionreferencetable: 10 top cell line(s), 4 gene(s)
2026-08-10 17:28:30,862 | Fusion | INFO | getthefusionreferencetable: releasing full fusion table from memory
2026-08-10 17:28:30,962 | Fusion | INFO | getthefusionreferencetable: returning 0 reference row(s)
2026-08-10 17:28:30,963 | Mutation | INFO | getthemutationreferencetable: 10 cell line(s), 4 gene(s)
2026-08-10 17:28:44,284 | Mutation | INFO | getthemutationreferencetable: returning 16 reference row(s)
2026-08-10 17:28:44,377 | ApplicationRunner | INFO | Getting Metabolomnic data
2026-08-10 17:28:44,377 | AppPreprocessing | INFO | Getting the metabolomnic data
2026-08-10 17:28:44,416 | ApplicationRunner | INFO | Generating LLM explanation
2026-08-10 17:28:44,416 | Explanation | INFO | generate_explanation: starting
2026-08-10 17:28:44,416 | Explanation | INFO | generate_explanation: exclusionapplied=True fusionfilter=True mutationfilter=True disease=None
2026-08-10 17:28:44,425 | Explanation | INFO | _row_digest: built 10 record(s) with columns ['ModelID', 'final_score', 'net_similarity', 'net_evidence', 'confidence_score', 'modality_score', 'agreement', 'target_similarity', 'target_evidence', 'exclusion_evidence', 'exclusion_percentile', 'exclusion_penalty', 'exclusion_similarity', 'exclusion_similarity_percentile', 'exclusion_similarity_penalty', 'fusion_flag', 'mutation_flag']
2026-08-10 17:28:44,428 | Explanation | INFO | _population_context: {'total_candidates': 1410, 'final_score_min': 0.0011, 'final_score_max': 0.1942, 'final_score_median': 0.0195, 'fusion_flag_yes_count': 0, 'mutation_flag_yes_count': 55}
2026-08-10 17:28:44,428 | Explanation | INFO | generate_explanation: prompt built (system=994 chars, user=11281 chars)
2026-08-10 17:28:44,529 | Explanation | INFO | ollama_chat: calling model 'llama3.2:3b' at http://localhost:11434
2026-08-10 17:32:17,507 | Explanation | INFO | ollama_chat: received 3302 character(s)
2026-08-10 17:32:17,509 | Explanation | INFO | generate_explanation: explanation generated (3302 chars)
2026-08-10 17:32:17,521 | ApplicationRunner | INFO | Running KMeans plot
2026-08-10 17:32:17,521 | ModelLoader | INFO | kmeansonthedata: 10 selected cell line(s)
2026-08-10 17:32:17,641 | ModelLoader | INFO | kmeansonthedata: factor matrix (1479, 20); predicting clusters
2026-08-10 17:32:17,757 | ModelLoader | INFO | kmeansonthedata: generating UMAP projection (full 1479-row manifold)
2026-08-10 17:32:34,311 | ModelLoader | INFO | kmeansonthedata: 10 of 10 chosen id(s) located on the map
2026-08-10 17:32:34,311 | ModelLoader | INFO | kmeansonthedata: releasing factor matrix and UMAP arrays from memory
2026-08-10 17:32:35,235 | ModelLoader | INFO | kmeansonthedata: plot saved to C:\Users\Shankar\Desktop\AstraZeneca\code\astrazeneca\CelllineSelector\images\kmeansplotforselectedcell_27611713-f577-46d1-9ac0-29f38833df46.png
2026-08-10 17:32:35,235 | ModelLoader | INFO | kmeansonthedata: releasing plotting frames from memory
2026-08-10 17:32:35,430 | ApplicationRunner | INFO | Kmeans plot completed
2026-08-10 17:32:35,430 | ApplicationRunner | INFO | Running KNN
2026-08-10 17:32:35,430 | ModelLoader | INFO | knnonthedata: finding alternatives for 10 selected cell line(s)
2026-08-10 17:32:35,529 | ModelLoader | INFO | knnonthedata: releasing factor matrix from memory
2026-08-10 17:32:35,721 | ModelLoader | INFO | knnonthedata: 10 of 10 target(s) received an alternative
2026-08-10 17:32:35,721 | ApplicationRunner | INFO | KNN Completed
2026-08-10 17:32:35,721 | ApplicationRunner | INFO | Running Data combiner
2026-08-10 17:32:35,721 | AppPreprocessing | INFO | datacombiner: enriching 10 row(s) with master_lookup identity
2026-08-10 17:32:35,749 | AppPreprocessing | INFO | datacombiner: returning shape (10, 38)
2026-08-10 17:32:35,749 | AppPreprocessing | INFO | alternativedatacombiner: enriching 10 alternative row(s)
2026-08-10 17:32:35,774 | AppPreprocessing | INFO | alternativedatacombiner: returning shape (10, 8)
2026-08-10 17:32:35,777 | ApplicationRunner | INFO | Data combiner completed
2026-08-10 17:32:35,777 | ApplicationRunner | INFO | pipelinerun completed successfully
2026-08-10 17:37:22,266 | ApplicationRunner | INFO | Starting the pipeline run
2026-08-10 17:37:22,266 | ApplicationRunner | INFO | exclusionchecker=True and diseasechecker=False
2026-08-10 17:37:22,266 | ApplicationRunner | INFO | Resolving target ids and reading target omic tables
2026-08-10 17:37:22,266 | AppPreprocessing | INFO | genetoesng: resolving 3 gene symbol(s) to ENSG
2026-08-10 17:37:22,293 | AppPreprocessing | INFO | genetoesng: resolved 3 ENSG id(s)
2026-08-10 17:37:22,293 | AppPreprocessing | INFO | esngtoprotein: resolving proteins for 3 ENSG id(s)
2026-08-10 17:37:22,308 | AppPreprocessing | INFO | esngtoprotein: 3 protein(s) found, 0 ENSG id(s) without a protein (0-fill placeholders)
2026-08-10 17:37:22,308 | AppPreprocessing | INFO | depmapreader: extracting 3 ENSG column(s)
2026-08-10 17:37:30,637 | AppPreprocessing | INFO | depmap: RNA/ENSG -> 3 found, 0 NaN-filled (not found)
2026-08-10 17:37:30,638 | AppPreprocessing | INFO | depmapreader: returning shape (1479, 4)
2026-08-10 17:37:30,668 | AppPreprocessing | INFO | hparnareader: extracting 3 ENSG column(s)
2026-08-10 17:37:37,917 | AppPreprocessing | WARNING | hpa: removed 91 row(s) with null/duplicate ModelID (kept 1054 unique cell line(s))
2026-08-10 17:37:37,917 | AppPreprocessing | INFO | hpa: HPA/ENSG -> 3 found, 0 NaN-filled (not found)
2026-08-10 17:37:37,917 | AppPreprocessing | INFO | hparnareader: returning shape (1054, 4)
2026-08-10 17:37:37,962 | AppPreprocessing | INFO | proteinreader: extracting 3 protein column(s)
2026-08-10 17:37:39,262 | AppPreprocessing | INFO | protein: protein -> 3 found, 0 NaN-filled (not found)
2026-08-10 17:37:39,264 | AppPreprocessing | INFO | proteinreader: returning shape (375, 4)
2026-08-10 17:37:39,278 | AppPreprocessing | INFO | similarityreader: extracting 3 gene cosine column(s)
2026-08-10 17:37:48,903 | AppPreprocessing | INFO | cosine: cosine/ENSG -> 3 found, 0 NaN-filled (not found)
2026-08-10 17:37:48,903 | AppPreprocessing | INFO | similarityreader: returning shape (1479, 4)
2026-08-10 17:37:48,956 | ApplicationRunner | INFO | target_df shape is (1479, 10)
2026-08-10 17:37:48,956 | ApplicationRunner | INFO | Releasing target reader frames from memory
2026-08-10 17:37:49,034 | ApplicationRunner | INFO | Resolving exclusion ids and reading exclusion omic tables
2026-08-10 17:37:49,034 | AppPreprocessing | INFO | genetoesng: resolving 1 gene symbol(s) to ENSG
2026-08-10 17:37:49,055 | AppPreprocessing | INFO | genetoesng: resolved 1 ENSG id(s)
2026-08-10 17:37:49,055 | AppPreprocessing | INFO | esngtoprotein: resolving proteins for 1 ENSG id(s)
2026-08-10 17:37:49,080 | AppPreprocessing | INFO | esngtoprotein: 0 protein(s) found, 1 ENSG id(s) without a protein (0-fill placeholders)
2026-08-10 17:37:49,080 | AppPreprocessing | INFO | depmapreader: extracting 1 ENSG column(s)
2026-08-10 17:37:56,901 | AppPreprocessing | INFO | depmap: RNA/ENSG -> 1 found, 0 NaN-filled (not found)
2026-08-10 17:37:56,901 | AppPreprocessing | INFO | depmapreader: returning shape (1479, 2)
2026-08-10 17:37:56,934 | AppPreprocessing | INFO | hparnareader: extracting 1 ENSG column(s)
2026-08-10 17:38:02,777 | AppPreprocessing | WARNING | hpa: removed 91 row(s) with null/duplicate ModelID (kept 1054 unique cell line(s))
2026-08-10 17:38:02,777 | AppPreprocessing | INFO | hpa: HPA/ENSG -> 1 found, 0 NaN-filled (not found)
2026-08-10 17:38:02,777 | AppPreprocessing | INFO | hparnareader: returning shape (1054, 2)
2026-08-10 17:38:02,801 | AppPreprocessing | INFO | proteinreader: extracting 0 protein column(s)
2026-08-10 17:38:03,727 | AppPreprocessing | INFO | protein: protein -> 0 found, 0 NaN-filled (not found)
2026-08-10 17:38:03,728 | AppPreprocessing | INFO | proteinreader: returning shape (375, 1)
2026-08-10 17:38:03,737 | AppPreprocessing | INFO | similarityreader: extracting 1 gene cosine column(s)
2026-08-10 17:38:13,351 | AppPreprocessing | INFO | cosine: cosine/ENSG -> 1 found, 0 NaN-filled (not found)
2026-08-10 17:38:13,351 | AppPreprocessing | INFO | similarityreader: returning shape (1479, 2)
2026-08-10 17:38:13,406 | ApplicationRunner | INFO | exclusion_df shape is (1479, 4)
2026-08-10 17:38:13,407 | ApplicationRunner | INFO | Releasing exclusion reader frames from memory
2026-08-10 17:38:13,497 | ApplicationRunner | INFO | Scoring: evidence + similarity (target)
2026-08-10 17:38:13,498 | Scoring | INFO | calculateevidencescore (type=target): input shape (1479, 10)
2026-08-10 17:38:13,498 | Scoring | INFO | calculateevidencescore: 9 value column(s)
2026-08-10 17:38:13,500 | Scoring | INFO | target_evidence: min=0.0657 max=0.6891
2026-08-10 17:38:13,500 | Scoring | INFO | calculatesimilarityscore (type=target): input shape (1479, 4)
2026-08-10 17:38:13,500 | Scoring | INFO | calculatesimilarityscore: 3 cosine column(s)
2026-08-10 17:38:13,508 | Scoring | INFO | target_similarity: min=0.1348 max=0.8328
2026-08-10 17:38:13,509 | ApplicationRunner | INFO | Releasing target cosine frame from memory
2026-08-10 17:38:13,599 | ApplicationRunner | INFO | Calculating the confidence score
2026-08-10 17:38:13,600 | Scoring | INFO | calculateconfidencescore: input shape (1479, 13)
2026-08-10 17:38:13,600 | Scoring | INFO | calculateconfidencescore: pooling 12 value column(s)
2026-08-10 17:38:13,859 | Scoring | INFO | confidence_score: nulls=0 of 1479
2026-08-10 17:38:13,859 | ApplicationRunner | INFO | Releasing confidence input frame from memory
2026-08-10 17:38:13,946 | ApplicationRunner | INFO | Scoring: evidence and similarity (exclusion)
2026-08-10 17:38:13,947 | Scoring | INFO | calculateevidencescore (type=exclusion): input shape (1479, 4)
2026-08-10 17:38:13,948 | Scoring | INFO | calculateevidencescore: 3 value column(s)
2026-08-10 17:38:13,951 | Scoring | INFO | exclusion_penalty: min=0.2231 max=0.6761
2026-08-10 17:38:13,951 | Scoring | INFO | calculatesimilarityscore (type=exclusion): input shape (1479, 2)
2026-08-10 17:38:13,955 | Scoring | INFO | calculatesimilarityscore: 1 cosine column(s)
2026-08-10 17:38:13,958 | Scoring | INFO | exclusion_similarity_penalty: min=0.2231 max=0.9990
2026-08-10 17:38:13,959 | ApplicationRunner | INFO | Releasing exclusion cosine frame from memory
2026-08-10 17:38:14,045 | Scoring | INFO | calculatenetevidencescore (type=exclusion): input shape (1479, 5)
2026-08-10 17:38:14,045 | Scoring | INFO | calculatenetsimilarityscore (type=exclusion): input shape (1479, 5)
2026-08-10 17:38:14,050 | ApplicationRunner | INFO | Releasing intermediate evidence/similarity frames from memory
2026-08-10 17:38:14,133 | ApplicationRunner | INFO | Releasing target evidence/similarity frames from memory
2026-08-10 17:38:14,217 | ApplicationRunner | INFO | Assembling final score (net_similarity x net_evidence x confidence)
2026-08-10 17:38:14,217 | Scoring | INFO | finalscoring: input shape (1479, 14)
2026-08-10 17:38:14,217 | Scoring | INFO | final_score: nulls=0 of 1479
2026-08-10 17:38:14,217 | ApplicationRunner | INFO | Releasing net score component frames from memory
2026-08-10 17:38:14,331 | ApplicationRunner | INFO | Releasing feature and final-score frames from memory
2026-08-10 17:38:14,413 | ApplicationRunner | INFO | Fusion flagging over 4 gene(s); filter=2
2026-08-10 17:38:14,414 | Fusion | INFO | fusionflagger: 1479 cell line(s), 3 target gene(s), 1 exclusion gene(s)
2026-08-10 17:38:15,263 | Fusion | INFO | fusionflagger: fusion table shape (184237, 31)
2026-08-10 17:38:15,285 | Fusion | INFO | fusionflagger: 0 matching fusion row(s); 0 exclusion-involved, 0 target-only ModelID(s)
2026-08-10 17:38:15,285 | Fusion | INFO | fusionflagger: releasing fusion table frames from memory
2026-08-10 17:38:15,367 | Fusion | INFO | fusionflagger: fusion_type counts -> {'No': 1479}
2026-08-10 17:38:15,467 | Fusion | INFO | require_fusion_models: 1479 row(s) in
2026-08-10 17:38:15,467 | Fusion | INFO | require_fusion_models: 1479 row(s) retained after dropping fusion-positive
2026-08-10 17:38:15,467 | ApplicationRunner | INFO | Mutation flagging over 4 gene(s); filter=2
2026-08-10 17:38:15,467 | Mutation | INFO | mutationflager: 1479 cell line(s), 3 target gene(s), 1 exclusion gene(s)
2026-08-10 17:38:24,998 | Mutation | INFO | mutationflager: mutation table shape (1066869, 71)
2026-08-10 17:38:25,604 | Mutation | INFO | mutationflager: 66 distinct ModelID(s) with a matching mutation; 16 exclusion-involved, 51 target-involved
2026-08-10 17:38:25,610 | Mutation | INFO | mutationflager: mutation_type counts -> {'No': 1423, 'target': 44, 'exclusion': 12}
2026-08-10 17:38:25,610 | Mutation | INFO | mutationflager: 1479 cell line(s), 3 target gene(s), 1 exclusion gene(s)
2026-08-10 17:38:35,266 | Mutation | INFO | mutationflager: mutation table shape (1066869, 71)
2026-08-10 17:38:36,092 | Mutation | INFO | mutationflager: 66 distinct ModelID(s) with a matching mutation; 16 exclusion-involved, 51 target-involved
2026-08-10 17:38:36,100 | Mutation | INFO | mutationflager: mutation_type counts -> {'No': 1423, 'target': 44, 'exclusion': 12}
2026-08-10 17:38:36,224 | Mutation | INFO | require_mutation_models: 1479 row(s) in
2026-08-10 17:38:36,224 | Mutation | INFO | require_mutation_models: 44 row(s) retained after dropping mutation-positive
2026-08-10 17:38:36,229 | ApplicationRunner | INFO | Filtering the dataset for the cell line names
2026-08-10 17:38:36,230 | AppPreprocessing | INFO | Getting the master look up table
2026-08-10 17:38:36,241 | AppPreprocessing | INFO | Filtering the required columns
2026-08-10 17:38:36,242 | AppPreprocessing | INFO | Mergining the data with the master table
2026-08-10 17:38:36,247 | AppPreprocessing | INFO | Droping the rows which have null value
2026-08-10 17:38:36,248 | AppPreprocessing | INFO | Removing the columns which are not needed
2026-08-10 17:38:36,250 | AppPreprocessing | INFO | Getting the master look up table
2026-08-10 17:38:36,261 | AppPreprocessing | INFO | Filtering the required columns
2026-08-10 17:38:36,261 | AppPreprocessing | INFO | Mergining the data with the master table
2026-08-10 17:38:36,266 | AppPreprocessing | INFO | Droping the rows which have null value
2026-08-10 17:38:36,267 | AppPreprocessing | INFO | Removing the columns which are not needed
2026-08-10 17:38:36,274 | ApplicationRunner | INFO | Selected top 10 cell line(s)
2026-08-10 17:38:36,274 | Fusion | INFO | getthefusionreferencetable: 10 top cell line(s), 4 gene(s)
2026-08-10 17:38:37,686 | Fusion | INFO | getthefusionreferencetable: releasing full fusion table from memory
2026-08-10 17:38:37,821 | Fusion | INFO | getthefusionreferencetable: returning 0 reference row(s)
2026-08-10 17:38:37,821 | Mutation | INFO | getthemutationreferencetable: 10 cell line(s), 4 gene(s)
2026-08-10 17:38:49,888 | Mutation | INFO | getthemutationreferencetable: returning 16 reference row(s)
2026-08-10 17:38:50,016 | ApplicationRunner | INFO | Getting Metabolomnic data
2026-08-10 17:38:50,016 | AppPreprocessing | INFO | Getting the metabolomnic data
2026-08-10 17:38:50,051 | ApplicationRunner | INFO | Generating LLM explanation
2026-08-10 17:38:50,051 | Explanation | INFO | generate_explanation: starting
2026-08-10 17:38:50,051 | Explanation | INFO | generate_explanation: exclusionapplied=True fusionfilter=True mutationfilter=True disease=None
2026-08-10 17:38:50,056 | Explanation | INFO | _row_digest: built 10 record(s) with columns ['ModelID', 'final_score', 'net_similarity', 'net_evidence', 'confidence_score', 'modality_score', 'agreement', 'target_similarity', 'target_evidence', 'exclusion_evidence', 'exclusion_percentile', 'exclusion_penalty', 'exclusion_similarity', 'exclusion_similarity_percentile', 'exclusion_similarity_penalty', 'fusion_flag', 'mutation_flag']
2026-08-10 17:38:50,059 | Explanation | INFO | _population_context: {'total_candidates': 1410, 'final_score_min': 0.0011, 'final_score_max': 0.1942, 'final_score_median': 0.0195, 'fusion_flag_yes_count': 0, 'mutation_flag_yes_count': 55}
2026-08-10 17:38:50,059 | Explanation | INFO | generate_explanation: prompt built (system=994 chars, user=11281 chars)
2026-08-10 17:38:50,151 | Explanation | INFO | ollama_chat: calling model 'llama3.2:3b' at http://localhost:11434
2026-08-10 17:45:28,062 | ApplicationRunner | INFO | Starting the pipeline run
2026-08-10 17:45:28,062 | ApplicationRunner | INFO | exclusionchecker=True and diseasechecker=False
2026-08-10 17:45:28,062 | ApplicationRunner | INFO | Resolving target ids and reading target omic tables
2026-08-10 17:45:28,062 | AppPreprocessing | INFO | genetoesng: resolving 3 gene symbol(s) to ENSG
2026-08-10 17:45:28,100 | AppPreprocessing | INFO | genetoesng: resolved 3 ENSG id(s)
2026-08-10 17:45:28,100 | AppPreprocessing | INFO | esngtoprotein: resolving proteins for 3 ENSG id(s)
2026-08-10 17:45:28,126 | AppPreprocessing | INFO | esngtoprotein: 3 protein(s) found, 0 ENSG id(s) without a protein (0-fill placeholders)
2026-08-10 17:45:28,126 | AppPreprocessing | INFO | depmapreader: extracting 3 ENSG column(s)
2026-08-10 17:45:36,796 | AppPreprocessing | INFO | depmap: RNA/ENSG -> 3 found, 0 NaN-filled (not found)
2026-08-10 17:45:36,798 | AppPreprocessing | INFO | depmapreader: returning shape (1479, 4)
2026-08-10 17:45:36,853 | AppPreprocessing | INFO | hparnareader: extracting 3 ENSG column(s)
2026-08-10 17:45:44,726 | AppPreprocessing | WARNING | hpa: removed 91 row(s) with null/duplicate ModelID (kept 1054 unique cell line(s))
2026-08-10 17:45:44,728 | AppPreprocessing | INFO | hpa: HPA/ENSG -> 3 found, 0 NaN-filled (not found)
2026-08-10 17:45:44,728 | AppPreprocessing | INFO | hparnareader: returning shape (1054, 4)
2026-08-10 17:45:44,769 | AppPreprocessing | INFO | proteinreader: extracting 3 protein column(s)
2026-08-10 17:45:45,838 | AppPreprocessing | INFO | protein: protein -> 3 found, 0 NaN-filled (not found)
2026-08-10 17:45:45,848 | AppPreprocessing | INFO | proteinreader: returning shape (375, 4)
2026-08-10 17:45:45,863 | AppPreprocessing | INFO | similarityreader: extracting 3 gene cosine column(s)
2026-08-10 17:45:54,743 | AppPreprocessing | INFO | cosine: cosine/ENSG -> 3 found, 0 NaN-filled (not found)
2026-08-10 17:45:54,743 | AppPreprocessing | INFO | similarityreader: returning shape (1479, 4)
2026-08-10 17:45:54,810 | ApplicationRunner | INFO | target_df shape is (1479, 10)
2026-08-10 17:45:54,810 | ApplicationRunner | INFO | Releasing target reader frames from memory
2026-08-10 17:45:54,891 | ApplicationRunner | INFO | Resolving exclusion ids and reading exclusion omic tables
2026-08-10 17:45:54,892 | AppPreprocessing | INFO | genetoesng: resolving 1 gene symbol(s) to ENSG
2026-08-10 17:45:54,910 | AppPreprocessing | INFO | genetoesng: resolved 1 ENSG id(s)
2026-08-10 17:45:54,910 | AppPreprocessing | INFO | esngtoprotein: resolving proteins for 1 ENSG id(s)
2026-08-10 17:45:54,930 | AppPreprocessing | INFO | esngtoprotein: 0 protein(s) found, 1 ENSG id(s) without a protein (0-fill placeholders)
2026-08-10 17:45:54,931 | AppPreprocessing | INFO | depmapreader: extracting 1 ENSG column(s)
2026-08-10 17:46:03,064 | AppPreprocessing | INFO | depmap: RNA/ENSG -> 1 found, 0 NaN-filled (not found)
2026-08-10 17:46:03,064 | AppPreprocessing | INFO | depmapreader: returning shape (1479, 2)
2026-08-10 17:46:03,104 | AppPreprocessing | INFO | hparnareader: extracting 1 ENSG column(s)
2026-08-10 17:46:10,014 | AppPreprocessing | WARNING | hpa: removed 91 row(s) with null/duplicate ModelID (kept 1054 unique cell line(s))
2026-08-10 17:46:10,014 | AppPreprocessing | INFO | hpa: HPA/ENSG -> 1 found, 0 NaN-filled (not found)
2026-08-10 17:46:10,014 | AppPreprocessing | INFO | hparnareader: returning shape (1054, 2)
2026-08-10 17:46:10,068 | AppPreprocessing | INFO | proteinreader: extracting 0 protein column(s)
2026-08-10 17:46:11,323 | AppPreprocessing | INFO | protein: protein -> 0 found, 0 NaN-filled (not found)
2026-08-10 17:46:11,323 | AppPreprocessing | INFO | proteinreader: returning shape (375, 1)
2026-08-10 17:46:11,334 | AppPreprocessing | INFO | similarityreader: extracting 1 gene cosine column(s)
2026-08-10 17:46:20,506 | AppPreprocessing | INFO | cosine: cosine/ENSG -> 1 found, 0 NaN-filled (not found)
2026-08-10 17:46:20,508 | AppPreprocessing | INFO | similarityreader: returning shape (1479, 2)
2026-08-10 17:46:20,570 | ApplicationRunner | INFO | exclusion_df shape is (1479, 4)
2026-08-10 17:46:20,570 | ApplicationRunner | INFO | Releasing exclusion reader frames from memory
2026-08-10 17:46:20,681 | ApplicationRunner | INFO | Scoring: evidence + similarity (target)
2026-08-10 17:46:20,682 | Scoring | INFO | calculateevidencescore (type=target): input shape (1479, 10)
2026-08-10 17:46:20,683 | Scoring | INFO | calculateevidencescore: 9 value column(s)
2026-08-10 17:46:20,692 | Scoring | INFO | target_evidence: min=0.0657 max=0.6891
2026-08-10 17:46:20,693 | Scoring | INFO | calculatesimilarityscore (type=target): input shape (1479, 4)
2026-08-10 17:46:20,693 | Scoring | INFO | calculatesimilarityscore: 3 cosine column(s)
2026-08-10 17:46:20,697 | Scoring | INFO | target_similarity: min=0.1348 max=0.8328
2026-08-10 17:46:20,698 | ApplicationRunner | INFO | Releasing target cosine frame from memory
2026-08-10 17:46:20,805 | ApplicationRunner | INFO | Calculating the confidence score
2026-08-10 17:46:20,807 | Scoring | INFO | calculateconfidencescore: input shape (1479, 13)
2026-08-10 17:46:20,807 | Scoring | INFO | calculateconfidencescore: pooling 12 value column(s)
2026-08-10 17:46:21,166 | Scoring | INFO | confidence_score: nulls=0 of 1479
2026-08-10 17:46:21,166 | ApplicationRunner | INFO | Releasing confidence input frame from memory
2026-08-10 17:46:21,272 | ApplicationRunner | INFO | Scoring: evidence and similarity (exclusion)
2026-08-10 17:46:21,272 | Scoring | INFO | calculateevidencescore (type=exclusion): input shape (1479, 4)
2026-08-10 17:46:21,273 | Scoring | INFO | calculateevidencescore: 3 value column(s)
2026-08-10 17:46:21,280 | Scoring | INFO | exclusion_penalty: min=0.2231 max=0.6761
2026-08-10 17:46:21,281 | Scoring | INFO | calculatesimilarityscore (type=exclusion): input shape (1479, 2)
2026-08-10 17:46:21,281 | Scoring | INFO | calculatesimilarityscore: 1 cosine column(s)
2026-08-10 17:46:21,285 | Scoring | INFO | exclusion_similarity_penalty: min=0.2231 max=0.9990
2026-08-10 17:46:21,286 | ApplicationRunner | INFO | Releasing exclusion cosine frame from memory
2026-08-10 17:46:21,374 | Scoring | INFO | calculatenetevidencescore (type=exclusion): input shape (1479, 5)
2026-08-10 17:46:21,390 | Scoring | INFO | calculatenetsimilarityscore (type=exclusion): input shape (1479, 5)
2026-08-10 17:46:21,394 | ApplicationRunner | INFO | Releasing intermediate evidence/similarity frames from memory
2026-08-10 17:46:21,473 | ApplicationRunner | INFO | Releasing target evidence/similarity frames from memory
2026-08-10 17:46:21,576 | ApplicationRunner | INFO | Assembling final score (net_similarity x net_evidence x confidence)
2026-08-10 17:46:21,582 | Scoring | INFO | finalscoring: input shape (1479, 14)
2026-08-10 17:46:21,583 | Scoring | INFO | final_score: nulls=0 of 1479
2026-08-10 17:46:21,583 | ApplicationRunner | INFO | Releasing net score component frames from memory
2026-08-10 17:46:21,689 | ApplicationRunner | INFO | Releasing feature and final-score frames from memory
2026-08-10 17:46:21,783 | ApplicationRunner | INFO | Fusion flagging over 4 gene(s); filter=2
2026-08-10 17:46:21,783 | Fusion | INFO | fusionflagger: 1479 cell line(s), 3 target gene(s), 1 exclusion gene(s)
2026-08-10 17:46:22,873 | Fusion | INFO | fusionflagger: fusion table shape (184237, 31)
2026-08-10 17:46:22,888 | Fusion | INFO | fusionflagger: 0 matching fusion row(s); 0 exclusion-involved, 0 target-only ModelID(s)
2026-08-10 17:46:22,888 | Fusion | INFO | fusionflagger: releasing fusion table frames from memory
2026-08-10 17:46:23,006 | Fusion | INFO | fusionflagger: fusion_type counts -> {'No': 1479}
2026-08-10 17:46:23,106 | Fusion | INFO | require_fusion_models: 1479 row(s) in
2026-08-10 17:46:23,106 | Fusion | INFO | require_fusion_models: 0 row(s) retained after dropping fusion-positive
2026-08-10 17:46:23,196 | ApplicationRunner | WARNING | pipelinerun: returning empty result — fusion filter removed all cell lines
2026-08-10 17:47:26,668 | ApplicationRunner | INFO | Starting the pipeline run
2026-08-10 17:47:26,668 | ApplicationRunner | INFO | exclusionchecker=False and diseasechecker=False
2026-08-10 17:47:26,668 | ApplicationRunner | INFO | Resolving target ids and reading target omic tables
2026-08-10 17:47:26,668 | AppPreprocessing | INFO | genetoesng: resolving 6 gene symbol(s) to ENSG
2026-08-10 17:47:26,692 | AppPreprocessing | INFO | genetoesng: resolved 6 ENSG id(s)
2026-08-10 17:47:26,692 | AppPreprocessing | INFO | esngtoprotein: resolving proteins for 6 ENSG id(s)
2026-08-10 17:47:26,705 | AppPreprocessing | INFO | esngtoprotein: 6 protein(s) found, 1 ENSG id(s) without a protein (0-fill placeholders)
2026-08-10 17:47:26,721 | AppPreprocessing | INFO | depmapreader: extracting 6 ENSG column(s)
2026-08-10 17:47:34,373 | AppPreprocessing | INFO | depmap: RNA/ENSG -> 6 found, 0 NaN-filled (not found)
2026-08-10 17:47:34,373 | AppPreprocessing | INFO | depmapreader: returning shape (1479, 7)
2026-08-10 17:47:34,406 | AppPreprocessing | INFO | hparnareader: extracting 6 ENSG column(s)
2026-08-10 17:47:42,928 | AppPreprocessing | WARNING | hpa: removed 91 row(s) with null/duplicate ModelID (kept 1054 unique cell line(s))
2026-08-10 17:47:42,928 | AppPreprocessing | INFO | hpa: HPA/ENSG -> 6 found, 0 NaN-filled (not found)
2026-08-10 17:47:42,928 | AppPreprocessing | INFO | hparnareader: returning shape (1054, 7)
2026-08-10 17:47:42,989 | AppPreprocessing | INFO | proteinreader: extracting 6 protein column(s)
2026-08-10 17:47:44,199 | AppPreprocessing | INFO | protein: protein -> 6 found, 0 NaN-filled (not found)
2026-08-10 17:47:44,199 | AppPreprocessing | INFO | proteinreader: returning shape (375, 7)
2026-08-10 17:47:44,229 | AppPreprocessing | INFO | similarityreader: extracting 6 gene cosine column(s)
2026-08-10 17:47:53,391 | AppPreprocessing | INFO | cosine: cosine/ENSG -> 6 found, 0 NaN-filled (not found)
2026-08-10 17:47:53,391 | AppPreprocessing | INFO | similarityreader: returning shape (1479, 7)
2026-08-10 17:47:53,455 | ApplicationRunner | INFO | target_df shape is (1479, 20)
2026-08-10 17:47:53,455 | ApplicationRunner | INFO | Releasing target reader frames from memory
2026-08-10 17:47:53,538 | ApplicationRunner | INFO | Scoring: evidence + similarity (target)
2026-08-10 17:47:53,538 | Scoring | INFO | calculateevidencescore (type=target): input shape (1479, 20)
2026-08-10 17:47:53,538 | Scoring | INFO | calculateevidencescore: 19 value column(s)
2026-08-10 17:47:53,538 | Scoring | INFO | target_evidence: min=0.0312 max=0.6561
2026-08-10 17:47:53,538 | Scoring | INFO | calculatesimilarityscore (type=target): input shape (1479, 7)
2026-08-10 17:47:53,538 | Scoring | INFO | calculatesimilarityscore: 6 cosine column(s)
2026-08-10 17:47:53,554 | Scoring | INFO | target_similarity: min=0.1856 max=0.7651
2026-08-10 17:47:53,555 | ApplicationRunner | INFO | Releasing target cosine frame from memory
2026-08-10 17:47:53,636 | ApplicationRunner | INFO | Calculating the confidence score
2026-08-10 17:47:53,638 | Scoring | INFO | calculateconfidencescore: input shape (1479, 20)
2026-08-10 17:47:53,638 | Scoring | INFO | calculateconfidencescore: pooling 19 value column(s)
2026-08-10 17:47:53,851 | Scoring | INFO | confidence_score: nulls=0 of 1479
2026-08-10 17:47:53,851 | ApplicationRunner | INFO | Releasing confidence input frame from memory
2026-08-10 17:47:53,936 | Scoring | INFO | calculatenetevidencescore (type=target): input shape (1479, 2)
2026-08-10 17:47:53,937 | Scoring | INFO | calculatenetsimilarityscore (type=target): input shape (1479, 2)
2026-08-10 17:47:53,938 | ApplicationRunner | INFO | Releasing target evidence/similarity frames from memory
2026-08-10 17:47:54,020 | ApplicationRunner | INFO | Assembling final score (net_similarity x net_evidence x confidence)
2026-08-10 17:47:54,024 | Scoring | INFO | finalscoring: input shape (1479, 8)
2026-08-10 17:47:54,024 | Scoring | INFO | final_score: nulls=0 of 1479
2026-08-10 17:47:54,024 | ApplicationRunner | INFO | Releasing net score component frames from memory
2026-08-10 17:47:54,121 | ApplicationRunner | INFO | Releasing feature and final-score frames from memory
2026-08-10 17:47:54,205 | ApplicationRunner | INFO | Fusion flagging over 6 gene(s); filter=2
2026-08-10 17:47:54,205 | Fusion | INFO | fusionflagger: 1479 cell line(s), 6 target gene(s), 0 exclusion gene(s)
2026-08-10 17:47:55,061 | Fusion | INFO | fusionflagger: fusion table shape (184237, 31)
2026-08-10 17:47:55,108 | Fusion | INFO | fusionflagger: 2296 matching fusion row(s); 0 exclusion-involved, 899 target-only ModelID(s)
2026-08-10 17:47:55,108 | Fusion | INFO | fusionflagger: releasing fusion table frames from memory
2026-08-10 17:47:55,220 | Fusion | INFO | fusionflagger: fusion_type counts -> {'target': 832, 'No': 647}
2026-08-10 17:47:55,312 | Fusion | INFO | require_fusion_models: 1479 row(s) in
2026-08-10 17:47:55,316 | Fusion | INFO | require_fusion_models: 832 row(s) retained after dropping fusion-positive
2026-08-10 17:47:55,316 | ApplicationRunner | INFO | Mutation flagging over 6 gene(s); filter=2
2026-08-10 17:47:55,317 | Mutation | INFO | mutationflager: 832 cell line(s), 6 target gene(s), 0 exclusion gene(s)
2026-08-10 17:48:33,665 | Mutation | INFO | mutationflager: mutation table shape (1066869, 71)
2026-08-10 17:48:39,832 | Mutation | INFO | mutationflager: 250 distinct ModelID(s) with a matching mutation; 0 exclusion-involved, 250 target-involved
2026-08-10 17:48:39,920 | Mutation | INFO | mutationflager: mutation_type counts -> {'No': 712, 'target': 120}
2026-08-10 17:48:39,943 | Mutation | INFO | mutationflager: 1479 cell line(s), 6 target gene(s), 0 exclusion gene(s)
2026-08-10 17:49:54,959 | Mutation | INFO | mutationflager: mutation table shape (1066869, 71)
2026-08-10 17:49:59,414 | Mutation | INFO | mutationflager: 250 distinct ModelID(s) with a matching mutation; 0 exclusion-involved, 250 target-involved
2026-08-10 17:49:59,467 | Mutation | INFO | mutationflager: mutation_type counts -> {'No': 1271, 'target': 208}
2026-08-10 17:49:59,846 | Mutation | INFO | require_mutation_models: 832 row(s) in
2026-08-10 17:49:59,856 | Mutation | INFO | require_mutation_models: 120 row(s) retained after dropping mutation-positive
2026-08-10 17:49:59,875 | ApplicationRunner | INFO | Filtering the dataset for the cell line names
2026-08-10 17:49:59,877 | AppPreprocessing | INFO | Getting the master look up table
2026-08-10 17:49:59,952 | AppPreprocessing | INFO | Filtering the required columns
2026-08-10 17:49:59,961 | AppPreprocessing | INFO | Mergining the data with the master table
2026-08-10 17:49:59,982 | AppPreprocessing | INFO | Droping the rows which have null value
2026-08-10 17:49:59,994 | AppPreprocessing | INFO | Removing the columns which are not needed
2026-08-10 17:50:00,006 | AppPreprocessing | INFO | Getting the master look up table
2026-08-10 17:50:00,075 | AppPreprocessing | INFO | Filtering the required columns
2026-08-10 17:50:00,082 | AppPreprocessing | INFO | Mergining the data with the master table
2026-08-10 17:50:00,108 | AppPreprocessing | INFO | Droping the rows which have null value
2026-08-10 17:50:00,126 | AppPreprocessing | INFO | Removing the columns which are not needed
2026-08-10 17:50:00,145 | ApplicationRunner | INFO | Selected top 10 cell line(s)
2026-08-10 17:50:00,149 | Fusion | INFO | getthefusionreferencetable: 10 top cell line(s), 6 gene(s)
2026-08-10 17:50:07,604 | Fusion | INFO | getthefusionreferencetable: releasing full fusion table from memory
2026-08-10 17:50:07,973 | Fusion | INFO | getthefusionreferencetable: returning 57 reference row(s)
2026-08-10 17:50:07,975 | Mutation | INFO | getthemutationreferencetable: 10 cell line(s), 6 gene(s)
2026-08-10 17:51:27,846 | Mutation | INFO | getthemutationreferencetable: returning 24 reference row(s)
2026-08-10 17:51:28,227 | ApplicationRunner | INFO | Getting Metabolomnic data
2026-08-10 17:51:28,229 | AppPreprocessing | INFO | Getting the metabolomnic data
2026-08-10 17:51:28,493 | ApplicationRunner | INFO | Generating LLM explanation
2026-08-10 17:51:28,495 | Explanation | INFO | generate_explanation: starting
2026-08-10 17:51:28,497 | Explanation | INFO | generate_explanation: exclusionapplied=False fusionfilter=True mutationfilter=True disease=None
2026-08-10 17:51:28,525 | Explanation | INFO | _row_digest: built 10 record(s) with columns ['ModelID', 'final_score', 'net_similarity', 'net_evidence', 'confidence_score', 'modality_score', 'agreement', 'target_similarity', 'target_evidence', 'fusion_flag', 'mutation_flag']
2026-08-10 17:51:28,542 | Explanation | INFO | _population_context: {'total_candidates': 1410, 'final_score_min': 0.0059, 'final_score_max': 0.3764, 'final_score_median': 0.093, 'fusion_flag_yes_count': 799, 'mutation_flag_yes_count': 206}
2026-08-10 17:51:28,543 | Explanation | INFO | generate_explanation: prompt built (system=994 chars, user=8607 chars)
2026-08-10 17:51:29,298 | Explanation | INFO | ollama_chat: calling model 'llama3.2:3b' at http://localhost:11434
2026-08-10 18:08:20,821 | Explanation | INFO | ollama_chat: received 7275 character(s)
2026-08-10 18:08:20,826 | Explanation | INFO | generate_explanation: explanation generated (7275 chars)
2026-08-10 18:08:20,877 | ApplicationRunner | INFO | Running KMeans plot
2026-08-10 18:08:20,880 | ModelLoader | INFO | kmeansonthedata: 10 selected cell line(s)
2026-08-10 18:08:21,301 | ModelLoader | INFO | kmeansonthedata: factor matrix (1479, 20); predicting clusters
2026-08-10 18:08:21,786 | ModelLoader | INFO | kmeansonthedata: generating UMAP projection (full 1479-row manifold)
2026-08-10 18:10:01,690 | ModelLoader | INFO | kmeansonthedata: 10 of 10 chosen id(s) located on the map
2026-08-10 18:10:01,692 | ModelLoader | INFO | kmeansonthedata: releasing factor matrix and UMAP arrays from memory
2026-08-10 18:10:07,756 | ModelLoader | INFO | kmeansonthedata: plot saved to C:\Users\Shankar\Desktop\AstraZeneca\code\astrazeneca\CelllineSelector\images\kmeansplotforselectedcell_d3c18398-f2b0-49e2-bba0-55b7328ba6d2.png
2026-08-10 18:10:07,759 | ModelLoader | INFO | kmeansonthedata: releasing plotting frames from memory
2026-08-10 18:10:08,157 | ApplicationRunner | INFO | Kmeans plot completed
2026-08-10 18:10:08,159 | ApplicationRunner | INFO | Running KNN
2026-08-10 18:10:08,159 | ModelLoader | INFO | knnonthedata: finding alternatives for 10 selected cell line(s)
2026-08-10 18:10:08,571 | ModelLoader | INFO | knnonthedata: releasing factor matrix from memory
2026-08-10 18:10:09,127 | ModelLoader | INFO | knnonthedata: 10 of 10 target(s) received an alternative
2026-08-10 18:10:09,130 | ApplicationRunner | INFO | KNN Completed
2026-08-10 18:10:09,132 | ApplicationRunner | INFO | Running Data combiner
2026-08-10 18:10:09,133 | AppPreprocessing | INFO | datacombiner: enriching 10 row(s) with master_lookup identity
2026-08-10 18:10:09,291 | AppPreprocessing | INFO | datacombiner: returning shape (10, 39)
2026-08-10 18:10:09,293 | AppPreprocessing | INFO | alternativedatacombiner: enriching 10 alternative row(s)
2026-08-10 18:10:09,419 | AppPreprocessing | INFO | alternativedatacombiner: returning shape (10, 8)
2026-08-10 18:10:09,421 | ApplicationRunner | INFO | Data combiner completed
2026-08-10 18:10:09,424 | ApplicationRunner | INFO | pipelinerun completed successfully
2026-08-11 00:19:29,889 | ApplicationRunner | INFO | Starting the pipeline run
2026-08-11 00:19:29,889 | ApplicationRunner | INFO | exclusionchecker=False and diseasechecker=False
2026-08-11 00:19:29,889 | ApplicationRunner | INFO | Resolving target ids and reading target omic tables
2026-08-11 00:19:29,889 | AppPreprocessing | INFO | genetoesng: resolving 6 gene symbol(s) to ENSG
2026-08-11 00:19:29,968 | AppPreprocessing | INFO | genetoesng: resolved 6 ENSG id(s)
2026-08-11 00:19:29,968 | AppPreprocessing | INFO | esngtoprotein: resolving proteins for 6 ENSG id(s)
2026-08-11 00:19:29,995 | AppPreprocessing | INFO | esngtoprotein: 6 protein(s) found, 1 ENSG id(s) without a protein (0-fill placeholders)
2026-08-11 00:19:29,995 | AppPreprocessing | INFO | depmapreader: extracting 6 ENSG column(s)
2026-08-11 00:19:37,677 | AppPreprocessing | INFO | depmap: RNA/ENSG -> 6 found, 0 NaN-filled (not found)
2026-08-11 00:19:37,677 | AppPreprocessing | INFO | depmapreader: returning shape (1479, 7)
2026-08-11 00:19:37,719 | AppPreprocessing | INFO | hparnareader: extracting 6 ENSG column(s)
2026-08-11 00:19:44,453 | AppPreprocessing | WARNING | hpa: removed 91 row(s) with null/duplicate ModelID (kept 1054 unique cell line(s))
2026-08-11 00:19:44,453 | AppPreprocessing | INFO | hpa: HPA/ENSG -> 6 found, 0 NaN-filled (not found)
2026-08-11 00:19:44,453 | AppPreprocessing | INFO | hparnareader: returning shape (1054, 7)
2026-08-11 00:19:44,502 | AppPreprocessing | INFO | proteinreader: extracting 6 protein column(s)
2026-08-11 00:19:45,833 | AppPreprocessing | INFO | protein: protein -> 6 found, 0 NaN-filled (not found)
2026-08-11 00:19:45,835 | AppPreprocessing | INFO | proteinreader: returning shape (375, 7)
2026-08-11 00:19:45,851 | AppPreprocessing | INFO | similarityreader: extracting 6 gene cosine column(s)
2026-08-11 00:19:55,773 | AppPreprocessing | INFO | cosine: cosine/ENSG -> 6 found, 0 NaN-filled (not found)
2026-08-11 00:19:55,773 | AppPreprocessing | INFO | similarityreader: returning shape (1479, 7)
2026-08-11 00:19:55,856 | ApplicationRunner | INFO | target_df shape is (1479, 20)
2026-08-11 00:19:55,856 | ApplicationRunner | INFO | Releasing target reader frames from memory
2026-08-11 00:19:55,962 | ApplicationRunner | INFO | Scoring: evidence + similarity (target)
2026-08-11 00:19:55,962 | Scoring | INFO | calculateevidencescore (type=target): input shape (1479, 20)
2026-08-11 00:19:55,962 | Scoring | INFO | calculateevidencescore: 19 value column(s)
2026-08-11 00:19:55,974 | Scoring | INFO | target_evidence: min=0.0312 max=0.6561
2026-08-11 00:19:55,977 | Scoring | INFO | calculatesimilarityscore (type=target): input shape (1479, 7)
2026-08-11 00:19:55,977 | Scoring | INFO | calculatesimilarityscore: 6 cosine column(s)
2026-08-11 00:19:55,981 | Scoring | INFO | target_similarity: min=0.1856 max=0.7651
2026-08-11 00:19:55,983 | ApplicationRunner | INFO | Releasing target cosine frame from memory
2026-08-11 00:19:56,083 | ApplicationRunner | INFO | Calculating the confidence score
2026-08-11 00:19:56,083 | Scoring | INFO | calculateconfidencescore: input shape (1479, 20)
2026-08-11 00:19:56,083 | Scoring | INFO | calculateconfidencescore: pooling 19 value column(s)
2026-08-11 00:19:56,411 | Scoring | INFO | confidence_score: nulls=0 of 1479
2026-08-11 00:19:56,427 | ApplicationRunner | INFO | Releasing confidence input frame from memory
2026-08-11 00:19:56,521 | Scoring | INFO | calculatenetevidencescore (type=target): input shape (1479, 2)
2026-08-11 00:19:56,521 | Scoring | INFO | calculatenetsimilarityscore (type=target): input shape (1479, 2)
2026-08-11 00:19:56,521 | ApplicationRunner | INFO | Releasing target evidence/similarity frames from memory
2026-08-11 00:19:56,638 | ApplicationRunner | INFO | Assembling final score (net_similarity x net_evidence x confidence)
2026-08-11 00:19:56,638 | Scoring | INFO | finalscoring: input shape (1479, 8)
2026-08-11 00:19:56,638 | Scoring | INFO | final_score: nulls=0 of 1479
2026-08-11 00:19:56,638 | ApplicationRunner | INFO | Releasing net score component frames from memory
2026-08-11 00:19:56,754 | ApplicationRunner | INFO | Releasing feature and final-score frames from memory
2026-08-11 00:19:56,840 | ApplicationRunner | INFO | Fusion flagging over 6 gene(s); filter=2
2026-08-11 00:19:56,840 | Fusion | INFO | fusionflagger: 1479 cell line(s), 6 target gene(s), 0 exclusion gene(s)
2026-08-11 00:19:57,913 | Fusion | INFO | fusionflagger: fusion table shape (184237, 31)
2026-08-11 00:19:57,933 | Fusion | INFO | fusionflagger: 2296 matching fusion row(s); 0 exclusion-involved, 899 target-only ModelID(s)
2026-08-11 00:19:57,933 | Fusion | INFO | fusionflagger: releasing fusion table frames from memory
2026-08-11 00:19:58,055 | Fusion | INFO | fusionflagger: fusion_type counts -> {'target': 832, 'No': 647}
2026-08-11 00:19:58,140 | Fusion | INFO | require_fusion_models: 1479 row(s) in
2026-08-11 00:19:58,140 | Fusion | INFO | require_fusion_models: 832 row(s) retained after dropping fusion-positive
2026-08-11 00:19:58,140 | ApplicationRunner | INFO | Mutation flagging over 6 gene(s); filter=2
2026-08-11 00:19:58,140 | Mutation | INFO | mutationflager: 832 cell line(s), 6 target gene(s), 0 exclusion gene(s)
2026-08-11 00:20:07,261 | Mutation | INFO | mutationflager: mutation table shape (1066869, 71)
2026-08-11 00:20:08,045 | Mutation | INFO | mutationflager: 250 distinct ModelID(s) with a matching mutation; 0 exclusion-involved, 250 target-involved
2026-08-11 00:20:08,058 | Mutation | INFO | mutationflager: mutation_type counts -> {'No': 712, 'target': 120}
2026-08-11 00:20:08,063 | Mutation | INFO | mutationflager: 1479 cell line(s), 6 target gene(s), 0 exclusion gene(s)
2026-08-11 00:20:19,338 | Mutation | INFO | mutationflager: mutation table shape (1066869, 71)
2026-08-11 00:20:20,104 | Mutation | INFO | mutationflager: 250 distinct ModelID(s) with a matching mutation; 0 exclusion-involved, 250 target-involved
2026-08-11 00:20:20,109 | Mutation | INFO | mutationflager: mutation_type counts -> {'No': 1271, 'target': 208}
2026-08-11 00:20:20,234 | Mutation | INFO | require_mutation_models: 832 row(s) in
2026-08-11 00:20:20,238 | Mutation | INFO | require_mutation_models: 120 row(s) retained after dropping mutation-positive
2026-08-11 00:20:20,238 | ApplicationRunner | INFO | Filtering the dataset for the cell line names
2026-08-11 00:20:20,238 | AppPreprocessing | INFO | Getting the master look up table
2026-08-11 00:20:20,297 | AppPreprocessing | INFO | Filtering the required columns
2026-08-11 00:20:20,299 | AppPreprocessing | INFO | Mergining the data with the master table
2026-08-11 00:20:20,302 | AppPreprocessing | INFO | Droping the rows which have null value
2026-08-11 00:20:20,303 | AppPreprocessing | INFO | Removing the columns which are not needed
2026-08-11 00:20:20,305 | AppPreprocessing | INFO | Getting the master look up table
2026-08-11 00:20:20,312 | AppPreprocessing | INFO | Filtering the required columns
2026-08-11 00:20:20,312 | AppPreprocessing | INFO | Mergining the data with the master table
2026-08-11 00:20:20,312 | AppPreprocessing | INFO | Droping the rows which have null value
2026-08-11 00:20:20,322 | AppPreprocessing | INFO | Removing the columns which are not needed
2026-08-11 00:20:20,327 | ApplicationRunner | INFO | Selected top 10 cell line(s)
2026-08-11 00:20:20,327 | Fusion | INFO | getthefusionreferencetable: 10 top cell line(s), 6 gene(s)
2026-08-11 00:20:21,771 | Fusion | INFO | getthefusionreferencetable: releasing full fusion table from memory
2026-08-11 00:20:21,883 | Fusion | INFO | getthefusionreferencetable: returning 57 reference row(s)
2026-08-11 00:20:21,883 | Mutation | INFO | getthemutationreferencetable: 10 cell line(s), 6 gene(s)
2026-08-11 00:20:32,331 | Mutation | INFO | getthemutationreferencetable: returning 24 reference row(s)
2026-08-11 00:20:32,433 | ApplicationRunner | INFO | Getting Metabolomnic data
2026-08-11 00:20:32,437 | AppPreprocessing | INFO | Getting the metabolomnic data
2026-08-11 00:20:32,544 | ApplicationRunner | INFO | Generating LLM explanation
2026-08-11 00:20:32,544 | Explanation | INFO | generate_explanation: starting
2026-08-11 00:20:32,544 | Explanation | INFO | generate_explanation: exclusionapplied=False fusionfilter=True mutationfilter=True disease=None
2026-08-11 00:20:32,544 | Explanation | INFO | _row_digest: built 10 record(s) with columns ['ModelID', 'final_score', 'net_similarity', 'net_evidence', 'confidence_score', 'modality_score', 'agreement', 'target_similarity', 'target_evidence', 'fusion_flag', 'mutation_flag']
2026-08-11 00:20:32,552 | Explanation | INFO | _population_context: {'total_candidates': 1410, 'final_score_min': 0.0059, 'final_score_max': 0.3764, 'final_score_median': 0.093, 'fusion_flag_yes_count': 799, 'mutation_flag_yes_count': 206}
2026-08-11 00:20:32,553 | Explanation | INFO | generate_explanation: prompt built (system=994 chars, user=8607 chars)
2026-08-11 00:20:32,652 | Explanation | INFO | ollama_chat: calling model 'llama3.2:3b' at http://localhost:11434
2026-08-11 00:26:50,384 | Explanation | INFO | ollama_chat: received 9167 character(s)
2026-08-11 00:26:50,384 | Explanation | INFO | generate_explanation: explanation generated (9167 chars)
2026-08-11 00:26:50,403 | ApplicationRunner | INFO | Running KMeans plot
2026-08-11 00:26:50,403 | ModelLoader | INFO | kmeansonthedata: 10 selected cell line(s)
2026-08-11 00:26:51,042 | ModelLoader | INFO | kmeansonthedata: factor matrix (1479, 20); predicting clusters
2026-08-11 00:26:51,146 | ModelLoader | INFO | kmeansonthedata: generating UMAP projection (full 1479-row manifold)
2026-08-11 00:27:05,584 | ModelLoader | INFO | kmeansonthedata: 10 of 10 chosen id(s) located on the map
2026-08-11 00:27:05,584 | ModelLoader | INFO | kmeansonthedata: releasing factor matrix and UMAP arrays from memory
2026-08-11 00:27:06,887 | ModelLoader | INFO | kmeansonthedata: plot saved to C:\Users\Shankar\Desktop\AstraZeneca\code\astrazeneca\CelllineSelector\images\kmeansplotforselectedcell_d8cf0b83-5266-4a3b-82ee-8678ed2c2199.png
2026-08-11 00:27:06,887 | ModelLoader | INFO | kmeansonthedata: releasing plotting frames from memory
2026-08-11 00:27:06,995 | ApplicationRunner | INFO | Kmeans plot completed
2026-08-11 00:27:06,995 | ApplicationRunner | INFO | Running KNN
2026-08-11 00:27:06,995 | ModelLoader | INFO | knnonthedata: finding alternatives for 10 selected cell line(s)
2026-08-11 00:27:07,054 | ModelLoader | INFO | knnonthedata: releasing factor matrix from memory
2026-08-11 00:27:07,177 | ModelLoader | INFO | knnonthedata: 10 of 10 target(s) received an alternative
2026-08-11 00:27:07,177 | ApplicationRunner | INFO | KNN Completed
2026-08-11 00:27:07,177 | ApplicationRunner | INFO | Running Data combiner
2026-08-11 00:27:07,177 | AppPreprocessing | INFO | datacombiner: enriching 10 row(s) with master_lookup identity
2026-08-11 00:27:07,197 | AppPreprocessing | INFO | datacombiner: returning shape (10, 39)
2026-08-11 00:27:07,197 | AppPreprocessing | INFO | alternativedatacombiner: enriching 10 alternative row(s)
2026-08-11 00:27:07,207 | AppPreprocessing | INFO | alternativedatacombiner: returning shape (10, 8)
2026-08-11 00:27:07,208 | ApplicationRunner | INFO | Data combiner completed
2026-08-11 00:27:07,208 | ApplicationRunner | INFO | pipelinerun completed successfully
2026-08-11 02:27:47,735 | ApplicationRunner | INFO | Starting the pipeline run
2026-08-11 02:27:47,735 | ApplicationRunner | INFO | exclusionchecker=True and diseasechecker=False
2026-08-11 02:27:47,735 | ApplicationRunner | INFO | Resolving target ids and reading target omic tables
2026-08-11 02:27:47,735 | AppPreprocessing | INFO | genetoesng: resolving 6 gene symbol(s) to ENSG
2026-08-11 02:27:47,771 | AppPreprocessing | INFO | genetoesng: resolved 6 ENSG id(s)
2026-08-11 02:27:47,771 | AppPreprocessing | INFO | esngtoprotein: resolving proteins for 6 ENSG id(s)
2026-08-11 02:27:47,789 | AppPreprocessing | INFO | esngtoprotein: 6 protein(s) found, 1 ENSG id(s) without a protein (0-fill placeholders)
2026-08-11 02:27:47,789 | AppPreprocessing | INFO | depmapreader: extracting 6 ENSG column(s)
2026-08-11 02:27:57,484 | AppPreprocessing | INFO | depmap: RNA/ENSG -> 6 found, 0 NaN-filled (not found)
2026-08-11 02:27:57,485 | AppPreprocessing | INFO | depmapreader: returning shape (1479, 7)
2026-08-11 02:27:57,537 | AppPreprocessing | INFO | hparnareader: extracting 6 ENSG column(s)
2026-08-11 02:28:04,101 | AppPreprocessing | WARNING | hpa: removed 91 row(s) with null/duplicate ModelID (kept 1054 unique cell line(s))
2026-08-11 02:28:04,101 | AppPreprocessing | INFO | hpa: HPA/ENSG -> 6 found, 0 NaN-filled (not found)
2026-08-11 02:28:04,101 | AppPreprocessing | INFO | hparnareader: returning shape (1054, 7)
2026-08-11 02:28:04,145 | AppPreprocessing | INFO | proteinreader: extracting 6 protein column(s)
2026-08-11 02:28:05,153 | AppPreprocessing | INFO | protein: protein -> 6 found, 0 NaN-filled (not found)
2026-08-11 02:28:05,153 | AppPreprocessing | INFO | proteinreader: returning shape (375, 7)
2026-08-11 02:28:05,153 | AppPreprocessing | INFO | similarityreader: extracting 6 gene cosine column(s)
2026-08-11 02:28:13,493 | AppPreprocessing | INFO | cosine: cosine/ENSG -> 6 found, 0 NaN-filled (not found)
2026-08-11 02:28:13,493 | AppPreprocessing | INFO | similarityreader: returning shape (1479, 7)
2026-08-11 02:28:13,554 | ApplicationRunner | INFO | target_df shape is (1479, 20)
2026-08-11 02:28:13,554 | ApplicationRunner | INFO | Releasing target reader frames from memory
2026-08-11 02:28:13,649 | ApplicationRunner | INFO | Resolving exclusion ids and reading exclusion omic tables
2026-08-11 02:28:13,649 | AppPreprocessing | INFO | genetoesng: resolving 1 gene symbol(s) to ENSG
2026-08-11 02:28:13,653 | AppPreprocessing | INFO | genetoesng: resolved 1 ENSG id(s)
2026-08-11 02:28:13,653 | AppPreprocessing | INFO | esngtoprotein: resolving proteins for 1 ENSG id(s)
2026-08-11 02:28:13,685 | AppPreprocessing | INFO | esngtoprotein: 0 protein(s) found, 1 ENSG id(s) without a protein (0-fill placeholders)
2026-08-11 02:28:13,685 | AppPreprocessing | INFO | depmapreader: extracting 1 ENSG column(s)
2026-08-11 02:28:20,487 | AppPreprocessing | INFO | depmap: RNA/ENSG -> 1 found, 0 NaN-filled (not found)
2026-08-11 02:28:20,487 | AppPreprocessing | INFO | depmapreader: returning shape (1479, 2)
2026-08-11 02:28:20,522 | AppPreprocessing | INFO | hparnareader: extracting 1 ENSG column(s)
2026-08-11 02:28:26,750 | AppPreprocessing | WARNING | hpa: removed 91 row(s) with null/duplicate ModelID (kept 1054 unique cell line(s))
2026-08-11 02:28:26,750 | AppPreprocessing | INFO | hpa: HPA/ENSG -> 1 found, 0 NaN-filled (not found)
2026-08-11 02:28:26,750 | AppPreprocessing | INFO | hparnareader: returning shape (1054, 2)
2026-08-11 02:28:26,786 | AppPreprocessing | INFO | proteinreader: extracting 0 protein column(s)
2026-08-11 02:28:28,020 | AppPreprocessing | INFO | protein: protein -> 0 found, 0 NaN-filled (not found)
2026-08-11 02:28:28,020 | AppPreprocessing | INFO | proteinreader: returning shape (375, 1)
2026-08-11 02:28:28,036 | AppPreprocessing | INFO | similarityreader: extracting 1 gene cosine column(s)
2026-08-11 02:28:36,410 | AppPreprocessing | INFO | cosine: cosine/ENSG -> 1 found, 0 NaN-filled (not found)
2026-08-11 02:28:36,410 | AppPreprocessing | INFO | similarityreader: returning shape (1479, 2)
2026-08-11 02:28:36,462 | ApplicationRunner | INFO | exclusion_df shape is (1479, 4)
2026-08-11 02:28:36,462 | ApplicationRunner | INFO | Releasing exclusion reader frames from memory
2026-08-11 02:28:36,545 | ApplicationRunner | INFO | Scoring: evidence + similarity (target)
2026-08-11 02:28:36,546 | Scoring | INFO | calculateevidencescore (type=target): input shape (1479, 20)
2026-08-11 02:28:36,546 | Scoring | INFO | calculateevidencescore: 19 value column(s)
2026-08-11 02:28:36,551 | Scoring | INFO | target_evidence: min=0.0312 max=0.6561
2026-08-11 02:28:36,553 | Scoring | INFO | calculatesimilarityscore (type=target): input shape (1479, 7)
2026-08-11 02:28:36,554 | Scoring | INFO | calculatesimilarityscore: 6 cosine column(s)
2026-08-11 02:28:36,556 | Scoring | INFO | target_similarity: min=0.1856 max=0.7651
2026-08-11 02:28:36,557 | ApplicationRunner | INFO | Releasing target cosine frame from memory
2026-08-11 02:28:36,644 | ApplicationRunner | INFO | Calculating the confidence score
2026-08-11 02:28:36,644 | Scoring | INFO | calculateconfidencescore: input shape (1479, 23)
2026-08-11 02:28:36,644 | Scoring | INFO | calculateconfidencescore: pooling 22 value column(s)
2026-08-11 02:28:36,889 | Scoring | INFO | confidence_score: nulls=0 of 1479
2026-08-11 02:28:36,889 | ApplicationRunner | INFO | Releasing confidence input frame from memory
2026-08-11 02:28:36,988 | ApplicationRunner | INFO | Scoring: evidence and similarity (exclusion)
2026-08-11 02:28:36,988 | Scoring | INFO | calculateevidencescore (type=exclusion): input shape (1479, 4)
2026-08-11 02:28:36,988 | Scoring | INFO | calculateevidencescore: 3 value column(s)
2026-08-11 02:28:36,992 | Scoring | INFO | exclusion_penalty: min=0.2231 max=0.6761
2026-08-11 02:28:36,998 | Scoring | INFO | calculatesimilarityscore (type=exclusion): input shape (1479, 2)
2026-08-11 02:28:36,998 | Scoring | INFO | calculatesimilarityscore: 1 cosine column(s)
2026-08-11 02:28:37,005 | Scoring | INFO | exclusion_similarity_penalty: min=0.2231 max=0.9990
2026-08-11 02:28:37,006 | ApplicationRunner | INFO | Releasing exclusion cosine frame from memory
2026-08-11 02:28:37,104 | Scoring | INFO | calculatenetevidencescore (type=exclusion): input shape (1479, 5)
2026-08-11 02:28:37,107 | Scoring | INFO | calculatenetsimilarityscore (type=exclusion): input shape (1479, 5)
2026-08-11 02:28:37,108 | ApplicationRunner | INFO | Releasing intermediate evidence/similarity frames from memory
2026-08-11 02:28:37,205 | ApplicationRunner | INFO | Releasing target evidence/similarity frames from memory
2026-08-11 02:28:37,304 | ApplicationRunner | INFO | Assembling final score (net_similarity x net_evidence x confidence)
2026-08-11 02:28:37,310 | Scoring | INFO | finalscoring: input shape (1479, 14)
2026-08-11 02:28:37,311 | Scoring | INFO | final_score: nulls=0 of 1479
2026-08-11 02:28:37,311 | ApplicationRunner | INFO | Releasing net score component frames from memory
2026-08-11 02:28:37,431 | ApplicationRunner | INFO | Releasing feature and final-score frames from memory
2026-08-11 02:28:37,524 | ApplicationRunner | INFO | Fusion flagging over 7 gene(s); filter=2
2026-08-11 02:28:37,524 | Fusion | INFO | fusionflagger: 1479 cell line(s), 6 target gene(s), 1 exclusion gene(s)
2026-08-11 02:28:38,646 | Fusion | INFO | fusionflagger: fusion table shape (184237, 31)
2026-08-11 02:28:38,663 | Fusion | INFO | fusionflagger: 2296 matching fusion row(s); 0 exclusion-involved, 899 target-only ModelID(s)
2026-08-11 02:28:38,663 | Fusion | INFO | fusionflagger: releasing fusion table frames from memory
2026-08-11 02:28:38,769 | Fusion | INFO | fusionflagger: fusion_type counts -> {'target': 832, 'No': 647}
2026-08-11 02:28:38,852 | Fusion | INFO | require_fusion_models: 1479 row(s) in
2026-08-11 02:28:38,852 | Fusion | INFO | require_fusion_models: 832 row(s) retained after dropping fusion-positive
2026-08-11 02:28:38,852 | ApplicationRunner | INFO | Mutation flagging over 7 gene(s); filter=2
2026-08-11 02:28:38,852 | Mutation | INFO | mutationflager: 832 cell line(s), 6 target gene(s), 1 exclusion gene(s)
2026-08-11 02:28:47,997 | Mutation | INFO | mutationflager: mutation table shape (1066869, 71)
2026-08-11 02:28:48,722 | Mutation | INFO | mutationflager: 260 distinct ModelID(s) with a matching mutation; 16 exclusion-involved, 250 target-involved
2026-08-11 02:28:48,798 | Mutation | INFO | mutationflager: mutation_type counts -> {'No': 706, 'target': 117, 'exclusion': 9}
2026-08-11 02:28:48,801 | Mutation | INFO | mutationflager: 1479 cell line(s), 6 target gene(s), 1 exclusion gene(s)
2026-08-11 02:29:00,604 | Mutation | INFO | mutationflager: mutation table shape (1066869, 71)
2026-08-11 02:29:01,662 | Mutation | INFO | mutationflager: 260 distinct ModelID(s) with a matching mutation; 16 exclusion-involved, 250 target-involved
2026-08-11 02:29:01,677 | Mutation | INFO | mutationflager: mutation_type counts -> {'No': 1264, 'target': 203, 'exclusion': 12}
2026-08-11 02:29:01,832 | Mutation | INFO | require_mutation_models: 832 row(s) in
2026-08-11 02:29:01,832 | Mutation | INFO | require_mutation_models: 117 row(s) retained after dropping mutation-positive
2026-08-11 02:29:01,832 | ApplicationRunner | INFO | Filtering the dataset for the cell line names
2026-08-11 02:29:01,832 | AppPreprocessing | INFO | Getting the master look up table
2026-08-11 02:29:01,854 | AppPreprocessing | INFO | Filtering the required columns
2026-08-11 02:29:01,854 | AppPreprocessing | INFO | Mergining the data with the master table
2026-08-11 02:29:01,854 | AppPreprocessing | INFO | Droping the rows which have null value
2026-08-11 02:29:01,868 | AppPreprocessing | INFO | Removing the columns which are not needed
2026-08-11 02:29:01,870 | AppPreprocessing | INFO | Getting the master look up table
2026-08-11 02:29:01,885 | AppPreprocessing | INFO | Filtering the required columns
2026-08-11 02:29:01,887 | AppPreprocessing | INFO | Mergining the data with the master table
2026-08-11 02:29:01,893 | AppPreprocessing | INFO | Droping the rows which have null value
2026-08-11 02:29:01,895 | AppPreprocessing | INFO | Removing the columns which are not needed
2026-08-11 02:29:01,903 | ApplicationRunner | INFO | Selected top 10 cell line(s)
2026-08-11 02:29:01,903 | Fusion | INFO | getthefusionreferencetable: 10 top cell line(s), 6 target gene(s), 1 exclusion gene(s)
2026-08-11 02:29:03,521 | Fusion | INFO | getthefusionreferencetable: releasing full fusion table from memory
2026-08-11 02:29:03,618 | Fusion | INFO | getthefusionreferencetable: returning 35 reference row(s)
2026-08-11 02:29:03,618 | Mutation | INFO | getthemutationreferencetable: 10 cell line(s), 7 gene(s)
2026-08-11 02:29:14,651 | Mutation | INFO | getthemutationreferencetable: returning 22 reference row(s)
2026-08-11 02:29:14,768 | ApplicationRunner | INFO | Getting Metabolomnic data
2026-08-11 02:29:14,768 | AppPreprocessing | INFO | Getting the metabolomnic data
2026-08-11 02:29:14,811 | ApplicationRunner | INFO | Generating LLM explanation
2026-08-11 02:29:14,811 | Explanation | INFO | generate_explanation: starting
2026-08-11 02:29:14,811 | Explanation | INFO | generate_explanation: exclusionapplied=True fusionfilter=True mutationfilter=True disease=None
2026-08-11 02:29:14,811 | Explanation | INFO | _row_digest: built 10 record(s) with columns ['ModelID', 'final_score', 'net_similarity', 'net_evidence', 'confidence_score', 'modality_score', 'agreement', 'target_similarity', 'target_evidence', 'exclusion_evidence', 'exclusion_percentile', 'exclusion_penalty', 'exclusion_similarity', 'exclusion_similarity_percentile', 'exclusion_similarity_penalty', 'fusion_flag', 'mutation_flag']
2026-08-11 02:29:14,818 | Explanation | INFO | _population_context: {'total_candidates': 1410, 'final_score_min': 0.0012, 'final_score_max': 0.2082, 'final_score_median': 0.0179, 'fusion_flag_yes_count': 799, 'mutation_flag_yes_count': 212}
2026-08-11 02:29:14,819 | Explanation | INFO | generate_explanation: prompt built (system=994 chars, user=11334 chars)
2026-08-11 02:29:14,919 | Explanation | INFO | ollama_chat: calling model 'llama3.2:3b' at http://localhost:11434
2026-08-11 02:33:58,431 | Explanation | INFO | ollama_chat: received 5151 character(s)
2026-08-11 02:33:58,437 | Explanation | INFO | generate_explanation: explanation generated (5151 chars)
2026-08-11 02:33:58,453 | ApplicationRunner | INFO | Running KMeans plot
2026-08-11 02:33:58,453 | ModelLoader | INFO | kmeansonthedata: 10 selected cell line(s)
2026-08-11 02:33:58,596 | ModelLoader | INFO | kmeansonthedata: factor matrix (1479, 20); predicting clusters
2026-08-11 02:33:58,727 | ModelLoader | INFO | kmeansonthedata: generating UMAP projection (full 1479-row manifold)
2026-08-11 02:34:14,240 | ModelLoader | INFO | kmeansonthedata: 10 of 10 chosen id(s) located on the map
2026-08-11 02:34:14,240 | ModelLoader | INFO | kmeansonthedata: releasing factor matrix and UMAP arrays from memory
2026-08-11 02:34:14,964 | ModelLoader | INFO | kmeansonthedata: plot saved to C:\Users\Shankar\Desktop\AstraZeneca\code\astrazeneca\CelllineSelector\images\kmeansplotforselectedcell_c3649f23-e070-431a-ac22-5e6f7dbb68fe.png
2026-08-11 02:34:14,964 | ModelLoader | INFO | kmeansonthedata: releasing plotting frames from memory
2026-08-11 02:34:15,095 | ApplicationRunner | INFO | Kmeans plot completed
2026-08-11 02:34:15,095 | ApplicationRunner | INFO | Running KNN
2026-08-11 02:34:15,095 | ModelLoader | INFO | knnonthedata: finding alternatives for 10 selected cell line(s)
2026-08-11 02:34:15,178 | ModelLoader | INFO | knnonthedata: releasing factor matrix from memory
2026-08-11 02:34:15,310 | ModelLoader | INFO | knnonthedata: 10 of 10 target(s) received an alternative
2026-08-11 02:34:15,310 | ApplicationRunner | INFO | KNN Completed
2026-08-11 02:34:15,310 | ApplicationRunner | INFO | Running Data combiner
2026-08-11 02:34:15,310 | AppPreprocessing | INFO | datacombiner: enriching 10 row(s) with master_lookup identity
2026-08-11 02:34:15,502 | AppPreprocessing | INFO | datacombiner: returning shape (10, 48)
2026-08-11 02:34:15,502 | AppPreprocessing | INFO | alternativedatacombiner: enriching 10 alternative row(s)
2026-08-11 02:34:15,520 | AppPreprocessing | INFO | alternativedatacombiner: returning shape (10, 8)
2026-08-11 02:34:15,520 | ApplicationRunner | INFO | Data combiner completed
2026-08-11 02:34:15,521 | ApplicationRunner | INFO | pipelinerun completed successfully
2026-08-11 14:51:30,949 | ApplicationRunner | INFO | Starting the pipeline run
2026-08-11 14:51:30,950 | ApplicationRunner | INFO | exclusionchecker=False and diseasechecker=False
2026-08-11 14:51:30,950 | ApplicationRunner | INFO | Resolving target ids and reading target omic tables
2026-08-11 14:51:30,950 | AppPreprocessing | INFO | genetoesng: resolving 1 gene symbol(s) to ENSG
2026-08-11 14:51:31,037 | AppPreprocessing | INFO | genetoesng: resolved 1 ENSG id(s)
2026-08-11 14:51:31,037 | AppPreprocessing | INFO | esngtoprotein: resolving proteins for 1 ENSG id(s)
2026-08-11 14:51:31,066 | AppPreprocessing | INFO | esngtoprotein: 2 protein(s) found, 0 ENSG id(s) without a protein (0-fill placeholders)
2026-08-11 14:51:31,066 | AppPreprocessing | INFO | depmapreader: extracting 1 ENSG column(s)
2026-08-11 14:51:39,404 | AppPreprocessing | INFO | depmap: RNA/ENSG -> 1 found, 0 NaN-filled (not found)
2026-08-11 14:51:39,404 | AppPreprocessing | INFO | depmapreader: returning shape (1479, 2)
2026-08-11 14:51:39,441 | AppPreprocessing | INFO | hparnareader: extracting 1 ENSG column(s)
2026-08-11 14:51:48,111 | AppPreprocessing | WARNING | hpa: removed 91 row(s) with null/duplicate ModelID (kept 1054 unique cell line(s))
2026-08-11 14:51:48,111 | AppPreprocessing | INFO | hpa: HPA/ENSG -> 1 found, 0 NaN-filled (not found)
2026-08-11 14:51:48,114 | AppPreprocessing | INFO | hparnareader: returning shape (1054, 2)
2026-08-11 14:51:48,150 | AppPreprocessing | INFO | proteinreader: extracting 2 protein column(s)
2026-08-11 14:51:49,734 | AppPreprocessing | INFO | protein: protein -> 2 found, 0 NaN-filled (not found)
2026-08-11 14:51:49,736 | AppPreprocessing | INFO | proteinreader: returning shape (375, 3)
2026-08-11 14:51:49,747 | AppPreprocessing | INFO | similarityreader: extracting 1 gene cosine column(s)
2026-08-11 14:51:59,434 | AppPreprocessing | INFO | cosine: cosine/ENSG -> 1 found, 0 NaN-filled (not found)
2026-08-11 14:51:59,438 | AppPreprocessing | INFO | similarityreader: returning shape (1479, 2)
2026-08-11 14:51:59,501 | ApplicationRunner | INFO | target_df shape is (1479, 5)
2026-08-11 14:51:59,501 | ApplicationRunner | INFO | Releasing target reader frames from memory
2026-08-11 14:51:59,593 | ApplicationRunner | INFO | Scoring: evidence + similarity (target)
2026-08-11 14:51:59,593 | Scoring | INFO | calculateevidencescore (type=target): input shape (1479, 5)
2026-08-11 14:51:59,595 | Scoring | INFO | calculateevidencescore: 4 value column(s)
2026-08-11 14:51:59,599 | Scoring | INFO | target_evidence: min=0.0000 max=0.8391
2026-08-11 14:51:59,601 | Scoring | INFO | calculatesimilarityscore (type=target): input shape (1479, 2)
2026-08-11 14:51:59,601 | Scoring | INFO | calculatesimilarityscore: 1 cosine column(s)
2026-08-11 14:51:59,604 | Scoring | INFO | target_similarity: min=0.0000 max=1.0000
2026-08-11 14:51:59,605 | ApplicationRunner | INFO | Releasing target cosine frame from memory
2026-08-11 14:51:59,696 | ApplicationRunner | INFO | Calculating the confidence score
2026-08-11 14:51:59,698 | Scoring | INFO | calculateconfidencescore: input shape (1479, 5)
2026-08-11 14:51:59,698 | Scoring | INFO | calculateconfidencescore: pooling 4 value column(s)
2026-08-11 14:51:59,926 | Scoring | INFO | confidence_score: nulls=1 of 1479
2026-08-11 14:51:59,926 | ApplicationRunner | INFO | Releasing confidence input frame from memory
2026-08-11 14:52:00,052 | Scoring | INFO | calculatenetevidencescore (type=target): input shape (1479, 2)
2026-08-11 14:52:00,053 | Scoring | INFO | calculatenetsimilarityscore (type=target): input shape (1479, 2)
2026-08-11 14:52:00,056 | ApplicationRunner | INFO | Releasing target evidence/similarity frames from memory
2026-08-11 14:52:00,161 | ApplicationRunner | INFO | Assembling final score (net_similarity x net_evidence x confidence)
2026-08-11 14:52:00,168 | Scoring | INFO | finalscoring: input shape (1479, 8)
2026-08-11 14:52:00,170 | Scoring | INFO | final_score: nulls=1 of 1479
2026-08-11 14:52:00,170 | ApplicationRunner | INFO | Releasing net score component frames from memory
2026-08-11 14:52:00,273 | ApplicationRunner | INFO | Releasing feature and final-score frames from memory
2026-08-11 14:52:00,374 | ApplicationRunner | INFO | Fusion flagging over 1 gene(s); filter=2
2026-08-11 14:52:00,374 | Fusion | INFO | fusionflagger: 1479 cell line(s), 1 target gene(s), 0 exclusion gene(s)
2026-08-11 14:52:01,371 | Fusion | INFO | fusionflagger: fusion table shape (184237, 31)
2026-08-11 14:52:01,371 | Fusion | INFO | fusionflagger: single target gene, no exclusion -> OR match (gene as either partner)
2026-08-11 14:52:01,398 | Fusion | INFO | fusionflagger: 668 matching fusion row(s); 0 exclusion-involved, 650 target-only ModelID(s)
2026-08-11 14:52:01,398 | Fusion | INFO | fusionflagger: releasing fusion table frames from memory
2026-08-11 14:52:01,496 | Fusion | INFO | fusionflagger: fusion_type counts -> {'No': 883, 'target': 596}
2026-08-11 14:52:01,579 | Fusion | INFO | require_fusion_models: 1479 row(s) in
2026-08-11 14:52:01,583 | Fusion | INFO | require_fusion_models: 596 row(s) retained after dropping fusion-positive
2026-08-11 14:52:01,583 | ApplicationRunner | INFO | Mutation flagging over 1 gene(s); filter=2
2026-08-11 14:52:01,583 | Mutation | INFO | mutationflager: 596 cell line(s), 1 target gene(s), 0 exclusion gene(s)
2026-08-11 14:52:11,867 | Mutation | INFO | mutationflager: mutation table shape (1066869, 71)
2026-08-11 14:52:12,728 | Mutation | INFO | mutationflager: 35 distinct ModelID(s) with a matching mutation; 0 exclusion-involved, 35 target-involved
2026-08-11 14:52:12,733 | Mutation | INFO | mutationflager: mutation_type counts -> {'No': 581, 'target': 15}
2026-08-11 14:52:12,733 | Mutation | INFO | mutationflager: 1479 cell line(s), 1 target gene(s), 0 exclusion gene(s)
2026-08-11 14:52:23,633 | Mutation | INFO | mutationflager: mutation table shape (1066869, 71)
2026-08-11 14:52:24,446 | Mutation | INFO | mutationflager: 35 distinct ModelID(s) with a matching mutation; 0 exclusion-involved, 35 target-involved
2026-08-11 14:52:24,451 | Mutation | INFO | mutationflager: mutation_type counts -> {'No': 1450, 'target': 29}
2026-08-11 14:52:24,553 | Mutation | INFO | require_mutation_models: 596 row(s) in
2026-08-11 14:52:24,553 | Mutation | INFO | require_mutation_models: 15 row(s) retained after dropping mutation-positive
2026-08-11 14:52:24,553 | ApplicationRunner | INFO | Filtering the dataset for the cell line names
2026-08-11 14:52:24,553 | AppPreprocessing | INFO | Getting the master look up table
2026-08-11 14:52:24,600 | AppPreprocessing | INFO | Filtering the required columns
2026-08-11 14:52:24,601 | AppPreprocessing | INFO | Mergining the data with the master table
2026-08-11 14:52:24,604 | AppPreprocessing | INFO | Droping the rows which have null value
2026-08-11 14:52:24,606 | AppPreprocessing | INFO | Removing the columns which are not needed
2026-08-11 14:52:24,607 | AppPreprocessing | INFO | Getting the master look up table
2026-08-11 14:52:24,614 | AppPreprocessing | INFO | Filtering the required columns
2026-08-11 14:52:24,615 | AppPreprocessing | INFO | Mergining the data with the master table
2026-08-11 14:52:24,618 | AppPreprocessing | INFO | Droping the rows which have null value
2026-08-11 14:52:24,620 | AppPreprocessing | INFO | Removing the columns which are not needed
2026-08-11 14:52:24,622 | ApplicationRunner | INFO | Selected top 10 cell line(s)
2026-08-11 14:52:24,622 | Fusion | INFO | getthefusionreferencetable: 10 top cell line(s), 1 target gene(s), 0 exclusion gene(s)
2026-08-11 14:52:25,620 | Fusion | INFO | getthefusionreferencetable: releasing full fusion table from memory
2026-08-11 14:52:25,717 | Fusion | INFO | getthefusionreferencetable: returning 11 reference row(s)
2026-08-11 14:52:25,717 | Mutation | INFO | getthemutationreferencetable: 10 cell line(s), 1 gene(s)
2026-08-11 14:52:36,457 | Mutation | INFO | getthemutationreferencetable: returning 15 reference row(s)
2026-08-11 14:52:36,555 | ApplicationRunner | INFO | Getting Metabolomnic data
2026-08-11 14:52:36,555 | AppPreprocessing | INFO | Getting the metabolomnic data
2026-08-11 14:52:36,603 | ApplicationRunner | INFO | Generating LLM explanation
2026-08-11 14:52:36,603 | Explanation | INFO | generate_explanation: starting
2026-08-11 14:52:36,603 | Explanation | INFO | generate_explanation: exclusionapplied=False fusionfilter=True mutationfilter=True disease=None
2026-08-11 14:52:36,605 | Explanation | INFO | _row_digest: built 10 record(s) with columns ['ModelID', 'final_score', 'net_similarity', 'net_evidence', 'confidence_score', 'modality_score', 'agreement', 'target_similarity', 'target_evidence', 'fusion_flag', 'mutation_flag']
2026-08-11 14:52:36,608 | Explanation | INFO | _population_context: {'total_candidates': 1410, 'final_score_min': 0.0, 'final_score_max': 0.7912, 'final_score_median': 0.1247, 'fusion_flag_yes_count': 570, 'mutation_flag_yes_count': 29}
2026-08-11 14:52:36,609 | Explanation | INFO | generate_explanation: prompt built (system=994 chars, user=8490 chars)
2026-08-11 14:52:36,717 | Explanation | INFO | ollama_chat: calling model 'llama3.2:3b' at http://localhost:11434
2026-08-11 14:59:28,027 | Explanation | INFO | ollama_chat: received 10057 character(s)
2026-08-11 14:59:28,031 | Explanation | INFO | generate_explanation: explanation generated (10057 chars)
2026-08-11 14:59:28,054 | ApplicationRunner | INFO | Running KMeans plot
2026-08-11 14:59:28,054 | ModelLoader | INFO | kmeansonthedata: 10 selected cell line(s)
2026-08-11 14:59:29,162 | ModelLoader | INFO | kmeansonthedata: factor matrix (1479, 20); predicting clusters
2026-08-11 14:59:29,382 | ModelLoader | INFO | kmeansonthedata: generating UMAP projection (full 1479-row manifold)
2026-08-11 14:59:52,506 | ModelLoader | INFO | kmeansonthedata: 10 of 10 chosen id(s) located on the map
2026-08-11 14:59:52,506 | ModelLoader | INFO | kmeansonthedata: releasing factor matrix and UMAP arrays from memory
2026-08-11 14:59:54,541 | ModelLoader | INFO | kmeansonthedata: plot saved to C:\Users\Shankar\Desktop\AstraZeneca\code\astrazeneca\CelllineSelector\images\kmeansplotforselectedcell_c55fbf5a-f63d-4f02-93d0-a12f836be200.png
2026-08-11 14:59:54,541 | ModelLoader | INFO | kmeansonthedata: releasing plotting frames from memory
2026-08-11 14:59:54,756 | ApplicationRunner | INFO | Kmeans plot completed
2026-08-11 14:59:54,756 | ApplicationRunner | INFO | Running KNN
2026-08-11 14:59:54,756 | ModelLoader | INFO | knnonthedata: finding alternatives for 10 selected cell line(s)
2026-08-11 14:59:54,879 | ModelLoader | INFO | knnonthedata: releasing factor matrix from memory
2026-08-11 14:59:55,101 | ModelLoader | INFO | knnonthedata: 10 of 10 target(s) received an alternative
2026-08-11 14:59:55,101 | ApplicationRunner | INFO | KNN Completed
2026-08-11 14:59:55,102 | ApplicationRunner | INFO | Running Data combiner
2026-08-11 14:59:55,102 | AppPreprocessing | INFO | datacombiner: enriching 10 row(s) with master_lookup identity
2026-08-11 14:59:55,136 | AppPreprocessing | INFO | datacombiner: returning shape (10, 24)
2026-08-11 14:59:55,138 | AppPreprocessing | INFO | alternativedatacombiner: enriching 10 alternative row(s)
2026-08-11 14:59:55,158 | AppPreprocessing | INFO | alternativedatacombiner: returning shape (10, 8)
2026-08-11 14:59:55,158 | ApplicationRunner | INFO | Data combiner completed
2026-08-11 14:59:55,158 | ApplicationRunner | INFO | pipelinerun completed successfully
2026-08-13 02:21:44,122 | ApplicationRunner | INFO | Starting the pipeline run
2026-08-13 02:21:44,123 | ApplicationRunner | INFO | exclusionchecker=False and diseasechecker=False
2026-08-13 02:21:44,123 | ApplicationRunner | INFO | Resolving target ids and reading target omic tables
2026-08-13 02:21:44,123 | AppPreprocessing | INFO | genetoesng: resolving 1 gene symbol(s) to ENSG
2026-08-13 02:21:44,235 | AppPreprocessing | INFO | genetoesng: resolved 1 ENSG id(s)
2026-08-13 02:21:44,236 | AppPreprocessing | INFO | esngtoprotein: resolving proteins for 1 ENSG id(s)
2026-08-13 02:21:44,275 | AppPreprocessing | INFO | esngtoprotein: 0 protein(s) found, 1 ENSG id(s) without a protein (0-fill placeholders)
2026-08-13 02:21:44,275 | AppPreprocessing | INFO | depmapreader: extracting 1 ENSG column(s)
2026-08-13 02:22:02,002 | AppPreprocessing | INFO | depmap: RNA/ENSG -> 1 found, 0 NaN-filled (not found)
2026-08-13 02:22:02,004 | AppPreprocessing | INFO | depmapreader: returning shape (1479, 2)
2026-08-13 02:22:02,046 | AppPreprocessing | INFO | hparnareader: extracting 1 ENSG column(s)
2026-08-13 02:22:08,752 | AppPreprocessing | WARNING | hpa: removed 91 row(s) with null/duplicate ModelID (kept 1054 unique cell line(s))
2026-08-13 02:22:08,752 | AppPreprocessing | INFO | hpa: HPA/ENSG -> 1 found, 0 NaN-filled (not found)
2026-08-13 02:22:08,753 | AppPreprocessing | INFO | hparnareader: returning shape (1054, 2)
2026-08-13 02:22:08,787 | AppPreprocessing | INFO | proteinreader: extracting 0 protein column(s)
2026-08-13 02:22:09,988 | AppPreprocessing | INFO | protein: protein -> 0 found, 0 NaN-filled (not found)
2026-08-13 02:22:09,989 | AppPreprocessing | INFO | proteinreader: returning shape (375, 1)
2026-08-13 02:22:09,998 | AppPreprocessing | INFO | similarityreader: extracting 1 gene cosine column(s)
2026-08-13 02:22:19,926 | AppPreprocessing | INFO | cosine: cosine/ENSG -> 1 found, 0 NaN-filled (not found)
2026-08-13 02:22:19,927 | AppPreprocessing | INFO | similarityreader: returning shape (1479, 2)
2026-08-13 02:22:19,995 | ApplicationRunner | INFO | target_df shape is (1479, 4)
2026-08-13 02:22:19,996 | ApplicationRunner | INFO | Releasing target reader frames from memory
2026-08-13 02:22:20,093 | ApplicationRunner | INFO | Scoring: evidence + similarity (target)
2026-08-13 02:22:20,094 | Scoring | INFO | calculateevidencescore (type=target): input shape (1479, 4)
2026-08-13 02:22:20,094 | Scoring | INFO | calculateevidencescore: 3 value column(s)
2026-08-13 02:22:20,099 | Scoring | INFO | target_evidence: min=0.0000 max=0.6614
2026-08-13 02:22:20,100 | Scoring | INFO | calculatesimilarityscore (type=target): input shape (1479, 2)
2026-08-13 02:22:20,100 | Scoring | INFO | calculatesimilarityscore: 1 cosine column(s)
2026-08-13 02:22:20,104 | Scoring | INFO | target_similarity: min=0.0000 max=1.0000
2026-08-13 02:22:20,106 | ApplicationRunner | INFO | Releasing target cosine frame from memory
2026-08-13 02:22:20,204 | ApplicationRunner | INFO | Calculating the confidence score
2026-08-13 02:22:20,205 | Scoring | INFO | calculateconfidencescore: input shape (1479, 4)
2026-08-13 02:22:20,205 | Scoring | INFO | calculateconfidencescore: pooling 3 value column(s)
2026-08-13 02:22:20,477 | Scoring | INFO | confidence_score: nulls=69 of 1479
2026-08-13 02:22:20,477 | ApplicationRunner | INFO | Releasing confidence input frame from memory
2026-08-13 02:22:20,569 | Scoring | INFO | calculatenetevidencescore (type=target): input shape (1479, 2)
2026-08-13 02:22:20,570 | Scoring | INFO | calculatenetsimilarityscore (type=target): input shape (1479, 2)
2026-08-13 02:22:20,571 | ApplicationRunner | INFO | Releasing target evidence/similarity frames from memory
2026-08-13 02:22:20,682 | ApplicationRunner | INFO | Assembling final score (net_similarity x net_evidence x confidence)
2026-08-13 02:22:20,688 | Scoring | INFO | finalscoring: input shape (1479, 8)
2026-08-13 02:22:20,689 | Scoring | INFO | final_score: nulls=69 of 1479
2026-08-13 02:22:20,690 | ApplicationRunner | INFO | Releasing net score component frames from memory
2026-08-13 02:22:20,806 | ApplicationRunner | INFO | Releasing feature and final-score frames from memory
2026-08-13 02:22:20,910 | ApplicationRunner | INFO | Fusion flagging over 1 gene(s); filter=3
2026-08-13 02:22:20,911 | Fusion | INFO | fusionflagger: 1479 cell line(s), 1 target gene(s), 0 exclusion gene(s)
2026-08-13 02:22:22,151 | Fusion | INFO | fusionflagger: fusion table shape (184237, 31)
2026-08-13 02:22:22,151 | Fusion | INFO | fusionflagger: single target gene, no exclusion -> OR match (gene as either partner)
2026-08-13 02:22:22,165 | Fusion | INFO | fusionflagger: 174 matching fusion row(s); 0 exclusion-involved, 47 target-only ModelID(s)
2026-08-13 02:22:22,166 | Fusion | INFO | fusionflagger: releasing fusion table frames from memory
2026-08-13 02:22:22,290 | Fusion | INFO | fusionflagger: fusion_type counts -> {'No': 1432, 'target': 47}
2026-08-13 02:22:22,399 | ApplicationRunner | INFO | Mutation flagging over 1 gene(s); filter=3
2026-08-13 02:22:22,399 | Mutation | INFO | mutationflager: 1479 cell line(s), 1 target gene(s), 0 exclusion gene(s)
2026-08-13 02:22:34,225 | Mutation | INFO | mutationflager: mutation table shape (1066869, 71)
2026-08-13 02:22:35,138 | Mutation | INFO | mutationflager: 60 distinct ModelID(s) with a matching mutation; 0 exclusion-involved, 60 target-involved
2026-08-13 02:22:35,147 | Mutation | INFO | mutationflager: mutation_type counts -> {'No': 1428, 'target': 51}
2026-08-13 02:22:35,151 | Mutation | INFO | mutationflager: 1479 cell line(s), 1 target gene(s), 0 exclusion gene(s)
2026-08-13 02:22:46,176 | Mutation | INFO | mutationflager: mutation table shape (1066869, 71)
2026-08-13 02:22:46,907 | Mutation | INFO | mutationflager: 60 distinct ModelID(s) with a matching mutation; 0 exclusion-involved, 60 target-involved
2026-08-13 02:22:46,912 | Mutation | INFO | mutationflager: mutation_type counts -> {'No': 1428, 'target': 51}
2026-08-13 02:22:47,073 | ApplicationRunner | INFO | Filtering the dataset for the cell line names
2026-08-13 02:22:47,073 | AppPreprocessing | INFO | Getting the master look up table
2026-08-13 02:22:47,150 | AppPreprocessing | INFO | Filtering the required columns
2026-08-13 02:22:47,153 | AppPreprocessing | INFO | Mergining the data with the master table
2026-08-13 02:22:47,159 | AppPreprocessing | INFO | Droping the rows which have null value
2026-08-13 02:22:47,162 | AppPreprocessing | INFO | Removing the columns which are not needed
2026-08-13 02:22:47,164 | AppPreprocessing | INFO | Getting the master look up table
2026-08-13 02:22:47,176 | AppPreprocessing | INFO | Filtering the required columns
2026-08-13 02:22:47,177 | AppPreprocessing | INFO | Mergining the data with the master table
2026-08-13 02:22:47,182 | AppPreprocessing | INFO | Droping the rows which have null value
2026-08-13 02:22:47,184 | AppPreprocessing | INFO | Removing the columns which are not needed
2026-08-13 02:22:47,189 | ApplicationRunner | INFO | Selected top 10 cell line(s)
2026-08-13 02:22:47,189 | Fusion | INFO | getthefusionreferencetable: 10 top cell line(s), 1 target gene(s), 0 exclusion gene(s)
2026-08-13 02:22:48,569 | Fusion | INFO | getthefusionreferencetable: releasing full fusion table from memory
2026-08-13 02:22:48,684 | Fusion | INFO | getthefusionreferencetable: returning 81 reference row(s)
2026-08-13 02:22:48,685 | Mutation | INFO | getthemutationreferencetable: 10 cell line(s), 1 gene(s)
2026-08-13 02:23:01,676 | Mutation | INFO | getthemutationreferencetable: returning 0 reference row(s)
2026-08-13 02:23:01,784 | ApplicationRunner | INFO | Getting Metabolomnic data
2026-08-13 02:23:01,784 | AppPreprocessing | INFO | Getting the metabolomnic data
2026-08-13 02:23:01,844 | ApplicationRunner | INFO | Generating LLM explanation
2026-08-13 02:23:01,845 | Explanation | INFO | generate_explanation: starting
2026-08-13 02:23:01,845 | Explanation | INFO | generate_explanation: exclusionapplied=False fusionfilter=True mutationfilter=True disease=None
2026-08-13 02:23:01,849 | Explanation | INFO | _row_digest: built 10 record(s) with columns ['ModelID', 'final_score', 'net_similarity', 'net_evidence', 'confidence_score', 'modality_score', 'agreement', 'target_similarity', 'target_evidence', 'fusion_flag', 'mutation_flag']
2026-08-13 02:23:01,855 | Explanation | INFO | _population_context: {'total_candidates': 1410, 'final_score_min': 0.0, 'final_score_max': 0.3576, 'final_score_median': 0.0182, 'fusion_flag_yes_count': 47, 'mutation_flag_yes_count': 51}
2026-08-13 02:23:01,857 | Explanation | INFO | generate_explanation: prompt built (system=994 chars, user=8513 chars)
2026-08-13 02:23:02,000 | Explanation | INFO | ollama_chat: calling model 'llama3.2:3b' at http://localhost:11434
2026-08-13 02:23:06,104 | Explanation | ERROR | Error calling Ollama chat backend: HTTPConnectionPool(host='localhost', port=11434): Max retries exceeded with url: /api/chat (Caused by NewConnectionError("HTTPConnection(host='localhost', port=11434): Failed to establish a new connection: [WinError 10061] No connection could be made because the target machine actively refused it"))
2026-08-13 02:23:06,105 | Explanation | ERROR | Error generating the top-10 explanation: HTTPConnectionPool(host='localhost', port=11434): Max retries exceeded with url: /api/chat (Caused by NewConnectionError("HTTPConnection(host='localhost', port=11434): Failed to establish a new connection: [WinError 10061] No connection could be made because the target machine actively refused it"))
2026-08-13 02:23:06,105 | ApplicationRunner | ERROR | Error while running the application pipeline: HTTPConnectionPool(host='localhost', port=11434): Max retries exceeded with url: /api/chat (Caused by NewConnectionError("HTTPConnection(host='localhost', port=11434): Failed to establish a new connection: [WinError 10061] No connection could be made because the target machine actively refused it"))
2026-08-13 02:27:30,730 | ApplicationRunner | INFO | Starting the pipeline run
2026-08-13 02:27:30,731 | ApplicationRunner | INFO | exclusionchecker=False and diseasechecker=False
2026-08-13 02:27:30,731 | ApplicationRunner | INFO | Resolving target ids and reading target omic tables
2026-08-13 02:27:30,731 | AppPreprocessing | INFO | genetoesng: resolving 1 gene symbol(s) to ENSG
2026-08-13 02:27:30,786 | AppPreprocessing | INFO | genetoesng: resolved 1 ENSG id(s)
2026-08-13 02:27:30,787 | AppPreprocessing | INFO | esngtoprotein: resolving proteins for 1 ENSG id(s)
2026-08-13 02:27:30,811 | AppPreprocessing | INFO | esngtoprotein: 0 protein(s) found, 1 ENSG id(s) without a protein (0-fill placeholders)
2026-08-13 02:27:30,811 | AppPreprocessing | INFO | depmapreader: extracting 1 ENSG column(s)
2026-08-13 02:27:39,198 | AppPreprocessing | INFO | depmap: RNA/ENSG -> 1 found, 0 NaN-filled (not found)
2026-08-13 02:27:39,199 | AppPreprocessing | INFO | depmapreader: returning shape (1479, 2)
2026-08-13 02:27:39,235 | AppPreprocessing | INFO | hparnareader: extracting 1 ENSG column(s)
2026-08-13 02:27:45,707 | AppPreprocessing | WARNING | hpa: removed 91 row(s) with null/duplicate ModelID (kept 1054 unique cell line(s))
2026-08-13 02:27:45,708 | AppPreprocessing | INFO | hpa: HPA/ENSG -> 1 found, 0 NaN-filled (not found)
2026-08-13 02:27:45,709 | AppPreprocessing | INFO | hparnareader: returning shape (1054, 2)
2026-08-13 02:27:45,742 | AppPreprocessing | INFO | proteinreader: extracting 0 protein column(s)
2026-08-13 02:27:47,429 | AppPreprocessing | INFO | protein: protein -> 0 found, 0 NaN-filled (not found)
2026-08-13 02:27:47,430 | AppPreprocessing | INFO | proteinreader: returning shape (375, 1)
2026-08-13 02:27:47,445 | AppPreprocessing | INFO | similarityreader: extracting 1 gene cosine column(s)
2026-08-13 02:27:58,645 | AppPreprocessing | INFO | cosine: cosine/ENSG -> 1 found, 0 NaN-filled (not found)
2026-08-13 02:27:58,646 | AppPreprocessing | INFO | similarityreader: returning shape (1479, 2)
2026-08-13 02:27:58,711 | ApplicationRunner | INFO | target_df shape is (1479, 4)
2026-08-13 02:27:58,711 | ApplicationRunner | INFO | Releasing target reader frames from memory
2026-08-13 02:27:58,813 | ApplicationRunner | INFO | Scoring: evidence + similarity (target)
2026-08-13 02:27:58,815 | Scoring | INFO | calculateevidencescore (type=target): input shape (1479, 4)
2026-08-13 02:27:58,815 | Scoring | INFO | calculateevidencescore: 3 value column(s)
2026-08-13 02:27:58,820 | Scoring | INFO | target_evidence: min=0.0000 max=0.6614
2026-08-13 02:27:58,821 | Scoring | INFO | calculatesimilarityscore (type=target): input shape (1479, 2)
2026-08-13 02:27:58,821 | Scoring | INFO | calculatesimilarityscore: 1 cosine column(s)
2026-08-13 02:27:58,825 | Scoring | INFO | target_similarity: min=0.0000 max=1.0000
2026-08-13 02:27:58,826 | ApplicationRunner | INFO | Releasing target cosine frame from memory
2026-08-13 02:27:58,931 | ApplicationRunner | INFO | Calculating the confidence score
2026-08-13 02:27:58,932 | Scoring | INFO | calculateconfidencescore: input shape (1479, 4)
2026-08-13 02:27:58,932 | Scoring | INFO | calculateconfidencescore: pooling 3 value column(s)
2026-08-13 02:27:59,169 | Scoring | INFO | confidence_score: nulls=69 of 1479
2026-08-13 02:27:59,169 | ApplicationRunner | INFO | Releasing confidence input frame from memory
2026-08-13 02:27:59,250 | Scoring | INFO | calculatenetevidencescore (type=target): input shape (1479, 2)
2026-08-13 02:27:59,252 | Scoring | INFO | calculatenetsimilarityscore (type=target): input shape (1479, 2)
2026-08-13 02:27:59,254 | ApplicationRunner | INFO | Releasing target evidence/similarity frames from memory
2026-08-13 02:27:59,333 | ApplicationRunner | INFO | Assembling final score (net_similarity x net_evidence x confidence)
2026-08-13 02:27:59,339 | Scoring | INFO | finalscoring: input shape (1479, 8)
2026-08-13 02:27:59,340 | Scoring | INFO | final_score: nulls=69 of 1479
2026-08-13 02:27:59,340 | ApplicationRunner | INFO | Releasing net score component frames from memory
2026-08-13 02:27:59,431 | ApplicationRunner | INFO | Releasing feature and final-score frames from memory
2026-08-13 02:27:59,521 | ApplicationRunner | INFO | Fusion flagging over 1 gene(s); filter=3
2026-08-13 02:27:59,521 | Fusion | INFO | fusionflagger: 1479 cell line(s), 1 target gene(s), 0 exclusion gene(s)
2026-08-13 02:28:00,775 | Fusion | INFO | fusionflagger: fusion table shape (184237, 31)
2026-08-13 02:28:00,775 | Fusion | INFO | fusionflagger: single target gene, no exclusion -> OR match (gene as either partner)
2026-08-13 02:28:00,789 | Fusion | INFO | fusionflagger: 174 matching fusion row(s); 0 exclusion-involved, 47 target-only ModelID(s)
2026-08-13 02:28:00,789 | Fusion | INFO | fusionflagger: releasing fusion table frames from memory
2026-08-13 02:28:00,905 | Fusion | INFO | fusionflagger: fusion_type counts -> {'No': 1432, 'target': 47}
2026-08-13 02:28:00,996 | ApplicationRunner | INFO | Mutation flagging over 1 gene(s); filter=3
2026-08-13 02:28:00,997 | Mutation | INFO | mutationflager: 1479 cell line(s), 1 target gene(s), 0 exclusion gene(s)
2026-08-13 02:28:11,422 | Mutation | INFO | mutationflager: mutation table shape (1066869, 71)
2026-08-13 02:28:12,313 | Mutation | INFO | mutationflager: 60 distinct ModelID(s) with a matching mutation; 0 exclusion-involved, 60 target-involved
2026-08-13 02:28:12,321 | Mutation | INFO | mutationflager: mutation_type counts -> {'No': 1428, 'target': 51}
2026-08-13 02:28:12,323 | Mutation | INFO | mutationflager: 1479 cell line(s), 1 target gene(s), 0 exclusion gene(s)
2026-08-13 02:28:25,115 | Mutation | INFO | mutationflager: mutation table shape (1066869, 71)
2026-08-13 02:28:25,938 | Mutation | INFO | mutationflager: 60 distinct ModelID(s) with a matching mutation; 0 exclusion-involved, 60 target-involved
2026-08-13 02:28:25,943 | Mutation | INFO | mutationflager: mutation_type counts -> {'No': 1428, 'target': 51}
2026-08-13 02:28:26,053 | ApplicationRunner | INFO | Filtering the dataset for the cell line names
2026-08-13 02:28:26,053 | AppPreprocessing | INFO | Getting the master look up table
2026-08-13 02:28:26,065 | AppPreprocessing | INFO | Filtering the required columns
2026-08-13 02:28:26,067 | AppPreprocessing | INFO | Mergining the data with the master table
2026-08-13 02:28:26,073 | AppPreprocessing | INFO | Droping the rows which have null value
2026-08-13 02:28:26,077 | AppPreprocessing | INFO | Removing the columns which are not needed
2026-08-13 02:28:26,078 | AppPreprocessing | INFO | Getting the master look up table
2026-08-13 02:28:26,089 | AppPreprocessing | INFO | Filtering the required columns
2026-08-13 02:28:26,092 | AppPreprocessing | INFO | Mergining the data with the master table
2026-08-13 02:28:26,095 | AppPreprocessing | INFO | Droping the rows which have null value
2026-08-13 02:28:26,098 | AppPreprocessing | INFO | Removing the columns which are not needed
2026-08-13 02:28:26,102 | ApplicationRunner | INFO | Selected top 10 cell line(s)
2026-08-13 02:28:26,103 | Fusion | INFO | getthefusionreferencetable: 10 top cell line(s), 1 target gene(s), 0 exclusion gene(s)
2026-08-13 02:28:27,515 | Fusion | INFO | getthefusionreferencetable: releasing full fusion table from memory
2026-08-13 02:28:27,649 | Fusion | INFO | getthefusionreferencetable: returning 81 reference row(s)
2026-08-13 02:28:27,649 | Mutation | INFO | getthemutationreferencetable: 10 cell line(s), 1 gene(s)
2026-08-13 02:28:41,108 | Mutation | INFO | getthemutationreferencetable: returning 0 reference row(s)
2026-08-13 02:28:41,225 | ApplicationRunner | INFO | Getting Metabolomnic data
2026-08-13 02:28:41,225 | AppPreprocessing | INFO | Getting the metabolomnic data
2026-08-13 02:28:41,266 | ApplicationRunner | INFO | Generating LLM explanation
2026-08-13 02:28:41,267 | Explanation | INFO | generate_explanation: starting
2026-08-13 02:28:41,267 | Explanation | INFO | generate_explanation: exclusionapplied=False fusionfilter=True mutationfilter=True disease=None
2026-08-13 02:28:41,270 | Explanation | INFO | _row_digest: built 10 record(s) with columns ['ModelID', 'final_score', 'net_similarity', 'net_evidence', 'confidence_score', 'modality_score', 'agreement', 'target_similarity', 'target_evidence', 'fusion_flag', 'mutation_flag']
2026-08-13 02:28:41,274 | Explanation | INFO | _population_context: {'total_candidates': 1410, 'final_score_min': 0.0, 'final_score_max': 0.3576, 'final_score_median': 0.0182, 'fusion_flag_yes_count': 47, 'mutation_flag_yes_count': 51}
2026-08-13 02:28:41,274 | Explanation | INFO | generate_explanation: prompt built (system=994 chars, user=8513 chars)
2026-08-13 02:28:41,381 | Explanation | INFO | ollama_chat: calling model 'llama3.2:3b' at http://localhost:11434
2026-08-13 02:32:08,425 | Explanation | INFO | ollama_chat: received 4243 character(s)
2026-08-13 02:32:08,427 | Explanation | INFO | generate_explanation: explanation generated (4243 chars)
2026-08-13 02:32:08,439 | ApplicationRunner | INFO | Running KMeans plot
2026-08-13 02:32:08,439 | ModelLoader | INFO | kmeansonthedata: 10 selected cell line(s)
2026-08-13 02:32:09,247 | ModelLoader | INFO | kmeansonthedata: factor matrix (1479, 20); predicting clusters
2026-08-13 02:32:09,338 | ModelLoader | INFO | kmeansonthedata: generating UMAP projection (full 1479-row manifold)
2026-08-13 02:32:32,839 | ModelLoader | INFO | kmeansonthedata: 10 of 10 chosen id(s) located on the map
2026-08-13 02:32:32,839 | ModelLoader | INFO | kmeansonthedata: releasing factor matrix and UMAP arrays from memory
2026-08-13 02:32:36,017 | ModelLoader | INFO | kmeansonthedata: plot saved to C:\Users\Shankar\Desktop\AstraZeneca\code\astrazeneca\CelllineSelector\images\kmeansplotforselectedcell_c06cee45-84ab-4080-92f3-3e6542570e2d.png
2026-08-13 02:32:36,017 | ModelLoader | INFO | kmeansonthedata: releasing plotting frames from memory
2026-08-13 02:32:36,263 | ApplicationRunner | INFO | Kmeans plot completed
2026-08-13 02:32:36,264 | ApplicationRunner | INFO | Running KNN
2026-08-13 02:32:36,264 | ModelLoader | INFO | knnonthedata: finding alternatives for 10 selected cell line(s)
2026-08-13 02:32:36,417 | ModelLoader | INFO | knnonthedata: releasing factor matrix from memory
2026-08-13 02:32:36,675 | ModelLoader | INFO | knnonthedata: 10 of 10 target(s) received an alternative
2026-08-13 02:32:36,676 | ApplicationRunner | INFO | KNN Completed
2026-08-13 02:32:36,676 | ApplicationRunner | INFO | Running Data combiner
2026-08-13 02:32:36,676 | AppPreprocessing | INFO | datacombiner: enriching 10 row(s) with master_lookup identity
2026-08-13 02:32:36,944 | AppPreprocessing | INFO | datacombiner: returning shape (10, 23)
2026-08-13 02:32:36,945 | AppPreprocessing | INFO | alternativedatacombiner: enriching 10 alternative row(s)
2026-08-13 02:32:36,971 | AppPreprocessing | INFO | alternativedatacombiner: returning shape (10, 8)
2026-08-13 02:32:36,971 | ApplicationRunner | INFO | Data combiner completed
2026-08-13 02:32:36,971 | ApplicationRunner | INFO | Removing the selected top 10 from the total list
2026-08-13 02:32:36,977 | ApplicationRunner | INFO | Selected top 10 removed successfully and the final table is arranged in decending order
2026-08-13 02:32:36,978 | ApplicationRunner | INFO | pipelinerun completed successfully
2026-08-13 02:36:30,922 | ApplicationRunner | INFO | Starting the pipeline run
2026-08-13 02:36:30,922 | ApplicationRunner | INFO | exclusionchecker=False and diseasechecker=False
2026-08-13 02:36:30,922 | ApplicationRunner | INFO | Resolving target ids and reading target omic tables
2026-08-13 02:36:30,922 | AppPreprocessing | INFO | genetoesng: resolving 1 gene symbol(s) to ENSG
2026-08-13 02:36:30,995 | AppPreprocessing | INFO | genetoesng: resolved 1 ENSG id(s)
2026-08-13 02:36:30,995 | AppPreprocessing | INFO | esngtoprotein: resolving proteins for 1 ENSG id(s)
2026-08-13 02:36:31,018 | AppPreprocessing | INFO | esngtoprotein: 1 protein(s) found, 0 ENSG id(s) without a protein (0-fill placeholders)
2026-08-13 02:36:31,018 | AppPreprocessing | INFO | depmapreader: extracting 1 ENSG column(s)
2026-08-13 02:36:41,543 | AppPreprocessing | INFO | depmap: RNA/ENSG -> 1 found, 0 NaN-filled (not found)
2026-08-13 02:36:41,544 | AppPreprocessing | INFO | depmapreader: returning shape (1479, 2)
2026-08-13 02:36:41,589 | AppPreprocessing | INFO | hparnareader: extracting 1 ENSG column(s)
2026-08-13 02:36:48,278 | AppPreprocessing | WARNING | hpa: removed 91 row(s) with null/duplicate ModelID (kept 1054 unique cell line(s))
2026-08-13 02:36:48,278 | AppPreprocessing | INFO | hpa: HPA/ENSG -> 1 found, 0 NaN-filled (not found)
2026-08-13 02:36:48,279 | AppPreprocessing | INFO | hparnareader: returning shape (1054, 2)
2026-08-13 02:36:48,323 | AppPreprocessing | INFO | proteinreader: extracting 1 protein column(s)
2026-08-13 02:36:49,461 | AppPreprocessing | INFO | protein: protein -> 1 found, 0 NaN-filled (not found)
2026-08-13 02:36:49,461 | AppPreprocessing | INFO | proteinreader: returning shape (375, 2)
2026-08-13 02:36:49,471 | AppPreprocessing | INFO | similarityreader: extracting 1 gene cosine column(s)
2026-08-13 02:36:57,600 | AppPreprocessing | INFO | cosine: cosine/ENSG -> 1 found, 0 NaN-filled (not found)
2026-08-13 02:36:57,601 | AppPreprocessing | INFO | similarityreader: returning shape (1479, 2)
2026-08-13 02:36:57,659 | ApplicationRunner | INFO | target_df shape is (1479, 4)
2026-08-13 02:36:57,660 | ApplicationRunner | INFO | Releasing target reader frames from memory
2026-08-13 02:36:57,742 | ApplicationRunner | INFO | Scoring: evidence + similarity (target)
2026-08-13 02:36:57,744 | Scoring | INFO | calculateevidencescore (type=target): input shape (1479, 4)
2026-08-13 02:36:57,744 | Scoring | INFO | calculateevidencescore: 3 value column(s)
2026-08-13 02:36:57,748 | Scoring | INFO | target_evidence: min=0.0000 max=0.8623
2026-08-13 02:36:57,749 | Scoring | INFO | calculatesimilarityscore (type=target): input shape (1479, 2)
2026-08-13 02:36:57,749 | Scoring | INFO | calculatesimilarityscore: 1 cosine column(s)
2026-08-13 02:36:57,752 | Scoring | INFO | target_similarity: min=0.0000 max=1.0000
2026-08-13 02:36:57,752 | ApplicationRunner | INFO | Releasing target cosine frame from memory
2026-08-13 02:36:57,833 | ApplicationRunner | INFO | Calculating the confidence score
2026-08-13 02:36:57,834 | Scoring | INFO | calculateconfidencescore: input shape (1479, 4)
2026-08-13 02:36:57,835 | Scoring | INFO | calculateconfidencescore: pooling 3 value column(s)
2026-08-13 02:36:58,029 | Scoring | INFO | confidence_score: nulls=397 of 1479
2026-08-13 02:36:58,029 | ApplicationRunner | INFO | Releasing confidence input frame from memory
2026-08-13 02:36:58,110 | Scoring | INFO | calculatenetevidencescore (type=target): input shape (1479, 2)
2026-08-13 02:36:58,111 | Scoring | INFO | calculatenetsimilarityscore (type=target): input shape (1479, 2)
2026-08-13 02:36:58,112 | ApplicationRunner | INFO | Releasing target evidence/similarity frames from memory
2026-08-13 02:36:58,193 | ApplicationRunner | INFO | Assembling final score (net_similarity x net_evidence x confidence)
2026-08-13 02:36:58,197 | Scoring | INFO | finalscoring: input shape (1479, 8)
2026-08-13 02:36:58,198 | Scoring | INFO | final_score: nulls=397 of 1479
2026-08-13 02:36:58,199 | ApplicationRunner | INFO | Releasing net score component frames from memory
2026-08-13 02:36:58,289 | ApplicationRunner | INFO | Releasing feature and final-score frames from memory
2026-08-13 02:36:58,368 | ApplicationRunner | INFO | Fusion flagging over 1 gene(s); filter=3
2026-08-13 02:36:58,369 | Fusion | INFO | fusionflagger: 1479 cell line(s), 1 target gene(s), 0 exclusion gene(s)
2026-08-13 02:36:59,307 | Fusion | INFO | fusionflagger: fusion table shape (184237, 31)
2026-08-13 02:36:59,307 | Fusion | INFO | fusionflagger: single target gene, no exclusion -> OR match (gene as either partner)
2026-08-13 02:36:59,316 | Fusion | INFO | fusionflagger: 10 matching fusion row(s); 0 exclusion-involved, 9 target-only ModelID(s)
2026-08-13 02:36:59,317 | Fusion | INFO | fusionflagger: releasing fusion table frames from memory
2026-08-13 02:36:59,417 | Fusion | INFO | fusionflagger: fusion_type counts -> {'No': 1470, 'target': 9}
2026-08-13 02:36:59,501 | ApplicationRunner | INFO | Mutation flagging over 1 gene(s); filter=3
2026-08-13 02:36:59,501 | Mutation | INFO | mutationflager: 1479 cell line(s), 1 target gene(s), 0 exclusion gene(s)
2026-08-13 02:37:08,882 | Mutation | INFO | mutationflager: mutation table shape (1066869, 71)
2026-08-13 02:37:09,528 | Mutation | INFO | mutationflager: 29 distinct ModelID(s) with a matching mutation; 0 exclusion-involved, 29 target-involved
2026-08-13 02:37:09,532 | Mutation | INFO | mutationflager: mutation_type counts -> {'No': 1454, 'target': 25}
2026-08-13 02:37:09,535 | Mutation | INFO | mutationflager: 1479 cell line(s), 1 target gene(s), 0 exclusion gene(s)
2026-08-13 02:37:19,058 | Mutation | INFO | mutationflager: mutation table shape (1066869, 71)
2026-08-13 02:37:19,573 | Mutation | INFO | mutationflager: 29 distinct ModelID(s) with a matching mutation; 0 exclusion-involved, 29 target-involved
2026-08-13 02:37:19,576 | Mutation | INFO | mutationflager: mutation_type counts -> {'No': 1454, 'target': 25}
2026-08-13 02:37:19,661 | ApplicationRunner | INFO | Filtering the dataset for the cell line names
2026-08-13 02:37:19,661 | AppPreprocessing | INFO | Getting the master look up table
2026-08-13 02:37:19,669 | AppPreprocessing | INFO | Filtering the required columns
2026-08-13 02:37:19,670 | AppPreprocessing | INFO | Mergining the data with the master table
2026-08-13 02:37:19,673 | AppPreprocessing | INFO | Droping the rows which have null value
2026-08-13 02:37:19,677 | AppPreprocessing | INFO | Removing the columns which are not needed
2026-08-13 02:37:19,677 | AppPreprocessing | INFO | Getting the master look up table
2026-08-13 02:37:19,684 | AppPreprocessing | INFO | Filtering the required columns
2026-08-13 02:37:19,685 | AppPreprocessing | INFO | Mergining the data with the master table
2026-08-13 02:37:19,688 | AppPreprocessing | INFO | Droping the rows which have null value
2026-08-13 02:37:19,690 | AppPreprocessing | INFO | Removing the columns which are not needed
2026-08-13 02:37:19,695 | ApplicationRunner | INFO | Selected top 10 cell line(s)
2026-08-13 02:37:19,696 | Fusion | INFO | getthefusionreferencetable: 10 top cell line(s), 1 target gene(s), 0 exclusion gene(s)
2026-08-13 02:37:20,692 | Fusion | INFO | getthefusionreferencetable: releasing full fusion table from memory
2026-08-13 02:37:20,778 | Fusion | INFO | getthefusionreferencetable: returning 0 reference row(s)
2026-08-13 02:37:20,778 | Mutation | INFO | getthemutationreferencetable: 10 cell line(s), 1 gene(s)
2026-08-13 02:37:31,530 | Mutation | INFO | getthemutationreferencetable: returning 0 reference row(s)
2026-08-13 02:37:31,628 | ApplicationRunner | INFO | Getting Metabolomnic data
2026-08-13 02:37:31,629 | AppPreprocessing | INFO | Getting the metabolomnic data
2026-08-13 02:37:31,667 | ApplicationRunner | INFO | Generating LLM explanation
2026-08-13 02:37:31,667 | Explanation | INFO | generate_explanation: starting
2026-08-13 02:37:31,667 | Explanation | INFO | generate_explanation: exclusionapplied=False fusionfilter=True mutationfilter=True disease=None
2026-08-13 02:37:31,670 | Explanation | INFO | _row_digest: built 10 record(s) with columns ['ModelID', 'final_score', 'net_similarity', 'net_evidence', 'confidence_score', 'modality_score', 'agreement', 'target_similarity', 'target_evidence', 'fusion_flag', 'mutation_flag']
2026-08-13 02:37:31,674 | Explanation | INFO | _population_context: {'total_candidates': 1410, 'final_score_min': 0.0, 'final_score_max': 0.7735, 'final_score_median': 0.0014, 'fusion_flag_yes_count': 9, 'mutation_flag_yes_count': 25}
2026-08-13 02:37:31,674 | Explanation | INFO | generate_explanation: prompt built (system=994 chars, user=8494 chars)
2026-08-13 02:37:31,783 | Explanation | INFO | ollama_chat: calling model 'llama3.2:3b' at http://localhost:11434
2026-08-13 02:41:10,704 | Explanation | INFO | ollama_chat: received 4893 character(s)
2026-08-13 02:41:10,705 | Explanation | INFO | generate_explanation: explanation generated (4893 chars)
2026-08-13 02:41:10,716 | ApplicationRunner | INFO | Running KMeans plot
2026-08-13 02:41:10,716 | ModelLoader | INFO | kmeansonthedata: 10 selected cell line(s)
2026-08-13 02:41:10,833 | ModelLoader | INFO | kmeansonthedata: factor matrix (1479, 20); predicting clusters
2026-08-13 02:41:10,945 | ModelLoader | INFO | kmeansonthedata: generating UMAP projection (full 1479-row manifold)
2026-08-13 02:41:27,747 | ModelLoader | INFO | kmeansonthedata: 10 of 10 chosen id(s) located on the map
2026-08-13 02:41:27,747 | ModelLoader | INFO | kmeansonthedata: releasing factor matrix and UMAP arrays from memory
2026-08-13 02:41:28,438 | ModelLoader | INFO | kmeansonthedata: plot saved to C:\Users\Shankar\Desktop\AstraZeneca\code\astrazeneca\CelllineSelector\images\kmeansplotforselectedcell_4e941f8a-730c-485d-b6c2-6482e626e34c.png
2026-08-13 02:41:28,439 | ModelLoader | INFO | kmeansonthedata: releasing plotting frames from memory
2026-08-13 02:41:28,557 | ApplicationRunner | INFO | Kmeans plot completed
2026-08-13 02:41:28,558 | ApplicationRunner | INFO | Running KNN
2026-08-13 02:41:28,558 | ModelLoader | INFO | knnonthedata: finding alternatives for 10 selected cell line(s)
2026-08-13 02:41:28,598 | ModelLoader | INFO | knnonthedata: releasing factor matrix from memory
2026-08-13 02:41:28,720 | ModelLoader | INFO | knnonthedata: 10 of 10 target(s) received an alternative
2026-08-13 02:41:28,720 | ApplicationRunner | INFO | KNN Completed
2026-08-13 02:41:28,720 | ApplicationRunner | INFO | Running Data combiner
2026-08-13 02:41:28,721 | AppPreprocessing | INFO | datacombiner: enriching 10 row(s) with master_lookup identity
2026-08-13 02:41:28,733 | AppPreprocessing | INFO | datacombiner: returning shape (10, 23)
2026-08-13 02:41:28,734 | AppPreprocessing | INFO | alternativedatacombiner: enriching 10 alternative row(s)
2026-08-13 02:41:28,746 | AppPreprocessing | INFO | alternativedatacombiner: returning shape (10, 8)
2026-08-13 02:41:28,746 | ApplicationRunner | INFO | Data combiner completed
2026-08-13 02:41:28,747 | ApplicationRunner | INFO | Removing the selected top 10 from the total list
2026-08-13 02:41:28,748 | ApplicationRunner | INFO | Selected top 10 removed successfully and the final table is arranged in decending order
2026-08-13 02:41:28,749 | ApplicationRunner | INFO | pipelinerun completed successfully
2026-08-13 02:50:05,136 | ApplicationRunner | INFO | Starting the pipeline run
2026-08-13 02:50:05,136 | ApplicationRunner | INFO | exclusionchecker=False and diseasechecker=False
2026-08-13 02:50:05,136 | ApplicationRunner | INFO | Resolving target ids and reading target omic tables
2026-08-13 02:50:05,136 | AppPreprocessing | INFO | genetoesng: resolving 1 gene symbol(s) to ENSG
2026-08-13 02:50:05,219 | AppPreprocessing | INFO | genetoesng: resolved 1 ENSG id(s)
2026-08-13 02:50:05,219 | AppPreprocessing | INFO | esngtoprotein: resolving proteins for 1 ENSG id(s)
2026-08-13 02:50:05,259 | AppPreprocessing | INFO | esngtoprotein: 1 protein(s) found, 0 ENSG id(s) without a protein (0-fill placeholders)
2026-08-13 02:50:05,259 | AppPreprocessing | INFO | depmapreader: extracting 1 ENSG column(s)
2026-08-13 02:50:22,823 | AppPreprocessing | INFO | depmap: RNA/ENSG -> 1 found, 0 NaN-filled (not found)
2026-08-13 02:50:22,824 | AppPreprocessing | INFO | depmapreader: returning shape (1479, 2)
2026-08-13 02:50:22,888 | AppPreprocessing | INFO | hparnareader: extracting 1 ENSG column(s)
2026-08-13 02:50:34,853 | AppPreprocessing | WARNING | hpa: removed 91 row(s) with null/duplicate ModelID (kept 1054 unique cell line(s))
2026-08-13 02:50:34,854 | AppPreprocessing | INFO | hpa: HPA/ENSG -> 1 found, 0 NaN-filled (not found)
2026-08-13 02:50:34,855 | AppPreprocessing | INFO | hparnareader: returning shape (1054, 2)
2026-08-13 02:50:34,933 | AppPreprocessing | INFO | proteinreader: extracting 1 protein column(s)
2026-08-13 02:50:37,923 | AppPreprocessing | INFO | protein: protein -> 1 found, 0 NaN-filled (not found)
2026-08-13 02:50:37,924 | AppPreprocessing | INFO | proteinreader: returning shape (375, 2)
2026-08-13 02:50:37,941 | AppPreprocessing | INFO | similarityreader: extracting 1 gene cosine column(s)
2026-08-13 02:50:53,528 | AppPreprocessing | INFO | cosine: cosine/ENSG -> 1 found, 0 NaN-filled (not found)
2026-08-13 02:50:53,529 | AppPreprocessing | INFO | similarityreader: returning shape (1479, 2)
2026-08-13 02:50:53,632 | ApplicationRunner | INFO | target_df shape is (1479, 4)
2026-08-13 02:50:53,632 | ApplicationRunner | INFO | Releasing target reader frames from memory
2026-08-13 02:50:53,752 | ApplicationRunner | INFO | Scoring: evidence + similarity (target)
2026-08-13 02:50:53,754 | Scoring | INFO | calculateevidencescore (type=target): input shape (1479, 4)
2026-08-13 02:50:53,754 | Scoring | INFO | calculateevidencescore: 3 value column(s)
2026-08-13 02:50:53,760 | Scoring | INFO | target_evidence: min=0.0000 max=0.8623
2026-08-13 02:50:53,761 | Scoring | INFO | calculatesimilarityscore (type=target): input shape (1479, 2)
2026-08-13 02:50:53,761 | Scoring | INFO | calculatesimilarityscore: 1 cosine column(s)
2026-08-13 02:50:53,763 | Scoring | INFO | target_similarity: min=0.0000 max=1.0000
2026-08-13 02:50:53,764 | ApplicationRunner | INFO | Releasing target cosine frame from memory
2026-08-13 02:50:53,885 | ApplicationRunner | INFO | Calculating the confidence score
2026-08-13 02:50:53,886 | Scoring | INFO | calculateconfidencescore: input shape (1479, 4)
2026-08-13 02:50:53,886 | Scoring | INFO | calculateconfidencescore: pooling 3 value column(s)
2026-08-13 02:50:54,238 | Scoring | INFO | confidence_score: nulls=397 of 1479
2026-08-13 02:50:54,239 | ApplicationRunner | INFO | Releasing confidence input frame from memory
2026-08-13 02:50:54,388 | Scoring | INFO | calculatenetevidencescore (type=target): input shape (1479, 2)
2026-08-13 02:50:54,389 | Scoring | INFO | calculatenetsimilarityscore (type=target): input shape (1479, 2)
2026-08-13 02:50:54,390 | ApplicationRunner | INFO | Releasing target evidence/similarity frames from memory
2026-08-13 02:50:54,505 | ApplicationRunner | INFO | Assembling final score (net_similarity x net_evidence x confidence)
2026-08-13 02:50:54,513 | Scoring | INFO | finalscoring: input shape (1479, 8)
2026-08-13 02:50:54,515 | Scoring | INFO | final_score: nulls=397 of 1479
2026-08-13 02:50:54,515 | ApplicationRunner | INFO | Releasing net score component frames from memory
2026-08-13 02:50:54,650 | ApplicationRunner | INFO | Releasing feature and final-score frames from memory
2026-08-13 02:50:54,739 | ApplicationRunner | INFO | Fusion flagging over 1 gene(s); filter=3
2026-08-13 02:50:54,740 | Fusion | INFO | fusionflagger: 1479 cell line(s), 1 target gene(s), 0 exclusion gene(s)
2026-08-13 02:50:55,716 | Fusion | INFO | fusionflagger: fusion table shape (184237, 31)
2026-08-13 02:50:55,716 | Fusion | INFO | fusionflagger: single target gene, no exclusion -> OR match (gene as either partner)
2026-08-13 02:50:55,726 | Fusion | INFO | fusionflagger: 10 matching fusion row(s); 0 exclusion-involved, 9 target-only ModelID(s)
2026-08-13 02:50:55,728 | Fusion | INFO | fusionflagger: releasing fusion table frames from memory
2026-08-13 02:50:55,844 | Fusion | INFO | fusionflagger: fusion_type counts -> {'No': 1470, 'target': 9}
2026-08-13 02:50:55,935 | ApplicationRunner | INFO | Mutation flagging over 1 gene(s); filter=3
2026-08-13 02:50:55,935 | Mutation | INFO | mutationflager: 1479 cell line(s), 1 target gene(s), 0 exclusion gene(s)
2026-08-13 02:51:06,726 | Mutation | INFO | mutationflager: mutation table shape (1066869, 71)
2026-08-13 02:51:07,686 | Mutation | INFO | mutationflager: 29 distinct ModelID(s) with a matching mutation; 0 exclusion-involved, 29 target-involved
2026-08-13 02:51:07,690 | Mutation | INFO | mutationflager: mutation_type counts -> {'No': 1454, 'target': 25}
2026-08-13 02:51:07,694 | Mutation | INFO | mutationflager: 1479 cell line(s), 1 target gene(s), 0 exclusion gene(s)
2026-08-13 02:51:24,686 | Mutation | INFO | mutationflager: mutation table shape (1066869, 71)
2026-08-13 02:51:25,469 | Mutation | INFO | mutationflager: 29 distinct ModelID(s) with a matching mutation; 0 exclusion-involved, 29 target-involved
2026-08-13 02:51:25,472 | Mutation | INFO | mutationflager: mutation_type counts -> {'No': 1454, 'target': 25}
2026-08-13 02:51:25,609 | ApplicationRunner | INFO | Filtering the dataset for the cell line names
2026-08-13 02:51:25,610 | AppPreprocessing | INFO | Getting the master look up table
2026-08-13 02:51:25,680 | AppPreprocessing | INFO | Filtering the required columns
2026-08-13 02:51:25,682 | AppPreprocessing | INFO | Mergining the data with the master table
2026-08-13 02:51:25,685 | AppPreprocessing | INFO | Droping the rows which have null value
2026-08-13 02:51:25,689 | AppPreprocessing | INFO | Removing the columns which are not needed
2026-08-13 02:51:25,689 | AppPreprocessing | INFO | Getting the master look up table
2026-08-13 02:51:25,698 | AppPreprocessing | INFO | Filtering the required columns
2026-08-13 02:51:25,700 | AppPreprocessing | INFO | Mergining the data with the master table
2026-08-13 02:51:25,703 | AppPreprocessing | INFO | Droping the rows which have null value
2026-08-13 02:51:25,705 | AppPreprocessing | INFO | Removing the columns which are not needed
2026-08-13 02:51:25,709 | ApplicationRunner | INFO | Selected top 10 cell line(s)
2026-08-13 02:51:25,709 | Fusion | INFO | getthefusionreferencetable: 10 top cell line(s), 1 target gene(s), 0 exclusion gene(s)
2026-08-13 02:51:27,221 | Fusion | INFO | getthefusionreferencetable: releasing full fusion table from memory
2026-08-13 02:51:27,348 | Fusion | INFO | getthefusionreferencetable: returning 0 reference row(s)
2026-08-13 02:51:27,348 | Mutation | INFO | getthemutationreferencetable: 10 cell line(s), 1 gene(s)
2026-08-13 02:51:43,857 | Mutation | INFO | getthemutationreferencetable: returning 0 reference row(s)
2026-08-13 02:51:44,019 | ApplicationRunner | INFO | Getting Metabolomnic data
2026-08-13 02:51:44,020 | AppPreprocessing | INFO | Getting the metabolomnic data
2026-08-13 02:51:44,096 | ApplicationRunner | INFO | Generating LLM explanation
2026-08-13 02:51:44,096 | Explanation | INFO | generate_explanation: starting
2026-08-13 02:51:44,096 | Explanation | INFO | generate_explanation: exclusionapplied=False fusionfilter=True mutationfilter=True disease=None
2026-08-13 02:51:44,101 | Explanation | INFO | _row_digest: built 10 record(s) with columns ['ModelID', 'final_score', 'net_similarity', 'net_evidence', 'confidence_score', 'modality_score', 'agreement', 'target_similarity', 'target_evidence', 'fusion_flag', 'mutation_flag']
2026-08-13 02:51:44,106 | Explanation | INFO | _population_context: {'total_candidates': 1410, 'final_score_min': 0.0, 'final_score_max': 0.7735, 'final_score_median': 0.0014, 'fusion_flag_yes_count': 9, 'mutation_flag_yes_count': 25}
2026-08-13 02:51:44,106 | Explanation | INFO | generate_explanation: prompt built (system=994 chars, user=8494 chars)
2026-08-13 02:51:44,246 | Explanation | INFO | ollama_chat: calling model 'llama3.2:3b' at http://localhost:11434
2026-08-13 02:57:08,096 | Explanation | INFO | ollama_chat: received 7013 character(s)
2026-08-13 02:57:08,114 | Explanation | INFO | generate_explanation: explanation generated (7013 chars)
2026-08-13 02:57:08,284 | ApplicationRunner | INFO | Running KMeans plot
2026-08-13 02:57:08,286 | ModelLoader | INFO | kmeansonthedata: 10 selected cell line(s)
2026-08-13 02:57:09,184 | ModelLoader | INFO | kmeansonthedata: factor matrix (1479, 20); predicting clusters
2026-08-13 02:57:09,363 | ModelLoader | INFO | kmeansonthedata: generating UMAP projection (full 1479-row manifold)
2026-08-13 02:57:38,586 | ModelLoader | INFO | kmeansonthedata: 10 of 10 chosen id(s) located on the map
2026-08-13 02:57:38,586 | ModelLoader | INFO | kmeansonthedata: releasing factor matrix and UMAP arrays from memory
2026-08-13 02:57:40,588 | ModelLoader | INFO | kmeansonthedata: plot saved to C:\Users\Shankar\Desktop\AstraZeneca\code\astrazeneca\CelllineSelector\images\kmeansplotforselectedcell_a3550bcf-3740-4fbb-b5b6-e76e82299ba4.png
2026-08-13 02:57:40,588 | ModelLoader | INFO | kmeansonthedata: releasing plotting frames from memory
2026-08-13 02:57:40,789 | ApplicationRunner | INFO | Kmeans plot completed
2026-08-13 02:57:40,789 | ApplicationRunner | INFO | Running KNN
2026-08-13 02:57:40,789 | ModelLoader | INFO | knnonthedata: finding alternatives for 10 selected cell line(s)
2026-08-13 02:57:40,893 | ModelLoader | INFO | knnonthedata: releasing factor matrix from memory
2026-08-13 02:57:41,107 | ModelLoader | INFO | knnonthedata: 10 of 10 target(s) received an alternative
2026-08-13 02:57:41,107 | ApplicationRunner | INFO | KNN Completed
2026-08-13 02:57:41,107 | ApplicationRunner | INFO | Running Data combiner
2026-08-13 02:57:41,108 | AppPreprocessing | INFO | datacombiner: enriching 10 row(s) with master_lookup identity
2026-08-13 02:57:41,137 | AppPreprocessing | INFO | datacombiner: returning shape (10, 23)
2026-08-13 02:57:41,137 | AppPreprocessing | INFO | alternativedatacombiner: enriching 10 alternative row(s)
2026-08-13 02:57:41,158 | AppPreprocessing | INFO | alternativedatacombiner: returning shape (10, 8)
2026-08-13 02:57:41,159 | ApplicationRunner | INFO | Data combiner completed
2026-08-13 02:57:41,159 | ApplicationRunner | INFO | Removing the selected top 10 from the total list
2026-08-13 02:57:41,164 | ApplicationRunner | INFO | Selected top 10 removed successfully and the final table is arranged in decending order
2026-08-13 02:57:41,165 | ApplicationRunner | INFO | pipelinerun completed successfully
2026-08-13 03:01:18,437 | ApplicationRunner | INFO | Starting the pipeline run
2026-08-13 03:01:18,437 | ApplicationRunner | INFO | exclusionchecker=False and diseasechecker=False
2026-08-13 03:01:18,437 | ApplicationRunner | INFO | Resolving target ids and reading target omic tables
2026-08-13 03:01:18,437 | AppPreprocessing | INFO | genetoesng: resolving 1 gene symbol(s) to ENSG
2026-08-13 03:01:18,488 | AppPreprocessing | INFO | genetoesng: resolved 1 ENSG id(s)
2026-08-13 03:01:18,488 | AppPreprocessing | INFO | esngtoprotein: resolving proteins for 1 ENSG id(s)
2026-08-13 03:01:18,514 | AppPreprocessing | INFO | esngtoprotein: 1 protein(s) found, 0 ENSG id(s) without a protein (0-fill placeholders)
2026-08-13 03:01:18,514 | AppPreprocessing | INFO | depmapreader: extracting 1 ENSG column(s)
2026-08-13 03:01:31,667 | AppPreprocessing | INFO | depmap: RNA/ENSG -> 1 found, 0 NaN-filled (not found)
2026-08-13 03:01:31,668 | AppPreprocessing | INFO | depmapreader: returning shape (1479, 2)
2026-08-13 03:01:31,732 | AppPreprocessing | INFO | hparnareader: extracting 1 ENSG column(s)
2026-08-13 03:01:41,814 | AppPreprocessing | WARNING | hpa: removed 91 row(s) with null/duplicate ModelID (kept 1054 unique cell line(s))
2026-08-13 03:01:41,814 | AppPreprocessing | INFO | hpa: HPA/ENSG -> 1 found, 0 NaN-filled (not found)
2026-08-13 03:01:41,815 | AppPreprocessing | INFO | hparnareader: returning shape (1054, 2)
2026-08-13 03:01:41,852 | AppPreprocessing | INFO | proteinreader: extracting 1 protein column(s)
2026-08-13 03:01:43,055 | AppPreprocessing | INFO | protein: protein -> 1 found, 0 NaN-filled (not found)
2026-08-13 03:01:43,055 | AppPreprocessing | INFO | proteinreader: returning shape (375, 2)
2026-08-13 03:01:43,062 | AppPreprocessing | INFO | similarityreader: extracting 1 gene cosine column(s)
2026-08-13 03:01:51,801 | AppPreprocessing | INFO | cosine: cosine/ENSG -> 1 found, 0 NaN-filled (not found)
2026-08-13 03:01:51,803 | AppPreprocessing | INFO | similarityreader: returning shape (1479, 2)
2026-08-13 03:01:51,855 | ApplicationRunner | INFO | target_df shape is (1479, 4)
2026-08-13 03:01:51,855 | ApplicationRunner | INFO | Releasing target reader frames from memory
2026-08-13 03:01:51,943 | ApplicationRunner | INFO | Scoring: evidence + similarity (target)
2026-08-13 03:01:51,944 | Scoring | INFO | calculateevidencescore (type=target): input shape (1479, 4)
2026-08-13 03:01:51,945 | Scoring | INFO | calculateevidencescore: 3 value column(s)
2026-08-13 03:01:51,948 | Scoring | INFO | target_evidence: min=0.0000 max=0.8623
2026-08-13 03:01:51,949 | Scoring | INFO | calculatesimilarityscore (type=target): input shape (1479, 2)
2026-08-13 03:01:51,949 | Scoring | INFO | calculatesimilarityscore: 1 cosine column(s)
2026-08-13 03:01:51,952 | Scoring | INFO | target_similarity: min=0.0000 max=1.0000
2026-08-13 03:01:51,953 | ApplicationRunner | INFO | Releasing target cosine frame from memory
2026-08-13 03:01:52,035 | ApplicationRunner | INFO | Calculating the confidence score
2026-08-13 03:01:52,036 | Scoring | INFO | calculateconfidencescore: input shape (1479, 4)
2026-08-13 03:01:52,037 | Scoring | INFO | calculateconfidencescore: pooling 3 value column(s)
2026-08-13 03:01:52,270 | Scoring | INFO | confidence_score: nulls=397 of 1479
2026-08-13 03:01:52,270 | ApplicationRunner | INFO | Releasing confidence input frame from memory
2026-08-13 03:01:52,346 | Scoring | INFO | calculatenetevidencescore (type=target): input shape (1479, 2)
2026-08-13 03:01:52,347 | Scoring | INFO | calculatenetsimilarityscore (type=target): input shape (1479, 2)
2026-08-13 03:01:52,347 | ApplicationRunner | INFO | Releasing target evidence/similarity frames from memory
2026-08-13 03:01:52,468 | ApplicationRunner | INFO | Assembling final score (net_similarity x net_evidence x confidence)
2026-08-13 03:01:52,475 | Scoring | INFO | finalscoring: input shape (1479, 8)
2026-08-13 03:01:52,476 | Scoring | INFO | final_score: nulls=397 of 1479
2026-08-13 03:01:52,476 | ApplicationRunner | INFO | Releasing net score component frames from memory
2026-08-13 03:01:52,576 | ApplicationRunner | INFO | Releasing feature and final-score frames from memory
2026-08-13 03:01:52,657 | ApplicationRunner | INFO | Fusion flagging over 1 gene(s); filter=3
2026-08-13 03:01:52,657 | Fusion | INFO | fusionflagger: 1479 cell line(s), 1 target gene(s), 0 exclusion gene(s)
2026-08-13 03:01:53,530 | Fusion | INFO | fusionflagger: fusion table shape (184237, 31)
2026-08-13 03:01:53,530 | Fusion | INFO | fusionflagger: single target gene, no exclusion -> OR match (gene as either partner)
2026-08-13 03:01:53,543 | Fusion | INFO | fusionflagger: 10 matching fusion row(s); 0 exclusion-involved, 9 target-only ModelID(s)
2026-08-13 03:01:53,544 | Fusion | INFO | fusionflagger: releasing fusion table frames from memory
2026-08-13 03:01:53,636 | Fusion | INFO | fusionflagger: fusion_type counts -> {'No': 1470, 'target': 9}
2026-08-13 03:01:53,722 | ApplicationRunner | INFO | Mutation flagging over 1 gene(s); filter=3
2026-08-13 03:01:53,723 | Mutation | INFO | mutationflager: 1479 cell line(s), 1 target gene(s), 0 exclusion gene(s)
2026-08-13 03:02:05,477 | Mutation | INFO | mutationflager: mutation table shape (1066869, 71)
2026-08-13 03:02:06,963 | Mutation | INFO | mutationflager: 29 distinct ModelID(s) with a matching mutation; 0 exclusion-involved, 29 target-involved
2026-08-13 03:02:06,972 | Mutation | INFO | mutationflager: mutation_type counts -> {'No': 1454, 'target': 25}
2026-08-13 03:02:06,977 | Mutation | INFO | mutationflager: 1479 cell line(s), 1 target gene(s), 0 exclusion gene(s)
2026-08-13 03:02:39,305 | Mutation | INFO | mutationflager: mutation table shape (1066869, 71)
2026-08-13 03:02:40,820 | Mutation | INFO | mutationflager: 29 distinct ModelID(s) with a matching mutation; 0 exclusion-involved, 29 target-involved
2026-08-13 03:02:40,827 | Mutation | INFO | mutationflager: mutation_type counts -> {'No': 1454, 'target': 25}
2026-08-13 03:02:41,065 | ApplicationRunner | INFO | Filtering the dataset for the cell line names
2026-08-13 03:02:41,066 | AppPreprocessing | INFO | Getting the master look up table
2026-08-13 03:02:41,091 | AppPreprocessing | INFO | Filtering the required columns
2026-08-13 03:02:41,095 | AppPreprocessing | INFO | Mergining the data with the master table
2026-08-13 03:02:41,105 | AppPreprocessing | INFO | Droping the rows which have null value
2026-08-13 03:02:41,110 | AppPreprocessing | INFO | Removing the columns which are not needed
2026-08-13 03:02:41,112 | AppPreprocessing | INFO | Getting the master look up table
2026-08-13 03:02:41,135 | AppPreprocessing | INFO | Filtering the required columns
2026-08-13 03:02:41,138 | AppPreprocessing | INFO | Mergining the data with the master table
2026-08-13 03:02:41,149 | AppPreprocessing | INFO | Droping the rows which have null value
2026-08-13 03:02:41,154 | AppPreprocessing | INFO | Removing the columns which are not needed
2026-08-13 03:02:41,161 | ApplicationRunner | INFO | Selected top 10 cell line(s)
2026-08-13 03:02:41,162 | Fusion | INFO | getthefusionreferencetable: 10 top cell line(s), 1 target gene(s), 0 exclusion gene(s)
2026-08-13 03:02:43,579 | Fusion | INFO | getthefusionreferencetable: releasing full fusion table from memory
2026-08-13 03:02:43,760 | Fusion | INFO | getthefusionreferencetable: returning 0 reference row(s)
2026-08-13 03:02:43,760 | Mutation | INFO | getthemutationreferencetable: 10 cell line(s), 1 gene(s)
2026-08-13 03:03:00,467 | Mutation | INFO | getthemutationreferencetable: returning 0 reference row(s)
2026-08-13 03:03:00,630 | ApplicationRunner | INFO | Getting Metabolomnic data
2026-08-13 03:03:00,630 | AppPreprocessing | INFO | Getting the metabolomnic data
2026-08-13 03:03:00,678 | ApplicationRunner | INFO | Generating LLM explanation
2026-08-13 03:03:00,684 | Explanation | INFO | generate_explanation: starting
2026-08-13 03:03:00,685 | Explanation | INFO | generate_explanation: exclusionapplied=False fusionfilter=True mutationfilter=True disease=None
2026-08-13 03:03:00,688 | Explanation | INFO | _row_digest: built 10 record(s) with columns ['ModelID', 'final_score', 'net_similarity', 'net_evidence', 'confidence_score', 'modality_score', 'agreement', 'target_similarity', 'target_evidence', 'fusion_flag', 'mutation_flag']
2026-08-13 03:03:00,694 | Explanation | INFO | _population_context: {'total_candidates': 1410, 'final_score_min': 0.0, 'final_score_max': 0.7735, 'final_score_median': 0.0014, 'fusion_flag_yes_count': 9, 'mutation_flag_yes_count': 25}
2026-08-13 03:03:00,695 | Explanation | INFO | generate_explanation: prompt built (system=994 chars, user=8494 chars)
2026-08-13 03:03:00,825 | Explanation | INFO | ollama_chat: calling model 'llama3.2:3b' at http://localhost:11434
2026-08-13 03:07:45,316 | Explanation | INFO | ollama_chat: received 4921 character(s)
2026-08-13 03:07:45,344 | Explanation | INFO | generate_explanation: explanation generated (4921 chars)
2026-08-13 03:07:45,550 | ApplicationRunner | INFO | Running KMeans plot
2026-08-13 03:07:45,554 | ModelLoader | INFO | kmeansonthedata: 10 selected cell line(s)
2026-08-13 03:07:46,102 | ModelLoader | INFO | kmeansonthedata: factor matrix (1479, 20); predicting clusters
2026-08-13 03:07:46,507 | ModelLoader | INFO | kmeansonthedata: generating UMAP projection (full 1479-row manifold)
2026-08-13 03:08:20,722 | ModelLoader | INFO | kmeansonthedata: 10 of 10 chosen id(s) located on the map
2026-08-13 03:08:20,722 | ModelLoader | INFO | kmeansonthedata: releasing factor matrix and UMAP arrays from memory
2026-08-13 03:08:22,026 | ModelLoader | INFO | kmeansonthedata: plot saved to C:\Users\Shankar\Desktop\AstraZeneca\code\astrazeneca\CelllineSelector\images\kmeansplotforselectedcell_9007dbfc-11c1-4d1e-a50d-0405d6810db2.png
2026-08-13 03:08:22,026 | ModelLoader | INFO | kmeansonthedata: releasing plotting frames from memory
2026-08-13 03:08:22,194 | ApplicationRunner | INFO | Kmeans plot completed
2026-08-13 03:08:22,194 | ApplicationRunner | INFO | Running KNN
2026-08-13 03:08:22,194 | ModelLoader | INFO | knnonthedata: finding alternatives for 10 selected cell line(s)
2026-08-13 03:08:22,324 | ModelLoader | INFO | knnonthedata: releasing factor matrix from memory
2026-08-13 03:08:22,513 | ModelLoader | INFO | knnonthedata: 10 of 10 target(s) received an alternative
2026-08-13 03:08:22,514 | ApplicationRunner | INFO | KNN Completed
2026-08-13 03:08:22,515 | ApplicationRunner | INFO | Running Data combiner
2026-08-13 03:08:22,515 | AppPreprocessing | INFO | datacombiner: enriching 10 row(s) with master_lookup identity
2026-08-13 03:08:22,548 | AppPreprocessing | INFO | datacombiner: returning shape (10, 23)
2026-08-13 03:08:22,549 | AppPreprocessing | INFO | alternativedatacombiner: enriching 10 alternative row(s)
2026-08-13 03:08:22,578 | AppPreprocessing | INFO | alternativedatacombiner: returning shape (10, 8)
2026-08-13 03:08:22,579 | ApplicationRunner | INFO | Data combiner completed
2026-08-13 03:08:22,579 | ApplicationRunner | INFO | Removing the selected top 10 from the total list
2026-08-13 03:08:22,583 | ApplicationRunner | INFO | Selected top 10 removed successfully and the final table is arranged in decending order
2026-08-13 03:08:22,584 | ApplicationRunner | INFO | pipelinerun completed successfully
2026-08-13 03:22:37,673 | ApplicationRunner | INFO | Starting the pipeline run
2026-08-13 03:22:37,674 | ApplicationRunner | INFO | exclusionchecker=False and diseasechecker=False
2026-08-13 03:22:37,674 | ApplicationRunner | INFO | Resolving target ids and reading target omic tables
2026-08-13 03:22:37,674 | AppPreprocessing | INFO | genetoesng: resolving 1 gene symbol(s) to ENSG
2026-08-13 03:22:37,722 | AppPreprocessing | INFO | genetoesng: resolved 1 ENSG id(s)
2026-08-13 03:22:37,723 | AppPreprocessing | INFO | esngtoprotein: resolving proteins for 1 ENSG id(s)
2026-08-13 03:22:37,744 | AppPreprocessing | INFO | esngtoprotein: 1 protein(s) found, 0 ENSG id(s) without a protein (0-fill placeholders)
2026-08-13 03:22:37,744 | AppPreprocessing | INFO | depmapreader: extracting 1 ENSG column(s)
2026-08-13 03:22:47,714 | AppPreprocessing | INFO | depmap: RNA/ENSG -> 1 found, 0 NaN-filled (not found)
2026-08-13 03:22:47,716 | AppPreprocessing | INFO | depmapreader: returning shape (1479, 2)
2026-08-13 03:22:47,816 | AppPreprocessing | INFO | hparnareader: extracting 1 ENSG column(s)
2026-08-13 03:23:06,522 | AppPreprocessing | WARNING | hpa: removed 91 row(s) with null/duplicate ModelID (kept 1054 unique cell line(s))
2026-08-13 03:23:06,522 | AppPreprocessing | INFO | hpa: HPA/ENSG -> 1 found, 0 NaN-filled (not found)
2026-08-13 03:23:06,524 | AppPreprocessing | INFO | hparnareader: returning shape (1054, 2)
2026-08-13 03:23:06,593 | AppPreprocessing | INFO | proteinreader: extracting 1 protein column(s)
2026-08-13 03:23:09,358 | AppPreprocessing | INFO | protein: protein -> 1 found, 0 NaN-filled (not found)
2026-08-13 03:23:09,359 | AppPreprocessing | INFO | proteinreader: returning shape (375, 2)
2026-08-13 03:23:09,381 | AppPreprocessing | INFO | similarityreader: extracting 1 gene cosine column(s)
2026-08-13 03:23:25,309 | AppPreprocessing | INFO | cosine: cosine/ENSG -> 1 found, 0 NaN-filled (not found)
2026-08-13 03:23:25,310 | AppPreprocessing | INFO | similarityreader: returning shape (1479, 2)
2026-08-13 03:23:25,387 | ApplicationRunner | INFO | target_df shape is (1479, 4)
2026-08-13 03:23:25,387 | ApplicationRunner | INFO | Releasing target reader frames from memory
2026-08-13 03:23:25,489 | ApplicationRunner | INFO | Scoring: evidence + similarity (target)
2026-08-13 03:23:25,491 | Scoring | INFO | calculateevidencescore (type=target): input shape (1479, 4)
2026-08-13 03:23:25,492 | Scoring | INFO | calculateevidencescore: 3 value column(s)
2026-08-13 03:23:25,496 | Scoring | INFO | target_evidence: min=0.0000 max=0.8623
2026-08-13 03:23:25,497 | Scoring | INFO | calculatesimilarityscore (type=target): input shape (1479, 2)
2026-08-13 03:23:25,499 | Scoring | INFO | calculatesimilarityscore: 1 cosine column(s)
2026-08-13 03:23:25,500 | Scoring | INFO | target_similarity: min=0.0000 max=1.0000
2026-08-13 03:23:25,503 | ApplicationRunner | INFO | Releasing target cosine frame from memory
2026-08-13 03:23:25,605 | ApplicationRunner | INFO | Calculating the confidence score
2026-08-13 03:23:25,605 | Scoring | INFO | calculateconfidencescore: input shape (1479, 4)
2026-08-13 03:23:25,606 | Scoring | INFO | calculateconfidencescore: pooling 3 value column(s)
2026-08-13 03:23:25,904 | Scoring | INFO | confidence_score: nulls=397 of 1479
2026-08-13 03:23:25,904 | ApplicationRunner | INFO | Releasing confidence input frame from memory
2026-08-13 03:23:26,004 | Scoring | INFO | calculatenetevidencescore (type=target): input shape (1479, 2)
2026-08-13 03:23:26,006 | Scoring | INFO | calculatenetsimilarityscore (type=target): input shape (1479, 2)
2026-08-13 03:23:26,007 | ApplicationRunner | INFO | Releasing target evidence/similarity frames from memory
2026-08-13 03:23:26,110 | ApplicationRunner | INFO | Assembling final score (net_similarity x net_evidence x confidence)
2026-08-13 03:23:26,117 | Scoring | INFO | finalscoring: input shape (1479, 8)
2026-08-13 03:23:26,119 | Scoring | INFO | final_score: nulls=397 of 1479
2026-08-13 03:23:26,119 | ApplicationRunner | INFO | Releasing net score component frames from memory
2026-08-13 03:23:26,226 | ApplicationRunner | INFO | Releasing feature and final-score frames from memory
2026-08-13 03:23:26,330 | ApplicationRunner | INFO | Fusion flagging over 1 gene(s); filter=3
2026-08-13 03:23:26,330 | Fusion | INFO | fusionflagger: 1479 cell line(s), 1 target gene(s), 0 exclusion gene(s)
2026-08-13 03:23:27,650 | Fusion | INFO | fusionflagger: fusion table shape (184237, 31)
2026-08-13 03:23:27,650 | Fusion | INFO | fusionflagger: single target gene, no exclusion -> OR match (gene as either partner)
2026-08-13 03:23:27,665 | Fusion | INFO | fusionflagger: 10 matching fusion row(s); 0 exclusion-involved, 9 target-only ModelID(s)
2026-08-13 03:23:27,665 | Fusion | INFO | fusionflagger: releasing fusion table frames from memory
2026-08-13 03:23:27,774 | Fusion | INFO | fusionflagger: fusion_type counts -> {'No': 1470, 'target': 9}
2026-08-13 03:23:27,877 | ApplicationRunner | INFO | Mutation flagging over 1 gene(s); filter=3
2026-08-13 03:23:27,877 | Mutation | INFO | mutationflager: 1479 cell line(s), 1 target gene(s), 0 exclusion gene(s)
2026-08-13 03:23:41,719 | Mutation | INFO | mutationflager: mutation table shape (1066869, 71)
2026-08-13 03:23:42,324 | Mutation | INFO | mutationflager: 29 distinct ModelID(s) with a matching mutation; 0 exclusion-involved, 29 target-involved
2026-08-13 03:23:42,327 | Mutation | INFO | mutationflager: mutation_type counts -> {'No': 1454, 'target': 25}
2026-08-13 03:23:42,328 | Mutation | INFO | mutationflager: 1479 cell line(s), 1 target gene(s), 0 exclusion gene(s)
2026-08-13 03:23:54,826 | Mutation | INFO | mutationflager: mutation table shape (1066869, 71)
2026-08-13 03:23:55,604 | Mutation | INFO | mutationflager: 29 distinct ModelID(s) with a matching mutation; 0 exclusion-involved, 29 target-involved
2026-08-13 03:23:55,610 | Mutation | INFO | mutationflager: mutation_type counts -> {'No': 1454, 'target': 25}
2026-08-13 03:23:55,728 | ApplicationRunner | INFO | Filtering the dataset for the cell line names
2026-08-13 03:23:55,728 | AppPreprocessing | INFO | Getting the master look up table
2026-08-13 03:23:55,791 | AppPreprocessing | INFO | Filtering the required columns
2026-08-13 03:23:55,793 | AppPreprocessing | INFO | Mergining the data with the master table
2026-08-13 03:23:55,797 | AppPreprocessing | INFO | Droping the rows which have null value
2026-08-13 03:23:55,800 | AppPreprocessing | INFO | Removing the columns which are not needed
2026-08-13 03:23:55,801 | AppPreprocessing | INFO | Getting the master look up table
2026-08-13 03:23:55,812 | AppPreprocessing | INFO | Filtering the required columns
2026-08-13 03:23:55,813 | AppPreprocessing | INFO | Mergining the data with the master table
2026-08-13 03:23:55,817 | AppPreprocessing | INFO | Droping the rows which have null value
2026-08-13 03:23:55,820 | AppPreprocessing | INFO | Removing the columns which are not needed
2026-08-13 03:23:55,824 | ApplicationRunner | INFO | Selected top 10 cell line(s)
2026-08-13 03:23:55,825 | Fusion | INFO | getthefusionreferencetable: 10 top cell line(s), 1 target gene(s), 0 exclusion gene(s)
2026-08-13 03:23:57,324 | Fusion | INFO | getthefusionreferencetable: releasing full fusion table from memory
2026-08-13 03:23:57,443 | Fusion | INFO | getthefusionreferencetable: returning 0 reference row(s)
2026-08-13 03:23:57,443 | Mutation | INFO | getthemutationreferencetable: 10 cell line(s), 1 gene(s)
2026-08-13 03:24:09,505 | Mutation | INFO | getthemutationreferencetable: returning 0 reference row(s)
2026-08-13 03:24:09,616 | ApplicationRunner | INFO | Getting Metabolomnic data
2026-08-13 03:24:09,616 | AppPreprocessing | INFO | Getting the metabolomnic data
2026-08-13 03:24:09,685 | ApplicationRunner | INFO | Running KMeans plot
2026-08-13 03:24:09,685 | ModelLoader | INFO | kmeansonthedata: 10 selected cell line(s)
2026-08-13 03:24:10,114 | ModelLoader | INFO | kmeansonthedata: factor matrix (1479, 20); predicting clusters
2026-08-13 03:24:10,182 | ModelLoader | INFO | kmeansonthedata: generating UMAP projection (full 1479-row manifold)
2026-08-13 03:24:27,575 | ModelLoader | INFO | kmeansonthedata: 10 of 10 chosen id(s) located on the map
2026-08-13 03:24:27,575 | ModelLoader | INFO | kmeansonthedata: releasing factor matrix and UMAP arrays from memory
2026-08-13 03:24:28,937 | ModelLoader | INFO | kmeansonthedata: plot saved to C:\Users\Shankar\Desktop\AstraZeneca\code\astrazeneca\CelllineSelector\images\kmeansplotforselectedcell_c227aaf3-e1c6-4014-9779-8a358c480ef4.png
2026-08-13 03:24:28,938 | ModelLoader | INFO | kmeansonthedata: releasing plotting frames from memory
2026-08-13 03:24:29,085 | ApplicationRunner | INFO | Kmeans plot completed
2026-08-13 03:24:29,085 | ApplicationRunner | INFO | Running KNN
2026-08-13 03:24:29,085 | ModelLoader | INFO | knnonthedata: finding alternatives for 10 selected cell line(s)
2026-08-13 03:24:29,183 | ModelLoader | INFO | knnonthedata: releasing factor matrix from memory
2026-08-13 03:24:29,337 | ModelLoader | INFO | knnonthedata: 10 of 10 target(s) received an alternative
2026-08-13 03:24:29,337 | ApplicationRunner | INFO | KNN Completed
2026-08-13 03:24:29,337 | ApplicationRunner | INFO | Running Data combiner
2026-08-13 03:24:29,337 | AppPreprocessing | INFO | datacombiner: enriching 10 row(s) with master_lookup identity
2026-08-13 03:24:29,356 | AppPreprocessing | INFO | datacombiner: returning shape (10, 23)
2026-08-13 03:24:29,357 | AppPreprocessing | INFO | datacombiner: enriching 1410 row(s) with master_lookup identity
2026-08-13 03:24:29,376 | AppPreprocessing | INFO | datacombiner: returning shape (1410, 22)
2026-08-13 03:24:29,376 | ApplicationRunner | INFO | Data combiner completed
2026-08-13 03:24:29,376 | ApplicationRunner | INFO | Generating LLM explanation
2026-08-13 03:24:29,380 | Explanation | INFO | generate_explanation: starting
2026-08-13 03:24:29,380 | Explanation | INFO | generate_explanation: exclusionapplied=False fusionfilter=True mutationfilter=True disease=None
2026-08-13 03:24:29,383 | Explanation | INFO | _row_digest: built 10 record(s) with columns ['cell_line_name', 'stripped_cell_line_name', 'ModelID', 'CVCL_ID', 'CCLE_Name', 'primary_disease', 'lineage', 'final_score', 'net_similarity', 'net_evidence', 'confidence_score', 'modality_score', 'agreement', 'target_similarity', 'target_evidence', 'fusion_flag', 'mutation_flag', 'biological_sub_group']
2026-08-13 03:24:29,387 | Explanation | INFO | _population_context: {'total_candidates': 1410, 'final_score_min': 0.0, 'final_score_max': 0.7735, 'final_score_median': 0.0014, 'fusion_flag_yes_count': 9, 'mutation_flag_yes_count': 25}
2026-08-13 03:24:29,388 | Explanation | INFO | generate_explanation: prompt built (system=994 chars, user=11062 chars)
2026-08-13 03:24:29,520 | Explanation | INFO | ollama_chat: calling model 'llama3.2:3b' at http://localhost:11434
2026-08-13 03:30:56,687 | Explanation | INFO | ollama_chat: received 7353 character(s)
2026-08-13 03:30:56,708 | Explanation | INFO | generate_explanation: explanation generated (7353 chars)
2026-08-13 03:30:56,874 | ApplicationRunner | INFO | Removing the selected top 10 from the total list
2026-08-13 03:30:57,023 | ApplicationRunner | INFO | Selected top 10 removed successfully and the final table is arranged in decending order
2026-08-13 03:30:57,023 | ApplicationRunner | INFO | pipelinerun completed successfully
2026-08-13 03:48:09,497 | ApplicationRunner | INFO | Starting the pipeline run
2026-08-13 03:48:09,498 | ApplicationRunner | INFO | exclusionchecker=False and diseasechecker=False
2026-08-13 03:48:09,498 | ApplicationRunner | INFO | Resolving target ids and reading target omic tables
2026-08-13 03:48:09,498 | AppPreprocessing | INFO | genetoesng: resolving 1 gene symbol(s) to ENSG
2026-08-13 03:48:09,606 | AppPreprocessing | INFO | genetoesng: resolved 1 ENSG id(s)
2026-08-13 03:48:09,607 | AppPreprocessing | INFO | esngtoprotein: resolving proteins for 1 ENSG id(s)
2026-08-13 03:48:09,646 | AppPreprocessing | INFO | esngtoprotein: 1 protein(s) found, 0 ENSG id(s) without a protein (0-fill placeholders)
2026-08-13 03:48:09,647 | AppPreprocessing | INFO | depmapreader: extracting 1 ENSG column(s)
2026-08-13 03:48:18,069 | AppPreprocessing | INFO | depmap: RNA/ENSG -> 1 found, 0 NaN-filled (not found)
2026-08-13 03:48:18,070 | AppPreprocessing | INFO | depmapreader: returning shape (1479, 2)
2026-08-13 03:48:18,103 | AppPreprocessing | INFO | hparnareader: extracting 1 ENSG column(s)
2026-08-13 03:48:24,366 | AppPreprocessing | WARNING | hpa: removed 91 row(s) with null/duplicate ModelID (kept 1054 unique cell line(s))
2026-08-13 03:48:24,366 | AppPreprocessing | INFO | hpa: HPA/ENSG -> 1 found, 0 NaN-filled (not found)
2026-08-13 03:48:24,367 | AppPreprocessing | INFO | hparnareader: returning shape (1054, 2)
2026-08-13 03:48:24,406 | AppPreprocessing | INFO | proteinreader: extracting 1 protein column(s)
2026-08-13 03:48:25,721 | AppPreprocessing | INFO | protein: protein -> 1 found, 0 NaN-filled (not found)
2026-08-13 03:48:25,722 | AppPreprocessing | INFO | proteinreader: returning shape (375, 2)
2026-08-13 03:48:25,733 | AppPreprocessing | INFO | similarityreader: extracting 1 gene cosine column(s)
2026-08-13 03:48:36,974 | AppPreprocessing | INFO | cosine: cosine/ENSG -> 1 found, 0 NaN-filled (not found)
2026-08-13 03:48:36,975 | AppPreprocessing | INFO | similarityreader: returning shape (1479, 2)
2026-08-13 03:48:37,050 | ApplicationRunner | INFO | target_df shape is (1479, 4)
2026-08-13 03:48:37,050 | ApplicationRunner | INFO | Releasing target reader frames from memory
2026-08-13 03:48:37,156 | ApplicationRunner | INFO | Scoring: evidence + similarity (target)
2026-08-13 03:48:37,158 | Scoring | INFO | calculateevidencescore (type=target): input shape (1479, 4)
2026-08-13 03:48:37,158 | Scoring | INFO | calculateevidencescore: 3 value column(s)
2026-08-13 03:48:37,163 | Scoring | INFO | target_evidence: min=0.0000 max=0.8623
2026-08-13 03:48:37,165 | Scoring | INFO | calculatesimilarityscore (type=target): input shape (1479, 2)
2026-08-13 03:48:37,165 | Scoring | INFO | calculatesimilarityscore: 1 cosine column(s)
2026-08-13 03:48:37,170 | Scoring | INFO | target_similarity: min=0.0000 max=1.0000
2026-08-13 03:48:37,171 | ApplicationRunner | INFO | Releasing target cosine frame from memory
2026-08-13 03:48:37,281 | ApplicationRunner | INFO | Calculating the confidence score
2026-08-13 03:48:37,282 | Scoring | INFO | calculateconfidencescore: input shape (1479, 4)
2026-08-13 03:48:37,282 | Scoring | INFO | calculateconfidencescore: pooling 3 value column(s)
2026-08-13 03:48:37,583 | Scoring | INFO | confidence_score: nulls=397 of 1479
2026-08-13 03:48:37,583 | ApplicationRunner | INFO | Releasing confidence input frame from memory
2026-08-13 03:48:37,674 | Scoring | INFO | calculatenetevidencescore (type=target): input shape (1479, 2)
2026-08-13 03:48:37,675 | Scoring | INFO | calculatenetsimilarityscore (type=target): input shape (1479, 2)
2026-08-13 03:48:37,676 | ApplicationRunner | INFO | Releasing target evidence/similarity frames from memory
2026-08-13 03:48:37,774 | ApplicationRunner | INFO | Assembling final score (net_similarity x net_evidence x confidence)
2026-08-13 03:48:37,781 | Scoring | INFO | finalscoring: input shape (1479, 8)
2026-08-13 03:48:37,782 | Scoring | INFO | final_score: nulls=397 of 1479
2026-08-13 03:48:37,782 | ApplicationRunner | INFO | Releasing net score component frames from memory
2026-08-13 03:48:37,904 | ApplicationRunner | INFO | Releasing feature and final-score frames from memory
2026-08-13 03:48:38,005 | ApplicationRunner | INFO | Fusion flagging over 1 gene(s); filter=3
2026-08-13 03:48:38,005 | Fusion | INFO | fusionflagger: 1479 cell line(s), 1 target gene(s), 0 exclusion gene(s)
2026-08-13 03:48:39,009 | Fusion | INFO | fusionflagger: fusion table shape (184237, 31)
2026-08-13 03:48:39,009 | Fusion | INFO | fusionflagger: single target gene, no exclusion -> OR match (gene as either partner)
2026-08-13 03:48:39,021 | Fusion | INFO | fusionflagger: 10 matching fusion row(s); 0 exclusion-involved, 9 target-only ModelID(s)
2026-08-13 03:48:39,021 | Fusion | INFO | fusionflagger: releasing fusion table frames from memory
2026-08-13 03:48:39,131 | Fusion | INFO | fusionflagger: fusion_type counts -> {'No': 1470, 'target': 9}
2026-08-13 03:48:39,224 | ApplicationRunner | INFO | Mutation flagging over 1 gene(s); filter=3
2026-08-13 03:48:39,224 | Mutation | INFO | mutationflager: 1479 cell line(s), 1 target gene(s), 0 exclusion gene(s)
2026-08-13 03:48:49,376 | Mutation | INFO | mutationflager: mutation table shape (1066869, 71)
2026-08-13 03:48:50,221 | Mutation | INFO | mutationflager: 29 distinct ModelID(s) with a matching mutation; 0 exclusion-involved, 29 target-involved
2026-08-13 03:48:50,225 | Mutation | INFO | mutationflager: mutation_type counts -> {'No': 1454, 'target': 25}
2026-08-13 03:48:50,227 | Mutation | INFO | mutationflager: 1479 cell line(s), 1 target gene(s), 0 exclusion gene(s)
2026-08-13 03:49:03,386 | Mutation | INFO | mutationflager: mutation table shape (1066869, 71)
2026-08-13 03:49:04,395 | Mutation | INFO | mutationflager: 29 distinct ModelID(s) with a matching mutation; 0 exclusion-involved, 29 target-involved
2026-08-13 03:49:04,416 | Mutation | INFO | mutationflager: mutation_type counts -> {'No': 1454, 'target': 25}
2026-08-13 03:49:05,344 | ApplicationRunner | INFO | Filtering the dataset for the cell line names
2026-08-13 03:49:05,345 | AppPreprocessing | INFO | Getting the master look up table
2026-08-13 03:49:05,576 | AppPreprocessing | INFO | Filtering the required columns
2026-08-13 03:49:05,580 | AppPreprocessing | INFO | Mergining the data with the master table
2026-08-13 03:49:05,601 | AppPreprocessing | INFO | Droping the rows which have null value
2026-08-13 03:49:05,607 | AppPreprocessing | INFO | Removing the columns which are not needed
2026-08-13 03:49:05,610 | AppPreprocessing | INFO | Getting the master look up table
2026-08-13 03:49:05,625 | AppPreprocessing | INFO | Filtering the required columns
2026-08-13 03:49:05,627 | AppPreprocessing | INFO | Mergining the data with the master table
2026-08-13 03:49:05,632 | AppPreprocessing | INFO | Droping the rows which have null value
2026-08-13 03:49:05,636 | AppPreprocessing | INFO | Removing the columns which are not needed
2026-08-13 03:49:05,643 | ApplicationRunner | INFO | Selected top 10 cell line(s)
2026-08-13 03:49:05,644 | Fusion | INFO | getthefusionreferencetable: 10 top cell line(s), 1 target gene(s), 0 exclusion gene(s)
2026-08-13 03:49:07,364 | Fusion | INFO | getthefusionreferencetable: releasing full fusion table from memory
2026-08-13 03:49:07,503 | Fusion | INFO | getthefusionreferencetable: returning 0 reference row(s)
2026-08-13 03:49:07,503 | Mutation | INFO | getthemutationreferencetable: 10 cell line(s), 1 gene(s)
2026-08-13 03:49:18,166 | Mutation | INFO | getthemutationreferencetable: returning 0 reference row(s)
2026-08-13 03:49:18,256 | ApplicationRunner | INFO | Getting Metabolomnic data
2026-08-13 03:49:18,256 | AppPreprocessing | INFO | Getting the metabolomnic data
2026-08-13 03:49:18,294 | ApplicationRunner | INFO | Running KMeans plot
2026-08-13 03:49:18,294 | ModelLoader | INFO | kmeansonthedata: 10 selected cell line(s)
2026-08-13 03:49:18,395 | ModelLoader | INFO | kmeansonthedata: factor matrix (1479, 20); predicting clusters
2026-08-13 03:49:18,479 | ModelLoader | INFO | kmeansonthedata: generating UMAP projection (full 1479-row manifold)
2026-08-13 03:49:35,137 | ModelLoader | INFO | kmeansonthedata: 10 of 10 chosen id(s) located on the map
2026-08-13 03:49:35,137 | ModelLoader | INFO | kmeansonthedata: releasing factor matrix and UMAP arrays from memory
2026-08-13 03:49:36,120 | ModelLoader | INFO | kmeansonthedata: plot saved to C:\Users\Shankar\Desktop\AstraZeneca\code\astrazeneca\CelllineSelector\images\kmeansplotforselectedcell_be6db9f8-b827-40e6-9df6-fdc90ff2dc65.png
2026-08-13 03:49:36,120 | ModelLoader | INFO | kmeansonthedata: releasing plotting frames from memory
2026-08-13 03:49:36,259 | ApplicationRunner | INFO | Kmeans plot completed
2026-08-13 03:49:36,259 | ApplicationRunner | INFO | Running KNN
2026-08-13 03:49:36,259 | ModelLoader | INFO | knnonthedata: finding alternatives for 10 selected cell line(s)
2026-08-13 03:49:36,329 | ModelLoader | INFO | knnonthedata: releasing factor matrix from memory
2026-08-13 03:49:36,501 | ModelLoader | INFO | knnonthedata: 10 of 10 target(s) received an alternative
2026-08-13 03:49:36,502 | ApplicationRunner | INFO | KNN Completed
2026-08-13 03:49:36,502 | ApplicationRunner | INFO | Running Data combiner
2026-08-13 03:49:36,502 | AppPreprocessing | INFO | datacombiner: enriching 10 row(s) with master_lookup identity
2026-08-13 03:49:36,525 | AppPreprocessing | INFO | datacombiner: returning shape (10, 23)
2026-08-13 03:49:36,526 | AppPreprocessing | INFO | datacombiner: enriching 1410 row(s) with master_lookup identity
2026-08-13 03:49:36,544 | AppPreprocessing | INFO | datacombiner: returning shape (1410, 22)
2026-08-13 03:49:36,544 | ApplicationRunner | INFO | Data combiner completed
2026-08-13 03:49:36,545 | ApplicationRunner | INFO | Generating LLM explanation
2026-08-13 03:49:36,552 | Explanation | INFO | generate_explanation: starting
2026-08-13 03:49:36,553 | Explanation | INFO | generate_explanation: exclusionapplied=False fusionfilter=True mutationfilter=True disease=None
2026-08-13 03:49:36,558 | Explanation | INFO | _row_digest: built 10 record(s) with columns ['cell_line_name', 'stripped_cell_line_name', 'ModelID', 'CVCL_ID', 'CCLE_Name', 'primary_disease', 'lineage', 'final_score', 'net_similarity', 'net_evidence', 'confidence_score', 'modality_score', 'agreement', 'target_similarity', 'target_evidence', 'fusion_flag', 'mutation_flag', 'biological_sub_group']
2026-08-13 03:49:36,559 | Explanation | INFO | generate_explanation: prompt built (system=994 chars, user=10830 chars)
2026-08-13 03:49:36,680 | Explanation | INFO | ollama_chat: calling model 'llama3.2:3b' at http://localhost:11434
2026-08-13 03:54:25,106 | Explanation | INFO | ollama_chat: received 4957 character(s)
2026-08-13 03:54:25,107 | Explanation | INFO | generate_explanation: explanation generated (4957 chars)
2026-08-13 03:54:25,115 | ApplicationRunner | INFO | Removing the selected top 10 from the total list
2026-08-13 03:54:25,128 | ApplicationRunner | INFO | Selected top 10 removed successfully and the final table is arranged in decending order
2026-08-13 03:54:25,128 | ApplicationRunner | INFO | pipelinerun completed successfully
2026-08-13 04:01:28,649 | ApplicationRunner | INFO | Starting the pipeline run
2026-08-13 04:01:28,650 | ApplicationRunner | INFO | exclusionchecker=False and diseasechecker=False
2026-08-13 04:01:28,650 | ApplicationRunner | INFO | Resolving target ids and reading target omic tables
2026-08-13 04:01:28,651 | AppPreprocessing | INFO | genetoesng: resolving 1 gene symbol(s) to ENSG
2026-08-13 04:01:28,743 | AppPreprocessing | INFO | genetoesng: resolved 1 ENSG id(s)
2026-08-13 04:01:28,744 | AppPreprocessing | INFO | esngtoprotein: resolving proteins for 1 ENSG id(s)
2026-08-13 04:01:28,783 | AppPreprocessing | INFO | esngtoprotein: 1 protein(s) found, 0 ENSG id(s) without a protein (0-fill placeholders)
2026-08-13 04:01:28,783 | AppPreprocessing | INFO | depmapreader: extracting 1 ENSG column(s)
2026-08-13 04:01:45,609 | AppPreprocessing | INFO | depmap: RNA/ENSG -> 1 found, 0 NaN-filled (not found)
2026-08-13 04:01:45,611 | AppPreprocessing | INFO | depmapreader: returning shape (1479, 2)
2026-08-13 04:01:45,679 | AppPreprocessing | INFO | hparnareader: extracting 1 ENSG column(s)
2026-08-13 04:01:53,752 | AppPreprocessing | WARNING | hpa: removed 91 row(s) with null/duplicate ModelID (kept 1054 unique cell line(s))
2026-08-13 04:01:53,753 | AppPreprocessing | INFO | hpa: HPA/ENSG -> 1 found, 0 NaN-filled (not found)
2026-08-13 04:01:53,754 | AppPreprocessing | INFO | hparnareader: returning shape (1054, 2)
2026-08-13 04:01:53,787 | AppPreprocessing | INFO | proteinreader: extracting 1 protein column(s)
2026-08-13 04:01:55,058 | AppPreprocessing | INFO | protein: protein -> 1 found, 0 NaN-filled (not found)
2026-08-13 04:01:55,058 | AppPreprocessing | INFO | proteinreader: returning shape (375, 2)
2026-08-13 04:01:55,070 | AppPreprocessing | INFO | similarityreader: extracting 1 gene cosine column(s)
2026-08-13 04:02:05,784 | AppPreprocessing | INFO | cosine: cosine/ENSG -> 1 found, 0 NaN-filled (not found)
2026-08-13 04:02:05,786 | AppPreprocessing | INFO | similarityreader: returning shape (1479, 2)
2026-08-13 04:02:05,866 | ApplicationRunner | INFO | target_df shape is (1479, 4)
2026-08-13 04:02:05,867 | ApplicationRunner | INFO | Releasing target reader frames from memory
2026-08-13 04:02:05,985 | ApplicationRunner | INFO | Scoring: evidence + similarity (target)
2026-08-13 04:02:05,986 | Scoring | INFO | calculateevidencescore (type=target): input shape (1479, 4)
2026-08-13 04:02:05,987 | Scoring | INFO | calculateevidencescore: 3 value column(s)
2026-08-13 04:02:05,994 | Scoring | INFO | target_evidence: min=0.0000 max=0.8623
2026-08-13 04:02:05,996 | Scoring | INFO | calculatesimilarityscore (type=target): input shape (1479, 2)
2026-08-13 04:02:05,996 | Scoring | INFO | calculatesimilarityscore: 1 cosine column(s)
2026-08-13 04:02:06,000 | Scoring | INFO | target_similarity: min=0.0000 max=1.0000
2026-08-13 04:02:06,001 | ApplicationRunner | INFO | Releasing target cosine frame from memory
2026-08-13 04:02:06,107 | ApplicationRunner | INFO | Calculating the confidence score
2026-08-13 04:02:06,108 | Scoring | INFO | calculateconfidencescore: input shape (1479, 4)
2026-08-13 04:02:06,108 | Scoring | INFO | calculateconfidencescore: pooling 3 value column(s)
2026-08-13 04:02:06,441 | Scoring | INFO | confidence_score: nulls=397 of 1479
2026-08-13 04:02:06,441 | ApplicationRunner | INFO | Releasing confidence input frame from memory
2026-08-13 04:02:06,548 | Scoring | INFO | calculatenetevidencescore (type=target): input shape (1479, 2)
2026-08-13 04:02:06,549 | Scoring | INFO | calculatenetsimilarityscore (type=target): input shape (1479, 2)
2026-08-13 04:02:06,550 | ApplicationRunner | INFO | Releasing target evidence/similarity frames from memory
2026-08-13 04:02:06,659 | ApplicationRunner | INFO | Assembling final score (net_similarity x net_evidence x confidence)
2026-08-13 04:02:06,666 | Scoring | INFO | finalscoring: input shape (1479, 8)
2026-08-13 04:02:06,667 | Scoring | INFO | final_score: nulls=397 of 1479
2026-08-13 04:02:06,668 | ApplicationRunner | INFO | Releasing net score component frames from memory
2026-08-13 04:02:06,782 | ApplicationRunner | INFO | Releasing feature and final-score frames from memory
2026-08-13 04:02:06,889 | ApplicationRunner | INFO | Fusion flagging over 1 gene(s); filter=3
2026-08-13 04:02:06,889 | Fusion | INFO | fusionflagger: 1479 cell line(s), 1 target gene(s), 0 exclusion gene(s)
2026-08-13 04:02:08,170 | Fusion | INFO | fusionflagger: fusion table shape (184237, 31)
2026-08-13 04:02:08,171 | Fusion | INFO | fusionflagger: single target gene, no exclusion -> OR match (gene as either partner)
2026-08-13 04:02:08,182 | Fusion | INFO | fusionflagger: 10 matching fusion row(s); 0 exclusion-involved, 9 target-only ModelID(s)
2026-08-13 04:02:08,182 | Fusion | INFO | fusionflagger: releasing fusion table frames from memory
2026-08-13 04:02:08,293 | Fusion | INFO | fusionflagger: fusion_type counts -> {'No': 1470, 'target': 9}
2026-08-13 04:02:08,394 | ApplicationRunner | INFO | Mutation flagging over 1 gene(s); filter=3
2026-08-13 04:02:08,395 | Mutation | INFO | mutationflager: 1479 cell line(s), 1 target gene(s), 0 exclusion gene(s)
2026-08-13 04:02:22,698 | Mutation | INFO | mutationflager: mutation table shape (1066869, 71)
2026-08-13 04:02:23,661 | Mutation | INFO | mutationflager: 29 distinct ModelID(s) with a matching mutation; 0 exclusion-involved, 29 target-involved
2026-08-13 04:02:23,668 | Mutation | INFO | mutationflager: mutation_type counts -> {'No': 1454, 'target': 25}
2026-08-13 04:02:23,672 | Mutation | INFO | mutationflager: 1479 cell line(s), 1 target gene(s), 0 exclusion gene(s)
2026-08-13 04:02:37,017 | Mutation | INFO | mutationflager: mutation table shape (1066869, 71)
2026-08-13 04:02:37,785 | Mutation | INFO | mutationflager: 29 distinct ModelID(s) with a matching mutation; 0 exclusion-involved, 29 target-involved
2026-08-13 04:02:37,790 | Mutation | INFO | mutationflager: mutation_type counts -> {'No': 1454, 'target': 25}
2026-08-13 04:02:37,894 | ApplicationRunner | INFO | Filtering the dataset for the cell line names
2026-08-13 04:02:37,894 | AppPreprocessing | INFO | Getting the master look up table
2026-08-13 04:02:37,903 | AppPreprocessing | INFO | Filtering the required columns
2026-08-13 04:02:37,905 | AppPreprocessing | INFO | Mergining the data with the master table
2026-08-13 04:02:37,908 | AppPreprocessing | INFO | Droping the rows which have null value
2026-08-13 04:02:37,911 | AppPreprocessing | INFO | Removing the columns which are not needed
2026-08-13 04:02:37,912 | AppPreprocessing | INFO | Getting the master look up table
2026-08-13 04:02:37,920 | AppPreprocessing | INFO | Filtering the required columns
2026-08-13 04:02:37,922 | AppPreprocessing | INFO | Mergining the data with the master table
2026-08-13 04:02:37,925 | AppPreprocessing | INFO | Droping the rows which have null value
2026-08-13 04:02:37,928 | AppPreprocessing | INFO | Removing the columns which are not needed
2026-08-13 04:02:37,930 | ApplicationRunner | INFO | Selected top 10 cell line(s)
2026-08-13 04:02:37,930 | Fusion | INFO | getthefusionreferencetable: 10 top cell line(s), 1 target gene(s), 0 exclusion gene(s)
2026-08-13 04:02:39,335 | Fusion | INFO | getthefusionreferencetable: releasing full fusion table from memory
2026-08-13 04:02:39,450 | Fusion | INFO | getthefusionreferencetable: returning 0 reference row(s)
2026-08-13 04:02:39,450 | Mutation | INFO | getthemutationreferencetable: 10 cell line(s), 1 gene(s)
2026-08-13 04:02:53,285 | Mutation | INFO | getthemutationreferencetable: returning 0 reference row(s)
2026-08-13 04:02:53,390 | ApplicationRunner | INFO | Getting Metabolomnic data
2026-08-13 04:02:53,391 | AppPreprocessing | INFO | Getting the metabolomnic data
2026-08-13 04:02:53,437 | ApplicationRunner | INFO | Running KMeans plot
2026-08-13 04:02:53,438 | ModelLoader | INFO | kmeansonthedata: 10 selected cell line(s)
2026-08-13 04:02:53,514 | ModelLoader | INFO | kmeansonthedata: factor matrix (1479, 20); predicting clusters
2026-08-13 04:02:53,586 | ModelLoader | INFO | kmeansonthedata: generating UMAP projection (full 1479-row manifold)
2026-08-13 04:03:12,192 | ModelLoader | INFO | kmeansonthedata: 10 of 10 chosen id(s) located on the map
2026-08-13 04:03:12,193 | ModelLoader | INFO | kmeansonthedata: releasing factor matrix and UMAP arrays from memory
2026-08-13 04:03:13,158 | ModelLoader | INFO | kmeansonthedata: plot saved to C:\Users\Shankar\Desktop\AstraZeneca\code\astrazeneca\CelllineSelector\images\kmeansplotforselectedcell_d26d2c94-5a4c-47fd-a04c-98048acece76.png
2026-08-13 04:03:13,158 | ModelLoader | INFO | kmeansonthedata: releasing plotting frames from memory
2026-08-13 04:03:13,297 | ApplicationRunner | INFO | Kmeans plot completed
2026-08-13 04:03:13,297 | ApplicationRunner | INFO | Running KNN
2026-08-13 04:03:13,297 | ModelLoader | INFO | knnonthedata: finding alternatives for 10 selected cell line(s)
2026-08-13 04:03:13,362 | ModelLoader | INFO | knnonthedata: releasing factor matrix from memory
2026-08-13 04:03:13,525 | ModelLoader | INFO | knnonthedata: 10 of 10 target(s) received an alternative
2026-08-13 04:03:13,526 | ApplicationRunner | INFO | KNN Completed
2026-08-13 04:03:13,526 | ApplicationRunner | INFO | Running Data combiner
2026-08-13 04:03:13,526 | AppPreprocessing | INFO | datacombiner: enriching 10 row(s) with master_lookup identity
2026-08-13 04:03:13,548 | AppPreprocessing | INFO | datacombiner: returning shape (10, 23)
2026-08-13 04:03:13,549 | AppPreprocessing | INFO | datacombiner: enriching 1410 row(s) with master_lookup identity
2026-08-13 04:03:13,577 | AppPreprocessing | INFO | datacombiner: returning shape (1410, 22)
2026-08-13 04:03:13,578 | ApplicationRunner | INFO | Data combiner completed
2026-08-13 04:03:13,578 | ApplicationRunner | INFO | Generating LLM explanation
2026-08-13 04:03:13,587 | Explanation | INFO | generate_explanation: starting
2026-08-13 04:03:13,587 | Explanation | INFO | generate_explanation: exclusionapplied=False fusionfilter=True mutationfilter=True disease=None
2026-08-13 04:03:13,591 | Explanation | INFO | _row_digest: built 10 record(s) with columns ['cell_line_name', 'stripped_cell_line_name', 'ModelID', 'CVCL_ID', 'CCLE_Name', 'primary_disease', 'lineage', 'final_score', 'net_similarity', 'net_evidence', 'confidence_score', 'modality_score', 'agreement', 'target_similarity', 'target_evidence', 'fusion_flag', 'mutation_flag', 'biological_sub_group']
2026-08-13 04:03:13,592 | Explanation | INFO | generate_explanation: prompt built (system=477 chars, user=10014 chars)
2026-08-13 04:03:13,709 | Explanation | INFO | ollama_chat: calling model 'llama3.2:3b' at http://localhost:11434
2026-08-13 04:08:18,705 | Explanation | INFO | ollama_chat: received 5453 character(s)
2026-08-13 04:08:18,706 | Explanation | INFO | generate_explanation: explanation generated (5453 chars)
2026-08-13 04:08:18,718 | ApplicationRunner | INFO | Removing the selected top 10 from the total list
2026-08-13 04:08:18,729 | ApplicationRunner | INFO | Selected top 10 removed successfully and the final table is arranged in decending order
2026-08-13 04:08:18,730 | ApplicationRunner | INFO | pipelinerun completed successfully
2026-08-13 04:58:33,416 | ApplicationRunner | INFO | Starting the pipeline run
2026-08-13 04:58:33,416 | ApplicationRunner | INFO | exclusionchecker=False and diseasechecker=False
2026-08-13 04:58:33,416 | ApplicationRunner | INFO | Resolving target ids and reading target omic tables
2026-08-13 04:58:33,416 | AppPreprocessing | INFO | genetoesng: resolving 1 gene symbol(s) to ENSG
2026-08-13 04:58:33,506 | AppPreprocessing | INFO | genetoesng: resolved 1 ENSG id(s)
2026-08-13 04:58:33,506 | AppPreprocessing | INFO | esngtoprotein: resolving proteins for 1 ENSG id(s)
2026-08-13 04:58:33,537 | AppPreprocessing | INFO | esngtoprotein: 1 protein(s) found, 0 ENSG id(s) without a protein (0-fill placeholders)
2026-08-13 04:58:33,537 | AppPreprocessing | INFO | depmapreader: extracting 1 ENSG column(s)
2026-08-13 04:58:41,521 | AppPreprocessing | INFO | depmap: RNA/ENSG -> 1 found, 0 NaN-filled (not found)
2026-08-13 04:58:41,522 | AppPreprocessing | INFO | depmapreader: returning shape (1479, 2)
2026-08-13 04:58:41,559 | AppPreprocessing | INFO | hparnareader: extracting 1 ENSG column(s)
2026-08-13 04:58:47,545 | AppPreprocessing | WARNING | hpa: removed 91 row(s) with null/duplicate ModelID (kept 1054 unique cell line(s))
2026-08-13 04:58:47,545 | AppPreprocessing | INFO | hpa: HPA/ENSG -> 1 found, 0 NaN-filled (not found)
2026-08-13 04:58:47,546 | AppPreprocessing | INFO | hparnareader: returning shape (1054, 2)
2026-08-13 04:58:47,582 | AppPreprocessing | INFO | proteinreader: extracting 1 protein column(s)
2026-08-13 04:58:48,626 | AppPreprocessing | INFO | protein: protein -> 1 found, 0 NaN-filled (not found)
2026-08-13 04:58:48,627 | AppPreprocessing | INFO | proteinreader: returning shape (375, 2)
2026-08-13 04:58:48,637 | AppPreprocessing | INFO | similarityreader: extracting 1 gene cosine column(s)
2026-08-13 04:58:56,549 | AppPreprocessing | INFO | cosine: cosine/ENSG -> 1 found, 0 NaN-filled (not found)
2026-08-13 04:58:56,550 | AppPreprocessing | INFO | similarityreader: returning shape (1479, 2)
2026-08-13 04:58:56,608 | ApplicationRunner | INFO | target_df shape is (1479, 4)
2026-08-13 04:58:56,608 | ApplicationRunner | INFO | Releasing target reader frames from memory
2026-08-13 04:58:56,705 | ApplicationRunner | INFO | Scoring: evidence + similarity (target)
2026-08-13 04:58:56,706 | Scoring | INFO | calculateevidencescore (type=target): input shape (1479, 4)
2026-08-13 04:58:56,707 | Scoring | INFO | calculateevidencescore: 3 value column(s)
2026-08-13 04:58:56,711 | Scoring | INFO | target_evidence: min=0.0000 max=0.8623
2026-08-13 04:58:56,711 | Scoring | INFO | calculatesimilarityscore (type=target): input shape (1479, 2)
2026-08-13 04:58:56,712 | Scoring | INFO | calculatesimilarityscore: 1 cosine column(s)
2026-08-13 04:58:56,715 | Scoring | INFO | target_similarity: min=0.0000 max=1.0000
2026-08-13 04:58:56,716 | ApplicationRunner | INFO | Releasing target cosine frame from memory
2026-08-13 04:58:56,803 | ApplicationRunner | INFO | Calculating the confidence score
2026-08-13 04:58:56,804 | Scoring | INFO | calculateconfidencescore: input shape (1479, 4)
2026-08-13 04:58:56,804 | Scoring | INFO | calculateconfidencescore: pooling 3 value column(s)
2026-08-13 04:58:57,017 | Scoring | INFO | confidence_score: nulls=397 of 1479
2026-08-13 04:58:57,018 | ApplicationRunner | INFO | Releasing confidence input frame from memory
2026-08-13 04:58:57,100 | Scoring | INFO | calculatenetevidencescore (type=target): input shape (1479, 2)
2026-08-13 04:58:57,101 | Scoring | INFO | calculatenetsimilarityscore (type=target): input shape (1479, 2)
2026-08-13 04:58:57,103 | ApplicationRunner | INFO | Releasing target evidence/similarity frames from memory
2026-08-13 04:58:57,207 | ApplicationRunner | INFO | Assembling final score (net_similarity x net_evidence x confidence)
2026-08-13 04:58:57,211 | Scoring | INFO | finalscoring: input shape (1479, 8)
2026-08-13 04:58:57,212 | Scoring | INFO | final_score: nulls=397 of 1479
2026-08-13 04:58:57,213 | ApplicationRunner | INFO | Releasing net score component frames from memory
2026-08-13 04:58:57,302 | ApplicationRunner | INFO | Releasing feature and final-score frames from memory
2026-08-13 04:58:57,384 | ApplicationRunner | INFO | Fusion flagging over 1 gene(s); filter=3
2026-08-13 04:58:57,384 | Fusion | INFO | fusionflagger: 1479 cell line(s), 1 target gene(s), 0 exclusion gene(s)
2026-08-13 04:58:58,266 | Fusion | INFO | fusionflagger: fusion table shape (184237, 31)
2026-08-13 04:58:58,266 | Fusion | INFO | fusionflagger: single target gene, no exclusion -> OR match (gene as either partner)
2026-08-13 04:58:58,276 | Fusion | INFO | fusionflagger: 10 matching fusion row(s); 0 exclusion-involved, 9 target-only ModelID(s)
2026-08-13 04:58:58,276 | Fusion | INFO | fusionflagger: releasing fusion table frames from memory
2026-08-13 04:58:58,370 | Fusion | INFO | fusionflagger: fusion_type counts -> {'No': 1470, 'target': 9}
2026-08-13 04:58:58,450 | ApplicationRunner | INFO | Mutation flagging over 1 gene(s); filter=3
2026-08-13 04:58:58,450 | Mutation | INFO | mutationflager: 1479 cell line(s), 1 target gene(s), 0 exclusion gene(s)
2026-08-13 04:59:07,887 | Mutation | INFO | mutationflager: mutation table shape (1066869, 71)
2026-08-13 04:59:08,726 | Mutation | INFO | mutationflager: 29 distinct ModelID(s) with a matching mutation; 0 exclusion-involved, 29 target-involved
2026-08-13 04:59:08,730 | Mutation | INFO | mutationflager: mutation_type counts -> {'No': 1454, 'target': 25}
2026-08-13 04:59:08,732 | Mutation | INFO | mutationflager: 1479 cell line(s), 1 target gene(s), 0 exclusion gene(s)
2026-08-13 04:59:20,073 | Mutation | INFO | mutationflager: mutation table shape (1066869, 71)
2026-08-13 04:59:20,862 | Mutation | INFO | mutationflager: 29 distinct ModelID(s) with a matching mutation; 0 exclusion-involved, 29 target-involved
2026-08-13 04:59:20,866 | Mutation | INFO | mutationflager: mutation_type counts -> {'No': 1454, 'target': 25}
2026-08-13 04:59:20,991 | ApplicationRunner | INFO | Filtering the dataset for the cell line names
2026-08-13 04:59:20,991 | AppPreprocessing | INFO | Getting the master look up table
2026-08-13 04:59:21,054 | AppPreprocessing | INFO | Filtering the required columns
2026-08-13 04:59:21,056 | AppPreprocessing | INFO | Mergining the data with the master table
2026-08-13 04:59:21,059 | AppPreprocessing | INFO | Droping the rows which have null value
2026-08-13 04:59:21,063 | AppPreprocessing | INFO | Removing the columns which are not needed
2026-08-13 04:59:21,064 | AppPreprocessing | INFO | Getting the master look up table
2026-08-13 04:59:21,075 | AppPreprocessing | INFO | Filtering the required columns
2026-08-13 04:59:21,077 | AppPreprocessing | INFO | Mergining the data with the master table
2026-08-13 04:59:21,080 | AppPreprocessing | INFO | Droping the rows which have null value
2026-08-13 04:59:21,085 | AppPreprocessing | INFO | Removing the columns which are not needed
2026-08-13 04:59:21,089 | ApplicationRunner | INFO | Selected top 10 cell line(s)
2026-08-13 04:59:21,090 | Fusion | INFO | getthefusionreferencetable: 10 top cell line(s), 1 target gene(s), 0 exclusion gene(s)
2026-08-13 04:59:22,639 | Fusion | INFO | getthefusionreferencetable: releasing full fusion table from memory
2026-08-13 04:59:22,766 | Fusion | INFO | getthefusionreferencetable: returning 0 reference row(s)
2026-08-13 04:59:22,766 | Mutation | INFO | getthemutationreferencetable: 10 cell line(s), 1 gene(s)
2026-08-13 04:59:35,448 | Mutation | INFO | getthemutationreferencetable: returning 0 reference row(s)
2026-08-13 04:59:35,532 | ApplicationRunner | INFO | Getting Metabolomnic data
2026-08-13 04:59:35,533 | AppPreprocessing | INFO | Getting the metabolomnic data
2026-08-13 04:59:35,590 | ApplicationRunner | INFO | Running KMeans plot
2026-08-13 04:59:35,590 | ModelLoader | INFO | kmeansonthedata: 10 selected cell line(s)
2026-08-13 04:59:35,994 | ModelLoader | INFO | kmeansonthedata: factor matrix (1479, 20); predicting clusters
2026-08-13 04:59:36,058 | ModelLoader | INFO | kmeansonthedata: generating UMAP projection (full 1479-row manifold)
2026-08-13 04:59:50,731 | ModelLoader | INFO | kmeansonthedata: 10 of 10 chosen id(s) located on the map
2026-08-13 04:59:50,732 | ModelLoader | INFO | kmeansonthedata: releasing factor matrix and UMAP arrays from memory
2026-08-13 04:59:52,123 | ModelLoader | INFO | kmeansonthedata: plot saved to C:\Users\Shankar\Desktop\AstraZeneca\code\astrazeneca\CelllineSelector\images\kmeansplotforselectedcell_d8d99d0a-678b-4fcb-ae96-b2350f5531f4.png
2026-08-13 04:59:52,123 | ModelLoader | INFO | kmeansonthedata: releasing plotting frames from memory
2026-08-13 04:59:52,281 | ApplicationRunner | INFO | Kmeans plot completed
2026-08-13 04:59:52,281 | ApplicationRunner | INFO | Running KNN
2026-08-13 04:59:52,282 | ModelLoader | INFO | knnonthedata: finding alternatives for 10 selected cell line(s)
2026-08-13 04:59:52,364 | ModelLoader | INFO | knnonthedata: releasing factor matrix from memory
2026-08-13 04:59:52,510 | ModelLoader | INFO | knnonthedata: 10 of 10 target(s) received an alternative
2026-08-13 04:59:52,511 | ApplicationRunner | INFO | KNN Completed
2026-08-13 04:59:52,511 | ApplicationRunner | INFO | Running Data combiner
2026-08-13 04:59:52,511 | AppPreprocessing | INFO | datacombiner: enriching 10 row(s) with master_lookup identity
2026-08-13 04:59:52,528 | AppPreprocessing | INFO | datacombiner: returning shape (10, 23)
2026-08-13 04:59:52,528 | AppPreprocessing | INFO | datacombiner: enriching 1410 row(s) with master_lookup identity
2026-08-13 04:59:52,547 | AppPreprocessing | INFO | datacombiner: returning shape (1410, 22)
2026-08-13 04:59:52,547 | ApplicationRunner | INFO | Data combiner completed
2026-08-13 04:59:52,548 | ApplicationRunner | INFO | Generating LLM explanation
2026-08-13 04:59:52,554 | Explanation | INFO | generate_explanation: starting
2026-08-13 04:59:52,554 | Explanation | INFO | generate_explanation: exclusionapplied=False fusionfilter=True mutationfilter=True disease=None
2026-08-13 04:59:52,558 | Explanation | INFO | _row_digest: built 10 record(s) with columns ['cell_line_name', 'stripped_cell_line_name', 'ModelID', 'CVCL_ID', 'CCLE_Name', 'primary_disease', 'lineage', 'final_score', 'net_similarity', 'net_evidence', 'confidence_score', 'modality_score', 'agreement', 'target_similarity', 'target_evidence', 'fusion_flag', 'mutation_flag', 'biological_sub_group']
2026-08-13 04:59:52,559 | Explanation | INFO | generate_explanation: prompt built (system=1210 chars, user=11083 chars)
2026-08-13 04:59:52,686 | Explanation | INFO | ollama_chat: calling model 'llama3.2:3b' at http://localhost:11434
2026-08-13 05:04:20,038 | Explanation | INFO | ollama_chat: received 4842 character(s)
2026-08-13 05:04:20,039 | Explanation | INFO | generate_explanation: explanation generated (4842 chars)
2026-08-13 05:04:20,048 | ApplicationRunner | INFO | Removing the selected top 10 from the total list
2026-08-13 05:04:20,057 | ApplicationRunner | INFO | Selected top 10 removed successfully and the final table is arranged in decending order
2026-08-13 05:04:20,057 | ApplicationRunner | INFO | pipelinerun completed successfully
2026-08-13 05:08:03,900 | ApplicationRunner | INFO | Starting the pipeline run
2026-08-13 05:08:03,901 | ApplicationRunner | INFO | exclusionchecker=False and diseasechecker=False
2026-08-13 05:08:03,901 | ApplicationRunner | INFO | Resolving target ids and reading target omic tables
2026-08-13 05:08:03,901 | AppPreprocessing | INFO | genetoesng: resolving 1 gene symbol(s) to ENSG
2026-08-13 05:08:03,959 | AppPreprocessing | INFO | genetoesng: resolved 1 ENSG id(s)
2026-08-13 05:08:03,959 | AppPreprocessing | INFO | esngtoprotein: resolving proteins for 1 ENSG id(s)
2026-08-13 05:08:03,977 | AppPreprocessing | INFO | esngtoprotein: 1 protein(s) found, 0 ENSG id(s) without a protein (0-fill placeholders)
2026-08-13 05:08:03,978 | AppPreprocessing | INFO | depmapreader: extracting 1 ENSG column(s)
2026-08-13 05:08:11,870 | AppPreprocessing | INFO | depmap: RNA/ENSG -> 1 found, 0 NaN-filled (not found)
2026-08-13 05:08:11,871 | AppPreprocessing | INFO | depmapreader: returning shape (1479, 2)
2026-08-13 05:08:11,908 | AppPreprocessing | INFO | hparnareader: extracting 1 ENSG column(s)
2026-08-13 05:08:18,844 | AppPreprocessing | WARNING | hpa: removed 91 row(s) with null/duplicate ModelID (kept 1054 unique cell line(s))
2026-08-13 05:08:18,844 | AppPreprocessing | INFO | hpa: HPA/ENSG -> 1 found, 0 NaN-filled (not found)
2026-08-13 05:08:18,846 | AppPreprocessing | INFO | hparnareader: returning shape (1054, 2)
2026-08-13 05:08:18,885 | AppPreprocessing | INFO | proteinreader: extracting 1 protein column(s)
2026-08-13 05:08:20,171 | AppPreprocessing | INFO | protein: protein -> 1 found, 0 NaN-filled (not found)
2026-08-13 05:08:20,172 | AppPreprocessing | INFO | proteinreader: returning shape (375, 2)
2026-08-13 05:08:20,183 | AppPreprocessing | INFO | similarityreader: extracting 1 gene cosine column(s)
2026-08-13 05:08:31,481 | AppPreprocessing | INFO | cosine: cosine/ENSG -> 1 found, 0 NaN-filled (not found)
2026-08-13 05:08:31,483 | AppPreprocessing | INFO | similarityreader: returning shape (1479, 2)
2026-08-13 05:08:31,533 | ApplicationRunner | INFO | target_df shape is (1479, 4)
2026-08-13 05:08:31,533 | ApplicationRunner | INFO | Releasing target reader frames from memory
2026-08-13 05:08:31,620 | ApplicationRunner | INFO | Scoring: evidence + similarity (target)
2026-08-13 05:08:31,621 | Scoring | INFO | calculateevidencescore (type=target): input shape (1479, 4)
2026-08-13 05:08:31,621 | Scoring | INFO | calculateevidencescore: 3 value column(s)
2026-08-13 05:08:31,625 | Scoring | INFO | target_evidence: min=0.0000 max=0.8623
2026-08-13 05:08:31,625 | Scoring | INFO | calculatesimilarityscore (type=target): input shape (1479, 2)
2026-08-13 05:08:31,625 | Scoring | INFO | calculatesimilarityscore: 1 cosine column(s)
2026-08-13 05:08:31,629 | Scoring | INFO | target_similarity: min=0.0000 max=1.0000
2026-08-13 05:08:31,629 | ApplicationRunner | INFO | Releasing target cosine frame from memory
2026-08-13 05:08:31,714 | ApplicationRunner | INFO | Calculating the confidence score
2026-08-13 05:08:31,715 | Scoring | INFO | calculateconfidencescore: input shape (1479, 4)
2026-08-13 05:08:31,715 | Scoring | INFO | calculateconfidencescore: pooling 3 value column(s)
2026-08-13 05:08:31,896 | Scoring | INFO | confidence_score: nulls=397 of 1479
2026-08-13 05:08:31,896 | ApplicationRunner | INFO | Releasing confidence input frame from memory
2026-08-13 05:08:31,978 | Scoring | INFO | calculatenetevidencescore (type=target): input shape (1479, 2)
2026-08-13 05:08:31,980 | Scoring | INFO | calculatenetsimilarityscore (type=target): input shape (1479, 2)
2026-08-13 05:08:31,981 | ApplicationRunner | INFO | Releasing target evidence/similarity frames from memory
2026-08-13 05:08:32,068 | ApplicationRunner | INFO | Assembling final score (net_similarity x net_evidence x confidence)
2026-08-13 05:08:32,073 | Scoring | INFO | finalscoring: input shape (1479, 8)
2026-08-13 05:08:32,075 | Scoring | INFO | final_score: nulls=397 of 1479
2026-08-13 05:08:32,075 | ApplicationRunner | INFO | Releasing net score component frames from memory
2026-08-13 05:08:32,156 | ApplicationRunner | INFO | Releasing feature and final-score frames from memory
2026-08-13 05:08:32,235 | ApplicationRunner | INFO | Fusion flagging over 1 gene(s); filter=3
2026-08-13 05:08:32,235 | Fusion | INFO | fusionflagger: 1479 cell line(s), 1 target gene(s), 0 exclusion gene(s)
2026-08-13 05:08:33,085 | Fusion | INFO | fusionflagger: fusion table shape (184237, 31)
2026-08-13 05:08:33,085 | Fusion | INFO | fusionflagger: single target gene, no exclusion -> OR match (gene as either partner)
2026-08-13 05:08:33,099 | Fusion | INFO | fusionflagger: 10 matching fusion row(s); 0 exclusion-involved, 9 target-only ModelID(s)
2026-08-13 05:08:33,099 | Fusion | INFO | fusionflagger: releasing fusion table frames from memory
2026-08-13 05:08:33,213 | Fusion | INFO | fusionflagger: fusion_type counts -> {'No': 1470, 'target': 9}
2026-08-13 05:08:33,311 | ApplicationRunner | INFO | Mutation flagging over 1 gene(s); filter=3
2026-08-13 05:08:33,311 | Mutation | INFO | mutationflager: 1479 cell line(s), 1 target gene(s), 0 exclusion gene(s)
2026-08-13 05:08:43,743 | Mutation | INFO | mutationflager: mutation table shape (1066869, 71)
2026-08-13 05:08:44,884 | Mutation | INFO | mutationflager: 29 distinct ModelID(s) with a matching mutation; 0 exclusion-involved, 29 target-involved
2026-08-13 05:08:44,937 | Mutation | INFO | mutationflager: mutation_type counts -> {'No': 1454, 'target': 25}
2026-08-13 05:08:44,943 | Mutation | INFO | mutationflager: 1479 cell line(s), 1 target gene(s), 0 exclusion gene(s)
2026-08-13 05:08:59,164 | Mutation | INFO | mutationflager: mutation table shape (1066869, 71)
2026-08-13 05:08:59,757 | Mutation | INFO | mutationflager: 29 distinct ModelID(s) with a matching mutation; 0 exclusion-involved, 29 target-involved
2026-08-13 05:08:59,760 | Mutation | INFO | mutationflager: mutation_type counts -> {'No': 1454, 'target': 25}
2026-08-13 05:09:00,347 | ApplicationRunner | INFO | Filtering the dataset for the cell line names
2026-08-13 05:09:00,347 | AppPreprocessing | INFO | Getting the master look up table
2026-08-13 05:09:00,443 | AppPreprocessing | INFO | Filtering the required columns
2026-08-13 05:09:00,445 | AppPreprocessing | INFO | Mergining the data with the master table
2026-08-13 05:09:00,456 | AppPreprocessing | INFO | Droping the rows which have null value
2026-08-13 05:09:00,459 | AppPreprocessing | INFO | Removing the columns which are not needed
2026-08-13 05:09:00,460 | AppPreprocessing | INFO | Getting the master look up table
2026-08-13 05:09:00,467 | AppPreprocessing | INFO | Filtering the required columns
2026-08-13 05:09:00,468 | AppPreprocessing | INFO | Mergining the data with the master table
2026-08-13 05:09:00,470 | AppPreprocessing | INFO | Droping the rows which have null value
2026-08-13 05:09:00,472 | AppPreprocessing | INFO | Removing the columns which are not needed
2026-08-13 05:09:00,475 | ApplicationRunner | INFO | Selected top 10 cell line(s)
2026-08-13 05:09:00,475 | Fusion | INFO | getthefusionreferencetable: 10 top cell line(s), 1 target gene(s), 0 exclusion gene(s)
2026-08-13 05:09:01,322 | Fusion | INFO | getthefusionreferencetable: releasing full fusion table from memory
2026-08-13 05:09:01,416 | Fusion | INFO | getthefusionreferencetable: returning 0 reference row(s)
2026-08-13 05:09:01,416 | Mutation | INFO | getthemutationreferencetable: 10 cell line(s), 1 gene(s)
2026-08-13 05:09:11,405 | Mutation | INFO | getthemutationreferencetable: returning 0 reference row(s)
2026-08-13 05:09:11,493 | ApplicationRunner | INFO | Getting Metabolomnic data
2026-08-13 05:09:11,493 | AppPreprocessing | INFO | Getting the metabolomnic data
2026-08-13 05:09:11,529 | ApplicationRunner | INFO | Running KMeans plot
2026-08-13 05:09:11,529 | ModelLoader | INFO | kmeansonthedata: 10 selected cell line(s)
2026-08-13 05:09:11,606 | ModelLoader | INFO | kmeansonthedata: factor matrix (1479, 20); predicting clusters
2026-08-13 05:09:11,682 | ModelLoader | INFO | kmeansonthedata: generating UMAP projection (full 1479-row manifold)
2026-08-13 05:09:27,794 | ModelLoader | INFO | kmeansonthedata: 10 of 10 chosen id(s) located on the map
2026-08-13 05:09:27,794 | ModelLoader | INFO | kmeansonthedata: releasing factor matrix and UMAP arrays from memory
2026-08-13 05:09:28,691 | ModelLoader | INFO | kmeansonthedata: plot saved to C:\Users\Shankar\Desktop\AstraZeneca\code\astrazeneca\CelllineSelector\images\kmeansplotforselectedcell_18e7efed-d098-4ac0-989b-e6d122f025f6.png
2026-08-13 05:09:28,691 | ModelLoader | INFO | kmeansonthedata: releasing plotting frames from memory
2026-08-13 05:09:28,828 | ApplicationRunner | INFO | Kmeans plot completed
2026-08-13 05:09:28,828 | ApplicationRunner | INFO | Running KNN
2026-08-13 05:09:28,829 | ModelLoader | INFO | knnonthedata: finding alternatives for 10 selected cell line(s)
2026-08-13 05:09:28,890 | ModelLoader | INFO | knnonthedata: releasing factor matrix from memory
2026-08-13 05:09:29,036 | ModelLoader | INFO | knnonthedata: 10 of 10 target(s) received an alternative
2026-08-13 05:09:29,036 | ApplicationRunner | INFO | KNN Completed
2026-08-13 05:09:29,036 | ApplicationRunner | INFO | Running Data combiner
2026-08-13 05:09:29,036 | AppPreprocessing | INFO | datacombiner: enriching 10 row(s) with master_lookup identity
2026-08-13 05:09:29,057 | AppPreprocessing | INFO | datacombiner: returning shape (10, 23)
2026-08-13 05:09:29,057 | AppPreprocessing | INFO | datacombiner: enriching 1410 row(s) with master_lookup identity
2026-08-13 05:09:29,074 | AppPreprocessing | INFO | datacombiner: returning shape (1410, 22)
2026-08-13 05:09:29,075 | ApplicationRunner | INFO | Data combiner completed
2026-08-13 05:09:29,075 | ApplicationRunner | INFO | Generating LLM explanation
2026-08-13 05:09:29,082 | Explanation | INFO | generate_explanation: starting
2026-08-13 05:09:29,082 | Explanation | INFO | generate_explanation: exclusionapplied=False fusionfilter=True mutationfilter=True disease=None
2026-08-13 05:09:29,085 | Explanation | INFO | _row_digest: built 10 record(s) with columns ['cell_line_name', 'stripped_cell_line_name', 'ModelID', 'CVCL_ID', 'CCLE_Name', 'primary_disease', 'lineage', 'final_score', 'net_similarity', 'net_evidence', 'confidence_score', 'modality_score', 'agreement', 'target_similarity', 'target_evidence', 'fusion_flag', 'mutation_flag', 'biological_sub_group']
2026-08-13 05:09:29,086 | Explanation | INFO | generate_explanation: prompt built (system=1178 chars, user=11377 chars)
2026-08-13 05:09:29,193 | Explanation | INFO | ollama_chat: calling model 'llama3.2:3b' at http://localhost:11434
2026-08-13 05:15:25,642 | Explanation | INFO | ollama_chat: received 5527 character(s)
2026-08-13 05:15:25,678 | Explanation | INFO | generate_explanation: explanation generated (5527 chars)
2026-08-13 05:15:26,031 | ApplicationRunner | INFO | Removing the selected top 10 from the total list
2026-08-13 05:15:26,262 | ApplicationRunner | INFO | Selected top 10 removed successfully and the final table is arranged in decending order
2026-08-13 05:15:26,263 | ApplicationRunner | INFO | pipelinerun completed successfully
2026-08-13 05:20:44,081 | ApplicationRunner | INFO | Starting the pipeline run
2026-08-13 05:20:44,085 | ApplicationRunner | INFO | exclusionchecker=False and diseasechecker=False
2026-08-13 05:20:44,085 | ApplicationRunner | INFO | Resolving target ids and reading target omic tables
2026-08-13 05:20:44,086 | AppPreprocessing | INFO | genetoesng: resolving 1 gene symbol(s) to ENSG
2026-08-13 05:20:44,166 | AppPreprocessing | INFO | genetoesng: resolved 1 ENSG id(s)
2026-08-13 05:20:44,166 | AppPreprocessing | INFO | esngtoprotein: resolving proteins for 1 ENSG id(s)
2026-08-13 05:20:44,197 | AppPreprocessing | INFO | esngtoprotein: 1 protein(s) found, 0 ENSG id(s) without a protein (0-fill placeholders)
2026-08-13 05:20:44,198 | AppPreprocessing | INFO | depmapreader: extracting 1 ENSG column(s)
2026-08-13 05:20:56,625 | AppPreprocessing | INFO | depmap: RNA/ENSG -> 1 found, 0 NaN-filled (not found)
2026-08-13 05:20:56,626 | AppPreprocessing | INFO | depmapreader: returning shape (1479, 2)
2026-08-13 05:20:56,677 | AppPreprocessing | INFO | hparnareader: extracting 1 ENSG column(s)
2026-08-13 05:21:11,538 | AppPreprocessing | WARNING | hpa: removed 91 row(s) with null/duplicate ModelID (kept 1054 unique cell line(s))
2026-08-13 05:21:11,538 | AppPreprocessing | INFO | hpa: HPA/ENSG -> 1 found, 0 NaN-filled (not found)
2026-08-13 05:21:11,539 | AppPreprocessing | INFO | hparnareader: returning shape (1054, 2)
2026-08-13 05:21:11,599 | AppPreprocessing | INFO | proteinreader: extracting 1 protein column(s)
2026-08-13 05:21:13,869 | AppPreprocessing | INFO | protein: protein -> 1 found, 0 NaN-filled (not found)
2026-08-13 05:21:13,869 | AppPreprocessing | INFO | proteinreader: returning shape (375, 2)
2026-08-13 05:21:13,886 | AppPreprocessing | INFO | similarityreader: extracting 1 gene cosine column(s)
2026-08-13 05:21:31,297 | AppPreprocessing | INFO | cosine: cosine/ENSG -> 1 found, 0 NaN-filled (not found)
2026-08-13 05:21:31,299 | AppPreprocessing | INFO | similarityreader: returning shape (1479, 2)
2026-08-13 05:21:31,476 | ApplicationRunner | INFO | target_df shape is (1479, 4)
2026-08-13 05:21:31,476 | ApplicationRunner | INFO | Releasing target reader frames from memory
2026-08-13 05:21:31,686 | ApplicationRunner | INFO | Scoring: evidence + similarity (target)
2026-08-13 05:21:31,688 | Scoring | INFO | calculateevidencescore (type=target): input shape (1479, 4)
2026-08-13 05:21:31,688 | Scoring | INFO | calculateevidencescore: 3 value column(s)
2026-08-13 05:21:31,696 | Scoring | INFO | target_evidence: min=0.0000 max=0.8623
2026-08-13 05:21:31,698 | Scoring | INFO | calculatesimilarityscore (type=target): input shape (1479, 2)
2026-08-13 05:21:31,698 | Scoring | INFO | calculatesimilarityscore: 1 cosine column(s)
2026-08-13 05:21:31,703 | Scoring | INFO | target_similarity: min=0.0000 max=1.0000
2026-08-13 05:21:31,706 | ApplicationRunner | INFO | Releasing target cosine frame from memory
2026-08-13 05:21:31,902 | ApplicationRunner | INFO | Calculating the confidence score
2026-08-13 05:21:31,903 | Scoring | INFO | calculateconfidencescore: input shape (1479, 4)
2026-08-13 05:21:31,904 | Scoring | INFO | calculateconfidencescore: pooling 3 value column(s)
2026-08-13 05:21:32,687 | Scoring | INFO | confidence_score: nulls=397 of 1479
2026-08-13 05:21:32,687 | ApplicationRunner | INFO | Releasing confidence input frame from memory
2026-08-13 05:21:32,845 | Scoring | INFO | calculatenetevidencescore (type=target): input shape (1479, 2)
2026-08-13 05:21:32,847 | Scoring | INFO | calculatenetsimilarityscore (type=target): input shape (1479, 2)
2026-08-13 05:21:32,848 | ApplicationRunner | INFO | Releasing target evidence/similarity frames from memory
2026-08-13 05:21:32,998 | ApplicationRunner | INFO | Assembling final score (net_similarity x net_evidence x confidence)
2026-08-13 05:21:33,009 | Scoring | INFO | finalscoring: input shape (1479, 8)
2026-08-13 05:21:33,011 | Scoring | INFO | final_score: nulls=397 of 1479
2026-08-13 05:21:33,012 | ApplicationRunner | INFO | Releasing net score component frames from memory
2026-08-13 05:21:33,170 | ApplicationRunner | INFO | Releasing feature and final-score frames from memory
2026-08-13 05:21:33,317 | ApplicationRunner | INFO | Fusion flagging over 1 gene(s); filter=3
2026-08-13 05:21:33,318 | Fusion | INFO | fusionflagger: 1479 cell line(s), 1 target gene(s), 0 exclusion gene(s)
2026-08-13 05:21:35,208 | Fusion | INFO | fusionflagger: fusion table shape (184237, 31)
2026-08-13 05:21:35,208 | Fusion | INFO | fusionflagger: single target gene, no exclusion -> OR match (gene as either partner)
2026-08-13 05:21:35,221 | Fusion | INFO | fusionflagger: 10 matching fusion row(s); 0 exclusion-involved, 9 target-only ModelID(s)
2026-08-13 05:21:35,223 | Fusion | INFO | fusionflagger: releasing fusion table frames from memory
2026-08-13 05:21:35,397 | Fusion | INFO | fusionflagger: fusion_type counts -> {'No': 1470, 'target': 9}
2026-08-13 05:21:35,551 | ApplicationRunner | INFO | Mutation flagging over 1 gene(s); filter=3
2026-08-13 05:21:35,551 | Mutation | INFO | mutationflager: 1479 cell line(s), 1 target gene(s), 0 exclusion gene(s)
2026-08-13 05:21:52,648 | Mutation | INFO | mutationflager: mutation table shape (1066869, 71)
2026-08-13 05:21:53,832 | Mutation | INFO | mutationflager: 29 distinct ModelID(s) with a matching mutation; 0 exclusion-involved, 29 target-involved
2026-08-13 05:21:53,835 | Mutation | INFO | mutationflager: mutation_type counts -> {'No': 1454, 'target': 25}
2026-08-13 05:21:53,838 | Mutation | INFO | mutationflager: 1479 cell line(s), 1 target gene(s), 0 exclusion gene(s)
2026-08-13 05:22:11,777 | Mutation | INFO | mutationflager: mutation table shape (1066869, 71)
2026-08-13 05:22:12,824 | Mutation | INFO | mutationflager: 29 distinct ModelID(s) with a matching mutation; 0 exclusion-involved, 29 target-involved
2026-08-13 05:22:12,829 | Mutation | INFO | mutationflager: mutation_type counts -> {'No': 1454, 'target': 25}
2026-08-13 05:22:12,994 | ApplicationRunner | INFO | Filtering the dataset for the cell line names
2026-08-13 05:22:12,994 | AppPreprocessing | INFO | Getting the master look up table
2026-08-13 05:22:13,222 | AppPreprocessing | INFO | Filtering the required columns
2026-08-13 05:22:13,223 | AppPreprocessing | INFO | Mergining the data with the master table
2026-08-13 05:22:13,227 | AppPreprocessing | INFO | Droping the rows which have null value
2026-08-13 05:22:13,231 | AppPreprocessing | INFO | Removing the columns which are not needed
2026-08-13 05:22:13,232 | AppPreprocessing | INFO | Getting the master look up table
2026-08-13 05:22:13,242 | AppPreprocessing | INFO | Filtering the required columns
2026-08-13 05:22:13,244 | AppPreprocessing | INFO | Mergining the data with the master table
2026-08-13 05:22:13,247 | AppPreprocessing | INFO | Droping the rows which have null value
2026-08-13 05:22:13,249 | AppPreprocessing | INFO | Removing the columns which are not needed
2026-08-13 05:22:13,253 | ApplicationRunner | INFO | Selected top 10 cell line(s)
2026-08-13 05:22:13,253 | Fusion | INFO | getthefusionreferencetable: 10 top cell line(s), 1 target gene(s), 0 exclusion gene(s)
2026-08-13 05:22:14,973 | Fusion | INFO | getthefusionreferencetable: releasing full fusion table from memory
2026-08-13 05:22:15,107 | Fusion | INFO | getthefusionreferencetable: returning 0 reference row(s)
2026-08-13 05:22:15,107 | Mutation | INFO | getthemutationreferencetable: 10 cell line(s), 1 gene(s)
2026-08-13 05:22:31,797 | Mutation | INFO | getthemutationreferencetable: returning 0 reference row(s)
2026-08-13 05:22:32,001 | ApplicationRunner | INFO | Getting Metabolomnic data
2026-08-13 05:22:32,002 | AppPreprocessing | INFO | Getting the metabolomnic data
2026-08-13 05:22:32,070 | ApplicationRunner | INFO | Running KMeans plot
2026-08-13 05:22:32,070 | ModelLoader | INFO | kmeansonthedata: 10 selected cell line(s)
2026-08-13 05:22:32,191 | ModelLoader | INFO | kmeansonthedata: factor matrix (1479, 20); predicting clusters
2026-08-13 05:22:32,408 | ModelLoader | INFO | kmeansonthedata: generating UMAP projection (full 1479-row manifold)
2026-08-13 05:22:51,855 | ModelLoader | INFO | kmeansonthedata: 10 of 10 chosen id(s) located on the map
2026-08-13 05:22:51,856 | ModelLoader | INFO | kmeansonthedata: releasing factor matrix and UMAP arrays from memory
2026-08-13 05:22:53,110 | ModelLoader | INFO | kmeansonthedata: plot saved to C:\Users\Shankar\Desktop\AstraZeneca\code\astrazeneca\CelllineSelector\images\kmeansplotforselectedcell_656b687c-a63d-48f1-9e6b-e6212b2c1b12.png
2026-08-13 05:22:53,110 | ModelLoader | INFO | kmeansonthedata: releasing plotting frames from memory
2026-08-13 05:22:53,298 | ApplicationRunner | INFO | Kmeans plot completed
2026-08-13 05:22:53,298 | ApplicationRunner | INFO | Running KNN
2026-08-13 05:22:53,299 | ModelLoader | INFO | knnonthedata: finding alternatives for 10 selected cell line(s)
2026-08-13 05:22:53,355 | ModelLoader | INFO | knnonthedata: releasing factor matrix from memory
2026-08-13 05:22:53,548 | ModelLoader | INFO | knnonthedata: 10 of 10 target(s) received an alternative
2026-08-13 05:22:53,548 | ApplicationRunner | INFO | KNN Completed
2026-08-13 05:22:53,549 | ApplicationRunner | INFO | Running Data combiner
2026-08-13 05:22:53,549 | AppPreprocessing | INFO | datacombiner: enriching 10 row(s) with master_lookup identity
2026-08-13 05:22:53,566 | AppPreprocessing | INFO | datacombiner: returning shape (10, 23)
2026-08-13 05:22:53,566 | AppPreprocessing | INFO | datacombiner: enriching 1410 row(s) with master_lookup identity
2026-08-13 05:22:53,578 | AppPreprocessing | INFO | datacombiner: returning shape (1410, 22)
2026-08-13 05:22:53,578 | ApplicationRunner | INFO | Data combiner completed
2026-08-13 05:22:53,578 | ApplicationRunner | INFO | Generating LLM explanation
2026-08-13 05:22:53,582 | Explanation | INFO | generate_explanation: starting
2026-08-13 05:22:53,687 | Explanation | INFO | ollama_chat: calling model 'llama3.2:3b' at http://localhost:11434
2026-08-13 05:27:33,364 | Explanation | INFO | ollama_chat: received 6485 character(s)
2026-08-13 05:27:33,374 | ApplicationRunner | INFO | Removing the selected top 10 from the total list
2026-08-13 05:27:33,385 | ApplicationRunner | INFO | Selected top 10 removed successfully and the final table is arranged in decending order
2026-08-13 05:27:33,389 | ApplicationRunner | INFO | pipelinerun completed successfully
2026-08-13 05:30:14,348 | ApplicationRunner | INFO | Starting the pipeline run
2026-08-13 05:30:14,352 | ApplicationRunner | INFO | exclusionchecker=False and diseasechecker=False
2026-08-13 05:30:14,352 | ApplicationRunner | INFO | Resolving target ids and reading target omic tables
2026-08-13 05:30:14,352 | AppPreprocessing | INFO | genetoesng: resolving 1 gene symbol(s) to ENSG
2026-08-13 05:30:14,411 | AppPreprocessing | INFO | genetoesng: resolved 1 ENSG id(s)
2026-08-13 05:30:14,412 | AppPreprocessing | INFO | esngtoprotein: resolving proteins for 1 ENSG id(s)
2026-08-13 05:30:14,431 | AppPreprocessing | INFO | esngtoprotein: 1 protein(s) found, 0 ENSG id(s) without a protein (0-fill placeholders)
2026-08-13 05:30:14,431 | AppPreprocessing | INFO | depmapreader: extracting 1 ENSG column(s)
2026-08-13 05:30:28,365 | AppPreprocessing | INFO | depmap: RNA/ENSG -> 1 found, 0 NaN-filled (not found)
2026-08-13 05:30:28,366 | AppPreprocessing | INFO | depmapreader: returning shape (1479, 2)
2026-08-13 05:30:28,436 | AppPreprocessing | INFO | hparnareader: extracting 1 ENSG column(s)
2026-08-13 05:30:37,114 | AppPreprocessing | WARNING | hpa: removed 91 row(s) with null/duplicate ModelID (kept 1054 unique cell line(s))
2026-08-13 05:30:37,114 | AppPreprocessing | INFO | hpa: HPA/ENSG -> 1 found, 0 NaN-filled (not found)
2026-08-13 05:30:37,116 | AppPreprocessing | INFO | hparnareader: returning shape (1054, 2)
2026-08-13 05:30:37,174 | AppPreprocessing | INFO | proteinreader: extracting 1 protein column(s)
2026-08-13 05:30:38,411 | AppPreprocessing | INFO | protein: protein -> 1 found, 0 NaN-filled (not found)
2026-08-13 05:30:38,412 | AppPreprocessing | INFO | proteinreader: returning shape (375, 2)
2026-08-13 05:30:38,423 | AppPreprocessing | INFO | similarityreader: extracting 1 gene cosine column(s)
2026-08-13 05:30:51,294 | AppPreprocessing | INFO | cosine: cosine/ENSG -> 1 found, 0 NaN-filled (not found)
2026-08-13 05:30:51,296 | AppPreprocessing | INFO | similarityreader: returning shape (1479, 2)
2026-08-13 05:30:51,394 | ApplicationRunner | INFO | target_df shape is (1479, 4)
2026-08-13 05:30:51,394 | ApplicationRunner | INFO | Releasing target reader frames from memory
2026-08-13 05:30:51,570 | ApplicationRunner | INFO | Scoring: evidence + similarity (target)
2026-08-13 05:30:51,572 | Scoring | INFO | calculateevidencescore (type=target): input shape (1479, 4)
2026-08-13 05:30:51,572 | Scoring | INFO | calculateevidencescore: 3 value column(s)
2026-08-13 05:30:51,579 | Scoring | INFO | target_evidence: min=0.0000 max=0.8623
2026-08-13 05:30:51,580 | Scoring | INFO | calculatesimilarityscore (type=target): input shape (1479, 2)
2026-08-13 05:30:51,580 | Scoring | INFO | calculatesimilarityscore: 1 cosine column(s)
2026-08-13 05:30:51,585 | Scoring | INFO | target_similarity: min=0.0000 max=1.0000
2026-08-13 05:30:51,585 | ApplicationRunner | INFO | Releasing target cosine frame from memory
2026-08-13 05:30:51,747 | ApplicationRunner | INFO | Calculating the confidence score
2026-08-13 05:30:51,748 | Scoring | INFO | calculateconfidencescore: input shape (1479, 4)
2026-08-13 05:30:51,749 | Scoring | INFO | calculateconfidencescore: pooling 3 value column(s)
2026-08-13 05:30:52,194 | Scoring | INFO | confidence_score: nulls=397 of 1479
2026-08-13 05:30:52,195 | ApplicationRunner | INFO | Releasing confidence input frame from memory
2026-08-13 05:30:52,340 | Scoring | INFO | calculatenetevidencescore (type=target): input shape (1479, 2)
2026-08-13 05:30:52,343 | Scoring | INFO | calculatenetsimilarityscore (type=target): input shape (1479, 2)
2026-08-13 05:30:52,344 | ApplicationRunner | INFO | Releasing target evidence/similarity frames from memory
2026-08-13 05:30:52,512 | ApplicationRunner | INFO | Assembling final score (net_similarity x net_evidence x confidence)
2026-08-13 05:30:52,520 | Scoring | INFO | finalscoring: input shape (1479, 8)
2026-08-13 05:30:52,521 | Scoring | INFO | final_score: nulls=397 of 1479
2026-08-13 05:30:52,521 | ApplicationRunner | INFO | Releasing net score component frames from memory
2026-08-13 05:30:52,661 | ApplicationRunner | INFO | Releasing feature and final-score frames from memory
2026-08-13 05:30:52,821 | ApplicationRunner | INFO | Fusion flagging over 1 gene(s); filter=3
2026-08-13 05:30:52,821 | Fusion | INFO | fusionflagger: 1479 cell line(s), 1 target gene(s), 0 exclusion gene(s)
2026-08-13 05:30:54,613 | Fusion | INFO | fusionflagger: fusion table shape (184237, 31)
2026-08-13 05:30:54,613 | Fusion | INFO | fusionflagger: single target gene, no exclusion -> OR match (gene as either partner)
2026-08-13 05:30:54,628 | Fusion | INFO | fusionflagger: 10 matching fusion row(s); 0 exclusion-involved, 9 target-only ModelID(s)
2026-08-13 05:30:54,628 | Fusion | INFO | fusionflagger: releasing fusion table frames from memory
2026-08-13 05:30:54,797 | Fusion | INFO | fusionflagger: fusion_type counts -> {'No': 1470, 'target': 9}
2026-08-13 05:30:54,965 | ApplicationRunner | INFO | Mutation flagging over 1 gene(s); filter=3
2026-08-13 05:30:54,966 | Mutation | INFO | mutationflager: 1479 cell line(s), 1 target gene(s), 0 exclusion gene(s)
2026-08-13 05:31:12,417 | Mutation | INFO | mutationflager: mutation table shape (1066869, 71)
2026-08-13 05:31:13,820 | Mutation | INFO | mutationflager: 29 distinct ModelID(s) with a matching mutation; 0 exclusion-involved, 29 target-involved
2026-08-13 05:31:13,848 | Mutation | INFO | mutationflager: mutation_type counts -> {'No': 1454, 'target': 25}
2026-08-13 05:31:13,853 | Mutation | INFO | mutationflager: 1479 cell line(s), 1 target gene(s), 0 exclusion gene(s)
2026-08-13 05:31:27,711 | Mutation | INFO | mutationflager: mutation table shape (1066869, 71)
2026-08-13 05:31:28,870 | Mutation | INFO | mutationflager: 29 distinct ModelID(s) with a matching mutation; 0 exclusion-involved, 29 target-involved
2026-08-13 05:31:28,876 | Mutation | INFO | mutationflager: mutation_type counts -> {'No': 1454, 'target': 25}
2026-08-13 05:31:29,687 | ApplicationRunner | INFO | Filtering the dataset for the cell line names
2026-08-13 05:31:29,687 | AppPreprocessing | INFO | Getting the master look up table
2026-08-13 05:31:29,702 | AppPreprocessing | INFO | Filtering the required columns
2026-08-13 05:31:29,704 | AppPreprocessing | INFO | Mergining the data with the master table
2026-08-13 05:31:29,720 | AppPreprocessing | INFO | Droping the rows which have null value
2026-08-13 05:31:29,723 | AppPreprocessing | INFO | Removing the columns which are not needed
2026-08-13 05:31:29,726 | AppPreprocessing | INFO | Getting the master look up table
2026-08-13 05:31:29,734 | AppPreprocessing | INFO | Filtering the required columns
2026-08-13 05:31:29,737 | AppPreprocessing | INFO | Mergining the data with the master table
2026-08-13 05:31:29,741 | AppPreprocessing | INFO | Droping the rows which have null value
2026-08-13 05:31:29,743 | AppPreprocessing | INFO | Removing the columns which are not needed
2026-08-13 05:31:29,748 | ApplicationRunner | INFO | Selected top 10 cell line(s)
2026-08-13 05:31:29,748 | Fusion | INFO | getthefusionreferencetable: 10 top cell line(s), 1 target gene(s), 0 exclusion gene(s)
2026-08-13 05:31:31,297 | Fusion | INFO | getthefusionreferencetable: releasing full fusion table from memory
2026-08-13 05:31:31,438 | Fusion | INFO | getthefusionreferencetable: returning 0 reference row(s)
2026-08-13 05:31:31,439 | Mutation | INFO | getthemutationreferencetable: 10 cell line(s), 1 gene(s)
2026-08-13 05:31:46,807 | Mutation | INFO | getthemutationreferencetable: returning 0 reference row(s)
2026-08-13 05:31:46,993 | ApplicationRunner | INFO | Getting Metabolomnic data
2026-08-13 05:31:46,994 | AppPreprocessing | INFO | Getting the metabolomnic data
2026-08-13 05:31:47,040 | ApplicationRunner | INFO | Running KMeans plot
2026-08-13 05:31:47,040 | ModelLoader | INFO | kmeansonthedata: 10 selected cell line(s)
2026-08-13 05:31:47,148 | ModelLoader | INFO | kmeansonthedata: factor matrix (1479, 20); predicting clusters
2026-08-13 05:31:47,261 | ModelLoader | INFO | kmeansonthedata: generating UMAP projection (full 1479-row manifold)
2026-08-13 05:32:06,853 | ModelLoader | INFO | kmeansonthedata: 10 of 10 chosen id(s) located on the map
2026-08-13 05:32:06,853 | ModelLoader | INFO | kmeansonthedata: releasing factor matrix and UMAP arrays from memory
2026-08-13 05:32:07,977 | ModelLoader | INFO | kmeansonthedata: plot saved to C:\Users\Shankar\Desktop\AstraZeneca\code\astrazeneca\CelllineSelector\images\kmeansplotforselectedcell_bedf360d-7130-45c6-9ef7-c2ea65653a03.png
2026-08-13 05:32:07,977 | ModelLoader | INFO | kmeansonthedata: releasing plotting frames from memory
2026-08-13 05:32:08,157 | ApplicationRunner | INFO | Kmeans plot completed
2026-08-13 05:32:08,157 | ApplicationRunner | INFO | Running KNN
2026-08-13 05:32:08,157 | ModelLoader | INFO | knnonthedata: finding alternatives for 10 selected cell line(s)
2026-08-13 05:32:08,224 | ModelLoader | INFO | knnonthedata: releasing factor matrix from memory
2026-08-13 05:32:08,424 | ModelLoader | INFO | knnonthedata: 10 of 10 target(s) received an alternative
2026-08-13 05:32:08,425 | ApplicationRunner | INFO | KNN Completed
2026-08-13 05:32:08,425 | ApplicationRunner | INFO | Running Data combiner
2026-08-13 05:32:08,425 | AppPreprocessing | INFO | datacombiner: enriching 10 row(s) with master_lookup identity
2026-08-13 05:32:08,455 | AppPreprocessing | INFO | datacombiner: returning shape (10, 23)
2026-08-13 05:32:08,455 | AppPreprocessing | INFO | datacombiner: enriching 1410 row(s) with master_lookup identity
2026-08-13 05:32:08,469 | AppPreprocessing | INFO | datacombiner: returning shape (1410, 22)
2026-08-13 05:32:08,469 | ApplicationRunner | INFO | Data combiner completed
2026-08-13 05:32:08,469 | ApplicationRunner | INFO | Generating LLM explanation
2026-08-13 05:32:08,481 | Explanation | INFO | generate_explanation: starting
2026-08-13 05:32:08,601 | Explanation | INFO | ollama_chat: calling model 'llama3.2:3b' at http://localhost:11434
2026-08-13 05:33:47,333 | Explanation | INFO | ollama_chat: received 2735 character(s)
2026-08-13 05:33:47,348 | ApplicationRunner | INFO | Removing the selected top 10 from the total list
2026-08-13 05:33:47,362 | ApplicationRunner | INFO | Selected top 10 removed successfully and the final table is arranged in decending order
2026-08-13 05:33:47,363 | ApplicationRunner | INFO | pipelinerun completed successfully
2026-08-13 05:39:24,679 | ApplicationRunner | INFO | Starting the pipeline run
2026-08-13 05:39:24,679 | ApplicationRunner | INFO | exclusionchecker=False and diseasechecker=False
2026-08-13 05:39:24,679 | ApplicationRunner | INFO | Resolving target ids and reading target omic tables
2026-08-13 05:39:24,679 | AppPreprocessing | INFO | genetoesng: resolving 1 gene symbol(s) to ENSG
2026-08-13 05:39:24,718 | AppPreprocessing | INFO | genetoesng: resolved 1 ENSG id(s)
2026-08-13 05:39:24,718 | AppPreprocessing | INFO | esngtoprotein: resolving proteins for 1 ENSG id(s)
2026-08-13 05:39:24,750 | AppPreprocessing | INFO | esngtoprotein: 1 protein(s) found, 0 ENSG id(s) without a protein (0-fill placeholders)
2026-08-13 05:39:24,750 | AppPreprocessing | INFO | depmapreader: extracting 1 ENSG column(s)
2026-08-13 05:39:43,862 | AppPreprocessing | INFO | depmap: RNA/ENSG -> 1 found, 0 NaN-filled (not found)
2026-08-13 05:39:43,863 | AppPreprocessing | INFO | depmapreader: returning shape (1479, 2)
2026-08-13 05:39:43,913 | AppPreprocessing | INFO | hparnareader: extracting 1 ENSG column(s)
2026-08-13 05:39:58,463 | AppPreprocessing | WARNING | hpa: removed 91 row(s) with null/duplicate ModelID (kept 1054 unique cell line(s))
2026-08-13 05:39:58,464 | AppPreprocessing | INFO | hpa: HPA/ENSG -> 1 found, 0 NaN-filled (not found)
2026-08-13 05:39:58,465 | AppPreprocessing | INFO | hparnareader: returning shape (1054, 2)
2026-08-13 05:39:58,517 | AppPreprocessing | INFO | proteinreader: extracting 1 protein column(s)
2026-08-13 05:40:00,257 | AppPreprocessing | INFO | protein: protein -> 1 found, 0 NaN-filled (not found)
2026-08-13 05:40:00,258 | AppPreprocessing | INFO | proteinreader: returning shape (375, 2)
2026-08-13 05:40:00,268 | AppPreprocessing | INFO | similarityreader: extracting 1 gene cosine column(s)
2026-08-13 05:40:13,509 | AppPreprocessing | INFO | cosine: cosine/ENSG -> 1 found, 0 NaN-filled (not found)
2026-08-13 05:40:13,512 | AppPreprocessing | INFO | similarityreader: returning shape (1479, 2)
2026-08-13 05:40:13,578 | ApplicationRunner | INFO | target_df shape is (1479, 4)
2026-08-13 05:40:13,578 | ApplicationRunner | INFO | Releasing target reader frames from memory
2026-08-13 05:40:13,706 | ApplicationRunner | INFO | Scoring: evidence + similarity (target)
2026-08-13 05:40:13,707 | Scoring | INFO | calculateevidencescore (type=target): input shape (1479, 4)
2026-08-13 05:40:13,707 | Scoring | INFO | calculateevidencescore: 3 value column(s)
2026-08-13 05:40:13,713 | Scoring | INFO | target_evidence: min=0.0000 max=0.8623
2026-08-13 05:40:13,715 | Scoring | INFO | calculatesimilarityscore (type=target): input shape (1479, 2)
2026-08-13 05:40:13,715 | Scoring | INFO | calculatesimilarityscore: 1 cosine column(s)
2026-08-13 05:40:13,719 | Scoring | INFO | target_similarity: min=0.0000 max=1.0000
2026-08-13 05:40:13,720 | ApplicationRunner | INFO | Releasing target cosine frame from memory
2026-08-13 05:40:13,849 | ApplicationRunner | INFO | Calculating the confidence score
2026-08-13 05:40:13,850 | Scoring | INFO | calculateconfidencescore: input shape (1479, 4)
2026-08-13 05:40:13,851 | Scoring | INFO | calculateconfidencescore: pooling 3 value column(s)
2026-08-13 05:40:14,135 | Scoring | INFO | confidence_score: nulls=397 of 1479
2026-08-13 05:40:14,136 | ApplicationRunner | INFO | Releasing confidence input frame from memory
2026-08-13 05:40:14,271 | Scoring | INFO | calculatenetevidencescore (type=target): input shape (1479, 2)
2026-08-13 05:40:14,273 | Scoring | INFO | calculatenetsimilarityscore (type=target): input shape (1479, 2)
2026-08-13 05:40:14,274 | ApplicationRunner | INFO | Releasing target evidence/similarity frames from memory
2026-08-13 05:40:14,407 | ApplicationRunner | INFO | Assembling final score (net_similarity x net_evidence x confidence)
2026-08-13 05:40:14,421 | Scoring | INFO | finalscoring: input shape (1479, 8)
2026-08-13 05:40:14,423 | Scoring | INFO | final_score: nulls=397 of 1479
2026-08-13 05:40:14,423 | ApplicationRunner | INFO | Releasing net score component frames from memory
2026-08-13 05:40:14,569 | ApplicationRunner | INFO | Releasing feature and final-score frames from memory
2026-08-13 05:40:14,713 | ApplicationRunner | INFO | Fusion flagging over 1 gene(s); filter=3
2026-08-13 05:40:14,713 | Fusion | INFO | fusionflagger: 1479 cell line(s), 1 target gene(s), 0 exclusion gene(s)
2026-08-13 05:40:16,034 | Fusion | INFO | fusionflagger: fusion table shape (184237, 31)
2026-08-13 05:40:16,034 | Fusion | INFO | fusionflagger: single target gene, no exclusion -> OR match (gene as either partner)
2026-08-13 05:40:16,041 | Fusion | INFO | fusionflagger: 10 matching fusion row(s); 0 exclusion-involved, 9 target-only ModelID(s)
2026-08-13 05:40:16,041 | Fusion | INFO | fusionflagger: releasing fusion table frames from memory
2026-08-13 05:40:16,196 | Fusion | INFO | fusionflagger: fusion_type counts -> {'No': 1470, 'target': 9}
2026-08-13 05:40:16,356 | ApplicationRunner | INFO | Mutation flagging over 1 gene(s); filter=3
2026-08-13 05:40:16,357 | Mutation | INFO | mutationflager: 1479 cell line(s), 1 target gene(s), 0 exclusion gene(s)
2026-08-13 05:40:30,423 | Mutation | INFO | mutationflager: mutation table shape (1066869, 71)
2026-08-13 05:40:31,849 | Mutation | INFO | mutationflager: 29 distinct ModelID(s) with a matching mutation; 0 exclusion-involved, 29 target-involved
2026-08-13 05:40:31,856 | Mutation | INFO | mutationflager: mutation_type counts -> {'No': 1454, 'target': 25}
2026-08-13 05:40:31,860 | Mutation | INFO | mutationflager: 1479 cell line(s), 1 target gene(s), 0 exclusion gene(s)
2026-08-13 05:40:51,156 | Mutation | INFO | mutationflager: mutation table shape (1066869, 71)
2026-08-13 05:40:52,209 | Mutation | INFO | mutationflager: 29 distinct ModelID(s) with a matching mutation; 0 exclusion-involved, 29 target-involved
2026-08-13 05:40:52,214 | Mutation | INFO | mutationflager: mutation_type counts -> {'No': 1454, 'target': 25}
2026-08-13 05:40:52,371 | ApplicationRunner | INFO | Filtering the dataset for the cell line names
2026-08-13 05:40:52,371 | AppPreprocessing | INFO | Getting the master look up table
2026-08-13 05:40:52,522 | AppPreprocessing | INFO | Filtering the required columns
2026-08-13 05:40:52,524 | AppPreprocessing | INFO | Mergining the data with the master table
2026-08-13 05:40:52,529 | AppPreprocessing | INFO | Droping the rows which have null value
2026-08-13 05:40:52,532 | AppPreprocessing | INFO | Removing the columns which are not needed
2026-08-13 05:40:52,534 | AppPreprocessing | INFO | Getting the master look up table
2026-08-13 05:40:52,545 | AppPreprocessing | INFO | Filtering the required columns
2026-08-13 05:40:52,548 | AppPreprocessing | INFO | Mergining the data with the master table
2026-08-13 05:40:52,553 | AppPreprocessing | INFO | Droping the rows which have null value
2026-08-13 05:40:52,555 | AppPreprocessing | INFO | Removing the columns which are not needed
2026-08-13 05:40:52,560 | ApplicationRunner | INFO | Selected top 10 cell line(s)
2026-08-13 05:40:52,560 | Fusion | INFO | getthefusionreferencetable: 10 top cell line(s), 1 target gene(s), 0 exclusion gene(s)
2026-08-13 05:40:54,514 | Fusion | INFO | getthefusionreferencetable: releasing full fusion table from memory
2026-08-13 05:40:54,689 | Fusion | INFO | getthefusionreferencetable: returning 0 reference row(s)
2026-08-13 05:40:54,690 | Mutation | INFO | getthemutationreferencetable: 10 cell line(s), 1 gene(s)
2026-08-13 05:41:09,710 | Mutation | INFO | getthemutationreferencetable: returning 0 reference row(s)
2026-08-13 05:41:09,875 | ApplicationRunner | INFO | Getting Metabolomnic data
2026-08-13 05:41:09,875 | AppPreprocessing | INFO | Getting the metabolomnic data
2026-08-13 05:41:09,936 | ApplicationRunner | INFO | Running KMeans plot
2026-08-13 05:41:09,936 | ModelLoader | INFO | kmeansonthedata: 10 selected cell line(s)
2026-08-13 05:41:10,020 | ModelLoader | INFO | kmeansonthedata: factor matrix (1479, 20); predicting clusters
2026-08-13 05:41:10,163 | ModelLoader | INFO | kmeansonthedata: generating UMAP projection (full 1479-row manifold)
2026-08-13 05:41:31,096 | ModelLoader | INFO | kmeansonthedata: 10 of 10 chosen id(s) located on the map
2026-08-13 05:41:31,096 | ModelLoader | INFO | kmeansonthedata: releasing factor matrix and UMAP arrays from memory
2026-08-13 05:41:32,083 | ModelLoader | INFO | kmeansonthedata: plot saved to C:\Users\Shankar\Desktop\AstraZeneca\code\astrazeneca\CelllineSelector\images\kmeansplotforselectedcell_b1ece785-49b4-443d-bcdd-c8205fe0a85b.png
2026-08-13 05:41:32,083 | ModelLoader | INFO | kmeansonthedata: releasing plotting frames from memory
2026-08-13 05:41:32,259 | ApplicationRunner | INFO | Kmeans plot completed
2026-08-13 05:41:32,260 | ApplicationRunner | INFO | Running KNN
2026-08-13 05:41:32,260 | ModelLoader | INFO | knnonthedata: finding alternatives for 10 selected cell line(s)
2026-08-13 05:41:32,308 | ModelLoader | INFO | knnonthedata: releasing factor matrix from memory
2026-08-13 05:41:32,508 | ModelLoader | INFO | knnonthedata: 10 of 10 target(s) received an alternative
2026-08-13 05:41:32,508 | ApplicationRunner | INFO | KNN Completed
2026-08-13 05:41:32,509 | ApplicationRunner | INFO | Running Data combiner
2026-08-13 05:41:32,509 | AppPreprocessing | INFO | datacombiner: enriching 10 row(s) with master_lookup identity
2026-08-13 05:41:32,523 | AppPreprocessing | INFO | datacombiner: returning shape (10, 23)
2026-08-13 05:41:32,524 | AppPreprocessing | INFO | datacombiner: enriching 1410 row(s) with master_lookup identity
2026-08-13 05:41:32,539 | AppPreprocessing | INFO | datacombiner: returning shape (1410, 22)
2026-08-13 05:41:32,539 | ApplicationRunner | INFO | Data combiner completed
2026-08-13 05:41:32,539 | ApplicationRunner | INFO | Generating LLM explanation
2026-08-13 05:41:32,543 | Explanation | INFO | generate_explanation: starting
2026-08-13 05:41:32,633 | Explanation | INFO | ollama_chat: calling model 'llama3.2:3b' at http://localhost:11434
2026-08-13 05:45:15,308 | Explanation | INFO | ollama_chat: received 5356 character(s)
2026-08-13 05:45:15,317 | ApplicationRunner | INFO | Removing the selected top 10 from the total list
2026-08-13 05:45:15,330 | ApplicationRunner | INFO | Selected top 10 removed successfully and the final table is arranged in decending order
2026-08-13 05:45:15,330 | ApplicationRunner | INFO | pipelinerun completed successfully
2026-08-13 05:57:43,638 | ApplicationRunner | INFO | Starting the pipeline run
2026-08-13 05:57:43,639 | ApplicationRunner | INFO | exclusionchecker=False and diseasechecker=False
2026-08-13 05:57:43,640 | ApplicationRunner | INFO | Resolving target ids and reading target omic tables
2026-08-13 05:57:43,640 | AppPreprocessing | INFO | genetoesng: resolving 1 gene symbol(s) to ENSG
2026-08-13 05:57:43,702 | AppPreprocessing | INFO | genetoesng: resolved 1 ENSG id(s)
2026-08-13 05:57:43,702 | AppPreprocessing | INFO | esngtoprotein: resolving proteins for 1 ENSG id(s)
2026-08-13 05:57:43,741 | AppPreprocessing | INFO | esngtoprotein: 0 protein(s) found, 1 ENSG id(s) without a protein (0-fill placeholders)
2026-08-13 05:57:43,742 | AppPreprocessing | INFO | depmapreader: extracting 1 ENSG column(s)
2026-08-13 05:58:03,997 | AppPreprocessing | INFO | depmap: RNA/ENSG -> 1 found, 0 NaN-filled (not found)
2026-08-13 05:58:04,000 | AppPreprocessing | INFO | depmapreader: returning shape (1479, 2)
2026-08-13 05:58:04,118 | AppPreprocessing | INFO | hparnareader: extracting 1 ENSG column(s)
2026-08-13 05:58:18,115 | AppPreprocessing | WARNING | hpa: removed 91 row(s) with null/duplicate ModelID (kept 1054 unique cell line(s))
2026-08-13 05:58:18,115 | AppPreprocessing | INFO | hpa: HPA/ENSG -> 1 found, 0 NaN-filled (not found)
2026-08-13 05:58:18,116 | AppPreprocessing | INFO | hparnareader: returning shape (1054, 2)
2026-08-13 05:58:18,188 | AppPreprocessing | INFO | proteinreader: extracting 0 protein column(s)
2026-08-13 05:58:20,644 | AppPreprocessing | INFO | protein: protein -> 0 found, 0 NaN-filled (not found)
2026-08-13 05:58:20,645 | AppPreprocessing | INFO | proteinreader: returning shape (375, 1)
2026-08-13 05:58:20,660 | AppPreprocessing | INFO | similarityreader: extracting 1 gene cosine column(s)
2026-08-13 05:58:37,129 | AppPreprocessing | INFO | cosine: cosine/ENSG -> 1 found, 0 NaN-filled (not found)
2026-08-13 05:58:37,131 | AppPreprocessing | INFO | similarityreader: returning shape (1479, 2)
2026-08-13 05:58:37,197 | ApplicationRunner | INFO | target_df shape is (1479, 4)
2026-08-13 05:58:37,198 | ApplicationRunner | INFO | Releasing target reader frames from memory
2026-08-13 05:58:37,342 | ApplicationRunner | INFO | Scoring: evidence + similarity (target)
2026-08-13 05:58:37,345 | Scoring | INFO | calculateevidencescore (type=target): input shape (1479, 4)
2026-08-13 05:58:37,345 | Scoring | INFO | calculateevidencescore: 3 value column(s)
2026-08-13 05:58:37,350 | Scoring | INFO | target_evidence: min=0.0000 max=0.6614
2026-08-13 05:58:37,351 | Scoring | INFO | calculatesimilarityscore (type=target): input shape (1479, 2)
2026-08-13 05:58:37,351 | Scoring | INFO | calculatesimilarityscore: 1 cosine column(s)
2026-08-13 05:58:37,354 | Scoring | INFO | target_similarity: min=0.0000 max=1.0000
2026-08-13 05:58:37,355 | ApplicationRunner | INFO | Releasing target cosine frame from memory
2026-08-13 05:58:37,500 | ApplicationRunner | INFO | Calculating the confidence score
2026-08-13 05:58:37,501 | Scoring | INFO | calculateconfidencescore: input shape (1479, 4)
2026-08-13 05:58:37,502 | Scoring | INFO | calculateconfidencescore: pooling 3 value column(s)
2026-08-13 05:58:37,856 | Scoring | INFO | confidence_score: nulls=69 of 1479
2026-08-13 05:58:37,857 | ApplicationRunner | INFO | Releasing confidence input frame from memory
2026-08-13 05:58:37,994 | Scoring | INFO | calculatenetevidencescore (type=target): input shape (1479, 2)
2026-08-13 05:58:37,995 | Scoring | INFO | calculatenetsimilarityscore (type=target): input shape (1479, 2)
2026-08-13 05:58:37,996 | ApplicationRunner | INFO | Releasing target evidence/similarity frames from memory
2026-08-13 05:58:38,140 | ApplicationRunner | INFO | Assembling final score (net_similarity x net_evidence x confidence)
2026-08-13 05:58:38,149 | Scoring | INFO | finalscoring: input shape (1479, 8)
2026-08-13 05:58:38,150 | Scoring | INFO | final_score: nulls=69 of 1479
2026-08-13 05:58:38,150 | ApplicationRunner | INFO | Releasing net score component frames from memory
2026-08-13 05:58:38,297 | ApplicationRunner | INFO | Releasing feature and final-score frames from memory
2026-08-13 05:58:38,433 | ApplicationRunner | INFO | Fusion flagging over 1 gene(s); filter=3
2026-08-13 05:58:38,433 | Fusion | INFO | fusionflagger: 1479 cell line(s), 1 target gene(s), 0 exclusion gene(s)
2026-08-13 05:58:39,774 | Fusion | INFO | fusionflagger: fusion table shape (184237, 31)
2026-08-13 05:58:39,774 | Fusion | INFO | fusionflagger: single target gene, no exclusion -> OR match (gene as either partner)
2026-08-13 05:58:39,786 | Fusion | INFO | fusionflagger: 174 matching fusion row(s); 0 exclusion-involved, 47 target-only ModelID(s)
2026-08-13 05:58:39,786 | Fusion | INFO | fusionflagger: releasing fusion table frames from memory
2026-08-13 05:58:39,925 | Fusion | INFO | fusionflagger: fusion_type counts -> {'No': 1432, 'target': 47}
2026-08-13 05:58:40,049 | ApplicationRunner | INFO | Mutation flagging over 1 gene(s); filter=3
2026-08-13 05:58:40,050 | Mutation | INFO | mutationflager: 1479 cell line(s), 1 target gene(s), 0 exclusion gene(s)
2026-08-13 05:58:55,453 | Mutation | INFO | mutationflager: mutation table shape (1066869, 71)
2026-08-13 05:58:56,629 | Mutation | INFO | mutationflager: 60 distinct ModelID(s) with a matching mutation; 0 exclusion-involved, 60 target-involved
2026-08-13 05:58:56,634 | Mutation | INFO | mutationflager: mutation_type counts -> {'No': 1428, 'target': 51}
2026-08-13 05:58:56,637 | Mutation | INFO | mutationflager: 1479 cell line(s), 1 target gene(s), 0 exclusion gene(s)
2026-08-13 05:59:10,485 | Mutation | INFO | mutationflager: mutation table shape (1066869, 71)
2026-08-13 05:59:11,304 | Mutation | INFO | mutationflager: 60 distinct ModelID(s) with a matching mutation; 0 exclusion-involved, 60 target-involved
2026-08-13 05:59:11,308 | Mutation | INFO | mutationflager: mutation_type counts -> {'No': 1428, 'target': 51}
2026-08-13 05:59:11,445 | ApplicationRunner | INFO | Filtering the dataset for the cell line names
2026-08-13 05:59:11,446 | AppPreprocessing | INFO | Getting the master look up table
2026-08-13 05:59:11,456 | AppPreprocessing | INFO | Filtering the required columns
2026-08-13 05:59:11,458 | AppPreprocessing | INFO | Mergining the data with the master table
2026-08-13 05:59:11,461 | AppPreprocessing | INFO | Droping the rows which have null value
2026-08-13 05:59:11,463 | AppPreprocessing | INFO | Removing the columns which are not needed
2026-08-13 05:59:11,464 | AppPreprocessing | INFO | Getting the master look up table
2026-08-13 05:59:11,477 | AppPreprocessing | INFO | Filtering the required columns
2026-08-13 05:59:11,479 | AppPreprocessing | INFO | Mergining the data with the master table
2026-08-13 05:59:11,484 | AppPreprocessing | INFO | Droping the rows which have null value
2026-08-13 05:59:11,487 | AppPreprocessing | INFO | Removing the columns which are not needed
2026-08-13 05:59:11,492 | ApplicationRunner | INFO | Selected top 10 cell line(s)
2026-08-13 05:59:11,493 | Fusion | INFO | getthefusionreferencetable: 10 top cell line(s), 1 target gene(s), 0 exclusion gene(s)
2026-08-13 05:59:12,994 | Fusion | INFO | getthefusionreferencetable: releasing full fusion table from memory
2026-08-13 05:59:13,146 | Fusion | INFO | getthefusionreferencetable: returning 81 reference row(s)
2026-08-13 05:59:13,146 | Mutation | INFO | getthemutationreferencetable: 10 cell line(s), 1 gene(s)
2026-08-13 05:59:34,710 | Mutation | INFO | getthemutationreferencetable: returning 0 reference row(s)
2026-08-13 05:59:34,889 | ApplicationRunner | INFO | Getting Metabolomnic data
2026-08-13 05:59:34,889 | AppPreprocessing | INFO | Getting the metabolomnic data
2026-08-13 05:59:34,935 | ApplicationRunner | INFO | Running KMeans plot
2026-08-13 05:59:34,936 | ModelLoader | INFO | kmeansonthedata: 10 selected cell line(s)
2026-08-13 05:59:35,007 | ModelLoader | INFO | kmeansonthedata: factor matrix (1479, 20); predicting clusters
2026-08-13 05:59:35,098 | ModelLoader | INFO | kmeansonthedata: generating UMAP projection (full 1479-row manifold)
2026-08-13 05:59:57,961 | ModelLoader | INFO | kmeansonthedata: 10 of 10 chosen id(s) located on the map
2026-08-13 05:59:57,961 | ModelLoader | INFO | kmeansonthedata: releasing factor matrix and UMAP arrays from memory
2026-08-13 05:59:59,508 | ModelLoader | INFO | kmeansonthedata: plot saved to C:\Users\Shankar\Desktop\AstraZeneca\code\astrazeneca\CelllineSelector\images\kmeansplotforselectedcell_4596b563-0764-4954-b2d1-3eb2e665165b.png
2026-08-13 05:59:59,509 | ModelLoader | INFO | kmeansonthedata: releasing plotting frames from memory
2026-08-13 05:59:59,722 | ApplicationRunner | INFO | Kmeans plot completed
2026-08-13 05:59:59,723 | ApplicationRunner | INFO | Running KNN
2026-08-13 05:59:59,723 | ModelLoader | INFO | knnonthedata: finding alternatives for 10 selected cell line(s)
2026-08-13 05:59:59,837 | ModelLoader | INFO | knnonthedata: releasing factor matrix from memory
2026-08-13 06:00:00,083 | ModelLoader | INFO | knnonthedata: 10 of 10 target(s) received an alternative
2026-08-13 06:00:00,084 | ApplicationRunner | INFO | KNN Completed
2026-08-13 06:00:00,084 | ApplicationRunner | INFO | Running Data combiner
2026-08-13 06:00:00,084 | AppPreprocessing | INFO | datacombiner: enriching 10 row(s) with master_lookup identity
2026-08-13 06:00:00,375 | AppPreprocessing | INFO | datacombiner: returning shape (10, 23)
2026-08-13 06:00:00,376 | AppPreprocessing | INFO | datacombiner: enriching 1410 row(s) with master_lookup identity
2026-08-13 06:00:00,404 | AppPreprocessing | INFO | datacombiner: returning shape (1410, 22)
2026-08-13 06:00:00,404 | ApplicationRunner | INFO | Data combiner completed
2026-08-13 06:00:00,405 | ApplicationRunner | INFO | Generating LLM explanation
2026-08-13 06:00:00,412 | Explanation | INFO | generate_explanation: starting
2026-08-13 06:00:00,595 | Explanation | INFO | ollama_chat: calling model 'llama3.2:3b' at http://localhost:11434
2026-08-13 06:03:58,650 | Explanation | INFO | ollama_chat: received 6184 character(s)
2026-08-13 06:03:58,661 | ApplicationRunner | INFO | Removing the selected top 10 from the total list
2026-08-13 06:03:58,675 | ApplicationRunner | INFO | Selected top 10 removed successfully and the final table is arranged in decending order
2026-08-13 06:03:58,675 | ApplicationRunner | INFO | pipelinerun completed successfully
2026-08-13 06:15:36,532 | ApplicationRunner | INFO | Starting the pipeline run
2026-08-13 06:15:36,532 | ApplicationRunner | INFO | exclusionchecker=False and diseasechecker=False
2026-08-13 06:15:36,532 | ApplicationRunner | INFO | Resolving target ids and reading target omic tables
2026-08-13 06:15:36,534 | AppPreprocessing | INFO | genetoesng: resolving 1 gene symbol(s) to ENSG
2026-08-13 06:15:36,597 | AppPreprocessing | INFO | genetoesng: resolved 1 ENSG id(s)
2026-08-13 06:15:36,598 | AppPreprocessing | INFO | esngtoprotein: resolving proteins for 1 ENSG id(s)
2026-08-13 06:15:36,625 | AppPreprocessing | INFO | esngtoprotein: 0 protein(s) found, 1 ENSG id(s) without a protein (0-fill placeholders)
2026-08-13 06:15:36,625 | AppPreprocessing | INFO | depmapreader: extracting 1 ENSG column(s)
2026-08-13 06:15:46,979 | AppPreprocessing | INFO | depmap: RNA/ENSG -> 1 found, 0 NaN-filled (not found)
2026-08-13 06:15:46,980 | AppPreprocessing | INFO | depmapreader: returning shape (1479, 2)
2026-08-13 06:15:47,030 | AppPreprocessing | INFO | hparnareader: extracting 1 ENSG column(s)
2026-08-13 06:15:56,784 | AppPreprocessing | WARNING | hpa: removed 91 row(s) with null/duplicate ModelID (kept 1054 unique cell line(s))
2026-08-13 06:15:56,784 | AppPreprocessing | INFO | hpa: HPA/ENSG -> 1 found, 0 NaN-filled (not found)
2026-08-13 06:15:56,786 | AppPreprocessing | INFO | hparnareader: returning shape (1054, 2)
2026-08-13 06:15:56,833 | AppPreprocessing | INFO | proteinreader: extracting 0 protein column(s)
2026-08-13 06:15:58,992 | AppPreprocessing | INFO | protein: protein -> 0 found, 0 NaN-filled (not found)
2026-08-13 06:15:58,993 | AppPreprocessing | INFO | proteinreader: returning shape (375, 1)
2026-08-13 06:15:59,013 | AppPreprocessing | INFO | similarityreader: extracting 1 gene cosine column(s)
2026-08-13 06:16:17,048 | AppPreprocessing | INFO | cosine: cosine/ENSG -> 1 found, 0 NaN-filled (not found)
2026-08-13 06:16:17,049 | AppPreprocessing | INFO | similarityreader: returning shape (1479, 2)
2026-08-13 06:16:17,157 | ApplicationRunner | INFO | target_df shape is (1479, 4)
2026-08-13 06:16:17,157 | ApplicationRunner | INFO | Releasing target reader frames from memory
2026-08-13 06:16:17,279 | ApplicationRunner | INFO | Scoring: evidence + similarity (target)
2026-08-13 06:16:17,282 | Scoring | INFO | calculateevidencescore (type=target): input shape (1479, 4)
2026-08-13 06:16:17,282 | Scoring | INFO | calculateevidencescore: 3 value column(s)
2026-08-13 06:16:17,287 | Scoring | INFO | target_evidence: min=0.0000 max=0.6614
2026-08-13 06:16:17,288 | Scoring | INFO | calculatesimilarityscore (type=target): input shape (1479, 2)
2026-08-13 06:16:17,288 | Scoring | INFO | calculatesimilarityscore: 1 cosine column(s)
2026-08-13 06:16:17,292 | Scoring | INFO | target_similarity: min=0.0000 max=1.0000
2026-08-13 06:16:17,292 | ApplicationRunner | INFO | Releasing target cosine frame from memory
2026-08-13 06:16:17,441 | ApplicationRunner | INFO | Calculating the confidence score
2026-08-13 06:16:17,442 | Scoring | INFO | calculateconfidencescore: input shape (1479, 4)
2026-08-13 06:16:17,442 | Scoring | INFO | calculateconfidencescore: pooling 3 value column(s)
2026-08-13 06:16:17,800 | Scoring | INFO | confidence_score: nulls=69 of 1479
2026-08-13 06:16:17,800 | ApplicationRunner | INFO | Releasing confidence input frame from memory
2026-08-13 06:16:17,941 | Scoring | INFO | calculatenetevidencescore (type=target): input shape (1479, 2)
2026-08-13 06:16:17,942 | Scoring | INFO | calculatenetsimilarityscore (type=target): input shape (1479, 2)
2026-08-13 06:16:17,942 | ApplicationRunner | INFO | Releasing target evidence/similarity frames from memory
2026-08-13 06:16:18,099 | ApplicationRunner | INFO | Assembling final score (net_similarity x net_evidence x confidence)
2026-08-13 06:16:18,110 | Scoring | INFO | finalscoring: input shape (1479, 8)
2026-08-13 06:16:18,112 | Scoring | INFO | final_score: nulls=69 of 1479
2026-08-13 06:16:18,112 | ApplicationRunner | INFO | Releasing net score component frames from memory
2026-08-13 06:16:18,252 | ApplicationRunner | INFO | Releasing feature and final-score frames from memory
2026-08-13 06:16:18,396 | ApplicationRunner | INFO | Fusion flagging over 1 gene(s); filter=3
2026-08-13 06:16:18,397 | Fusion | INFO | fusionflagger: 1479 cell line(s), 1 target gene(s), 0 exclusion gene(s)
2026-08-13 06:16:19,737 | Fusion | INFO | fusionflagger: fusion table shape (184237, 31)
2026-08-13 06:16:19,738 | Fusion | INFO | fusionflagger: single target gene, no exclusion -> OR match (gene as either partner)
2026-08-13 06:16:19,754 | Fusion | INFO | fusionflagger: 174 matching fusion row(s); 0 exclusion-involved, 47 target-only ModelID(s)
2026-08-13 06:16:19,754 | Fusion | INFO | fusionflagger: releasing fusion table frames from memory
2026-08-13 06:16:19,887 | Fusion | INFO | fusionflagger: fusion_type counts -> {'No': 1432, 'target': 47}
2026-08-13 06:16:20,005 | ApplicationRunner | INFO | Mutation flagging over 1 gene(s); filter=3
2026-08-13 06:16:20,006 | Mutation | INFO | mutationflager: 1479 cell line(s), 1 target gene(s), 0 exclusion gene(s)
2026-08-13 06:16:34,601 | Mutation | INFO | mutationflager: mutation table shape (1066869, 71)
2026-08-13 06:16:37,571 | Mutation | INFO | mutationflager: 60 distinct ModelID(s) with a matching mutation; 0 exclusion-involved, 60 target-involved
2026-08-13 06:16:37,609 | Mutation | INFO | mutationflager: mutation_type counts -> {'No': 1428, 'target': 51}
2026-08-13 06:16:37,618 | Mutation | INFO | mutationflager: 1479 cell line(s), 1 target gene(s), 0 exclusion gene(s)
2026-08-13 06:16:55,450 | Mutation | INFO | mutationflager: mutation table shape (1066869, 71)
2026-08-13 06:16:56,088 | Mutation | INFO | mutationflager: 60 distinct ModelID(s) with a matching mutation; 0 exclusion-involved, 60 target-involved
2026-08-13 06:16:56,107 | Mutation | INFO | mutationflager: mutation_type counts -> {'No': 1428, 'target': 51}
2026-08-13 06:16:56,712 | ApplicationRunner | INFO | Filtering the dataset for the cell line names
2026-08-13 06:16:56,713 | AppPreprocessing | INFO | Getting the master look up table
2026-08-13 06:16:56,725 | AppPreprocessing | INFO | Filtering the required columns
2026-08-13 06:16:56,728 | AppPreprocessing | INFO | Mergining the data with the master table
2026-08-13 06:16:56,828 | AppPreprocessing | INFO | Droping the rows which have null value
2026-08-13 06:16:56,831 | AppPreprocessing | INFO | Removing the columns which are not needed
2026-08-13 06:16:56,833 | AppPreprocessing | INFO | Getting the master look up table
2026-08-13 06:16:56,840 | AppPreprocessing | INFO | Filtering the required columns
2026-08-13 06:16:56,841 | AppPreprocessing | INFO | Mergining the data with the master table
2026-08-13 06:16:56,843 | AppPreprocessing | INFO | Droping the rows which have null value
2026-08-13 06:16:56,844 | AppPreprocessing | INFO | Removing the columns which are not needed
2026-08-13 06:16:56,848 | ApplicationRunner | INFO | Selected top 10 cell line(s)
2026-08-13 06:16:56,848 | Fusion | INFO | getthefusionreferencetable: 10 top cell line(s), 1 target gene(s), 0 exclusion gene(s)
2026-08-13 06:16:57,728 | Fusion | INFO | getthefusionreferencetable: releasing full fusion table from memory
2026-08-13 06:16:57,818 | Fusion | INFO | getthefusionreferencetable: returning 81 reference row(s)
2026-08-13 06:16:57,818 | Mutation | INFO | getthemutationreferencetable: 10 cell line(s), 1 gene(s)
2026-08-13 06:17:10,160 | Mutation | INFO | getthemutationreferencetable: returning 0 reference row(s)
2026-08-13 06:17:10,309 | ApplicationRunner | INFO | Getting Metabolomnic data
2026-08-13 06:17:10,310 | AppPreprocessing | INFO | Getting the metabolomnic data
2026-08-13 06:17:10,364 | ApplicationRunner | INFO | Running KMeans plot
2026-08-13 06:17:10,365 | ModelLoader | INFO | kmeansonthedata: 10 selected cell line(s)
2026-08-13 06:17:10,474 | ModelLoader | INFO | kmeansonthedata: factor matrix (1479, 20); predicting clusters
2026-08-13 06:17:10,669 | ModelLoader | INFO | kmeansonthedata: generating UMAP projection (full 1479-row manifold)
2026-08-13 06:17:26,456 | ModelLoader | INFO | kmeansonthedata: 10 of 10 chosen id(s) located on the map
2026-08-13 06:17:26,456 | ModelLoader | INFO | kmeansonthedata: releasing factor matrix and UMAP arrays from memory
2026-08-13 06:17:27,189 | ModelLoader | INFO | kmeansonthedata: plot saved to C:\Users\Shankar\Desktop\AstraZeneca\code\astrazeneca\CelllineSelector\images\kmeansplotforselectedcell_e97cb4f3-31a7-4a2a-9ded-cc68cabf715e.png
2026-08-13 06:17:27,189 | ModelLoader | INFO | kmeansonthedata: releasing plotting frames from memory
2026-08-13 06:17:27,312 | ApplicationRunner | INFO | Kmeans plot completed
2026-08-13 06:17:27,313 | ApplicationRunner | INFO | Running KNN
2026-08-13 06:17:27,313 | ModelLoader | INFO | knnonthedata: finding alternatives for 10 selected cell line(s)
2026-08-13 06:17:27,358 | ModelLoader | INFO | knnonthedata: releasing factor matrix from memory
2026-08-13 06:17:27,479 | ModelLoader | INFO | knnonthedata: 10 of 10 target(s) received an alternative
2026-08-13 06:17:27,479 | ApplicationRunner | INFO | KNN Completed
2026-08-13 06:17:27,479 | ApplicationRunner | INFO | Running Data combiner
2026-08-13 06:17:27,480 | AppPreprocessing | INFO | datacombiner: enriching 10 row(s) with master_lookup identity
2026-08-13 06:17:27,595 | AppPreprocessing | INFO | datacombiner: returning shape (10, 23)
2026-08-13 06:17:27,595 | AppPreprocessing | INFO | datacombiner: enriching 1410 row(s) with master_lookup identity
2026-08-13 06:17:27,610 | AppPreprocessing | INFO | datacombiner: returning shape (1410, 22)
2026-08-13 06:17:27,611 | ApplicationRunner | INFO | Data combiner completed
2026-08-13 06:17:27,611 | ApplicationRunner | INFO | Generating LLM explanation
2026-08-13 06:17:27,617 | Explanation | INFO | generate_explanation: starting
2026-08-13 06:17:27,707 | Explanation | INFO | ollama_chat: calling model 'llama3.2:3b' at http://localhost:11434
2026-08-13 06:21:39,019 | Explanation | INFO | ollama_chat: received 5753 character(s)
2026-08-13 06:21:39,030 | ApplicationRunner | INFO | Removing the selected top 10 from the total list
2026-08-13 06:21:39,042 | ApplicationRunner | INFO | Selected top 10 removed successfully and the final table is arranged in decending order
2026-08-13 06:21:39,043 | ApplicationRunner | INFO | pipelinerun completed successfully
2026-08-15 09:10:34,147 | ApplicationRunner | INFO | Starting the pipeline run
2026-08-15 09:10:34,148 | ApplicationRunner | INFO | exclusionchecker=False and diseasechecker=False
2026-08-15 09:10:34,148 | ApplicationRunner | INFO | Resolving target ids and reading target omic tables
2026-08-15 09:10:34,148 | AppPreprocessing | INFO | genetoesng: resolving 1 gene symbol(s) to ENSG
2026-08-15 09:10:34,279 | AppPreprocessing | INFO | genetoesng: resolved 1 ENSG id(s)
2026-08-15 09:10:34,280 | AppPreprocessing | INFO | esngtoprotein: resolving proteins for 1 ENSG id(s)
2026-08-15 09:10:34,329 | AppPreprocessing | INFO | esngtoprotein: 0 protein(s) found, 1 ENSG id(s) without a protein (0-fill placeholders)
2026-08-15 09:10:34,329 | AppPreprocessing | INFO | depmapreader: extracting 1 ENSG column(s)
2026-08-15 09:10:49,399 | AppPreprocessing | INFO | depmap: RNA/ENSG -> 1 found, 0 NaN-filled (not found)
2026-08-15 09:10:49,400 | AppPreprocessing | INFO | depmapreader: returning shape (1479, 2)
2026-08-15 09:10:49,481 | AppPreprocessing | INFO | hparnareader: extracting 1 ENSG column(s)
2026-08-15 09:11:01,731 | AppPreprocessing | WARNING | hpa: removed 91 row(s) with null/duplicate ModelID (kept 1054 unique cell line(s))
2026-08-15 09:11:01,731 | AppPreprocessing | INFO | hpa: HPA/ENSG -> 1 found, 0 NaN-filled (not found)
2026-08-15 09:11:01,735 | AppPreprocessing | INFO | hparnareader: returning shape (1054, 2)
2026-08-15 09:11:01,822 | AppPreprocessing | INFO | proteinreader: extracting 0 protein column(s)
2026-08-15 09:11:04,181 | AppPreprocessing | INFO | protein: protein -> 0 found, 0 NaN-filled (not found)
2026-08-15 09:11:04,182 | AppPreprocessing | INFO | proteinreader: returning shape (375, 1)
2026-08-15 09:11:04,194 | AppPreprocessing | INFO | similarityreader: extracting 1 gene cosine column(s)
2026-08-15 09:11:17,761 | AppPreprocessing | INFO | cosine: cosine/ENSG -> 1 found, 0 NaN-filled (not found)
2026-08-15 09:11:17,761 | AppPreprocessing | INFO | similarityreader: returning shape (1479, 2)
2026-08-15 09:11:17,845 | ApplicationRunner | INFO | target_df shape is (1479, 4)
2026-08-15 09:11:17,845 | ApplicationRunner | INFO | Releasing target reader frames from memory
2026-08-15 09:11:18,013 | ApplicationRunner | INFO | Scoring: evidence + similarity (target)
2026-08-15 09:11:18,015 | Scoring | INFO | calculateevidencescore (type=target): input shape (1479, 4)
2026-08-15 09:11:18,015 | Scoring | INFO | calculateevidencescore: 3 value column(s)
2026-08-15 09:11:18,022 | Scoring | INFO | target_evidence: min=0.0000 max=0.6614
2026-08-15 09:11:18,023 | Scoring | INFO | calculatesimilarityscore (type=target): input shape (1479, 2)
2026-08-15 09:11:18,025 | Scoring | INFO | calculatesimilarityscore: 1 cosine column(s)
2026-08-15 09:11:18,030 | Scoring | INFO | target_similarity: min=0.0000 max=1.0000
2026-08-15 09:11:18,031 | ApplicationRunner | INFO | Releasing target cosine frame from memory
2026-08-15 09:11:18,182 | ApplicationRunner | INFO | Calculating the confidence score
2026-08-15 09:11:18,183 | Scoring | INFO | calculateconfidencescore: input shape (1479, 4)
2026-08-15 09:11:18,184 | Scoring | INFO | calculateconfidencescore: pooling 3 value column(s)
2026-08-15 09:11:18,532 | Scoring | INFO | confidence_score: nulls=69 of 1479
2026-08-15 09:11:18,532 | ApplicationRunner | INFO | Releasing confidence input frame from memory
2026-08-15 09:11:18,710 | Scoring | INFO | calculatenetevidencescore (type=target): input shape (1479, 2)
2026-08-15 09:11:18,712 | Scoring | INFO | calculatenetsimilarityscore (type=target): input shape (1479, 2)
2026-08-15 09:11:18,713 | ApplicationRunner | INFO | Releasing target evidence/similarity frames from memory
2026-08-15 09:11:18,890 | ApplicationRunner | INFO | Assembling final score (net_similarity x net_evidence x confidence)
2026-08-15 09:11:18,900 | Scoring | INFO | finalscoring: input shape (1479, 8)
2026-08-15 09:11:18,903 | Scoring | INFO | final_score: nulls=69 of 1479
2026-08-15 09:11:18,903 | ApplicationRunner | INFO | Releasing net score component frames from memory
2026-08-15 09:11:19,075 | ApplicationRunner | INFO | Releasing feature and final-score frames from memory
2026-08-15 09:11:19,253 | ApplicationRunner | INFO | Fusion flagging over 1 gene(s); filter=3
2026-08-15 09:11:19,254 | Fusion | INFO | fusionflagger: 1479 cell line(s), 1 target gene(s), 0 exclusion gene(s)
2026-08-15 09:11:20,549 | Fusion | INFO | fusionflagger: fusion table shape (184237, 31)
2026-08-15 09:11:20,550 | Fusion | INFO | fusionflagger: single target gene, no exclusion -> OR match (gene as either partner)
2026-08-15 09:11:20,568 | Fusion | INFO | fusionflagger: 174 matching fusion row(s); 0 exclusion-involved, 47 target-only ModelID(s)
2026-08-15 09:11:20,568 | Fusion | INFO | fusionflagger: releasing fusion table frames from memory
2026-08-15 09:11:20,746 | Fusion | INFO | fusionflagger: fusion_type counts -> {'No': 1432, 'target': 47}
2026-08-15 09:11:20,901 | ApplicationRunner | INFO | Mutation flagging over 1 gene(s); filter=3
2026-08-15 09:11:20,902 | Mutation | INFO | mutationflager: 1479 cell line(s), 1 target gene(s), 0 exclusion gene(s)
2026-08-15 09:11:33,608 | Mutation | INFO | mutationflager: mutation table shape (1066869, 71)
2026-08-15 09:11:34,576 | Mutation | INFO | mutationflager: 60 distinct ModelID(s) with a matching mutation; 0 exclusion-involved, 60 target-involved
2026-08-15 09:11:34,579 | Mutation | INFO | mutationflager: mutation_type counts -> {'No': 1428, 'target': 51}
2026-08-15 09:11:34,582 | Mutation | INFO | mutationflager: 1479 cell line(s), 1 target gene(s), 0 exclusion gene(s)
2026-08-15 09:11:47,027 | Mutation | INFO | mutationflager: mutation table shape (1066869, 71)
2026-08-15 09:11:48,440 | Mutation | INFO | mutationflager: 60 distinct ModelID(s) with a matching mutation; 0 exclusion-involved, 60 target-involved
2026-08-15 09:11:48,472 | Mutation | INFO | mutationflager: mutation_type counts -> {'No': 1428, 'target': 51}
2026-08-15 09:11:49,002 | ApplicationRunner | INFO | Filtering the dataset for the cell line names
2026-08-15 09:11:49,002 | AppPreprocessing | INFO | Getting the master look up table
2026-08-15 09:11:49,078 | AppPreprocessing | INFO | Filtering the required columns
2026-08-15 09:11:49,081 | AppPreprocessing | INFO | Mergining the data with the master table
2026-08-15 09:11:49,270 | AppPreprocessing | INFO | Droping the rows which have null value
2026-08-15 09:11:49,273 | AppPreprocessing | INFO | Removing the columns which are not needed
2026-08-15 09:11:49,275 | AppPreprocessing | INFO | Getting the master look up table
2026-08-15 09:11:49,286 | AppPreprocessing | INFO | Filtering the required columns
2026-08-15 09:11:49,287 | AppPreprocessing | INFO | Mergining the data with the master table
2026-08-15 09:11:49,291 | AppPreprocessing | INFO | Droping the rows which have null value
2026-08-15 09:11:49,294 | AppPreprocessing | INFO | Removing the columns which are not needed
2026-08-15 09:11:49,299 | ApplicationRunner | INFO | Selected top 10 cell line(s)
2026-08-15 09:11:49,299 | Fusion | INFO | getthefusionreferencetable: 10 top cell line(s), 1 target gene(s), 0 exclusion gene(s)
2026-08-15 09:11:50,983 | Fusion | INFO | getthefusionreferencetable: releasing full fusion table from memory
2026-08-15 09:11:51,183 | Fusion | INFO | getthefusionreferencetable: returning 81 reference row(s)
2026-08-15 09:11:51,183 | Mutation | INFO | getthemutationreferencetable: 10 cell line(s), 1 gene(s)
2026-08-15 09:12:09,756 | Mutation | INFO | getthemutationreferencetable: returning 0 reference row(s)
2026-08-15 09:12:09,907 | ApplicationRunner | INFO | Getting Metabolomnic data
2026-08-15 09:12:09,908 | AppPreprocessing | INFO | Getting the metabolomnic data
2026-08-15 09:12:09,996 | ApplicationRunner | INFO | Running KMeans plot
2026-08-15 09:12:09,997 | ModelLoader | INFO | kmeansonthedata: 10 selected cell line(s)
2026-08-15 09:12:10,546 | ModelLoader | INFO | kmeansonthedata: factor matrix (1479, 20); predicting clusters
2026-08-15 09:12:10,781 | ModelLoader | INFO | kmeansonthedata: generating UMAP projection (full 1479-row manifold)
2026-08-15 09:12:31,258 | ModelLoader | INFO | kmeansonthedata: 10 of 10 chosen id(s) located on the map
2026-08-15 09:12:31,259 | ModelLoader | INFO | kmeansonthedata: releasing factor matrix and UMAP arrays from memory
2026-08-15 09:12:33,068 | ModelLoader | INFO | kmeansonthedata: plot saved to C:\Users\Shankar\Desktop\AstraZeneca\code\astrazeneca\CelllineSelector\images\kmeansplotforselectedcell_649d3ef7-618b-44de-a9ae-cd87f2984bfe.png
2026-08-15 09:12:33,068 | ModelLoader | INFO | kmeansonthedata: releasing plotting frames from memory
2026-08-15 09:12:33,290 | ApplicationRunner | INFO | Kmeans plot completed
2026-08-15 09:12:33,290 | ApplicationRunner | INFO | Running KNN
2026-08-15 09:12:33,291 | ModelLoader | INFO | knnonthedata: finding alternatives for 10 selected cell line(s)
2026-08-15 09:12:33,371 | ModelLoader | INFO | knnonthedata: releasing factor matrix from memory
2026-08-15 09:12:33,609 | ModelLoader | INFO | knnonthedata: 10 of 10 target(s) received an alternative
2026-08-15 09:12:33,609 | ApplicationRunner | INFO | KNN Completed
2026-08-15 09:12:33,611 | ApplicationRunner | INFO | Running Data combiner
2026-08-15 09:12:33,611 | AppPreprocessing | INFO | datacombiner: enriching 10 row(s) with master_lookup identity
2026-08-15 09:12:33,775 | AppPreprocessing | INFO | datacombiner: returning shape (10, 23)
2026-08-15 09:12:33,775 | AppPreprocessing | INFO | datacombiner: enriching 1410 row(s) with master_lookup identity
2026-08-15 09:12:33,788 | AppPreprocessing | INFO | datacombiner: returning shape (1410, 22)
2026-08-15 09:12:33,788 | ApplicationRunner | INFO | Data combiner completed
2026-08-15 09:12:33,788 | ApplicationRunner | INFO | Generating LLM explanation
2026-08-15 09:12:33,794 | Explanation | INFO | generate_explanation: starting
2026-08-15 09:12:33,926 | Explanation | INFO | ollama_chat: calling model 'llama3.2:3b' at http://localhost:11434
2026-08-15 09:19:26,228 | Explanation | INFO | ollama_chat: received 10935 character(s)
2026-08-15 09:19:26,238 | ApplicationRunner | INFO | Removing the selected top 10 from the total list
2026-08-15 09:19:26,250 | ApplicationRunner | INFO | Selected top 10 removed successfully and the final table is arranged in decending order
2026-08-15 09:19:26,251 | ApplicationRunner | INFO | pipelinerun completed successfully
2026-08-15 09:23:08,427 | ApplicationRunner | INFO | Starting the pipeline run
2026-08-15 09:23:08,428 | ApplicationRunner | INFO | exclusionchecker=False and diseasechecker=False
2026-08-15 09:23:08,428 | ApplicationRunner | INFO | Resolving target ids and reading target omic tables
2026-08-15 09:23:08,429 | AppPreprocessing | INFO | genetoesng: resolving 1 gene symbol(s) to ENSG
2026-08-15 09:23:08,542 | AppPreprocessing | INFO | genetoesng: resolved 1 ENSG id(s)
2026-08-15 09:23:08,543 | AppPreprocessing | INFO | esngtoprotein: resolving proteins for 1 ENSG id(s)
2026-08-15 09:23:08,584 | AppPreprocessing | INFO | esngtoprotein: 1 protein(s) found, 0 ENSG id(s) without a protein (0-fill placeholders)
2026-08-15 09:23:08,585 | AppPreprocessing | INFO | depmapreader: extracting 1 ENSG column(s)
2026-08-15 09:23:28,265 | AppPreprocessing | INFO | depmap: RNA/ENSG -> 1 found, 0 NaN-filled (not found)
2026-08-15 09:23:28,267 | AppPreprocessing | INFO | depmapreader: returning shape (1479, 2)
2026-08-15 09:23:28,323 | AppPreprocessing | INFO | hparnareader: extracting 1 ENSG column(s)
2026-08-15 09:23:36,731 | AppPreprocessing | WARNING | hpa: removed 91 row(s) with null/duplicate ModelID (kept 1054 unique cell line(s))
2026-08-15 09:23:36,732 | AppPreprocessing | INFO | hpa: HPA/ENSG -> 1 found, 0 NaN-filled (not found)
2026-08-15 09:23:36,733 | AppPreprocessing | INFO | hparnareader: returning shape (1054, 2)
2026-08-15 09:23:36,785 | AppPreprocessing | INFO | proteinreader: extracting 1 protein column(s)
2026-08-15 09:23:38,739 | AppPreprocessing | INFO | protein: protein -> 1 found, 0 NaN-filled (not found)
2026-08-15 09:23:38,740 | AppPreprocessing | INFO | proteinreader: returning shape (375, 2)
2026-08-15 09:23:38,754 | AppPreprocessing | INFO | similarityreader: extracting 1 gene cosine column(s)
2026-08-15 09:23:49,325 | AppPreprocessing | INFO | cosine: cosine/ENSG -> 1 found, 0 NaN-filled (not found)
2026-08-15 09:23:49,327 | AppPreprocessing | INFO | similarityreader: returning shape (1479, 2)
2026-08-15 09:23:49,407 | ApplicationRunner | INFO | target_df shape is (1479, 4)
2026-08-15 09:23:49,407 | ApplicationRunner | INFO | Releasing target reader frames from memory
2026-08-15 09:23:49,532 | ApplicationRunner | INFO | Scoring: evidence + similarity (target)
2026-08-15 09:23:49,535 | Scoring | INFO | calculateevidencescore (type=target): input shape (1479, 4)
2026-08-15 09:23:49,535 | Scoring | INFO | calculateevidencescore: 3 value column(s)
2026-08-15 09:23:49,542 | Scoring | INFO | target_evidence: min=0.0000 max=0.8623
2026-08-15 09:23:49,543 | Scoring | INFO | calculatesimilarityscore (type=target): input shape (1479, 2)
2026-08-15 09:23:49,543 | Scoring | INFO | calculatesimilarityscore: 1 cosine column(s)
2026-08-15 09:23:49,549 | Scoring | INFO | target_similarity: min=0.0000 max=1.0000
2026-08-15 09:23:49,550 | ApplicationRunner | INFO | Releasing target cosine frame from memory
2026-08-15 09:23:49,675 | ApplicationRunner | INFO | Calculating the confidence score
2026-08-15 09:23:49,676 | Scoring | INFO | calculateconfidencescore: input shape (1479, 4)
2026-08-15 09:23:49,676 | Scoring | INFO | calculateconfidencescore: pooling 3 value column(s)
2026-08-15 09:23:49,992 | Scoring | INFO | confidence_score: nulls=397 of 1479
2026-08-15 09:23:49,993 | ApplicationRunner | INFO | Releasing confidence input frame from memory
2026-08-15 09:23:50,115 | Scoring | INFO | calculatenetevidencescore (type=target): input shape (1479, 2)
2026-08-15 09:23:50,117 | Scoring | INFO | calculatenetsimilarityscore (type=target): input shape (1479, 2)
2026-08-15 09:23:50,118 | ApplicationRunner | INFO | Releasing target evidence/similarity frames from memory
2026-08-15 09:23:50,242 | ApplicationRunner | INFO | Assembling final score (net_similarity x net_evidence x confidence)
2026-08-15 09:23:50,249 | Scoring | INFO | finalscoring: input shape (1479, 8)
2026-08-15 09:23:50,251 | Scoring | INFO | final_score: nulls=397 of 1479
2026-08-15 09:23:50,251 | ApplicationRunner | INFO | Releasing net score component frames from memory
2026-08-15 09:23:50,374 | ApplicationRunner | INFO | Releasing feature and final-score frames from memory
2026-08-15 09:23:50,492 | ApplicationRunner | INFO | Fusion flagging over 1 gene(s); filter=3
2026-08-15 09:23:50,492 | Fusion | INFO | fusionflagger: 1479 cell line(s), 1 target gene(s), 0 exclusion gene(s)
2026-08-15 09:23:51,844 | Fusion | INFO | fusionflagger: fusion table shape (184237, 31)
2026-08-15 09:23:51,844 | Fusion | INFO | fusionflagger: single target gene, no exclusion -> OR match (gene as either partner)
2026-08-15 09:23:51,856 | Fusion | INFO | fusionflagger: 10 matching fusion row(s); 0 exclusion-involved, 9 target-only ModelID(s)
2026-08-15 09:23:51,857 | Fusion | INFO | fusionflagger: releasing fusion table frames from memory
2026-08-15 09:23:51,998 | Fusion | INFO | fusionflagger: fusion_type counts -> {'No': 1470, 'target': 9}
2026-08-15 09:23:52,129 | ApplicationRunner | INFO | Mutation flagging over 1 gene(s); filter=3
2026-08-15 09:23:52,130 | Mutation | INFO | mutationflager: 1479 cell line(s), 1 target gene(s), 0 exclusion gene(s)
2026-08-15 09:24:05,331 | Mutation | INFO | mutationflager: mutation table shape (1066869, 71)
2026-08-15 09:24:06,309 | Mutation | INFO | mutationflager: 29 distinct ModelID(s) with a matching mutation; 0 exclusion-involved, 29 target-involved
2026-08-15 09:24:06,317 | Mutation | INFO | mutationflager: mutation_type counts -> {'No': 1454, 'target': 25}
2026-08-15 09:24:06,323 | Mutation | INFO | mutationflager: 1479 cell line(s), 1 target gene(s), 0 exclusion gene(s)
2026-08-15 09:24:18,306 | Mutation | INFO | mutationflager: mutation table shape (1066869, 71)
2026-08-15 09:24:19,070 | Mutation | INFO | mutationflager: 29 distinct ModelID(s) with a matching mutation; 0 exclusion-involved, 29 target-involved
2026-08-15 09:24:19,075 | Mutation | INFO | mutationflager: mutation_type counts -> {'No': 1454, 'target': 25}
2026-08-15 09:24:19,415 | ApplicationRunner | INFO | Filtering the dataset for the cell line names
2026-08-15 09:24:19,415 | AppPreprocessing | INFO | Getting the master look up table
2026-08-15 09:24:19,582 | AppPreprocessing | INFO | Filtering the required columns
2026-08-15 09:24:19,584 | AppPreprocessing | INFO | Mergining the data with the master table
2026-08-15 09:24:19,591 | AppPreprocessing | INFO | Droping the rows which have null value
2026-08-15 09:24:19,594 | AppPreprocessing | INFO | Removing the columns which are not needed
2026-08-15 09:24:19,595 | AppPreprocessing | INFO | Getting the master look up table
2026-08-15 09:24:19,607 | AppPreprocessing | INFO | Filtering the required columns
2026-08-15 09:24:19,608 | AppPreprocessing | INFO | Mergining the data with the master table
2026-08-15 09:24:19,612 | AppPreprocessing | INFO | Droping the rows which have null value
2026-08-15 09:24:19,616 | AppPreprocessing | INFO | Removing the columns which are not needed
2026-08-15 09:24:19,619 | ApplicationRunner | INFO | Selected top 10 cell line(s)
2026-08-15 09:24:19,620 | Fusion | INFO | getthefusionreferencetable: 10 top cell line(s), 1 target gene(s), 0 exclusion gene(s)
2026-08-15 09:24:20,826 | Fusion | INFO | getthefusionreferencetable: releasing full fusion table from memory
2026-08-15 09:24:20,962 | Fusion | INFO | getthefusionreferencetable: returning 0 reference row(s)
2026-08-15 09:24:20,962 | Mutation | INFO | getthemutationreferencetable: 10 cell line(s), 1 gene(s)
2026-08-15 09:24:33,252 | Mutation | INFO | getthemutationreferencetable: returning 0 reference row(s)
2026-08-15 09:24:33,376 | ApplicationRunner | INFO | Getting Metabolomnic data
2026-08-15 09:24:33,376 | AppPreprocessing | INFO | Getting the metabolomnic data
2026-08-15 09:24:33,423 | ApplicationRunner | INFO | Running KMeans plot
2026-08-15 09:24:33,423 | ModelLoader | INFO | kmeansonthedata: 10 selected cell line(s)
2026-08-15 09:24:33,521 | ModelLoader | INFO | kmeansonthedata: factor matrix (1479, 20); predicting clusters
2026-08-15 09:24:33,610 | ModelLoader | INFO | kmeansonthedata: generating UMAP projection (full 1479-row manifold)
2026-08-15 09:24:50,841 | ModelLoader | INFO | kmeansonthedata: 10 of 10 chosen id(s) located on the map
2026-08-15 09:24:50,841 | ModelLoader | INFO | kmeansonthedata: releasing factor matrix and UMAP arrays from memory
2026-08-15 09:24:51,815 | ModelLoader | INFO | kmeansonthedata: plot saved to C:\Users\Shankar\Desktop\AstraZeneca\code\astrazeneca\CelllineSelector\images\kmeansplotforselectedcell_7e6c2d5a-b274-4c5f-8578-e1847afa6d38.png
2026-08-15 09:24:51,816 | ModelLoader | INFO | kmeansonthedata: releasing plotting frames from memory
2026-08-15 09:24:51,987 | ApplicationRunner | INFO | Kmeans plot completed
2026-08-15 09:24:51,987 | ApplicationRunner | INFO | Running KNN
2026-08-15 09:24:51,987 | ModelLoader | INFO | knnonthedata: finding alternatives for 10 selected cell line(s)
2026-08-15 09:24:52,066 | ModelLoader | INFO | knnonthedata: releasing factor matrix from memory
2026-08-15 09:24:52,261 | ModelLoader | INFO | knnonthedata: 10 of 10 target(s) received an alternative
2026-08-15 09:24:52,261 | ApplicationRunner | INFO | KNN Completed
2026-08-15 09:24:52,262 | ApplicationRunner | INFO | Running Data combiner
2026-08-15 09:24:52,262 | AppPreprocessing | INFO | datacombiner: enriching 10 row(s) with master_lookup identity
2026-08-15 09:24:52,280 | AppPreprocessing | INFO | datacombiner: returning shape (10, 23)
2026-08-15 09:24:52,281 | AppPreprocessing | INFO | datacombiner: enriching 1410 row(s) with master_lookup identity
2026-08-15 09:24:52,295 | AppPreprocessing | INFO | datacombiner: returning shape (1410, 22)
2026-08-15 09:24:52,296 | ApplicationRunner | INFO | Data combiner completed
2026-08-15 09:24:52,296 | ApplicationRunner | INFO | Generating LLM explanation
2026-08-15 09:24:52,301 | Explanation | INFO | generate_explanation: starting
2026-08-15 09:24:52,403 | Explanation | INFO | ollama_chat: calling model 'llama3.2:3b' at http://localhost:11434
2026-08-15 09:29:31,310 | Explanation | INFO | ollama_chat: received 6883 character(s)
2026-08-15 09:29:31,319 | ApplicationRunner | INFO | Removing the selected top 10 from the total list
2026-08-15 09:29:31,325 | ApplicationRunner | INFO | Selected top 10 removed successfully and the final table is arranged in decending order
2026-08-15 09:29:31,326 | ApplicationRunner | INFO | pipelinerun completed successfully
2026-08-15 13:08:59,262 | ApplicationRunner | INFO | Starting the pipeline run
2026-08-15 13:08:59,262 | ApplicationRunner | INFO | exclusionchecker=False and diseasechecker=False
2026-08-15 13:08:59,262 | ApplicationRunner | INFO | Resolving target ids and reading target omic tables
2026-08-15 13:08:59,262 | AppPreprocessing | INFO | genetoesng: resolving 1 gene symbol(s) to ENSG
2026-08-15 13:08:59,401 | AppPreprocessing | INFO | genetoesng: resolved 1 ENSG id(s)
2026-08-15 13:08:59,401 | AppPreprocessing | INFO | esngtoprotein: resolving proteins for 1 ENSG id(s)
2026-08-15 13:08:59,442 | AppPreprocessing | INFO | esngtoprotein: 1 protein(s) found, 0 ENSG id(s) without a protein (0-fill placeholders)
2026-08-15 13:08:59,442 | AppPreprocessing | INFO | depmapreader: extracting 1 ENSG column(s)
2026-08-15 13:09:10,523 | AppPreprocessing | INFO | depmap: RNA/ENSG -> 1 found, 0 NaN-filled (not found)
2026-08-15 13:09:10,523 | AppPreprocessing | INFO | depmapreader: returning shape (1479, 2)
2026-08-15 13:09:10,577 | AppPreprocessing | INFO | hparnareader: extracting 1 ENSG column(s)
2026-08-15 13:09:20,374 | AppPreprocessing | WARNING | hpa: removed 91 row(s) with null/duplicate ModelID (kept 1054 unique cell line(s))
2026-08-15 13:09:20,374 | AppPreprocessing | INFO | hpa: HPA/ENSG -> 1 found, 0 NaN-filled (not found)
2026-08-15 13:09:20,374 | AppPreprocessing | INFO | hparnareader: returning shape (1054, 2)
2026-08-15 13:09:20,433 | AppPreprocessing | INFO | proteinreader: extracting 1 protein column(s)
2026-08-15 13:09:21,831 | AppPreprocessing | INFO | protein: protein -> 1 found, 0 NaN-filled (not found)
2026-08-15 13:09:21,834 | AppPreprocessing | INFO | proteinreader: returning shape (375, 2)
2026-08-15 13:09:21,844 | AppPreprocessing | INFO | similarityreader: extracting 1 gene cosine column(s)
2026-08-15 13:09:33,040 | AppPreprocessing | INFO | cosine: cosine/ENSG -> 1 found, 0 NaN-filled (not found)
2026-08-15 13:09:33,048 | AppPreprocessing | INFO | similarityreader: returning shape (1479, 2)
2026-08-15 13:09:33,122 | ApplicationRunner | INFO | target_df shape is (1479, 4)
2026-08-15 13:09:33,122 | ApplicationRunner | INFO | Releasing target reader frames from memory
2026-08-15 13:09:33,229 | ApplicationRunner | INFO | Scoring: evidence + similarity (target)
2026-08-15 13:09:33,229 | Scoring | INFO | calculateevidencescore (type=target): input shape (1479, 4)
2026-08-15 13:09:33,237 | Scoring | INFO | calculateevidencescore: 3 value column(s)
2026-08-15 13:09:33,239 | Scoring | INFO | target_evidence: min=0.0000 max=0.9738
2026-08-15 13:09:33,245 | Scoring | INFO | calculatesimilarityscore (type=target): input shape (1479, 2)
2026-08-15 13:09:33,245 | Scoring | INFO | calculatesimilarityscore: 1 cosine column(s)
2026-08-15 13:09:33,245 | Scoring | INFO | target_similarity: min=0.0000 max=1.0000
2026-08-15 13:09:33,245 | ApplicationRunner | INFO | Releasing target cosine frame from memory
2026-08-15 13:09:33,474 | ApplicationRunner | INFO | Calculating the confidence score
2026-08-15 13:09:33,474 | Scoring | INFO | calculateconfidencescore: input shape (1479, 4)
2026-08-15 13:09:33,474 | Scoring | INFO | calculateconfidencescore: pooling 3 value column(s)
2026-08-15 13:09:33,795 | Scoring | INFO | confidence_score: nulls=1 of 1479
2026-08-15 13:09:33,796 | ApplicationRunner | INFO | Releasing confidence input frame from memory
2026-08-15 13:09:33,894 | Scoring | INFO | calculatenetevidencescore (type=target): input shape (1479, 2)
2026-08-15 13:09:33,894 | Scoring | INFO | calculatenetsimilarityscore (type=target): input shape (1479, 2)
2026-08-15 13:09:33,898 | ApplicationRunner | INFO | Releasing target evidence/similarity frames from memory
2026-08-15 13:09:34,016 | ApplicationRunner | INFO | Assembling final score (net_similarity x net_evidence x confidence)
2026-08-15 13:09:34,025 | Scoring | INFO | finalscoring: input shape (1479, 8)
2026-08-15 13:09:34,025 | Scoring | INFO | final_score: nulls=1 of 1479
2026-08-15 13:09:34,025 | ApplicationRunner | INFO | Releasing net score component frames from memory
2026-08-15 13:09:34,140 | ApplicationRunner | INFO | Releasing feature and final-score frames from memory
2026-08-15 13:09:34,239 | ApplicationRunner | INFO | Fusion flagging over 1 gene(s); filter=3
2026-08-15 13:09:34,239 | Fusion | INFO | fusionflagger: 1479 cell line(s), 1 target gene(s), 0 exclusion gene(s)
2026-08-15 13:09:35,493 | Fusion | INFO | fusionflagger: fusion table shape (184237, 31)
2026-08-15 13:09:35,494 | Fusion | INFO | fusionflagger: single target gene, no exclusion -> OR match (gene as either partner)
2026-08-15 13:09:35,508 | Fusion | INFO | fusionflagger: 69 matching fusion row(s); 0 exclusion-involved, 12 target-only ModelID(s)
2026-08-15 13:09:35,508 | Fusion | INFO | fusionflagger: releasing fusion table frames from memory
2026-08-15 13:09:35,655 | Fusion | INFO | fusionflagger: fusion_type counts -> {'No': 1467, 'target': 12}
2026-08-15 13:09:35,778 | ApplicationRunner | INFO | Mutation flagging over 1 gene(s); filter=3
2026-08-15 13:09:35,778 | Mutation | INFO | mutationflager: 1479 cell line(s), 1 target gene(s), 0 exclusion gene(s)
2026-08-15 13:09:50,140 | Mutation | INFO | mutationflager: mutation table shape (1066869, 71)
2026-08-15 13:09:51,256 | Mutation | INFO | mutationflager: 70 distinct ModelID(s) with a matching mutation; 0 exclusion-involved, 70 target-involved
2026-08-15 13:09:51,288 | Mutation | INFO | mutationflager: mutation_type counts -> {'No': 1423, 'target': 56}
2026-08-15 13:09:51,300 | Mutation | INFO | mutationflager: 1479 cell line(s), 1 target gene(s), 0 exclusion gene(s)
2026-08-15 13:10:04,760 | Mutation | INFO | mutationflager: mutation table shape (1066869, 71)
2026-08-15 13:10:05,579 | Mutation | INFO | mutationflager: 70 distinct ModelID(s) with a matching mutation; 0 exclusion-involved, 70 target-involved
2026-08-15 13:10:05,590 | Mutation | INFO | mutationflager: mutation_type counts -> {'No': 1423, 'target': 56}
2026-08-15 13:10:06,356 | ApplicationRunner | INFO | Filtering the dataset for the cell line names
2026-08-15 13:10:06,356 | AppPreprocessing | INFO | Getting the master look up table
2026-08-15 13:10:06,435 | AppPreprocessing | INFO | Filtering the required columns
2026-08-15 13:10:06,443 | AppPreprocessing | INFO | Mergining the data with the master table
2026-08-15 13:10:06,590 | AppPreprocessing | INFO | Droping the rows which have null value
2026-08-15 13:10:06,598 | AppPreprocessing | INFO | Removing the columns which are not needed
2026-08-15 13:10:06,603 | AppPreprocessing | INFO | Getting the master look up table
2026-08-15 13:10:06,614 | AppPreprocessing | INFO | Filtering the required columns
2026-08-15 13:10:06,616 | AppPreprocessing | INFO | Mergining the data with the master table
2026-08-15 13:10:06,621 | AppPreprocessing | INFO | Droping the rows which have null value
2026-08-15 13:10:06,623 | AppPreprocessing | INFO | Removing the columns which are not needed
2026-08-15 13:10:06,632 | ApplicationRunner | INFO | Selected top 10 cell line(s)
2026-08-15 13:10:06,632 | Fusion | INFO | getthefusionreferencetable: 10 top cell line(s), 1 target gene(s), 0 exclusion gene(s)
2026-08-15 13:10:08,185 | Fusion | INFO | getthefusionreferencetable: releasing full fusion table from memory
2026-08-15 13:10:08,307 | Fusion | INFO | getthefusionreferencetable: returning 8 reference row(s)
2026-08-15 13:10:08,310 | Mutation | INFO | getthemutationreferencetable: 10 cell line(s), 1 gene(s)
2026-08-15 13:10:22,190 | Mutation | INFO | getthemutationreferencetable: returning 1 reference row(s)
2026-08-15 13:10:22,319 | ApplicationRunner | INFO | Getting Metabolomnic data
2026-08-15 13:10:22,321 | AppPreprocessing | INFO | Getting the metabolomnic data
2026-08-15 13:10:22,437 | ApplicationRunner | INFO | Running KMeans plot
2026-08-15 13:10:22,437 | ModelLoader | INFO | kmeansonthedata: 10 selected cell line(s)
2026-08-15 13:10:23,142 | ModelLoader | INFO | kmeansonthedata: factor matrix (1479, 20); predicting clusters
2026-08-15 13:10:23,353 | ModelLoader | INFO | kmeansonthedata: generating UMAP projection (full 1479-row manifold)
2026-08-15 13:10:44,673 | ModelLoader | INFO | kmeansonthedata: 10 of 10 chosen id(s) located on the map
2026-08-15 13:10:44,673 | ModelLoader | INFO | kmeansonthedata: releasing factor matrix and UMAP arrays from memory
2026-08-15 13:10:46,788 | ModelLoader | INFO | kmeansonthedata: plot saved to C:\Users\Shankar\Desktop\AstraZeneca\code\astrazeneca\CelllineSelector\images\kmeansplotforselectedcell_34cd8f1b-c04d-4450-a9ee-4d09b904bcce.png
2026-08-15 13:10:46,788 | ModelLoader | INFO | kmeansonthedata: releasing plotting frames from memory
2026-08-15 13:10:46,942 | ApplicationRunner | INFO | Kmeans plot completed
2026-08-15 13:10:46,942 | ApplicationRunner | INFO | Running KNN
2026-08-15 13:10:46,942 | ModelLoader | INFO | knnonthedata: finding alternatives for 10 selected cell line(s)
2026-08-15 13:10:47,064 | ModelLoader | INFO | knnonthedata: releasing factor matrix from memory
2026-08-15 13:10:47,254 | ModelLoader | INFO | knnonthedata: 10 of 10 target(s) received an alternative
2026-08-15 13:10:47,254 | ApplicationRunner | INFO | KNN Completed
2026-08-15 13:10:47,255 | ApplicationRunner | INFO | Running Data combiner
2026-08-15 13:10:47,255 | AppPreprocessing | INFO | datacombiner: enriching 10 row(s) with master_lookup identity
2026-08-15 13:10:47,270 | AppPreprocessing | INFO | datacombiner: returning shape (10, 23)
2026-08-15 13:10:47,278 | AppPreprocessing | INFO | datacombiner: enriching 1410 row(s) with master_lookup identity
2026-08-15 13:10:47,295 | AppPreprocessing | INFO | datacombiner: returning shape (1410, 22)
2026-08-15 13:10:47,295 | ApplicationRunner | INFO | Data combiner completed
2026-08-15 13:10:47,295 | ApplicationRunner | INFO | Generating LLM explanation
2026-08-15 13:10:47,304 | Explanation | INFO | generate_explanation: starting
2026-08-15 13:10:47,461 | Explanation | INFO | ollama_chat: calling model 'llama3.2:3b' at http://localhost:11434
2026-08-15 13:13:25,955 | Explanation | INFO | ollama_chat: received 4769 character(s)
2026-08-15 13:13:25,962 | ApplicationRunner | INFO | Removing the selected top 10 from the total list
2026-08-15 13:13:25,969 | ApplicationRunner | INFO | Selected top 10 removed successfully and the final table is arranged in decending order
2026-08-15 13:13:25,969 | ApplicationRunner | INFO | pipelinerun completed successfully
2026-08-15 13:15:37,313 | ApplicationRunner | INFO | Starting the pipeline run
2026-08-15 13:15:37,313 | ApplicationRunner | INFO | exclusionchecker=False and diseasechecker=False
2026-08-15 13:15:37,313 | ApplicationRunner | INFO | Resolving target ids and reading target omic tables
2026-08-15 13:15:37,315 | AppPreprocessing | INFO | genetoesng: resolving 1 gene symbol(s) to ENSG
2026-08-15 13:15:37,394 | AppPreprocessing | INFO | genetoesng: resolved 1 ENSG id(s)
2026-08-15 13:15:37,394 | AppPreprocessing | INFO | esngtoprotein: resolving proteins for 1 ENSG id(s)
2026-08-15 13:15:37,425 | AppPreprocessing | INFO | esngtoprotein: 0 protein(s) found, 1 ENSG id(s) without a protein (0-fill placeholders)
2026-08-15 13:15:37,427 | AppPreprocessing | INFO | depmapreader: extracting 1 ENSG column(s)
2026-08-15 13:15:48,480 | AppPreprocessing | INFO | depmap: RNA/ENSG -> 1 found, 0 NaN-filled (not found)
2026-08-15 13:15:48,480 | AppPreprocessing | INFO | depmapreader: returning shape (1479, 2)
2026-08-15 13:15:48,547 | AppPreprocessing | INFO | hparnareader: extracting 1 ENSG column(s)
2026-08-15 13:15:57,323 | AppPreprocessing | WARNING | hpa: removed 91 row(s) with null/duplicate ModelID (kept 1054 unique cell line(s))
2026-08-15 13:15:57,324 | AppPreprocessing | INFO | hpa: HPA/ENSG -> 1 found, 0 NaN-filled (not found)
2026-08-15 13:15:57,327 | AppPreprocessing | INFO | hparnareader: returning shape (1054, 2)
2026-08-15 13:15:57,373 | AppPreprocessing | INFO | proteinreader: extracting 0 protein column(s)
2026-08-15 13:15:58,938 | AppPreprocessing | INFO | protein: protein -> 0 found, 0 NaN-filled (not found)
2026-08-15 13:15:58,938 | AppPreprocessing | INFO | proteinreader: returning shape (375, 1)
2026-08-15 13:15:58,971 | AppPreprocessing | INFO | similarityreader: extracting 1 gene cosine column(s)
2026-08-15 13:16:10,144 | AppPreprocessing | INFO | cosine: cosine/ENSG -> 1 found, 0 NaN-filled (not found)
2026-08-15 13:16:10,148 | AppPreprocessing | INFO | similarityreader: returning shape (1479, 2)
2026-08-15 13:16:10,257 | ApplicationRunner | INFO | target_df shape is (1479, 4)
2026-08-15 13:16:10,257 | ApplicationRunner | INFO | Releasing target reader frames from memory
2026-08-15 13:16:10,361 | ApplicationRunner | INFO | Scoring: evidence + similarity (target)
2026-08-15 13:16:10,369 | Scoring | INFO | calculateevidencescore (type=target): input shape (1479, 4)
2026-08-15 13:16:10,369 | Scoring | INFO | calculateevidencescore: 3 value column(s)
2026-08-15 13:16:10,369 | Scoring | INFO | target_evidence: min=0.0000 max=0.6667
2026-08-15 13:16:10,378 | Scoring | INFO | calculatesimilarityscore (type=target): input shape (1479, 2)
2026-08-15 13:16:10,378 | Scoring | INFO | calculatesimilarityscore: 1 cosine column(s)
2026-08-15 13:16:10,381 | Scoring | INFO | target_similarity: min=0.0000 max=1.0000
2026-08-15 13:16:10,381 | ApplicationRunner | INFO | Releasing target cosine frame from memory
2026-08-15 13:16:10,509 | ApplicationRunner | INFO | Calculating the confidence score
2026-08-15 13:16:10,509 | Scoring | INFO | calculateconfidencescore: input shape (1479, 4)
2026-08-15 13:16:10,509 | Scoring | INFO | calculateconfidencescore: pooling 3 value column(s)
2026-08-15 13:16:10,787 | Scoring | INFO | confidence_score: nulls=273 of 1479
2026-08-15 13:16:10,787 | ApplicationRunner | INFO | Releasing confidence input frame from memory
2026-08-15 13:16:10,895 | Scoring | INFO | calculatenetevidencescore (type=target): input shape (1479, 2)
2026-08-15 13:16:10,901 | Scoring | INFO | calculatenetsimilarityscore (type=target): input shape (1479, 2)
2026-08-15 13:16:10,902 | ApplicationRunner | INFO | Releasing target evidence/similarity frames from memory
2026-08-15 13:16:11,044 | ApplicationRunner | INFO | Assembling final score (net_similarity x net_evidence x confidence)
2026-08-15 13:16:11,055 | Scoring | INFO | finalscoring: input shape (1479, 8)
2026-08-15 13:16:11,058 | Scoring | INFO | final_score: nulls=273 of 1479
2026-08-15 13:16:11,058 | ApplicationRunner | INFO | Releasing net score component frames from memory
2026-08-15 13:16:11,190 | ApplicationRunner | INFO | Releasing feature and final-score frames from memory
2026-08-15 13:16:11,305 | ApplicationRunner | INFO | Fusion flagging over 1 gene(s); filter=3
2026-08-15 13:16:11,305 | Fusion | INFO | fusionflagger: 1479 cell line(s), 1 target gene(s), 0 exclusion gene(s)
2026-08-15 13:16:12,760 | Fusion | INFO | fusionflagger: fusion table shape (184237, 31)
2026-08-15 13:16:12,762 | Fusion | INFO | fusionflagger: single target gene, no exclusion -> OR match (gene as either partner)
2026-08-15 13:16:12,774 | Fusion | INFO | fusionflagger: 2 matching fusion row(s); 0 exclusion-involved, 1 target-only ModelID(s)
2026-08-15 13:16:12,774 | Fusion | INFO | fusionflagger: releasing fusion table frames from memory
2026-08-15 13:16:12,907 | Fusion | INFO | fusionflagger: fusion_type counts -> {'No': 1478, 'target': 1}
2026-08-15 13:16:13,014 | ApplicationRunner | INFO | Mutation flagging over 1 gene(s); filter=3
2026-08-15 13:16:13,014 | Mutation | INFO | mutationflager: 1479 cell line(s), 1 target gene(s), 0 exclusion gene(s)
2026-08-15 13:16:36,565 | Mutation | INFO | mutationflager: mutation table shape (1066869, 71)
2026-08-15 13:16:38,623 | Mutation | INFO | mutationflager: 24 distinct ModelID(s) with a matching mutation; 0 exclusion-involved, 24 target-involved
2026-08-15 13:16:38,706 | Mutation | INFO | mutationflager: mutation_type counts -> {'No': 1458, 'target': 21}
2026-08-15 13:16:38,721 | Mutation | INFO | mutationflager: 1479 cell line(s), 1 target gene(s), 0 exclusion gene(s)
2026-08-15 13:17:09,416 | Mutation | INFO | mutationflager: mutation table shape (1066869, 71)
2026-08-15 13:17:11,248 | Mutation | INFO | mutationflager: 24 distinct ModelID(s) with a matching mutation; 0 exclusion-involved, 24 target-involved
2026-08-15 13:17:11,272 | Mutation | INFO | mutationflager: mutation_type counts -> {'No': 1458, 'target': 21}
2026-08-15 13:17:12,626 | ApplicationRunner | INFO | Filtering the dataset for the cell line names
2026-08-15 13:17:12,626 | AppPreprocessing | INFO | Getting the master look up table
2026-08-15 13:17:12,962 | AppPreprocessing | INFO | Filtering the required columns
2026-08-15 13:17:12,962 | AppPreprocessing | INFO | Mergining the data with the master table
2026-08-15 13:17:13,002 | AppPreprocessing | INFO | Droping the rows which have null value
2026-08-15 13:17:13,002 | AppPreprocessing | INFO | Removing the columns which are not needed
2026-08-15 13:17:13,010 | AppPreprocessing | INFO | Getting the master look up table
2026-08-15 13:17:13,034 | AppPreprocessing | INFO | Filtering the required columns
2026-08-15 13:17:13,034 | AppPreprocessing | INFO | Mergining the data with the master table
2026-08-15 13:17:13,046 | AppPreprocessing | INFO | Droping the rows which have null value
2026-08-15 13:17:13,051 | AppPreprocessing | INFO | Removing the columns which are not needed
2026-08-15 13:17:13,064 | ApplicationRunner | INFO | Selected top 10 cell line(s)
2026-08-15 13:17:13,064 | Fusion | INFO | getthefusionreferencetable: 10 top cell line(s), 1 target gene(s), 0 exclusion gene(s)
2026-08-15 13:17:16,639 | Fusion | INFO | getthefusionreferencetable: releasing full fusion table from memory
2026-08-15 13:17:16,885 | Fusion | INFO | getthefusionreferencetable: returning 0 reference row(s)
2026-08-15 13:17:16,885 | Mutation | INFO | getthemutationreferencetable: 10 cell line(s), 1 gene(s)
2026-08-15 13:17:44,676 | Mutation | INFO | getthemutationreferencetable: returning 0 reference row(s)
2026-08-15 13:17:45,030 | ApplicationRunner | INFO | Getting Metabolomnic data
2026-08-15 13:17:45,030 | AppPreprocessing | INFO | Getting the metabolomnic data
2026-08-15 13:17:45,183 | ApplicationRunner | INFO | Running KMeans plot
2026-08-15 13:17:45,186 | ModelLoader | INFO | kmeansonthedata: 10 selected cell line(s)
2026-08-15 13:17:45,510 | ModelLoader | INFO | kmeansonthedata: factor matrix (1479, 20); predicting clusters
2026-08-15 13:17:45,788 | ModelLoader | INFO | kmeansonthedata: generating UMAP projection (full 1479-row manifold)
2026-08-15 13:18:19,948 | ModelLoader | INFO | kmeansonthedata: 10 of 10 chosen id(s) located on the map
2026-08-15 13:18:19,950 | ModelLoader | INFO | kmeansonthedata: releasing factor matrix and UMAP arrays from memory
2026-08-15 13:18:21,624 | ModelLoader | INFO | kmeansonthedata: plot saved to C:\Users\Shankar\Desktop\AstraZeneca\code\astrazeneca\CelllineSelector\images\kmeansplotforselectedcell_54fa3bc3-7e6a-4e22-954c-d4430b87eb26.png
2026-08-15 13:18:21,624 | ModelLoader | INFO | kmeansonthedata: releasing plotting frames from memory
2026-08-15 13:18:21,848 | ApplicationRunner | INFO | Kmeans plot completed
2026-08-15 13:18:21,848 | ApplicationRunner | INFO | Running KNN
2026-08-15 13:18:21,848 | ModelLoader | INFO | knnonthedata: finding alternatives for 10 selected cell line(s)
2026-08-15 13:18:21,948 | ModelLoader | INFO | knnonthedata: releasing factor matrix from memory
2026-08-15 13:18:22,204 | ModelLoader | INFO | knnonthedata: 10 of 10 target(s) received an alternative
2026-08-15 13:18:22,204 | ApplicationRunner | INFO | KNN Completed
2026-08-15 13:18:22,204 | ApplicationRunner | INFO | Running Data combiner
2026-08-15 13:18:22,204 | AppPreprocessing | INFO | datacombiner: enriching 10 row(s) with master_lookup identity
2026-08-15 13:18:22,237 | AppPreprocessing | INFO | datacombiner: returning shape (10, 23)
2026-08-15 13:18:22,237 | AppPreprocessing | INFO | datacombiner: enriching 1410 row(s) with master_lookup identity
2026-08-15 13:18:22,261 | AppPreprocessing | INFO | datacombiner: returning shape (1410, 22)
2026-08-15 13:18:22,261 | ApplicationRunner | INFO | Data combiner completed
2026-08-15 13:18:22,263 | ApplicationRunner | INFO | Generating LLM explanation
2026-08-15 13:18:22,271 | Explanation | INFO | generate_explanation: starting
2026-08-15 13:18:22,409 | Explanation | INFO | ollama_chat: calling model 'llama3.2:3b' at http://localhost:11434
2026-08-15 13:21:29,698 | Explanation | INFO | ollama_chat: received 5289 character(s)
2026-08-15 13:21:29,832 | ApplicationRunner | INFO | Removing the selected top 10 from the total list
2026-08-15 13:21:29,903 | ApplicationRunner | INFO | Selected top 10 removed successfully and the final table is arranged in decending order
2026-08-15 13:21:29,903 | ApplicationRunner | INFO | pipelinerun completed successfully
2026-08-15 13:46:48,530 | ApplicationRunner | INFO | Starting the pipeline run
2026-08-15 13:46:48,530 | ApplicationRunner | INFO | exclusionchecker=False and diseasechecker=False
2026-08-15 13:46:48,530 | ApplicationRunner | INFO | Resolving target ids and reading target omic tables
2026-08-15 13:46:48,530 | AppPreprocessing | INFO | genetoesng: resolving 1 gene symbol(s) to ENSG
2026-08-15 13:46:48,632 | AppPreprocessing | INFO | genetoesng: resolved 1 ENSG id(s)
2026-08-15 13:46:48,632 | AppPreprocessing | INFO | esngtoprotein: resolving proteins for 1 ENSG id(s)
2026-08-15 13:46:48,663 | AppPreprocessing | INFO | esngtoprotein: 1 protein(s) found, 0 ENSG id(s) without a protein (0-fill placeholders)
2026-08-15 13:46:48,663 | AppPreprocessing | INFO | depmapreader: extracting 1 ENSG column(s)
2026-08-15 13:47:18,755 | AppPreprocessing | INFO | depmap: RNA/ENSG -> 1 found, 0 NaN-filled (not found)
2026-08-15 13:47:18,755 | AppPreprocessing | INFO | depmapreader: returning shape (1479, 2)
2026-08-15 13:47:18,895 | AppPreprocessing | INFO | hparnareader: extracting 1 ENSG column(s)
2026-08-15 13:47:46,968 | AppPreprocessing | WARNING | hpa: removed 91 row(s) with null/duplicate ModelID (kept 1054 unique cell line(s))
2026-08-15 13:47:46,968 | AppPreprocessing | INFO | hpa: HPA/ENSG -> 1 found, 0 NaN-filled (not found)
2026-08-15 13:47:46,977 | AppPreprocessing | INFO | hparnareader: returning shape (1054, 2)
2026-08-15 13:47:47,093 | AppPreprocessing | INFO | proteinreader: extracting 1 protein column(s)
2026-08-15 13:47:51,333 | AppPreprocessing | INFO | protein: protein -> 1 found, 0 NaN-filled (not found)
2026-08-15 13:47:51,341 | AppPreprocessing | INFO | proteinreader: returning shape (375, 2)
2026-08-15 13:47:51,383 | AppPreprocessing | INFO | similarityreader: extracting 1 gene cosine column(s)
2026-08-15 13:48:28,406 | AppPreprocessing | INFO | cosine: cosine/ENSG -> 1 found, 0 NaN-filled (not found)
2026-08-15 13:48:28,411 | AppPreprocessing | INFO | similarityreader: returning shape (1479, 2)
2026-08-15 13:48:28,580 | ApplicationRunner | INFO | target_df shape is (1479, 4)
2026-08-15 13:48:28,582 | ApplicationRunner | INFO | Releasing target reader frames from memory
2026-08-15 13:48:28,832 | ApplicationRunner | INFO | Scoring: evidence + similarity (target)
2026-08-15 13:48:28,841 | Scoring | INFO | calculateevidencescore (type=target): input shape (1479, 4)
2026-08-15 13:48:28,841 | Scoring | INFO | calculateevidencescore: 3 value column(s)
2026-08-15 13:48:28,854 | Scoring | INFO | target_evidence: min=0.0000 max=0.9138
2026-08-15 13:48:28,860 | Scoring | INFO | calculatesimilarityscore (type=target): input shape (1479, 2)
2026-08-15 13:48:28,860 | Scoring | INFO | calculatesimilarityscore: 1 cosine column(s)
2026-08-15 13:48:28,868 | Scoring | INFO | target_similarity: min=0.0000 max=1.0000
2026-08-15 13:48:28,870 | ApplicationRunner | INFO | Releasing target cosine frame from memory
2026-08-15 13:48:29,181 | ApplicationRunner | INFO | Calculating the confidence score
2026-08-15 13:48:29,188 | Scoring | INFO | calculateconfidencescore: input shape (1479, 4)
2026-08-15 13:48:29,188 | Scoring | INFO | calculateconfidencescore: pooling 3 value column(s)
2026-08-15 13:48:29,917 | Scoring | INFO | confidence_score: nulls=1 of 1479
2026-08-15 13:48:29,917 | ApplicationRunner | INFO | Releasing confidence input frame from memory
2026-08-15 13:48:30,262 | Scoring | INFO | calculatenetevidencescore (type=target): input shape (1479, 2)
2026-08-15 13:48:30,268 | Scoring | INFO | calculatenetsimilarityscore (type=target): input shape (1479, 2)
2026-08-15 13:48:30,270 | ApplicationRunner | INFO | Releasing target evidence/similarity frames from memory
2026-08-15 13:48:30,607 | ApplicationRunner | INFO | Assembling final score (net_similarity x net_evidence x confidence)
2026-08-15 13:48:30,652 | Scoring | INFO | finalscoring: input shape (1479, 8)
2026-08-15 13:48:30,657 | Scoring | INFO | final_score: nulls=1 of 1479
2026-08-15 13:48:30,657 | ApplicationRunner | INFO | Releasing net score component frames from memory
2026-08-15 13:48:30,995 | ApplicationRunner | INFO | Releasing feature and final-score frames from memory
2026-08-15 13:48:31,330 | ApplicationRunner | INFO | Fusion flagging over 1 gene(s); filter=3
2026-08-15 13:48:31,330 | Fusion | INFO | fusionflagger: 1479 cell line(s), 1 target gene(s), 0 exclusion gene(s)
2026-08-15 13:48:34,808 | Fusion | INFO | fusionflagger: fusion table shape (184237, 31)
2026-08-15 13:48:34,808 | Fusion | INFO | fusionflagger: single target gene, no exclusion -> OR match (gene as either partner)
2026-08-15 13:48:34,850 | Fusion | INFO | fusionflagger: 37 matching fusion row(s); 0 exclusion-involved, 36 target-only ModelID(s)
2026-08-15 13:48:34,850 | Fusion | INFO | fusionflagger: releasing fusion table frames from memory
2026-08-15 13:48:35,235 | Fusion | INFO | fusionflagger: fusion_type counts -> {'No': 1443, 'target': 36}
2026-08-15 13:48:35,606 | ApplicationRunner | INFO | Mutation flagging over 1 gene(s); filter=3
2026-08-15 13:48:35,606 | Mutation | INFO | mutationflager: 1479 cell line(s), 1 target gene(s), 0 exclusion gene(s)
2026-08-15 13:49:09,331 | Mutation | INFO | mutationflager: mutation table shape (1066869, 71)
2026-08-15 13:49:11,464 | Mutation | INFO | mutationflager: 27 distinct ModelID(s) with a matching mutation; 0 exclusion-involved, 27 target-involved
2026-08-15 13:49:11,476 | Mutation | INFO | mutationflager: mutation_type counts -> {'No': 1454, 'target': 25}
2026-08-15 13:49:11,486 | Mutation | INFO | mutationflager: 1479 cell line(s), 1 target gene(s), 0 exclusion gene(s)
2026-08-15 13:49:44,460 | Mutation | INFO | mutationflager: mutation table shape (1066869, 71)
2026-08-15 13:49:46,383 | Mutation | INFO | mutationflager: 27 distinct ModelID(s) with a matching mutation; 0 exclusion-involved, 27 target-involved
2026-08-15 13:49:46,399 | Mutation | INFO | mutationflager: mutation_type counts -> {'No': 1454, 'target': 25}
2026-08-15 13:49:46,721 | ApplicationRunner | INFO | Filtering the dataset for the cell line names
2026-08-15 13:49:46,721 | AppPreprocessing | INFO | Getting the master look up table
2026-08-15 13:49:46,745 | AppPreprocessing | INFO | Filtering the required columns
2026-08-15 13:49:46,754 | AppPreprocessing | INFO | Mergining the data with the master table
2026-08-15 13:49:46,762 | AppPreprocessing | INFO | Droping the rows which have null value
2026-08-15 13:49:46,770 | AppPreprocessing | INFO | Removing the columns which are not needed
2026-08-15 13:49:46,776 | AppPreprocessing | INFO | Getting the master look up table
2026-08-15 13:49:46,795 | AppPreprocessing | INFO | Filtering the required columns
2026-08-15 13:49:46,801 | AppPreprocessing | INFO | Mergining the data with the master table
2026-08-15 13:49:46,813 | AppPreprocessing | INFO | Droping the rows which have null value
2026-08-15 13:49:46,819 | AppPreprocessing | INFO | Removing the columns which are not needed
2026-08-15 13:49:46,827 | ApplicationRunner | INFO | Selected top 10 cell line(s)
2026-08-15 13:49:46,827 | Fusion | INFO | getthefusionreferencetable: 10 top cell line(s), 1 target gene(s), 0 exclusion gene(s)
2026-08-15 13:49:50,851 | Fusion | INFO | getthefusionreferencetable: releasing full fusion table from memory
2026-08-15 13:49:51,182 | Fusion | INFO | getthefusionreferencetable: returning 0 reference row(s)
2026-08-15 13:49:51,182 | Mutation | INFO | getthemutationreferencetable: 10 cell line(s), 1 gene(s)
2026-08-15 13:50:08,087 | Mutation | INFO | getthemutationreferencetable: returning 0 reference row(s)
2026-08-15 13:50:08,217 | ApplicationRunner | INFO | Getting Metabolomnic data
2026-08-15 13:50:08,217 | AppPreprocessing | INFO | Getting the metabolomnic data
2026-08-15 13:50:08,278 | ApplicationRunner | INFO | Running KMeans plot
2026-08-15 13:50:08,278 | ModelLoader | INFO | kmeansonthedata: 10 selected cell line(s)
2026-08-15 13:50:08,386 | ModelLoader | INFO | kmeansonthedata: factor matrix (1479, 20); predicting clusters
2026-08-15 13:50:08,551 | ModelLoader | INFO | kmeansonthedata: generating UMAP projection (full 1479-row manifold)
2026-08-15 13:50:31,069 | ModelLoader | INFO | kmeansonthedata: 10 of 10 chosen id(s) located on the map
2026-08-15 13:50:31,069 | ModelLoader | INFO | kmeansonthedata: releasing factor matrix and UMAP arrays from memory
2026-08-15 13:50:32,328 | ModelLoader | INFO | kmeansonthedata: plot saved to C:\Users\Shankar\Desktop\AstraZeneca\code\astrazeneca\CelllineSelector\images\kmeansplotforselectedcell_3f7b4426-7fd4-49b0-a1f1-0f442a769131.png
2026-08-15 13:50:32,329 | ModelLoader | INFO | kmeansonthedata: releasing plotting frames from memory
2026-08-15 13:50:32,479 | ApplicationRunner | INFO | Kmeans plot completed
2026-08-15 13:50:32,479 | ApplicationRunner | INFO | Running KNN
2026-08-15 13:50:32,481 | ModelLoader | INFO | knnonthedata: finding alternatives for 10 selected cell line(s)
2026-08-15 13:50:32,558 | ModelLoader | INFO | knnonthedata: releasing factor matrix from memory
2026-08-15 13:50:32,743 | ModelLoader | INFO | knnonthedata: 10 of 10 target(s) received an alternative
2026-08-15 13:50:32,747 | ApplicationRunner | INFO | KNN Completed
2026-08-15 13:50:32,747 | ApplicationRunner | INFO | Running Data combiner
2026-08-15 13:50:32,747 | AppPreprocessing | INFO | datacombiner: enriching 10 row(s) with master_lookup identity
2026-08-15 13:50:32,767 | AppPreprocessing | INFO | datacombiner: returning shape (10, 23)
2026-08-15 13:50:32,769 | AppPreprocessing | INFO | datacombiner: enriching 1410 row(s) with master_lookup identity
2026-08-15 13:50:32,790 | AppPreprocessing | INFO | datacombiner: returning shape (1410, 22)
2026-08-15 13:50:32,792 | ApplicationRunner | INFO | Data combiner completed
2026-08-15 13:50:32,792 | ApplicationRunner | INFO | Generating LLM explanation
2026-08-15 13:50:32,801 | Explanation | INFO | generate_explanation: starting
2026-08-15 13:50:32,941 | Explanation | INFO | ollama_chat: calling model 'llama3.2:3b' at http://localhost:11434
2026-08-15 13:54:23,701 | Explanation | INFO | ollama_chat: received 8086 character(s)
2026-08-15 13:54:23,707 | ApplicationRunner | INFO | Removing the selected top 10 from the total list
2026-08-15 13:54:23,717 | ApplicationRunner | INFO | Selected top 10 removed successfully and the final table is arranged in decending order
2026-08-15 13:54:23,717 | ApplicationRunner | INFO | pipelinerun completed successfully
2026-08-15 14:03:59,768 | ApplicationRunner | INFO | Starting the pipeline run
2026-08-15 14:03:59,768 | ApplicationRunner | INFO | exclusionchecker=False and diseasechecker=False
2026-08-15 14:03:59,768 | ApplicationRunner | INFO | Resolving target ids and reading target omic tables
2026-08-15 14:03:59,774 | AppPreprocessing | INFO | genetoesng: resolving 1 gene symbol(s) to ENSG
2026-08-15 14:03:59,831 | AppPreprocessing | INFO | genetoesng: resolved 1 ENSG id(s)
2026-08-15 14:03:59,839 | AppPreprocessing | INFO | esngtoprotein: resolving proteins for 1 ENSG id(s)
2026-08-15 14:03:59,865 | AppPreprocessing | INFO | esngtoprotein: 1 protein(s) found, 0 ENSG id(s) without a protein (0-fill placeholders)
2026-08-15 14:03:59,865 | AppPreprocessing | INFO | depmapreader: extracting 1 ENSG column(s)
2026-08-15 14:04:11,650 | AppPreprocessing | INFO | depmap: RNA/ENSG -> 1 found, 0 NaN-filled (not found)
2026-08-15 14:04:11,658 | AppPreprocessing | INFO | depmapreader: returning shape (1479, 2)
2026-08-15 14:04:11,731 | AppPreprocessing | INFO | hparnareader: extracting 1 ENSG column(s)
2026-08-15 14:04:20,378 | AppPreprocessing | WARNING | hpa: removed 91 row(s) with null/duplicate ModelID (kept 1054 unique cell line(s))
2026-08-15 14:04:20,378 | AppPreprocessing | INFO | hpa: HPA/ENSG -> 1 found, 0 NaN-filled (not found)
2026-08-15 14:04:20,378 | AppPreprocessing | INFO | hparnareader: returning shape (1054, 2)
2026-08-15 14:04:20,428 | AppPreprocessing | INFO | proteinreader: extracting 1 protein column(s)
2026-08-15 14:04:21,724 | AppPreprocessing | INFO | protein: protein -> 1 found, 0 NaN-filled (not found)
2026-08-15 14:04:21,724 | AppPreprocessing | INFO | proteinreader: returning shape (375, 2)
2026-08-15 14:04:21,742 | AppPreprocessing | INFO | similarityreader: extracting 1 gene cosine column(s)
2026-08-15 14:04:33,119 | AppPreprocessing | INFO | cosine: cosine/ENSG -> 1 found, 0 NaN-filled (not found)
2026-08-15 14:04:33,119 | AppPreprocessing | INFO | similarityreader: returning shape (1479, 2)
2026-08-15 14:04:33,223 | ApplicationRunner | INFO | target_df shape is (1479, 4)
2026-08-15 14:04:33,223 | ApplicationRunner | INFO | Releasing target reader frames from memory
2026-08-15 14:04:33,380 | ApplicationRunner | INFO | Scoring: evidence + similarity (target)
2026-08-15 14:04:33,380 | Scoring | INFO | calculateevidencescore (type=target): input shape (1479, 4)
2026-08-15 14:04:33,380 | Scoring | INFO | calculateevidencescore: 3 value column(s)
2026-08-15 14:04:33,389 | Scoring | INFO | target_evidence: min=0.0000 max=0.8789
2026-08-15 14:04:33,389 | Scoring | INFO | calculatesimilarityscore (type=target): input shape (1479, 2)
2026-08-15 14:04:33,389 | Scoring | INFO | calculatesimilarityscore: 1 cosine column(s)
2026-08-15 14:04:33,403 | Scoring | INFO | target_similarity: min=0.0000 max=1.0000
2026-08-15 14:04:33,404 | ApplicationRunner | INFO | Releasing target cosine frame from memory
2026-08-15 14:04:33,545 | ApplicationRunner | INFO | Calculating the confidence score
2026-08-15 14:04:33,545 | Scoring | INFO | calculateconfidencescore: input shape (1479, 4)
2026-08-15 14:04:33,545 | Scoring | INFO | calculateconfidencescore: pooling 3 value column(s)
2026-08-15 14:04:33,881 | Scoring | INFO | confidence_score: nulls=22 of 1479
2026-08-15 14:04:33,881 | ApplicationRunner | INFO | Releasing confidence input frame from memory
2026-08-15 14:04:33,986 | Scoring | INFO | calculatenetevidencescore (type=target): input shape (1479, 2)
2026-08-15 14:04:33,986 | Scoring | INFO | calculatenetsimilarityscore (type=target): input shape (1479, 2)
2026-08-15 14:04:33,986 | ApplicationRunner | INFO | Releasing target evidence/similarity frames from memory
2026-08-15 14:04:34,121 | ApplicationRunner | INFO | Assembling final score (net_similarity x net_evidence x confidence)
2026-08-15 14:04:34,127 | Scoring | INFO | finalscoring: input shape (1479, 8)
2026-08-15 14:04:34,131 | Scoring | INFO | final_score: nulls=22 of 1479
2026-08-15 14:04:34,133 | ApplicationRunner | INFO | Releasing net score component frames from memory
2026-08-15 14:04:34,244 | ApplicationRunner | INFO | Releasing feature and final-score frames from memory
2026-08-15 14:04:34,359 | ApplicationRunner | INFO | Fusion flagging over 1 gene(s); filter=3
2026-08-15 14:04:34,359 | Fusion | INFO | fusionflagger: 1479 cell line(s), 1 target gene(s), 0 exclusion gene(s)
2026-08-15 14:04:35,894 | Fusion | INFO | fusionflagger: fusion table shape (184237, 31)
2026-08-15 14:04:35,894 | Fusion | INFO | fusionflagger: single target gene, no exclusion -> OR match (gene as either partner)
2026-08-15 14:04:35,915 | Fusion | INFO | fusionflagger: 1 matching fusion row(s); 0 exclusion-involved, 1 target-only ModelID(s)
2026-08-15 14:04:35,917 | Fusion | INFO | fusionflagger: releasing fusion table frames from memory
2026-08-15 14:04:36,125 | Fusion | INFO | fusionflagger: fusion_type counts -> {'No': 1478, 'target': 1}
2026-08-15 14:04:36,284 | ApplicationRunner | INFO | Mutation flagging over 1 gene(s); filter=3
2026-08-15 14:04:36,293 | Mutation | INFO | mutationflager: 1479 cell line(s), 1 target gene(s), 0 exclusion gene(s)
2026-08-15 14:04:49,411 | Mutation | INFO | mutationflager: mutation table shape (1066869, 71)
2026-08-15 14:04:50,351 | Mutation | INFO | mutationflager: 15 distinct ModelID(s) with a matching mutation; 0 exclusion-involved, 15 target-involved
2026-08-15 14:04:50,351 | Mutation | INFO | mutationflager: mutation_type counts -> {'No': 1464, 'target': 15}
2026-08-15 14:04:50,359 | Mutation | INFO | mutationflager: 1479 cell line(s), 1 target gene(s), 0 exclusion gene(s)
2026-08-15 14:05:07,667 | Mutation | INFO | mutationflager: mutation table shape (1066869, 71)
2026-08-15 14:05:08,605 | Mutation | INFO | mutationflager: 15 distinct ModelID(s) with a matching mutation; 0 exclusion-involved, 15 target-involved
2026-08-15 14:05:08,614 | Mutation | INFO | mutationflager: mutation_type counts -> {'No': 1464, 'target': 15}
2026-08-15 14:05:08,768 | ApplicationRunner | INFO | Filtering the dataset for the cell line names
2026-08-15 14:05:08,768 | AppPreprocessing | INFO | Getting the master look up table
2026-08-15 14:05:08,804 | AppPreprocessing | INFO | Filtering the required columns
2026-08-15 14:05:08,804 | AppPreprocessing | INFO | Mergining the data with the master table
2026-08-15 14:05:08,818 | AppPreprocessing | INFO | Droping the rows which have null value
2026-08-15 14:05:08,826 | AppPreprocessing | INFO | Removing the columns which are not needed
2026-08-15 14:05:08,829 | AppPreprocessing | INFO | Getting the master look up table
2026-08-15 14:05:08,850 | AppPreprocessing | INFO | Filtering the required columns
2026-08-15 14:05:08,858 | AppPreprocessing | INFO | Mergining the data with the master table
2026-08-15 14:05:08,866 | AppPreprocessing | INFO | Droping the rows which have null value
2026-08-15 14:05:08,874 | AppPreprocessing | INFO | Removing the columns which are not needed
2026-08-15 14:05:08,882 | ApplicationRunner | INFO | Selected top 10 cell line(s)
2026-08-15 14:05:08,885 | Fusion | INFO | getthefusionreferencetable: 10 top cell line(s), 1 target gene(s), 0 exclusion gene(s)
2026-08-15 14:05:11,830 | Fusion | INFO | getthefusionreferencetable: releasing full fusion table from memory
2026-08-15 14:05:12,077 | Fusion | INFO | getthefusionreferencetable: returning 0 reference row(s)
2026-08-15 14:05:12,077 | Mutation | INFO | getthemutationreferencetable: 10 cell line(s), 1 gene(s)
2026-08-15 14:05:44,852 | Mutation | INFO | getthemutationreferencetable: returning 0 reference row(s)
2026-08-15 14:05:45,137 | ApplicationRunner | INFO | Getting Metabolomnic data
2026-08-15 14:05:45,139 | AppPreprocessing | INFO | Getting the metabolomnic data
2026-08-15 14:05:45,247 | ApplicationRunner | INFO | Running KMeans plot
2026-08-15 14:05:45,247 | ModelLoader | INFO | kmeansonthedata: 10 selected cell line(s)
2026-08-15 14:05:45,415 | ModelLoader | INFO | kmeansonthedata: factor matrix (1479, 20); predicting clusters
2026-08-15 14:05:45,600 | ModelLoader | INFO | kmeansonthedata: generating UMAP projection (full 1479-row manifold)
2026-08-15 14:06:28,917 | ModelLoader | INFO | kmeansonthedata: 10 of 10 chosen id(s) located on the map
2026-08-15 14:06:28,917 | ModelLoader | INFO | kmeansonthedata: releasing factor matrix and UMAP arrays from memory
2026-08-15 14:06:31,327 | ModelLoader | INFO | kmeansonthedata: plot saved to C:\Users\Shankar\Desktop\AstraZeneca\code\astrazeneca\CelllineSelector\images\kmeansplotforselectedcell_563d86d4-c843-4bde-878a-fabe03f18b74.png
2026-08-15 14:06:31,327 | ModelLoader | INFO | kmeansonthedata: releasing plotting frames from memory
2026-08-15 14:06:31,685 | ApplicationRunner | INFO | Kmeans plot completed
2026-08-15 14:06:31,685 | ApplicationRunner | INFO | Running KNN
2026-08-15 14:06:31,685 | ModelLoader | INFO | knnonthedata: finding alternatives for 10 selected cell line(s)
2026-08-15 14:06:31,843 | ModelLoader | INFO | knnonthedata: releasing factor matrix from memory
2026-08-15 14:06:32,210 | ModelLoader | INFO | knnonthedata: 10 of 10 target(s) received an alternative
2026-08-15 14:06:32,210 | ApplicationRunner | INFO | KNN Completed
2026-08-15 14:06:32,210 | ApplicationRunner | INFO | Running Data combiner
2026-08-15 14:06:32,210 | AppPreprocessing | INFO | datacombiner: enriching 10 row(s) with master_lookup identity
2026-08-15 14:06:32,265 | AppPreprocessing | INFO | datacombiner: returning shape (10, 23)
2026-08-15 14:06:32,265 | AppPreprocessing | INFO | datacombiner: enriching 1410 row(s) with master_lookup identity
2026-08-15 14:06:32,309 | AppPreprocessing | INFO | datacombiner: returning shape (1410, 22)
2026-08-15 14:06:32,309 | ApplicationRunner | INFO | Data combiner completed
2026-08-15 14:06:32,309 | ApplicationRunner | INFO | Generating LLM explanation
2026-08-15 14:06:32,334 | Explanation | INFO | generate_explanation: starting
2026-08-15 14:06:32,557 | Explanation | INFO | ollama_chat: calling model 'llama3.2:3b' at http://localhost:11434
2026-08-15 14:14:36,583 | Explanation | INFO | ollama_chat: received 18584 character(s)
2026-08-15 14:14:36,593 | ApplicationRunner | INFO | Removing the selected top 10 from the total list
2026-08-15 14:14:36,601 | ApplicationRunner | INFO | Selected top 10 removed successfully and the final table is arranged in decending order
2026-08-15 14:14:36,603 | ApplicationRunner | INFO | pipelinerun completed successfully
2026-08-15 14:19:38,543 | ApplicationRunner | INFO | Starting the pipeline run
2026-08-15 14:19:38,551 | ApplicationRunner | INFO | exclusionchecker=False and diseasechecker=False
2026-08-15 14:19:38,551 | ApplicationRunner | INFO | Resolving target ids and reading target omic tables
2026-08-15 14:19:38,551 | AppPreprocessing | INFO | genetoesng: resolving 1 gene symbol(s) to ENSG
2026-08-15 14:19:38,609 | AppPreprocessing | INFO | genetoesng: resolved 1 ENSG id(s)
2026-08-15 14:19:38,609 | AppPreprocessing | INFO | esngtoprotein: resolving proteins for 1 ENSG id(s)
2026-08-15 14:19:38,632 | AppPreprocessing | INFO | esngtoprotein: 1 protein(s) found, 0 ENSG id(s) without a protein (0-fill placeholders)
2026-08-15 14:19:38,632 | AppPreprocessing | INFO | depmapreader: extracting 1 ENSG column(s)
2026-08-15 14:19:49,866 | AppPreprocessing | INFO | depmap: RNA/ENSG -> 1 found, 0 NaN-filled (not found)
2026-08-15 14:19:49,868 | AppPreprocessing | INFO | depmapreader: returning shape (1479, 2)
2026-08-15 14:19:49,963 | AppPreprocessing | INFO | hparnareader: extracting 1 ENSG column(s)
2026-08-15 14:19:58,702 | AppPreprocessing | WARNING | hpa: removed 91 row(s) with null/duplicate ModelID (kept 1054 unique cell line(s))
2026-08-15 14:19:58,702 | AppPreprocessing | INFO | hpa: HPA/ENSG -> 1 found, 0 NaN-filled (not found)
2026-08-15 14:19:58,702 | AppPreprocessing | INFO | hparnareader: returning shape (1054, 2)
2026-08-15 14:19:58,751 | AppPreprocessing | INFO | proteinreader: extracting 1 protein column(s)
2026-08-15 14:20:00,207 | AppPreprocessing | INFO | protein: protein -> 1 found, 0 NaN-filled (not found)
2026-08-15 14:20:00,215 | AppPreprocessing | INFO | proteinreader: returning shape (375, 2)
2026-08-15 14:20:00,224 | AppPreprocessing | INFO | similarityreader: extracting 1 gene cosine column(s)
2026-08-15 14:20:11,954 | AppPreprocessing | INFO | cosine: cosine/ENSG -> 1 found, 0 NaN-filled (not found)
2026-08-15 14:20:11,954 | AppPreprocessing | INFO | similarityreader: returning shape (1479, 2)
2026-08-15 14:20:12,030 | ApplicationRunner | INFO | target_df shape is (1479, 4)
2026-08-15 14:20:12,030 | ApplicationRunner | INFO | Releasing target reader frames from memory
2026-08-15 14:20:12,166 | ApplicationRunner | INFO | Scoring: evidence + similarity (target)
2026-08-15 14:20:12,171 | Scoring | INFO | calculateevidencescore (type=target): input shape (1479, 4)
2026-08-15 14:20:12,171 | Scoring | INFO | calculateevidencescore: 3 value column(s)
2026-08-15 14:20:12,177 | Scoring | INFO | target_evidence: min=0.0000 max=0.8716
2026-08-15 14:20:12,179 | Scoring | INFO | calculatesimilarityscore (type=target): input shape (1479, 2)
2026-08-15 14:20:12,181 | Scoring | INFO | calculatesimilarityscore: 1 cosine column(s)
2026-08-15 14:20:12,184 | Scoring | INFO | target_similarity: min=0.0000 max=1.0000
2026-08-15 14:20:12,188 | ApplicationRunner | INFO | Releasing target cosine frame from memory
2026-08-15 14:20:12,359 | ApplicationRunner | INFO | Calculating the confidence score
2026-08-15 14:20:12,359 | Scoring | INFO | calculateconfidencescore: input shape (1479, 4)
2026-08-15 14:20:12,360 | Scoring | INFO | calculateconfidencescore: pooling 3 value column(s)
2026-08-15 14:20:12,761 | Scoring | INFO | confidence_score: nulls=1 of 1479
2026-08-15 14:20:12,761 | ApplicationRunner | INFO | Releasing confidence input frame from memory
2026-08-15 14:20:12,889 | Scoring | INFO | calculatenetevidencescore (type=target): input shape (1479, 2)
2026-08-15 14:20:12,889 | Scoring | INFO | calculatenetsimilarityscore (type=target): input shape (1479, 2)
2026-08-15 14:20:12,891 | ApplicationRunner | INFO | Releasing target evidence/similarity frames from memory
2026-08-15 14:20:13,037 | ApplicationRunner | INFO | Assembling final score (net_similarity x net_evidence x confidence)
2026-08-15 14:20:13,042 | Scoring | INFO | finalscoring: input shape (1479, 8)
2026-08-15 14:20:13,045 | Scoring | INFO | final_score: nulls=1 of 1479
2026-08-15 14:20:13,045 | ApplicationRunner | INFO | Releasing net score component frames from memory
2026-08-15 14:20:13,163 | ApplicationRunner | INFO | Releasing feature and final-score frames from memory
2026-08-15 14:20:13,349 | ApplicationRunner | INFO | Fusion flagging over 1 gene(s); filter=3
2026-08-15 14:20:13,351 | Fusion | INFO | fusionflagger: 1479 cell line(s), 1 target gene(s), 0 exclusion gene(s)
2026-08-15 14:20:14,763 | Fusion | INFO | fusionflagger: fusion table shape (184237, 31)
2026-08-15 14:20:14,763 | Fusion | INFO | fusionflagger: single target gene, no exclusion -> OR match (gene as either partner)
2026-08-15 14:20:14,778 | Fusion | INFO | fusionflagger: 7 matching fusion row(s); 0 exclusion-involved, 5 target-only ModelID(s)
2026-08-15 14:20:14,778 | Fusion | INFO | fusionflagger: releasing fusion table frames from memory
2026-08-15 14:20:14,897 | Fusion | INFO | fusionflagger: fusion_type counts -> {'No': 1474, 'target': 5}
2026-08-15 14:20:15,015 | ApplicationRunner | INFO | Mutation flagging over 1 gene(s); filter=3
2026-08-15 14:20:15,015 | Mutation | INFO | mutationflager: 1479 cell line(s), 1 target gene(s), 0 exclusion gene(s)
2026-08-15 14:20:29,555 | Mutation | INFO | mutationflager: mutation table shape (1066869, 71)
2026-08-15 14:20:30,589 | Mutation | INFO | mutationflager: 0 distinct ModelID(s) with a matching mutation; 0 exclusion-involved, 0 target-involved
2026-08-15 14:20:30,593 | Mutation | INFO | mutationflager: mutation_type counts -> {'No': 1479}
2026-08-15 14:20:30,593 | Mutation | INFO | mutationflager: 1479 cell line(s), 1 target gene(s), 0 exclusion gene(s)
2026-08-15 14:20:45,305 | Mutation | INFO | mutationflager: mutation table shape (1066869, 71)
2026-08-15 14:20:46,209 | Mutation | INFO | mutationflager: 0 distinct ModelID(s) with a matching mutation; 0 exclusion-involved, 0 target-involved
2026-08-15 14:20:46,218 | Mutation | INFO | mutationflager: mutation_type counts -> {'No': 1479}
2026-08-15 14:20:46,353 | ApplicationRunner | INFO | Filtering the dataset for the cell line names
2026-08-15 14:20:46,353 | AppPreprocessing | INFO | Getting the master look up table
2026-08-15 14:20:46,366 | AppPreprocessing | INFO | Filtering the required columns
2026-08-15 14:20:46,369 | AppPreprocessing | INFO | Mergining the data with the master table
2026-08-15 14:20:46,372 | AppPreprocessing | INFO | Droping the rows which have null value
2026-08-15 14:20:46,372 | AppPreprocessing | INFO | Removing the columns which are not needed
2026-08-15 14:20:46,379 | AppPreprocessing | INFO | Getting the master look up table
2026-08-15 14:20:46,392 | AppPreprocessing | INFO | Filtering the required columns
2026-08-15 14:20:46,394 | AppPreprocessing | INFO | Mergining the data with the master table
2026-08-15 14:20:46,397 | AppPreprocessing | INFO | Droping the rows which have null value
2026-08-15 14:20:46,399 | AppPreprocessing | INFO | Removing the columns which are not needed
2026-08-15 14:20:46,407 | ApplicationRunner | INFO | Selected top 10 cell line(s)
2026-08-15 14:20:46,410 | Fusion | INFO | getthefusionreferencetable: 10 top cell line(s), 1 target gene(s), 0 exclusion gene(s)
2026-08-15 14:20:48,110 | Fusion | INFO | getthefusionreferencetable: releasing full fusion table from memory
2026-08-15 14:20:48,223 | Fusion | INFO | getthefusionreferencetable: returning 0 reference row(s)
2026-08-15 14:20:48,223 | Mutation | INFO | getthemutationreferencetable: 10 cell line(s), 1 gene(s)
2026-08-15 14:21:02,251 | Mutation | INFO | getthemutationreferencetable: returning 0 reference row(s)
2026-08-15 14:21:02,375 | ApplicationRunner | INFO | Getting Metabolomnic data
2026-08-15 14:21:02,375 | AppPreprocessing | INFO | Getting the metabolomnic data
2026-08-15 14:21:02,416 | ApplicationRunner | INFO | Running KMeans plot
2026-08-15 14:21:02,416 | ModelLoader | INFO | kmeansonthedata: 10 selected cell line(s)
2026-08-15 14:21:02,490 | ModelLoader | INFO | kmeansonthedata: factor matrix (1479, 20); predicting clusters
2026-08-15 14:21:02,556 | ModelLoader | INFO | kmeansonthedata: generating UMAP projection (full 1479-row manifold)
2026-08-15 14:21:22,473 | ModelLoader | INFO | kmeansonthedata: 10 of 10 chosen id(s) located on the map
2026-08-15 14:21:22,473 | ModelLoader | INFO | kmeansonthedata: releasing factor matrix and UMAP arrays from memory
2026-08-15 14:21:23,643 | ModelLoader | INFO | kmeansonthedata: plot saved to C:\Users\Shankar\Desktop\AstraZeneca\code\astrazeneca\CelllineSelector\images\kmeansplotforselectedcell_f7d08ee9-2bf7-41d2-ac72-5c062f864e3f.png
2026-08-15 14:21:23,647 | ModelLoader | INFO | kmeansonthedata: releasing plotting frames from memory
2026-08-15 14:21:23,804 | ApplicationRunner | INFO | Kmeans plot completed
2026-08-15 14:21:23,806 | ApplicationRunner | INFO | Running KNN
2026-08-15 14:21:23,806 | ModelLoader | INFO | knnonthedata: finding alternatives for 10 selected cell line(s)
2026-08-15 14:21:23,914 | ModelLoader | INFO | knnonthedata: releasing factor matrix from memory
2026-08-15 14:21:24,095 | ModelLoader | INFO | knnonthedata: 10 of 10 target(s) received an alternative
2026-08-15 14:21:24,095 | ApplicationRunner | INFO | KNN Completed
2026-08-15 14:21:24,097 | ApplicationRunner | INFO | Running Data combiner
2026-08-15 14:21:24,097 | AppPreprocessing | INFO | datacombiner: enriching 10 row(s) with master_lookup identity
2026-08-15 14:21:24,127 | AppPreprocessing | INFO | datacombiner: returning shape (10, 23)
2026-08-15 14:21:24,127 | AppPreprocessing | INFO | datacombiner: enriching 1410 row(s) with master_lookup identity
2026-08-15 14:21:24,156 | AppPreprocessing | INFO | datacombiner: returning shape (1410, 22)
2026-08-15 14:21:24,158 | ApplicationRunner | INFO | Data combiner completed
2026-08-15 14:21:24,158 | ApplicationRunner | INFO | Generating LLM explanation
2026-08-15 14:21:24,164 | Explanation | INFO | generate_explanation: starting
2026-08-15 14:21:24,318 | Explanation | INFO | ollama_chat: calling model 'llama3.2:3b' at http://localhost:11434
2026-08-15 14:26:52,848 | Explanation | INFO | ollama_chat: received 10519 character(s)
2026-08-15 14:26:52,960 | ApplicationRunner | INFO | Removing the selected top 10 from the total list
2026-08-15 14:26:53,062 | ApplicationRunner | INFO | Selected top 10 removed successfully and the final table is arranged in decending order
2026-08-15 14:26:53,062 | ApplicationRunner | INFO | pipelinerun completed successfully
2026-08-15 14:30:36,339 | ApplicationRunner | INFO | Starting the pipeline run
2026-08-15 14:30:36,339 | ApplicationRunner | INFO | exclusionchecker=False and diseasechecker=False
2026-08-15 14:30:36,339 | ApplicationRunner | INFO | Resolving target ids and reading target omic tables
2026-08-15 14:30:36,339 | AppPreprocessing | INFO | genetoesng: resolving 1 gene symbol(s) to ENSG
2026-08-15 14:30:36,400 | AppPreprocessing | INFO | genetoesng: resolved 1 ENSG id(s)
2026-08-15 14:30:36,401 | AppPreprocessing | INFO | esngtoprotein: resolving proteins for 1 ENSG id(s)
2026-08-15 14:30:36,422 | AppPreprocessing | INFO | esngtoprotein: 0 protein(s) found, 1 ENSG id(s) without a protein (0-fill placeholders)
2026-08-15 14:30:36,423 | AppPreprocessing | INFO | depmapreader: extracting 1 ENSG column(s)
2026-08-15 14:30:50,315 | AppPreprocessing | INFO | depmap: RNA/ENSG -> 1 found, 0 NaN-filled (not found)
2026-08-15 14:30:50,317 | AppPreprocessing | INFO | depmapreader: returning shape (1479, 2)
2026-08-15 14:30:50,372 | AppPreprocessing | INFO | hparnareader: extracting 1 ENSG column(s)
2026-08-15 14:31:01,121 | AppPreprocessing | WARNING | hpa: removed 91 row(s) with null/duplicate ModelID (kept 1054 unique cell line(s))
2026-08-15 14:31:01,122 | AppPreprocessing | INFO | hpa: HPA/ENSG -> 1 found, 0 NaN-filled (not found)
2026-08-15 14:31:01,123 | AppPreprocessing | INFO | hparnareader: returning shape (1054, 2)
2026-08-15 14:31:01,184 | AppPreprocessing | INFO | proteinreader: extracting 0 protein column(s)
2026-08-15 14:31:02,871 | AppPreprocessing | INFO | protein: protein -> 0 found, 0 NaN-filled (not found)
2026-08-15 14:31:02,872 | AppPreprocessing | INFO | proteinreader: returning shape (375, 1)
2026-08-15 14:31:02,882 | AppPreprocessing | INFO | similarityreader: extracting 1 gene cosine column(s)
2026-08-15 14:31:16,324 | AppPreprocessing | INFO | cosine: cosine/ENSG -> 1 found, 0 NaN-filled (not found)
2026-08-15 14:31:16,326 | AppPreprocessing | INFO | similarityreader: returning shape (1479, 2)
2026-08-15 14:31:16,406 | ApplicationRunner | INFO | target_df shape is (1479, 4)
2026-08-15 14:31:16,406 | ApplicationRunner | INFO | Releasing target reader frames from memory
2026-08-15 14:31:16,562 | ApplicationRunner | INFO | Scoring: evidence + similarity (target)
2026-08-15 14:31:16,565 | Scoring | INFO | calculateevidencescore (type=target): input shape (1479, 4)
2026-08-15 14:31:16,565 | Scoring | INFO | calculateevidencescore: 3 value column(s)
2026-08-15 14:31:16,570 | Scoring | INFO | target_evidence: min=0.0000 max=0.6667
2026-08-15 14:31:16,571 | Scoring | INFO | calculatesimilarityscore (type=target): input shape (1479, 2)
2026-08-15 14:31:16,571 | Scoring | INFO | calculatesimilarityscore: 1 cosine column(s)
2026-08-15 14:31:16,574 | Scoring | INFO | target_similarity: min=0.0000 max=1.0000
2026-08-15 14:31:16,575 | ApplicationRunner | INFO | Releasing target cosine frame from memory
2026-08-15 14:31:16,716 | ApplicationRunner | INFO | Calculating the confidence score
2026-08-15 14:31:16,716 | Scoring | INFO | calculateconfidencescore: input shape (1479, 4)
2026-08-15 14:31:16,717 | Scoring | INFO | calculateconfidencescore: pooling 3 value column(s)
2026-08-15 14:31:16,999 | Scoring | INFO | confidence_score: nulls=550 of 1479
2026-08-15 14:31:16,999 | ApplicationRunner | INFO | Releasing confidence input frame from memory
2026-08-15 14:31:17,141 | Scoring | INFO | calculatenetevidencescore (type=target): input shape (1479, 2)
2026-08-15 14:31:17,143 | Scoring | INFO | calculatenetsimilarityscore (type=target): input shape (1479, 2)
2026-08-15 14:31:17,143 | ApplicationRunner | INFO | Releasing target evidence/similarity frames from memory
2026-08-15 14:31:17,298 | ApplicationRunner | INFO | Assembling final score (net_similarity x net_evidence x confidence)
2026-08-15 14:31:17,308 | Scoring | INFO | finalscoring: input shape (1479, 8)
2026-08-15 14:31:17,314 | Scoring | INFO | final_score: nulls=550 of 1479
2026-08-15 14:31:17,315 | ApplicationRunner | INFO | Releasing net score component frames from memory
2026-08-15 14:31:17,507 | ApplicationRunner | INFO | Releasing feature and final-score frames from memory
2026-08-15 14:31:17,667 | ApplicationRunner | INFO | Fusion flagging over 1 gene(s); filter=3
2026-08-15 14:31:17,667 | Fusion | INFO | fusionflagger: 1479 cell line(s), 1 target gene(s), 0 exclusion gene(s)
2026-08-15 14:31:19,305 | Fusion | INFO | fusionflagger: fusion table shape (184237, 31)
2026-08-15 14:31:19,305 | Fusion | INFO | fusionflagger: single target gene, no exclusion -> OR match (gene as either partner)
2026-08-15 14:31:19,318 | Fusion | INFO | fusionflagger: 11 matching fusion row(s); 0 exclusion-involved, 9 target-only ModelID(s)
2026-08-15 14:31:19,318 | Fusion | INFO | fusionflagger: releasing fusion table frames from memory
2026-08-15 14:31:19,488 | Fusion | INFO | fusionflagger: fusion_type counts -> {'No': 1471, 'target': 8}
2026-08-15 14:31:19,640 | ApplicationRunner | INFO | Mutation flagging over 1 gene(s); filter=3
2026-08-15 14:31:19,640 | Mutation | INFO | mutationflager: 1479 cell line(s), 1 target gene(s), 0 exclusion gene(s)
2026-08-15 14:31:33,862 | Mutation | INFO | mutationflager: mutation table shape (1066869, 71)
2026-08-15 14:31:34,839 | Mutation | INFO | mutationflager: 18 distinct ModelID(s) with a matching mutation; 0 exclusion-involved, 18 target-involved
2026-08-15 14:31:34,844 | Mutation | INFO | mutationflager: mutation_type counts -> {'No': 1462, 'target': 17}
2026-08-15 14:31:34,846 | Mutation | INFO | mutationflager: 1479 cell line(s), 1 target gene(s), 0 exclusion gene(s)
2026-08-15 14:31:49,237 | Mutation | INFO | mutationflager: mutation table shape (1066869, 71)
2026-08-15 14:31:50,270 | Mutation | INFO | mutationflager: 18 distinct ModelID(s) with a matching mutation; 0 exclusion-involved, 18 target-involved
2026-08-15 14:31:50,274 | Mutation | INFO | mutationflager: mutation_type counts -> {'No': 1462, 'target': 17}
2026-08-15 14:31:50,429 | ApplicationRunner | INFO | Filtering the dataset for the cell line names
2026-08-15 14:31:50,429 | AppPreprocessing | INFO | Getting the master look up table
2026-08-15 14:31:50,439 | AppPreprocessing | INFO | Filtering the required columns
2026-08-15 14:31:50,440 | AppPreprocessing | INFO | Mergining the data with the master table
2026-08-15 14:31:50,443 | AppPreprocessing | INFO | Droping the rows which have null value
2026-08-15 14:31:50,445 | AppPreprocessing | INFO | Removing the columns which are not needed
2026-08-15 14:31:50,446 | AppPreprocessing | INFO | Getting the master look up table
2026-08-15 14:31:50,455 | AppPreprocessing | INFO | Filtering the required columns
2026-08-15 14:31:50,456 | AppPreprocessing | INFO | Mergining the data with the master table
2026-08-15 14:31:50,458 | AppPreprocessing | INFO | Droping the rows which have null value
2026-08-15 14:31:50,460 | AppPreprocessing | INFO | Removing the columns which are not needed
2026-08-15 14:31:50,463 | ApplicationRunner | INFO | Selected top 10 cell line(s)
2026-08-15 14:31:50,463 | Fusion | INFO | getthefusionreferencetable: 10 top cell line(s), 1 target gene(s), 0 exclusion gene(s)
2026-08-15 14:31:51,941 | Fusion | INFO | getthefusionreferencetable: releasing full fusion table from memory
2026-08-15 14:31:52,109 | Fusion | INFO | getthefusionreferencetable: returning 0 reference row(s)
2026-08-15 14:31:52,109 | Mutation | INFO | getthemutationreferencetable: 10 cell line(s), 1 gene(s)
2026-08-15 14:32:09,387 | Mutation | INFO | getthemutationreferencetable: returning 0 reference row(s)
2026-08-15 14:32:10,315 | ApplicationRunner | INFO | Getting Metabolomnic data
2026-08-15 14:32:10,316 | AppPreprocessing | INFO | Getting the metabolomnic data
2026-08-15 14:32:10,402 | ApplicationRunner | INFO | Running KMeans plot
2026-08-15 14:32:10,403 | ModelLoader | INFO | kmeansonthedata: 10 selected cell line(s)
2026-08-15 14:32:10,532 | ModelLoader | INFO | kmeansonthedata: factor matrix (1479, 20); predicting clusters
2026-08-15 14:32:10,755 | ModelLoader | INFO | kmeansonthedata: generating UMAP projection (full 1479-row manifold)
2026-08-15 14:32:32,180 | ModelLoader | INFO | kmeansonthedata: 10 of 10 chosen id(s) located on the map
2026-08-15 14:32:32,180 | ModelLoader | INFO | kmeansonthedata: releasing factor matrix and UMAP arrays from memory
2026-08-15 14:32:34,113 | ModelLoader | INFO | kmeansonthedata: plot saved to C:\Users\Shankar\Desktop\AstraZeneca\code\astrazeneca\CelllineSelector\images\kmeansplotforselectedcell_1cd20998-f391-45f8-aab4-d201602aaf0a.png
2026-08-15 14:32:34,113 | ModelLoader | INFO | kmeansonthedata: releasing plotting frames from memory
2026-08-15 14:32:34,395 | ApplicationRunner | INFO | Kmeans plot completed
2026-08-15 14:32:34,396 | ApplicationRunner | INFO | Running KNN
2026-08-15 14:32:34,396 | ModelLoader | INFO | knnonthedata: finding alternatives for 10 selected cell line(s)
2026-08-15 14:32:34,594 | ModelLoader | INFO | knnonthedata: releasing factor matrix from memory
2026-08-15 14:32:34,925 | ModelLoader | INFO | knnonthedata: 10 of 10 target(s) received an alternative
2026-08-15 14:32:34,926 | ApplicationRunner | INFO | KNN Completed
2026-08-15 14:32:34,928 | ApplicationRunner | INFO | Running Data combiner
2026-08-15 14:32:34,928 | AppPreprocessing | INFO | datacombiner: enriching 10 row(s) with master_lookup identity
2026-08-15 14:32:34,995 | AppPreprocessing | INFO | datacombiner: returning shape (10, 23)
2026-08-15 14:32:34,995 | AppPreprocessing | INFO | datacombiner: enriching 1410 row(s) with master_lookup identity
2026-08-15 14:32:35,052 | AppPreprocessing | INFO | datacombiner: returning shape (1410, 22)
2026-08-15 14:32:35,053 | ApplicationRunner | INFO | Data combiner completed
2026-08-15 14:32:35,053 | ApplicationRunner | INFO | Generating LLM explanation
2026-08-15 14:32:35,072 | Explanation | INFO | generate_explanation: starting
2026-08-15 14:32:35,443 | Explanation | INFO | ollama_chat: calling model 'llama3.2:3b' at http://localhost:11434
2026-08-15 14:37:44,914 | Explanation | INFO | ollama_chat: received 7693 character(s)
2026-08-15 14:37:44,930 | ApplicationRunner | INFO | Removing the selected top 10 from the total list
2026-08-15 14:37:44,954 | ApplicationRunner | INFO | Selected top 10 removed successfully and the final table is arranged in decending order
2026-08-15 14:37:44,955 | ApplicationRunner | INFO | pipelinerun completed successfully
2026-08-15 15:10:05,493 | ApplicationRunner | INFO | Starting the pipeline run
2026-08-15 15:10:05,494 | ApplicationRunner | INFO | exclusionchecker=False and diseasechecker=False
2026-08-15 15:10:05,494 | ApplicationRunner | INFO | Resolving target ids and reading target omic tables
2026-08-15 15:10:05,494 | AppPreprocessing | INFO | genetoesng: resolving 1 gene symbol(s) to ENSG
2026-08-15 15:10:05,549 | AppPreprocessing | INFO | genetoesng: resolved 1 ENSG id(s)
2026-08-15 15:10:05,549 | AppPreprocessing | INFO | esngtoprotein: resolving proteins for 1 ENSG id(s)
2026-08-15 15:10:05,568 | AppPreprocessing | INFO | esngtoprotein: 0 protein(s) found, 1 ENSG id(s) without a protein (0-fill placeholders)
2026-08-15 15:10:05,569 | AppPreprocessing | INFO | depmapreader: extracting 1 ENSG column(s)
2026-08-15 15:10:12,508 | AppPreprocessing | INFO | depmap: RNA/ENSG -> 1 found, 0 NaN-filled (not found)
2026-08-15 15:10:12,510 | AppPreprocessing | INFO | depmapreader: returning shape (1479, 2)
2026-08-15 15:10:12,563 | AppPreprocessing | INFO | hparnareader: extracting 1 ENSG column(s)
2026-08-15 15:10:18,034 | AppPreprocessing | WARNING | hpa: removed 91 row(s) with null/duplicate ModelID (kept 1054 unique cell line(s))
2026-08-15 15:10:18,035 | AppPreprocessing | INFO | hpa: HPA/ENSG -> 1 found, 0 NaN-filled (not found)
2026-08-15 15:10:18,036 | AppPreprocessing | INFO | hparnareader: returning shape (1054, 2)
2026-08-15 15:10:18,068 | AppPreprocessing | INFO | proteinreader: extracting 0 protein column(s)
2026-08-15 15:10:18,968 | AppPreprocessing | INFO | protein: protein -> 0 found, 0 NaN-filled (not found)
2026-08-15 15:10:18,969 | AppPreprocessing | INFO | proteinreader: returning shape (375, 1)
2026-08-15 15:10:18,977 | AppPreprocessing | INFO | similarityreader: extracting 1 gene cosine column(s)
2026-08-15 15:10:26,025 | AppPreprocessing | INFO | cosine: cosine/ENSG -> 1 found, 0 NaN-filled (not found)
2026-08-15 15:10:26,026 | AppPreprocessing | INFO | similarityreader: returning shape (1479, 2)
2026-08-15 15:10:26,084 | ApplicationRunner | INFO | target_df shape is (1479, 4)
2026-08-15 15:10:26,084 | ApplicationRunner | INFO | Releasing target reader frames from memory
2026-08-15 15:10:26,164 | ApplicationRunner | INFO | Scoring: evidence + similarity (target)
2026-08-15 15:10:26,166 | Scoring | INFO | calculateevidencescore (type=target): input shape (1479, 4)
2026-08-15 15:10:26,166 | Scoring | INFO | calculateevidencescore: 3 value column(s)
2026-08-15 15:10:26,169 | Scoring | INFO | target_evidence: min=0.0000 max=0.6667
2026-08-15 15:10:26,170 | Scoring | INFO | calculatesimilarityscore (type=target): input shape (1479, 2)
2026-08-15 15:10:26,170 | Scoring | INFO | calculatesimilarityscore: 1 cosine column(s)
2026-08-15 15:10:26,173 | Scoring | INFO | target_similarity: min=0.0000 max=1.0000
2026-08-15 15:10:26,173 | ApplicationRunner | INFO | Releasing target cosine frame from memory
2026-08-15 15:10:26,257 | ApplicationRunner | INFO | Calculating the confidence score
2026-08-15 15:10:26,258 | Scoring | INFO | calculateconfidencescore: input shape (1479, 4)
2026-08-15 15:10:26,258 | Scoring | INFO | calculateconfidencescore: pooling 3 value column(s)
2026-08-15 15:10:26,440 | Scoring | INFO | confidence_score: nulls=550 of 1479
2026-08-15 15:10:26,440 | ApplicationRunner | INFO | Releasing confidence input frame from memory
2026-08-15 15:10:26,521 | Scoring | INFO | calculatenetevidencescore (type=target): input shape (1479, 2)
2026-08-15 15:10:26,523 | Scoring | INFO | calculatenetsimilarityscore (type=target): input shape (1479, 2)
2026-08-15 15:10:26,524 | ApplicationRunner | INFO | Releasing target evidence/similarity frames from memory
2026-08-15 15:10:26,603 | ApplicationRunner | INFO | Assembling final score (net_similarity x net_evidence x confidence)
2026-08-15 15:10:26,608 | Scoring | INFO | finalscoring: input shape (1479, 8)
2026-08-15 15:10:26,609 | Scoring | INFO | final_score: nulls=550 of 1479
2026-08-15 15:10:26,609 | ApplicationRunner | INFO | Releasing net score component frames from memory
2026-08-15 15:10:26,698 | ApplicationRunner | INFO | Releasing feature and final-score frames from memory
2026-08-15 15:10:26,781 | ApplicationRunner | INFO | Fusion flagging over 1 gene(s); filter=3
2026-08-15 15:10:26,781 | Fusion | INFO | fusionflagger: 1479 cell line(s), 1 target gene(s), 0 exclusion gene(s)
2026-08-15 15:10:27,578 | Fusion | INFO | fusionflagger: fusion table shape (184237, 31)
2026-08-15 15:10:27,578 | Fusion | INFO | fusionflagger: single target gene, no exclusion -> OR match (gene as either partner)
2026-08-15 15:10:27,605 | Fusion | INFO | fusionflagger: 11 matching fusion row(s); 0 exclusion-involved, 9 target-only ModelID(s)
2026-08-15 15:10:27,605 | Fusion | INFO | fusionflagger: releasing fusion table frames from memory
2026-08-15 15:10:27,703 | Fusion | INFO | fusionflagger: fusion_type counts -> {'No': 1471, 'target': 8}
2026-08-15 15:10:27,792 | ApplicationRunner | INFO | Mutation flagging over 1 gene(s); filter=3
2026-08-15 15:10:27,792 | Mutation | INFO | mutationflager: 1479 cell line(s), 1 target gene(s), 0 exclusion gene(s)
2026-08-15 15:10:36,155 | Mutation | INFO | mutationflager: mutation table shape (1066869, 71)
2026-08-15 15:10:37,007 | Mutation | INFO | mutationflager: 18 distinct ModelID(s) with a matching mutation; 0 exclusion-involved, 18 target-involved
2026-08-15 15:10:37,011 | Mutation | INFO | mutationflager: mutation_type counts -> {'No': 1462, 'target': 17}
2026-08-15 15:10:37,014 | Mutation | INFO | mutationflager: 1479 cell line(s), 1 target gene(s), 0 exclusion gene(s)
2026-08-15 15:10:45,791 | Mutation | INFO | mutationflager: mutation table shape (1066869, 71)
2026-08-15 15:10:46,354 | Mutation | INFO | mutationflager: 18 distinct ModelID(s) with a matching mutation; 0 exclusion-involved, 18 target-involved
2026-08-15 15:10:46,358 | Mutation | INFO | mutationflager: mutation_type counts -> {'No': 1462, 'target': 17}
2026-08-15 15:10:46,807 | ApplicationRunner | INFO | Filtering the dataset for the cell line names
2026-08-15 15:10:46,807 | AppPreprocessing | INFO | Getting the master look up table
2026-08-15 15:10:46,922 | AppPreprocessing | INFO | Filtering the required columns
2026-08-15 15:10:46,924 | AppPreprocessing | INFO | Mergining the data with the master table
2026-08-15 15:10:46,929 | AppPreprocessing | INFO | Droping the rows which have null value
2026-08-15 15:10:46,932 | AppPreprocessing | INFO | Removing the columns which are not needed
2026-08-15 15:10:46,934 | AppPreprocessing | INFO | Getting the master look up table
2026-08-15 15:10:46,942 | AppPreprocessing | INFO | Filtering the required columns
2026-08-15 15:10:46,944 | AppPreprocessing | INFO | Mergining the data with the master table
2026-08-15 15:10:46,946 | AppPreprocessing | INFO | Droping the rows which have null value
2026-08-15 15:10:46,948 | AppPreprocessing | INFO | Removing the columns which are not needed
2026-08-15 15:10:46,951 | ApplicationRunner | INFO | Selected top 10 cell line(s)
2026-08-15 15:10:46,951 | Fusion | INFO | getthefusionreferencetable: 10 top cell line(s), 1 target gene(s), 0 exclusion gene(s)
2026-08-15 15:10:47,780 | Fusion | INFO | getthefusionreferencetable: releasing full fusion table from memory
2026-08-15 15:10:47,915 | Fusion | INFO | getthefusionreferencetable: returning 0 reference row(s)
2026-08-15 15:10:47,915 | Mutation | INFO | getthemutationreferencetable: 10 cell line(s), 1 gene(s)
2026-08-15 15:10:56,787 | Mutation | INFO | getthemutationreferencetable: returning 0 reference row(s)
2026-08-15 15:10:56,882 | ApplicationRunner | INFO | Getting Metabolomnic data
2026-08-15 15:10:56,882 | AppPreprocessing | INFO | Getting the metabolomnic data
2026-08-15 15:10:56,916 | ApplicationRunner | INFO | Running KMeans plot
2026-08-15 15:10:56,917 | ModelLoader | INFO | kmeansonthedata: 10 selected cell line(s)
2026-08-15 15:10:56,989 | ModelLoader | INFO | kmeansonthedata: factor matrix (1479, 20); predicting clusters
2026-08-15 15:10:57,062 | ModelLoader | INFO | kmeansonthedata: generating UMAP projection (full 1479-row manifold)
2026-08-15 15:11:09,720 | ModelLoader | INFO | kmeansonthedata: 10 of 10 chosen id(s) located on the map
2026-08-15 15:11:09,720 | ModelLoader | INFO | kmeansonthedata: releasing factor matrix and UMAP arrays from memory
2026-08-15 15:11:10,522 | ModelLoader | INFO | kmeansonthedata: plot saved to C:\Users\Shankar\Desktop\AstraZeneca\code\astrazeneca\CelllineSelector\images\kmeansplotforselectedcell_0bc08e95-8c2c-45bf-a768-e3736456ec5f.png
2026-08-15 15:11:10,522 | ModelLoader | INFO | kmeansonthedata: releasing plotting frames from memory
2026-08-15 15:11:10,630 | ApplicationRunner | INFO | Kmeans plot completed
2026-08-15 15:11:10,630 | ApplicationRunner | INFO | Running KNN
2026-08-15 15:11:10,630 | ModelLoader | INFO | knnonthedata: finding alternatives for 10 selected cell line(s)
2026-08-15 15:11:10,680 | ModelLoader | INFO | knnonthedata: releasing factor matrix from memory
2026-08-15 15:11:10,801 | ModelLoader | INFO | knnonthedata: 10 of 10 target(s) received an alternative
2026-08-15 15:11:10,802 | ApplicationRunner | INFO | KNN Completed
2026-08-15 15:11:10,802 | ApplicationRunner | INFO | Running Data combiner
2026-08-15 15:11:10,802 | AppPreprocessing | INFO | datacombiner: enriching 10 row(s) with master_lookup identity
2026-08-15 15:11:10,814 | AppPreprocessing | INFO | datacombiner: returning shape (10, 23)
2026-08-15 15:11:10,815 | AppPreprocessing | INFO | datacombiner: enriching 1410 row(s) with master_lookup identity
2026-08-15 15:11:10,826 | AppPreprocessing | INFO | datacombiner: returning shape (1410, 22)
2026-08-15 15:11:10,827 | ApplicationRunner | INFO | Data combiner completed
2026-08-15 15:11:10,827 | ApplicationRunner | INFO | Generating LLM explanation
2026-08-15 15:11:10,831 | Explanation | INFO | generate_explanation: starting
2026-08-15 15:11:10,934 | Explanation | INFO | ollama_chat: calling model 'llama3.2:3b' at http://localhost:11434
2026-08-15 15:14:46,099 | Explanation | INFO | ollama_chat: received 7614 character(s)
2026-08-15 15:14:46,104 | ApplicationRunner | INFO | Removing the selected top 10 from the total list
2026-08-15 15:14:46,110 | ApplicationRunner | INFO | Selected top 10 removed successfully and the final table is arranged in decending order
2026-08-15 15:14:46,110 | ApplicationRunner | INFO | pipelinerun completed successfully
2026-08-15 15:40:44,991 | ApplicationRunner | INFO | Starting the pipeline run
2026-08-15 15:40:44,992 | ApplicationRunner | INFO | exclusionchecker=False and diseasechecker=False
2026-08-15 15:40:44,992 | ApplicationRunner | INFO | Resolving target ids and reading target omic tables
2026-08-15 15:40:44,992 | AppPreprocessing | INFO | genetoesng: resolving 1 gene symbol(s) to ENSG
2026-08-15 15:40:45,018 | AppPreprocessing | INFO | genetoesng: resolved 1 ENSG id(s)
2026-08-15 15:40:45,018 | AppPreprocessing | INFO | esngtoprotein: resolving proteins for 1 ENSG id(s)
2026-08-15 15:40:45,034 | AppPreprocessing | INFO | esngtoprotein: 1 protein(s) found, 0 ENSG id(s) without a protein (0-fill placeholders)
2026-08-15 15:40:45,034 | AppPreprocessing | INFO | depmapreader: extracting 1 ENSG column(s)
2026-08-15 15:40:51,709 | AppPreprocessing | INFO | depmap: RNA/ENSG -> 1 found, 0 NaN-filled (not found)
2026-08-15 15:40:51,710 | AppPreprocessing | INFO | depmapreader: returning shape (1479, 2)
2026-08-15 15:40:51,745 | AppPreprocessing | INFO | hparnareader: extracting 1 ENSG column(s)
2026-08-15 15:40:57,436 | AppPreprocessing | WARNING | hpa: removed 91 row(s) with null/duplicate ModelID (kept 1054 unique cell line(s))
2026-08-15 15:40:57,436 | AppPreprocessing | INFO | hpa: HPA/ENSG -> 1 found, 0 NaN-filled (not found)
2026-08-15 15:40:57,438 | AppPreprocessing | INFO | hparnareader: returning shape (1054, 2)
2026-08-15 15:40:57,468 | AppPreprocessing | INFO | proteinreader: extracting 1 protein column(s)
2026-08-15 15:40:58,348 | AppPreprocessing | INFO | protein: protein -> 1 found, 0 NaN-filled (not found)
2026-08-15 15:40:58,349 | AppPreprocessing | INFO | proteinreader: returning shape (375, 2)
2026-08-15 15:40:58,358 | AppPreprocessing | INFO | similarityreader: extracting 1 gene cosine column(s)
2026-08-15 15:41:05,200 | AppPreprocessing | INFO | cosine: cosine/ENSG -> 1 found, 0 NaN-filled (not found)
2026-08-15 15:41:05,201 | AppPreprocessing | INFO | similarityreader: returning shape (1479, 2)
2026-08-15 15:41:05,267 | ApplicationRunner | INFO | target_df shape is (1479, 4)
2026-08-15 15:41:05,268 | ApplicationRunner | INFO | Releasing target reader frames from memory
2026-08-15 15:41:05,352 | ApplicationRunner | INFO | Scoring: evidence + similarity (target)
2026-08-15 15:41:05,354 | Scoring | INFO | calculateevidencescore (type=target): input shape (1479, 4)
2026-08-15 15:41:05,354 | Scoring | INFO | calculateevidencescore: 3 value column(s)
2026-08-15 15:41:05,358 | Scoring | INFO | target_evidence: min=0.0000 max=0.9888
2026-08-15 15:41:05,358 | Scoring | INFO | calculatesimilarityscore (type=target): input shape (1479, 2)
2026-08-15 15:41:05,358 | Scoring | INFO | calculatesimilarityscore: 1 cosine column(s)
2026-08-15 15:41:05,360 | Scoring | INFO | target_similarity: min=0.0000 max=1.0000
2026-08-15 15:41:05,361 | ApplicationRunner | INFO | Releasing target cosine frame from memory
2026-08-15 15:41:05,443 | ApplicationRunner | INFO | Calculating the confidence score
2026-08-15 15:41:05,443 | Scoring | INFO | calculateconfidencescore: input shape (1479, 4)
2026-08-15 15:41:05,444 | Scoring | INFO | calculateconfidencescore: pooling 3 value column(s)
2026-08-15 15:41:05,617 | Scoring | INFO | confidence_score: nulls=1 of 1479
2026-08-15 15:41:05,617 | ApplicationRunner | INFO | Releasing confidence input frame from memory
2026-08-15 15:41:05,696 | Scoring | INFO | calculatenetevidencescore (type=target): input shape (1479, 2)
2026-08-15 15:41:05,697 | Scoring | INFO | calculatenetsimilarityscore (type=target): input shape (1479, 2)
2026-08-15 15:41:05,698 | ApplicationRunner | INFO | Releasing target evidence/similarity frames from memory
2026-08-15 15:41:05,775 | ApplicationRunner | INFO | Assembling final score (net_similarity x net_evidence x confidence)
2026-08-15 15:41:05,780 | Scoring | INFO | finalscoring: input shape (1479, 8)
2026-08-15 15:41:05,781 | Scoring | INFO | final_score: nulls=1 of 1479
2026-08-15 15:41:05,782 | ApplicationRunner | INFO | Releasing net score component frames from memory
2026-08-15 15:41:05,864 | ApplicationRunner | INFO | Releasing feature and final-score frames from memory
2026-08-15 15:41:05,947 | ApplicationRunner | INFO | Fusion flagging over 1 gene(s); filter=3
2026-08-15 15:41:05,947 | Fusion | INFO | fusionflagger: 1479 cell line(s), 1 target gene(s), 0 exclusion gene(s)
2026-08-15 15:41:06,732 | Fusion | INFO | fusionflagger: fusion table shape (184237, 31)
2026-08-15 15:41:06,732 | Fusion | INFO | fusionflagger: single target gene, no exclusion -> OR match (gene as either partner)
2026-08-15 15:41:06,740 | Fusion | INFO | fusionflagger: 29 matching fusion row(s); 0 exclusion-involved, 14 target-only ModelID(s)
2026-08-15 15:41:06,740 | Fusion | INFO | fusionflagger: releasing fusion table frames from memory
2026-08-15 15:41:06,854 | Fusion | INFO | fusionflagger: fusion_type counts -> {'No': 1468, 'target': 11}
2026-08-15 15:41:06,943 | ApplicationRunner | INFO | Mutation flagging over 1 gene(s); filter=3
2026-08-15 15:41:06,944 | Mutation | INFO | mutationflager: 1479 cell line(s), 1 target gene(s), 0 exclusion gene(s)
2026-08-15 15:41:15,232 | Mutation | INFO | mutationflager: mutation table shape (1066869, 71)
2026-08-15 15:41:15,804 | Mutation | INFO | mutationflager: 240 distinct ModelID(s) with a matching mutation; 0 exclusion-involved, 240 target-involved
2026-08-15 15:41:15,812 | Mutation | INFO | mutationflager: mutation_type counts -> {'No': 1254, 'target': 225}
2026-08-15 15:41:15,815 | Mutation | INFO | mutationflager: 1479 cell line(s), 1 target gene(s), 0 exclusion gene(s)
2026-08-15 15:41:24,207 | Mutation | INFO | mutationflager: mutation table shape (1066869, 71)
2026-08-15 15:41:24,718 | Mutation | INFO | mutationflager: 240 distinct ModelID(s) with a matching mutation; 0 exclusion-involved, 240 target-involved
2026-08-15 15:41:24,723 | Mutation | INFO | mutationflager: mutation_type counts -> {'No': 1254, 'target': 225}
2026-08-15 15:41:24,823 | ApplicationRunner | INFO | Filtering the dataset for the cell line names
2026-08-15 15:41:24,824 | AppPreprocessing | INFO | Getting the master look up table
2026-08-15 15:41:24,850 | AppPreprocessing | INFO | Filtering the required columns
2026-08-15 15:41:24,851 | AppPreprocessing | INFO | Mergining the data with the master table
2026-08-15 15:41:24,854 | AppPreprocessing | INFO | Droping the rows which have null value
2026-08-15 15:41:24,856 | AppPreprocessing | INFO | Removing the columns which are not needed
2026-08-15 15:41:24,857 | AppPreprocessing | INFO | Getting the master look up table
2026-08-15 15:41:24,864 | AppPreprocessing | INFO | Filtering the required columns
2026-08-15 15:41:24,865 | AppPreprocessing | INFO | Mergining the data with the master table
2026-08-15 15:41:24,868 | AppPreprocessing | INFO | Droping the rows which have null value
2026-08-15 15:41:24,870 | AppPreprocessing | INFO | Removing the columns which are not needed
2026-08-15 15:41:24,876 | ApplicationRunner | INFO | Selected top 10 cell line(s)
2026-08-15 15:41:24,878 | Fusion | INFO | getthefusionreferencetable: 10 top cell line(s), 1 target gene(s), 0 exclusion gene(s)
2026-08-15 15:41:25,819 | Fusion | INFO | getthefusionreferencetable: releasing full fusion table from memory
2026-08-15 15:41:25,914 | Fusion | INFO | getthefusionreferencetable: returning 1 reference row(s)
2026-08-15 15:41:25,915 | Mutation | INFO | getthemutationreferencetable: 10 cell line(s), 1 gene(s)
2026-08-15 15:41:34,524 | Mutation | INFO | getthemutationreferencetable: returning 11 reference row(s)
2026-08-15 15:41:34,619 | ApplicationRunner | INFO | Getting Metabolomnic data
2026-08-15 15:41:34,620 | AppPreprocessing | INFO | Getting the metabolomnic data
2026-08-15 15:41:34,669 | ApplicationRunner | INFO | Running KMeans plot
2026-08-15 15:41:34,669 | ModelLoader | INFO | kmeansonthedata: 10 selected cell line(s)
2026-08-15 15:41:34,714 | ModelLoader | INFO | kmeansonthedata: factor matrix (1479, 20); predicting clusters
2026-08-15 15:41:34,762 | ModelLoader | INFO | kmeansonthedata: generating UMAP projection (full 1479-row manifold)
2026-08-15 15:41:46,205 | ModelLoader | INFO | kmeansonthedata: 10 of 10 chosen id(s) located on the map
2026-08-15 15:41:46,205 | ModelLoader | INFO | kmeansonthedata: releasing factor matrix and UMAP arrays from memory
2026-08-15 15:41:46,856 | ModelLoader | INFO | kmeansonthedata: plot saved to C:\Users\Shankar\Desktop\AstraZeneca\code\astrazeneca\CelllineSelector\images\kmeansplotforselectedcell_6751d26d-e632-41dc-8b77-13b29386442f.png
2026-08-15 15:41:46,856 | ModelLoader | INFO | kmeansonthedata: releasing plotting frames from memory
2026-08-15 15:41:46,965 | ApplicationRunner | INFO | Kmeans plot completed
2026-08-15 15:41:46,965 | ApplicationRunner | INFO | Running KNN
2026-08-15 15:41:46,965 | ModelLoader | INFO | knnonthedata: finding alternatives for 10 selected cell line(s)
2026-08-15 15:41:47,001 | ModelLoader | INFO | knnonthedata: releasing factor matrix from memory
2026-08-15 15:41:47,122 | ModelLoader | INFO | knnonthedata: 10 of 10 target(s) received an alternative
2026-08-15 15:41:47,123 | ApplicationRunner | INFO | KNN Completed
2026-08-15 15:41:47,123 | ApplicationRunner | INFO | Running Data combiner
2026-08-15 15:41:47,123 | AppPreprocessing | INFO | datacombiner: enriching 10 row(s) with master_lookup identity
2026-08-15 15:41:47,134 | AppPreprocessing | INFO | datacombiner: returning shape (10, 23)
2026-08-15 15:41:47,134 | AppPreprocessing | INFO | datacombiner: enriching 1410 row(s) with master_lookup identity
2026-08-15 15:41:47,146 | AppPreprocessing | INFO | datacombiner: returning shape (1410, 22)
2026-08-15 15:41:47,146 | ApplicationRunner | INFO | Data combiner completed
2026-08-15 15:41:47,146 | ApplicationRunner | INFO | Generating LLM explanation
2026-08-15 15:41:47,149 | Explanation | INFO | generate_explanation: starting
2026-08-15 15:41:47,225 | Explanation | INFO | ollama_chat: calling model 'llama3.2:3b' at http://localhost:11434
2026-08-15 15:44:28,037 | Explanation | INFO | ollama_chat: received 5811 character(s)
2026-08-15 15:44:28,042 | ApplicationRunner | INFO | Removing the selected top 10 from the total list
2026-08-15 15:44:28,047 | ApplicationRunner | INFO | Selected top 10 removed successfully and the final table is arranged in decending order
2026-08-15 15:44:28,047 | ApplicationRunner | INFO | pipelinerun completed successfully
2026-08-15 16:59:04,855 | ApplicationRunner | INFO | Starting the pipeline run
2026-08-15 16:59:04,855 | ApplicationRunner | INFO | exclusionchecker=False and diseasechecker=False
2026-08-15 16:59:04,856 | ApplicationRunner | INFO | Resolving target ids and reading target omic tables
2026-08-15 16:59:04,856 | AppPreprocessing | INFO | genetoesng: resolving 1 gene symbol(s) to ENSG
2026-08-15 16:59:04,897 | AppPreprocessing | INFO | genetoesng: resolved 1 ENSG id(s)
2026-08-15 16:59:04,898 | AppPreprocessing | INFO | esngtoprotein: resolving proteins for 1 ENSG id(s)
2026-08-15 16:59:04,933 | AppPreprocessing | INFO | esngtoprotein: 1 protein(s) found, 0 ENSG id(s) without a protein (0-fill placeholders)
2026-08-15 16:59:04,933 | AppPreprocessing | INFO | depmapreader: extracting 1 ENSG column(s)
2026-08-15 16:59:24,131 | AppPreprocessing | INFO | depmap: RNA/ENSG -> 1 found, 0 NaN-filled (not found)
2026-08-15 16:59:24,133 | AppPreprocessing | INFO | depmapreader: returning shape (1479, 2)
2026-08-15 16:59:24,211 | AppPreprocessing | INFO | hparnareader: extracting 1 ENSG column(s)
2026-08-15 16:59:38,081 | AppPreprocessing | WARNING | hpa: removed 91 row(s) with null/duplicate ModelID (kept 1054 unique cell line(s))
2026-08-15 16:59:38,081 | AppPreprocessing | INFO | hpa: HPA/ENSG -> 1 found, 0 NaN-filled (not found)
2026-08-15 16:59:38,082 | AppPreprocessing | INFO | hparnareader: returning shape (1054, 2)
2026-08-15 16:59:38,133 | AppPreprocessing | INFO | proteinreader: extracting 1 protein column(s)
2026-08-15 16:59:40,344 | AppPreprocessing | INFO | protein: protein -> 1 found, 0 NaN-filled (not found)
2026-08-15 16:59:40,345 | AppPreprocessing | INFO | proteinreader: returning shape (375, 2)
2026-08-15 16:59:40,360 | AppPreprocessing | INFO | similarityreader: extracting 1 gene cosine column(s)
2026-08-15 16:59:58,411 | AppPreprocessing | INFO | cosine: cosine/ENSG -> 1 found, 0 NaN-filled (not found)
2026-08-15 16:59:58,413 | AppPreprocessing | INFO | similarityreader: returning shape (1479, 2)
2026-08-15 16:59:58,503 | ApplicationRunner | INFO | target_df shape is (1479, 4)
2026-08-15 16:59:58,504 | ApplicationRunner | INFO | Releasing target reader frames from memory
2026-08-15 16:59:58,677 | ApplicationRunner | INFO | Scoring: evidence + similarity (target)
2026-08-15 16:59:58,679 | Scoring | INFO | calculateevidencescore (type=target): input shape (1479, 4)
2026-08-15 16:59:58,680 | Scoring | INFO | calculateevidencescore: 3 value column(s)
2026-08-15 16:59:58,685 | Scoring | INFO | target_evidence: min=0.0000 max=0.9888
2026-08-15 16:59:58,687 | Scoring | INFO | calculatesimilarityscore (type=target): input shape (1479, 2)
2026-08-15 16:59:58,687 | Scoring | INFO | calculatesimilarityscore: 1 cosine column(s)
2026-08-15 16:59:58,691 | Scoring | INFO | target_similarity: min=0.0000 max=1.0000
2026-08-15 16:59:58,692 | ApplicationRunner | INFO | Releasing target cosine frame from memory
2026-08-15 16:59:58,866 | ApplicationRunner | INFO | Calculating the confidence score
2026-08-15 16:59:58,867 | Scoring | INFO | calculateconfidencescore: input shape (1479, 4)
2026-08-15 16:59:58,867 | Scoring | INFO | calculateconfidencescore: pooling 3 value column(s)
2026-08-15 16:59:59,167 | Scoring | INFO | confidence_score: nulls=1 of 1479
2026-08-15 16:59:59,167 | ApplicationRunner | INFO | Releasing confidence input frame from memory
2026-08-15 16:59:59,349 | Scoring | INFO | calculatenetevidencescore (type=target): input shape (1479, 2)
2026-08-15 16:59:59,351 | Scoring | INFO | calculatenetsimilarityscore (type=target): input shape (1479, 2)
2026-08-15 16:59:59,351 | ApplicationRunner | INFO | Releasing target evidence/similarity frames from memory
2026-08-15 16:59:59,530 | ApplicationRunner | INFO | Assembling final score (net_similarity x net_evidence x confidence)
2026-08-15 16:59:59,535 | Scoring | INFO | finalscoring: input shape (1479, 8)
2026-08-15 16:59:59,538 | Scoring | INFO | final_score: nulls=1 of 1479
2026-08-15 16:59:59,538 | ApplicationRunner | INFO | Releasing net score component frames from memory
2026-08-15 16:59:59,720 | ApplicationRunner | INFO | Releasing feature and final-score frames from memory
2026-08-15 16:59:59,902 | ApplicationRunner | INFO | Fusion flagging over 1 gene(s); filter=3
2026-08-15 16:59:59,903 | Fusion | INFO | fusionflagger: 1479 cell line(s), 1 target gene(s), 0 exclusion gene(s)
2026-08-15 17:00:01,634 | Fusion | INFO | fusionflagger: fusion table shape (184237, 31)
2026-08-15 17:00:01,634 | Fusion | INFO | fusionflagger: single target gene, no exclusion -> OR match (gene as either partner)
2026-08-15 17:00:01,643 | Fusion | INFO | fusionflagger: 29 matching fusion row(s); 0 exclusion-involved, 14 target-only ModelID(s)
2026-08-15 17:00:01,643 | Fusion | INFO | fusionflagger: releasing fusion table frames from memory
2026-08-15 17:00:01,823 | Fusion | INFO | fusionflagger: fusion_type counts -> {'No': 1468, 'target': 11}
2026-08-15 17:00:01,992 | ApplicationRunner | INFO | Mutation flagging over 1 gene(s); filter=3
2026-08-15 17:00:01,993 | Mutation | INFO | mutationflager: 1479 cell line(s), 1 target gene(s), 0 exclusion gene(s)
2026-08-15 17:00:20,771 | Mutation | INFO | mutationflager: mutation table shape (1066869, 71)
2026-08-15 17:00:22,140 | Mutation | INFO | mutationflager: 240 distinct ModelID(s) with a matching mutation; 0 exclusion-involved, 240 target-involved
2026-08-15 17:00:22,158 | Mutation | INFO | mutationflager: mutation_type counts -> {'No': 1254, 'target': 225}
2026-08-15 17:00:22,160 | Mutation | INFO | mutationflager: 1479 cell line(s), 1 target gene(s), 0 exclusion gene(s)
2026-08-15 17:00:40,329 | Mutation | INFO | mutationflager: mutation table shape (1066869, 71)
2026-08-15 17:00:41,761 | Mutation | INFO | mutationflager: 240 distinct ModelID(s) with a matching mutation; 0 exclusion-involved, 240 target-involved
2026-08-15 17:00:41,775 | Mutation | INFO | mutationflager: mutation_type counts -> {'No': 1254, 'target': 225}
2026-08-15 17:00:42,052 | ApplicationRunner | INFO | Filtering the dataset for the cell line names
2026-08-15 17:00:42,053 | AppPreprocessing | INFO | Getting the master look up table
2026-08-15 17:00:42,320 | AppPreprocessing | INFO | Filtering the required columns
2026-08-15 17:00:42,322 | AppPreprocessing | INFO | Mergining the data with the master table
2026-08-15 17:00:42,328 | AppPreprocessing | INFO | Droping the rows which have null value
2026-08-15 17:00:42,334 | AppPreprocessing | INFO | Removing the columns which are not needed
2026-08-15 17:00:42,336 | AppPreprocessing | INFO | Getting the master look up table
2026-08-15 17:00:42,354 | AppPreprocessing | INFO | Filtering the required columns
2026-08-15 17:00:42,357 | AppPreprocessing | INFO | Mergining the data with the master table
2026-08-15 17:00:42,363 | AppPreprocessing | INFO | Droping the rows which have null value
2026-08-15 17:00:42,366 | AppPreprocessing | INFO | Removing the columns which are not needed
2026-08-15 17:00:42,374 | ApplicationRunner | INFO | Selected top 10 cell line(s)
2026-08-15 17:00:42,375 | Fusion | INFO | getthefusionreferencetable: 10 top cell line(s), 1 target gene(s), 0 exclusion gene(s)
2026-08-15 17:00:44,543 | Fusion | INFO | getthefusionreferencetable: releasing full fusion table from memory
2026-08-15 17:00:44,756 | Fusion | INFO | getthefusionreferencetable: returning 1 reference row(s)
2026-08-15 17:00:44,757 | Mutation | INFO | getthemutationreferencetable: 10 cell line(s), 1 gene(s)
2026-08-15 17:01:05,482 | Mutation | INFO | getthemutationreferencetable: returning 11 reference row(s)
2026-08-15 17:01:05,674 | ApplicationRunner | INFO | Getting Metabolomnic data
2026-08-15 17:01:05,675 | AppPreprocessing | INFO | Getting the metabolomnic data
2026-08-15 17:01:05,719 | ApplicationRunner | INFO | Running KMeans plot
2026-08-15 17:01:05,720 | ModelLoader | INFO | kmeansonthedata: 10 selected cell line(s)
2026-08-15 17:01:05,806 | ModelLoader | INFO | kmeansonthedata: factor matrix (1479, 20); predicting clusters
2026-08-15 17:01:05,930 | ModelLoader | INFO | kmeansonthedata: generating UMAP projection (full 1479-row manifold)
2026-08-15 17:01:34,969 | ModelLoader | INFO | kmeansonthedata: 10 of 10 chosen id(s) located on the map
2026-08-15 17:01:34,969 | ModelLoader | INFO | kmeansonthedata: releasing factor matrix and UMAP arrays from memory
2026-08-15 17:01:36,536 | ModelLoader | INFO | kmeansonthedata: plot saved to C:\Users\Shankar\Desktop\AstraZeneca\code\astrazeneca\CelllineSelector\images\kmeansplotforselectedcell_266022c8-8436-4555-acae-a184980084d5.png
2026-08-15 17:01:36,537 | ModelLoader | INFO | kmeansonthedata: releasing plotting frames from memory
2026-08-15 17:01:36,807 | ApplicationRunner | INFO | Kmeans plot completed
2026-08-15 17:01:36,808 | ApplicationRunner | INFO | Running KNN
2026-08-15 17:01:36,808 | ModelLoader | INFO | knnonthedata: finding alternatives for 10 selected cell line(s)
2026-08-15 17:01:36,927 | ModelLoader | INFO | knnonthedata: releasing factor matrix from memory
2026-08-15 17:01:37,213 | ModelLoader | INFO | knnonthedata: 10 of 10 target(s) received an alternative
2026-08-15 17:01:37,214 | ApplicationRunner | INFO | KNN Completed
2026-08-15 17:01:37,214 | ApplicationRunner | INFO | Running Data combiner
2026-08-15 17:01:37,214 | AppPreprocessing | INFO | datacombiner: enriching 10 row(s) with master_lookup identity
2026-08-15 17:01:37,252 | AppPreprocessing | INFO | datacombiner: returning shape (10, 23)
2026-08-15 17:01:37,252 | AppPreprocessing | INFO | datacombiner: enriching 1410 row(s) with master_lookup identity
2026-08-15 17:01:37,291 | AppPreprocessing | INFO | datacombiner: returning shape (1410, 22)
2026-08-15 17:01:37,291 | ApplicationRunner | INFO | Data combiner completed
2026-08-15 17:01:37,292 | ApplicationRunner | INFO | Generating LLM explanation
2026-08-15 17:01:37,310 | Explanation | INFO | generate_explanation: starting
2026-08-15 17:01:37,568 | Explanation | INFO | ollama_chat: calling model 'llama3.2:3b' at http://localhost:11434
2026-08-15 17:06:06,174 | Explanation | INFO | ollama_chat: received 6117 character(s)
2026-08-15 17:06:06,184 | ApplicationRunner | INFO | Removing the selected top 10 from the total list
2026-08-15 17:06:06,195 | ApplicationRunner | INFO | Selected top 10 removed successfully and the final table is arranged in decending order
2026-08-15 17:06:06,196 | ApplicationRunner | INFO | pipelinerun completed successfully
2026-08-15 17:06:06,315 | ApplicationRunner | INFO | Starting the pipeline run
2026-08-15 17:06:06,316 | ApplicationRunner | INFO | exclusionchecker=True and diseasechecker=False
2026-08-15 17:06:06,316 | ApplicationRunner | INFO | Resolving target ids and reading target omic tables
2026-08-15 17:06:06,316 | AppPreprocessing | INFO | genetoesng: resolving 2 gene symbol(s) to ENSG
2026-08-15 17:06:06,367 | AppPreprocessing | INFO | genetoesng: resolved 2 ENSG id(s)
2026-08-15 17:06:06,368 | AppPreprocessing | INFO | esngtoprotein: resolving proteins for 2 ENSG id(s)
2026-08-15 17:06:06,403 | AppPreprocessing | INFO | esngtoprotein: 1 protein(s) found, 1 ENSG id(s) without a protein (0-fill placeholders)
2026-08-15 17:06:06,403 | AppPreprocessing | INFO | depmapreader: extracting 2 ENSG column(s)
2026-08-15 17:06:18,767 | AppPreprocessing | INFO | depmap: RNA/ENSG -> 2 found, 0 NaN-filled (not found)
2026-08-15 17:06:18,769 | AppPreprocessing | INFO | depmapreader: returning shape (1479, 3)
2026-08-15 17:06:18,826 | AppPreprocessing | INFO | hparnareader: extracting 2 ENSG column(s)
2026-08-15 17:06:29,445 | AppPreprocessing | WARNING | hpa: removed 91 row(s) with null/duplicate ModelID (kept 1054 unique cell line(s))
2026-08-15 17:06:29,445 | AppPreprocessing | INFO | hpa: HPA/ENSG -> 2 found, 0 NaN-filled (not found)
2026-08-15 17:06:29,447 | AppPreprocessing | INFO | hparnareader: returning shape (1054, 3)
2026-08-15 17:06:29,478 | AppPreprocessing | INFO | proteinreader: extracting 1 protein column(s)
2026-08-15 17:06:30,936 | AppPreprocessing | INFO | protein: protein -> 1 found, 0 NaN-filled (not found)
2026-08-15 17:06:30,937 | AppPreprocessing | INFO | proteinreader: returning shape (375, 2)
2026-08-15 17:06:30,947 | AppPreprocessing | INFO | similarityreader: extracting 2 gene cosine column(s)
2026-08-15 17:06:43,466 | AppPreprocessing | INFO | cosine: cosine/ENSG -> 2 found, 0 NaN-filled (not found)
2026-08-15 17:06:43,468 | AppPreprocessing | INFO | similarityreader: returning shape (1479, 3)
2026-08-15 17:06:43,539 | ApplicationRunner | INFO | target_df shape is (1479, 7)
2026-08-15 17:06:43,539 | ApplicationRunner | INFO | Releasing target reader frames from memory
2026-08-15 17:06:43,690 | ApplicationRunner | INFO | Resolving exclusion ids and reading exclusion omic tables
2026-08-15 17:06:43,691 | AppPreprocessing | INFO | genetoesng: resolving 1 gene symbol(s) to ENSG
2026-08-15 17:06:43,722 | AppPreprocessing | INFO | genetoesng: resolved 1 ENSG id(s)
2026-08-15 17:06:43,722 | AppPreprocessing | INFO | esngtoprotein: resolving proteins for 1 ENSG id(s)
2026-08-15 17:06:43,748 | AppPreprocessing | INFO | esngtoprotein: 1 protein(s) found, 0 ENSG id(s) without a protein (0-fill placeholders)
2026-08-15 17:06:43,749 | AppPreprocessing | INFO | depmapreader: extracting 1 ENSG column(s)
2026-08-15 17:06:59,832 | AppPreprocessing | INFO | depmap: RNA/ENSG -> 1 found, 0 NaN-filled (not found)
2026-08-15 17:06:59,834 | AppPreprocessing | INFO | depmapreader: returning shape (1479, 2)
2026-08-15 17:06:59,869 | AppPreprocessing | INFO | hparnareader: extracting 1 ENSG column(s)
2026-08-15 17:07:07,715 | AppPreprocessing | WARNING | hpa: removed 91 row(s) with null/duplicate ModelID (kept 1054 unique cell line(s))
2026-08-15 17:07:07,716 | AppPreprocessing | INFO | hpa: HPA/ENSG -> 1 found, 0 NaN-filled (not found)
2026-08-15 17:07:07,716 | AppPreprocessing | INFO | hparnareader: returning shape (1054, 2)
2026-08-15 17:07:07,739 | AppPreprocessing | INFO | proteinreader: extracting 1 protein column(s)
2026-08-15 17:07:08,702 | AppPreprocessing | INFO | protein: protein -> 1 found, 0 NaN-filled (not found)
2026-08-15 17:07:08,702 | AppPreprocessing | INFO | proteinreader: returning shape (375, 2)
2026-08-15 17:07:08,711 | AppPreprocessing | INFO | similarityreader: extracting 1 gene cosine column(s)
2026-08-15 17:07:20,628 | AppPreprocessing | INFO | cosine: cosine/ENSG -> 1 found, 0 NaN-filled (not found)
2026-08-15 17:07:20,630 | AppPreprocessing | INFO | similarityreader: returning shape (1479, 2)
2026-08-15 17:07:20,678 | ApplicationRunner | INFO | exclusion_df shape is (1479, 4)
2026-08-15 17:07:20,678 | ApplicationRunner | INFO | Releasing exclusion reader frames from memory
2026-08-15 17:07:20,840 | ApplicationRunner | INFO | Scoring: evidence + similarity (target)
2026-08-15 17:07:20,841 | Scoring | INFO | calculateevidencescore (type=target): input shape (1479, 7)
2026-08-15 17:07:20,842 | Scoring | INFO | calculateevidencescore: 6 value column(s)
2026-08-15 17:07:20,848 | Scoring | INFO | target_evidence: min=0.0000 max=0.6986
2026-08-15 17:07:20,849 | Scoring | INFO | calculatesimilarityscore (type=target): input shape (1479, 3)
2026-08-15 17:07:20,849 | Scoring | INFO | calculatesimilarityscore: 2 cosine column(s)
2026-08-15 17:07:20,854 | Scoring | INFO | target_similarity: min=0.0623 max=0.8319
2026-08-15 17:07:20,856 | ApplicationRunner | INFO | Releasing target cosine frame from memory
2026-08-15 17:07:21,008 | ApplicationRunner | INFO | Calculating the confidence score
2026-08-15 17:07:21,012 | Scoring | INFO | calculateconfidencescore: input shape (1479, 10)
2026-08-15 17:07:21,012 | Scoring | INFO | calculateconfidencescore: pooling 9 value column(s)
2026-08-15 17:07:21,313 | Scoring | INFO | confidence_score: nulls=110 of 1479
2026-08-15 17:07:21,314 | ApplicationRunner | INFO | Releasing confidence input frame from memory
2026-08-15 17:07:21,429 | ApplicationRunner | INFO | Scoring: evidence and similarity (exclusion)
2026-08-15 17:07:21,430 | Scoring | INFO | calculateevidencescore (type=exclusion): input shape (1479, 4)
2026-08-15 17:07:21,430 | Scoring | INFO | calculateevidencescore: 3 value column(s)
2026-08-15 17:07:21,438 | Scoring | INFO | exclusion_penalty: min=0.2231 max=0.7863
2026-08-15 17:07:21,438 | Scoring | INFO | calculatesimilarityscore (type=exclusion): input shape (1479, 2)
2026-08-15 17:07:21,439 | Scoring | INFO | calculatesimilarityscore: 1 cosine column(s)
2026-08-15 17:07:21,442 | Scoring | INFO | exclusion_similarity_penalty: min=0.3012 max=0.9992
2026-08-15 17:07:21,443 | ApplicationRunner | INFO | Releasing exclusion cosine frame from memory
2026-08-15 17:07:21,564 | Scoring | INFO | calculatenetevidencescore (type=exclusion): input shape (1479, 5)
2026-08-15 17:07:21,568 | Scoring | INFO | calculatenetsimilarityscore (type=exclusion): input shape (1479, 5)
2026-08-15 17:07:21,568 | ApplicationRunner | INFO | Releasing intermediate evidence/similarity frames from memory
2026-08-15 17:07:21,701 | ApplicationRunner | INFO | Releasing target evidence/similarity frames from memory
2026-08-15 17:07:21,830 | ApplicationRunner | INFO | Assembling final score (net_similarity x net_evidence x confidence)
2026-08-15 17:07:21,835 | Scoring | INFO | finalscoring: input shape (1479, 14)
2026-08-15 17:07:21,836 | Scoring | INFO | final_score: nulls=110 of 1479
2026-08-15 17:07:21,836 | ApplicationRunner | INFO | Releasing net score component frames from memory
2026-08-15 17:07:21,981 | ApplicationRunner | INFO | Releasing feature and final-score frames from memory
2026-08-15 17:07:22,111 | ApplicationRunner | INFO | Fusion flagging over 3 gene(s); filter=3
2026-08-15 17:07:22,112 | Fusion | INFO | fusionflagger: 1479 cell line(s), 2 target gene(s), 1 exclusion gene(s)
2026-08-15 17:07:22,938 | Fusion | INFO | fusionflagger: fusion table shape (184237, 31)
2026-08-15 17:07:22,947 | Fusion | INFO | fusionflagger: 0 matching fusion row(s); 0 exclusion-involved, 0 target-only ModelID(s)
2026-08-15 17:07:22,947 | Fusion | INFO | fusionflagger: releasing fusion table frames from memory
2026-08-15 17:07:23,090 | Fusion | INFO | fusionflagger: fusion_type counts -> {'No': 1479}
2026-08-15 17:07:23,224 | ApplicationRunner | INFO | Mutation flagging over 3 gene(s); filter=3
2026-08-15 17:07:23,225 | Mutation | INFO | mutationflager: 1479 cell line(s), 2 target gene(s), 1 exclusion gene(s)
2026-08-15 17:07:36,130 | Mutation | INFO | mutationflager: mutation table shape (1066869, 71)
2026-08-15 17:07:36,928 | Mutation | INFO | mutationflager: 158 distinct ModelID(s) with a matching mutation; 89 exclusion-involved, 84 target-involved
2026-08-15 17:07:36,935 | Mutation | INFO | mutationflager: mutation_type counts -> {'No': 1352, 'exclusion': 74, 'target': 53}
2026-08-15 17:07:36,937 | Mutation | INFO | mutationflager: 1479 cell line(s), 2 target gene(s), 1 exclusion gene(s)
2026-08-15 17:07:50,132 | Mutation | INFO | mutationflager: mutation table shape (1066869, 71)
2026-08-15 17:07:50,871 | Mutation | INFO | mutationflager: 158 distinct ModelID(s) with a matching mutation; 89 exclusion-involved, 84 target-involved
2026-08-15 17:07:50,878 | Mutation | INFO | mutationflager: mutation_type counts -> {'No': 1352, 'exclusion': 74, 'target': 53}
2026-08-15 17:07:51,025 | ApplicationRunner | INFO | Filtering the dataset for the cell line names
2026-08-15 17:07:51,025 | AppPreprocessing | INFO | Getting the master look up table
2026-08-15 17:07:51,034 | AppPreprocessing | INFO | Filtering the required columns
2026-08-15 17:07:51,036 | AppPreprocessing | INFO | Mergining the data with the master table
2026-08-15 17:07:51,040 | AppPreprocessing | INFO | Droping the rows which have null value
2026-08-15 17:07:51,042 | AppPreprocessing | INFO | Removing the columns which are not needed
2026-08-15 17:07:51,043 | AppPreprocessing | INFO | Getting the master look up table
2026-08-15 17:07:51,051 | AppPreprocessing | INFO | Filtering the required columns
2026-08-15 17:07:51,052 | AppPreprocessing | INFO | Mergining the data with the master table
2026-08-15 17:07:51,056 | AppPreprocessing | INFO | Droping the rows which have null value
2026-08-15 17:07:51,059 | AppPreprocessing | INFO | Removing the columns which are not needed
2026-08-15 17:07:51,067 | ApplicationRunner | INFO | Selected top 10 cell line(s)
2026-08-15 17:07:51,067 | Fusion | INFO | getthefusionreferencetable: 10 top cell line(s), 2 target gene(s), 1 exclusion gene(s)
2026-08-15 17:07:52,261 | Fusion | INFO | getthefusionreferencetable: releasing full fusion table from memory
2026-08-15 17:07:52,416 | Fusion | INFO | getthefusionreferencetable: returning 0 reference row(s)
2026-08-15 17:07:52,417 | Mutation | INFO | getthemutationreferencetable: 10 cell line(s), 3 gene(s)
2026-08-15 17:08:06,481 | Mutation | INFO | getthemutationreferencetable: returning 0 reference row(s)
2026-08-15 17:08:06,627 | ApplicationRunner | INFO | Getting Metabolomnic data
2026-08-15 17:08:06,628 | AppPreprocessing | INFO | Getting the metabolomnic data
2026-08-15 17:08:06,665 | ApplicationRunner | INFO | Running KMeans plot
2026-08-15 17:08:06,666 | ModelLoader | INFO | kmeansonthedata: 10 selected cell line(s)
2026-08-15 17:08:06,682 | ModelLoader | INFO | kmeansonthedata: factor matrix (1479, 20); predicting clusters
2026-08-15 17:08:06,693 | ModelLoader | INFO | kmeansonthedata: generating UMAP projection (full 1479-row manifold)
2026-08-15 17:08:11,672 | ModelLoader | INFO | kmeansonthedata: 10 of 10 chosen id(s) located on the map
2026-08-15 17:08:11,672 | ModelLoader | INFO | kmeansonthedata: releasing factor matrix and UMAP arrays from memory
2026-08-15 17:08:12,579 | ModelLoader | INFO | kmeansonthedata: plot saved to C:\Users\Shankar\Desktop\AstraZeneca\code\astrazeneca\CelllineSelector\images\kmeansplotforselectedcell_048d89ee-a27a-4714-a3ab-793ffd1fc862.png
2026-08-15 17:08:12,579 | ModelLoader | INFO | kmeansonthedata: releasing plotting frames from memory
2026-08-15 17:08:12,741 | ApplicationRunner | INFO | Kmeans plot completed
2026-08-15 17:08:12,741 | ApplicationRunner | INFO | Running KNN
2026-08-15 17:08:12,742 | ModelLoader | INFO | knnonthedata: finding alternatives for 10 selected cell line(s)
2026-08-15 17:08:12,825 | ModelLoader | INFO | knnonthedata: releasing factor matrix from memory
2026-08-15 17:08:12,982 | ModelLoader | INFO | knnonthedata: 10 of 10 target(s) received an alternative
2026-08-15 17:08:12,982 | ApplicationRunner | INFO | KNN Completed
2026-08-15 17:08:12,983 | ApplicationRunner | INFO | Running Data combiner
2026-08-15 17:08:12,983 | AppPreprocessing | INFO | datacombiner: enriching 10 row(s) with master_lookup identity
2026-08-15 17:08:12,995 | AppPreprocessing | INFO | datacombiner: returning shape (10, 35)
2026-08-15 17:08:12,996 | AppPreprocessing | INFO | datacombiner: enriching 1410 row(s) with master_lookup identity
2026-08-15 17:08:13,010 | AppPreprocessing | INFO | datacombiner: returning shape (1410, 34)
2026-08-15 17:08:13,010 | ApplicationRunner | INFO | Data combiner completed
2026-08-15 17:08:13,010 | ApplicationRunner | INFO | Generating LLM explanation
2026-08-15 17:08:13,016 | Explanation | INFO | generate_explanation: starting
2026-08-15 17:08:13,018 | Explanation | INFO | ollama_chat: calling model 'llama3.2:3b' at http://localhost:11434
2026-08-15 17:12:41,325 | Explanation | INFO | ollama_chat: received 6568 character(s)
2026-08-15 17:12:41,335 | ApplicationRunner | INFO | Removing the selected top 10 from the total list
2026-08-15 17:12:41,345 | ApplicationRunner | INFO | Selected top 10 removed successfully and the final table is arranged in decending order
2026-08-15 17:12:41,345 | ApplicationRunner | INFO | pipelinerun completed successfully
2026-08-15 17:17:31,016 | ApplicationRunner | INFO | Starting the pipeline run
2026-08-15 17:17:31,017 | ApplicationRunner | INFO | exclusionchecker=False and diseasechecker=False
2026-08-15 17:17:31,017 | ApplicationRunner | INFO | Resolving target ids and reading target omic tables
2026-08-15 17:17:31,017 | AppPreprocessing | INFO | genetoesng: resolving 1 gene symbol(s) to ENSG
2026-08-15 17:17:31,056 | AppPreprocessing | INFO | genetoesng: resolved 1 ENSG id(s)
2026-08-15 17:17:31,057 | AppPreprocessing | INFO | esngtoprotein: resolving proteins for 1 ENSG id(s)
2026-08-15 17:17:31,082 | AppPreprocessing | INFO | esngtoprotein: 1 protein(s) found, 0 ENSG id(s) without a protein (0-fill placeholders)
2026-08-15 17:17:31,082 | AppPreprocessing | INFO | depmapreader: extracting 1 ENSG column(s)
2026-08-15 17:17:49,630 | AppPreprocessing | INFO | depmap: RNA/ENSG -> 1 found, 0 NaN-filled (not found)
2026-08-15 17:17:49,632 | AppPreprocessing | INFO | depmapreader: returning shape (1479, 2)
2026-08-15 17:17:49,703 | AppPreprocessing | INFO | hparnareader: extracting 1 ENSG column(s)
2026-08-15 17:18:03,840 | AppPreprocessing | WARNING | hpa: removed 91 row(s) with null/duplicate ModelID (kept 1054 unique cell line(s))
2026-08-15 17:18:03,840 | AppPreprocessing | INFO | hpa: HPA/ENSG -> 1 found, 0 NaN-filled (not found)
2026-08-15 17:18:03,842 | AppPreprocessing | INFO | hparnareader: returning shape (1054, 2)
2026-08-15 17:18:03,903 | AppPreprocessing | INFO | proteinreader: extracting 1 protein column(s)
2026-08-15 17:18:06,004 | AppPreprocessing | INFO | protein: protein -> 1 found, 0 NaN-filled (not found)
2026-08-15 17:18:06,005 | AppPreprocessing | INFO | proteinreader: returning shape (375, 2)
2026-08-15 17:18:06,018 | AppPreprocessing | INFO | similarityreader: extracting 1 gene cosine column(s)
2026-08-15 17:18:21,056 | AppPreprocessing | INFO | cosine: cosine/ENSG -> 1 found, 0 NaN-filled (not found)
2026-08-15 17:18:21,057 | AppPreprocessing | INFO | similarityreader: returning shape (1479, 2)
2026-08-15 17:18:21,108 | ApplicationRunner | INFO | target_df shape is (1479, 4)
2026-08-15 17:18:21,108 | ApplicationRunner | INFO | Releasing target reader frames from memory
2026-08-15 17:18:21,208 | ApplicationRunner | INFO | Scoring: evidence + similarity (target)
2026-08-15 17:18:21,211 | Scoring | INFO | calculateevidencescore (type=target): input shape (1479, 4)
2026-08-15 17:18:21,211 | Scoring | INFO | calculateevidencescore: 3 value column(s)
2026-08-15 17:18:21,215 | Scoring | INFO | target_evidence: min=0.0000 max=0.9549
2026-08-15 17:18:21,216 | Scoring | INFO | calculatesimilarityscore (type=target): input shape (1479, 2)
2026-08-15 17:18:21,216 | Scoring | INFO | calculatesimilarityscore: 1 cosine column(s)
2026-08-15 17:18:21,218 | Scoring | INFO | target_similarity: min=0.0000 max=1.0000
2026-08-15 17:18:21,220 | ApplicationRunner | INFO | Releasing target cosine frame from memory
2026-08-15 17:18:21,329 | ApplicationRunner | INFO | Calculating the confidence score
2026-08-15 17:18:21,330 | Scoring | INFO | calculateconfidencescore: input shape (1479, 4)
2026-08-15 17:18:21,330 | Scoring | INFO | calculateconfidencescore: pooling 3 value column(s)
2026-08-15 17:18:21,514 | Scoring | INFO | confidence_score: nulls=49 of 1479
2026-08-15 17:18:21,514 | ApplicationRunner | INFO | Releasing confidence input frame from memory
2026-08-15 17:18:21,614 | Scoring | INFO | calculatenetevidencescore (type=target): input shape (1479, 2)
2026-08-15 17:18:21,615 | Scoring | INFO | calculatenetsimilarityscore (type=target): input shape (1479, 2)
2026-08-15 17:18:21,615 | ApplicationRunner | INFO | Releasing target evidence/similarity frames from memory
2026-08-15 17:18:21,708 | ApplicationRunner | INFO | Assembling final score (net_similarity x net_evidence x confidence)
2026-08-15 17:18:21,714 | Scoring | INFO | finalscoring: input shape (1479, 8)
2026-08-15 17:18:21,716 | Scoring | INFO | final_score: nulls=49 of 1479
2026-08-15 17:18:21,716 | ApplicationRunner | INFO | Releasing net score component frames from memory
2026-08-15 17:18:21,827 | ApplicationRunner | INFO | Releasing feature and final-score frames from memory
2026-08-15 17:18:21,930 | ApplicationRunner | INFO | Fusion flagging over 1 gene(s); filter=3
2026-08-15 17:18:21,930 | Fusion | INFO | fusionflagger: 1479 cell line(s), 1 target gene(s), 0 exclusion gene(s)
2026-08-15 17:18:22,892 | Fusion | INFO | fusionflagger: fusion table shape (184237, 31)
2026-08-15 17:18:22,893 | Fusion | INFO | fusionflagger: single target gene, no exclusion -> OR match (gene as either partner)
2026-08-15 17:18:22,914 | Fusion | INFO | fusionflagger: 44 matching fusion row(s); 0 exclusion-involved, 22 target-only ModelID(s)
2026-08-15 17:18:22,915 | Fusion | INFO | fusionflagger: releasing fusion table frames from memory
2026-08-15 17:18:23,018 | Fusion | INFO | fusionflagger: fusion_type counts -> {'No': 1459, 'target': 20}
2026-08-15 17:18:23,111 | ApplicationRunner | INFO | Mutation flagging over 1 gene(s); filter=3
2026-08-15 17:18:23,112 | Mutation | INFO | mutationflager: 1479 cell line(s), 1 target gene(s), 0 exclusion gene(s)
2026-08-15 17:18:32,650 | Mutation | INFO | mutationflager: mutation table shape (1066869, 71)
2026-08-15 17:18:33,370 | Mutation | INFO | mutationflager: 96 distinct ModelID(s) with a matching mutation; 0 exclusion-involved, 96 target-involved
2026-08-15 17:18:33,375 | Mutation | INFO | mutationflager: mutation_type counts -> {'No': 1395, 'target': 84}
2026-08-15 17:18:33,376 | Mutation | INFO | mutationflager: 1479 cell line(s), 1 target gene(s), 0 exclusion gene(s)
2026-08-15 17:18:45,029 | Mutation | INFO | mutationflager: mutation table shape (1066869, 71)
2026-08-15 17:18:45,825 | Mutation | INFO | mutationflager: 96 distinct ModelID(s) with a matching mutation; 0 exclusion-involved, 96 target-involved
2026-08-15 17:18:45,833 | Mutation | INFO | mutationflager: mutation_type counts -> {'No': 1395, 'target': 84}
2026-08-15 17:18:45,965 | ApplicationRunner | INFO | Filtering the dataset for the cell line names
2026-08-15 17:18:45,965 | AppPreprocessing | INFO | Getting the master look up table
2026-08-15 17:18:45,979 | AppPreprocessing | INFO | Filtering the required columns
2026-08-15 17:18:45,981 | AppPreprocessing | INFO | Mergining the data with the master table
2026-08-15 17:18:45,986 | AppPreprocessing | INFO | Droping the rows which have null value
2026-08-15 17:18:45,988 | AppPreprocessing | INFO | Removing the columns which are not needed
2026-08-15 17:18:45,990 | AppPreprocessing | INFO | Getting the master look up table
2026-08-15 17:18:46,001 | AppPreprocessing | INFO | Filtering the required columns
2026-08-15 17:18:46,003 | AppPreprocessing | INFO | Mergining the data with the master table
2026-08-15 17:18:46,007 | AppPreprocessing | INFO | Droping the rows which have null value
2026-08-15 17:18:46,010 | AppPreprocessing | INFO | Removing the columns which are not needed
2026-08-15 17:18:46,015 | ApplicationRunner | INFO | Selected top 10 cell line(s)
2026-08-15 17:18:46,015 | Fusion | INFO | getthefusionreferencetable: 10 top cell line(s), 1 target gene(s), 0 exclusion gene(s)
2026-08-15 17:18:47,477 | Fusion | INFO | getthefusionreferencetable: releasing full fusion table from memory
2026-08-15 17:18:47,607 | Fusion | INFO | getthefusionreferencetable: returning 3 reference row(s)
2026-08-15 17:18:47,608 | Mutation | INFO | getthemutationreferencetable: 10 cell line(s), 1 gene(s)
2026-08-15 17:18:58,614 | Mutation | INFO | getthemutationreferencetable: returning 2 reference row(s)
2026-08-15 17:18:58,711 | ApplicationRunner | INFO | Getting Metabolomnic data
2026-08-15 17:18:58,713 | AppPreprocessing | INFO | Getting the metabolomnic data
2026-08-15 17:18:58,745 | ApplicationRunner | INFO | Running KMeans plot
2026-08-15 17:18:58,745 | ModelLoader | INFO | kmeansonthedata: 10 selected cell line(s)
2026-08-15 17:18:58,794 | ModelLoader | INFO | kmeansonthedata: factor matrix (1479, 20); predicting clusters
2026-08-15 17:18:58,852 | ModelLoader | INFO | kmeansonthedata: generating UMAP projection (full 1479-row manifold)
2026-08-15 17:19:12,660 | ModelLoader | INFO | kmeansonthedata: 10 of 10 chosen id(s) located on the map
2026-08-15 17:19:12,660 | ModelLoader | INFO | kmeansonthedata: releasing factor matrix and UMAP arrays from memory
2026-08-15 17:19:13,691 | ModelLoader | INFO | kmeansonthedata: plot saved to C:\Users\Shankar\Desktop\AstraZeneca\code\astrazeneca\CelllineSelector\images\kmeansplotforselectedcell_61be7440-4b60-4041-9812-4e88782260b1.png
2026-08-15 17:19:13,691 | ModelLoader | INFO | kmeansonthedata: releasing plotting frames from memory
2026-08-15 17:19:13,874 | ApplicationRunner | INFO | Kmeans plot completed
2026-08-15 17:19:13,875 | ApplicationRunner | INFO | Running KNN
2026-08-15 17:19:13,876 | ModelLoader | INFO | knnonthedata: finding alternatives for 10 selected cell line(s)
2026-08-15 17:19:14,000 | ModelLoader | INFO | knnonthedata: releasing factor matrix from memory
2026-08-15 17:19:14,202 | ModelLoader | INFO | knnonthedata: 10 of 10 target(s) received an alternative
2026-08-15 17:19:14,202 | ApplicationRunner | INFO | KNN Completed
2026-08-15 17:19:14,203 | ApplicationRunner | INFO | Running Data combiner
2026-08-15 17:19:14,203 | AppPreprocessing | INFO | datacombiner: enriching 10 row(s) with master_lookup identity
2026-08-15 17:19:14,228 | AppPreprocessing | INFO | datacombiner: returning shape (10, 23)
2026-08-15 17:19:14,229 | AppPreprocessing | INFO | datacombiner: enriching 1410 row(s) with master_lookup identity
2026-08-15 17:19:14,256 | AppPreprocessing | INFO | datacombiner: returning shape (1410, 22)
2026-08-15 17:19:14,257 | ApplicationRunner | INFO | Data combiner completed
2026-08-15 17:19:14,257 | ApplicationRunner | INFO | Generating LLM explanation
2026-08-15 17:19:14,258 | Explanation | INFO | generate_explanation: starting
2026-08-15 17:19:14,403 | Explanation | INFO | ollama_chat: calling model 'llama3.2:3b' at http://localhost:11434
2026-08-15 17:19:32,406 | Explanation | INFO | ollama_chat: received 303 character(s)
2026-08-15 17:19:32,409 | Explanation | INFO | ollama_chat: calling model 'llama3.2:3b' at http://localhost:11434
2026-08-15 17:19:52,605 | Explanation | INFO | ollama_chat: received 643 character(s)
2026-08-15 17:19:52,606 | Explanation | WARNING | generate_explanation: rewrite of 'Rank 1 - HCC827 (Lung Ca' rejected on attempt 1 - figures changed
2026-08-15 17:19:52,607 | Explanation | INFO | ollama_chat: calling model 'llama3.2:3b' at http://localhost:11434
2026-08-15 17:20:11,665 | Explanation | INFO | ollama_chat: received 534 character(s)
2026-08-15 17:20:11,665 | Explanation | WARNING | generate_explanation: rewrite of 'Rank 1 - HCC827 (Lung Ca' rejected on attempt 2 - figures changed
2026-08-15 17:20:11,666 | Explanation | INFO | ollama_chat: calling model 'llama3.2:3b' at http://localhost:11434
2026-08-15 17:20:28,209 | Explanation | INFO | ollama_chat: received 607 character(s)
2026-08-15 17:20:28,210 | Explanation | WARNING | generate_explanation: rewrite of 'Rank 2 - U-BLC1 (Bladder' rejected on attempt 1 - figures changed
2026-08-15 17:20:28,211 | Explanation | INFO | ollama_chat: calling model 'llama3.2:3b' at http://localhost:11434
2026-08-15 17:20:44,507 | Explanation | INFO | ollama_chat: received 656 character(s)
2026-08-15 17:20:44,508 | Explanation | INFO | ollama_chat: calling model 'llama3.2:3b' at http://localhost:11434
2026-08-15 17:21:06,222 | Explanation | INFO | ollama_chat: received 676 character(s)
2026-08-15 17:21:06,224 | Explanation | WARNING | generate_explanation: rewrite of 'Rank 3 - CAL 27 (Head an' rejected on attempt 1 - figures changed
2026-08-15 17:21:06,224 | Explanation | INFO | ollama_chat: calling model 'llama3.2:3b' at http://localhost:11434
2026-08-15 17:21:23,928 | Explanation | INFO | ollama_chat: received 641 character(s)
2026-08-15 17:21:23,929 | Explanation | WARNING | generate_explanation: rewrite of 'Rank 3 - CAL 27 (Head an' rejected on attempt 2 - figures changed
2026-08-15 17:21:23,930 | Explanation | INFO | ollama_chat: calling model 'llama3.2:3b' at http://localhost:11434
2026-08-15 17:21:51,376 | Explanation | INFO | ollama_chat: received 604 character(s)
2026-08-15 17:21:51,379 | Explanation | INFO | ollama_chat: calling model 'llama3.2:3b' at http://localhost:11434
2026-08-15 17:22:12,075 | Explanation | INFO | ollama_chat: received 562 character(s)
2026-08-15 17:22:12,077 | Explanation | WARNING | generate_explanation: rewrite of 'Rank 5 - KYSE-150 (Esoph' rejected on attempt 1 - figures changed
2026-08-15 17:22:12,078 | Explanation | INFO | ollama_chat: calling model 'llama3.2:3b' at http://localhost:11434
2026-08-15 17:22:25,986 | Explanation | INFO | ollama_chat: received 579 character(s)
2026-08-15 17:22:25,987 | Explanation | WARNING | generate_explanation: rewrite of 'Rank 5 - KYSE-150 (Esoph' rejected on attempt 2 - figures changed
2026-08-15 17:22:25,988 | Explanation | INFO | ollama_chat: calling model 'llama3.2:3b' at http://localhost:11434
2026-08-15 17:22:44,146 | Explanation | INFO | ollama_chat: received 602 character(s)
2026-08-15 17:22:44,147 | Explanation | WARNING | generate_explanation: rewrite of 'Rank 6 - OS-RC-2 (Kidney' rejected on attempt 1 - figures changed
2026-08-15 17:22:44,147 | Explanation | INFO | ollama_chat: calling model 'llama3.2:3b' at http://localhost:11434
2026-08-15 17:22:58,847 | Explanation | INFO | ollama_chat: received 595 character(s)
2026-08-15 17:22:58,848 | Explanation | WARNING | generate_explanation: rewrite of 'Rank 6 - OS-RC-2 (Kidney' rejected on attempt 2 - figures changed
2026-08-15 17:22:58,849 | Explanation | INFO | ollama_chat: calling model 'llama3.2:3b' at http://localhost:11434
2026-08-15 17:23:17,515 | Explanation | INFO | ollama_chat: received 617 character(s)
2026-08-15 17:23:17,516 | Explanation | WARNING | generate_explanation: rewrite of 'Rank 7 - HSC-3 (Head and' rejected on attempt 1 - figures changed
2026-08-15 17:23:17,516 | Explanation | INFO | ollama_chat: calling model 'llama3.2:3b' at http://localhost:11434
2026-08-15 17:23:33,514 | Explanation | INFO | ollama_chat: received 645 character(s)
2026-08-15 17:23:33,516 | Explanation | WARNING | generate_explanation: rewrite of 'Rank 7 - HSC-3 (Head and' rejected on attempt 2 - figures changed
2026-08-15 17:23:33,516 | Explanation | INFO | ollama_chat: calling model 'llama3.2:3b' at http://localhost:11434
2026-08-15 17:23:51,070 | Explanation | INFO | ollama_chat: received 590 character(s)
2026-08-15 17:23:51,072 | Explanation | WARNING | generate_explanation: rewrite of 'Rank 8 - CAL-33 (Head an' rejected on attempt 1 - figures changed
2026-08-15 17:23:51,073 | Explanation | INFO | ollama_chat: calling model 'llama3.2:3b' at http://localhost:11434
2026-08-15 17:24:05,113 | Explanation | INFO | ollama_chat: received 635 character(s)
2026-08-15 17:24:05,120 | Explanation | WARNING | generate_explanation: rewrite of 'Rank 8 - CAL-33 (Head an' rejected on attempt 2 - figures changed
2026-08-15 17:24:05,120 | Explanation | INFO | ollama_chat: calling model 'llama3.2:3b' at http://localhost:11434
2026-08-15 17:24:22,989 | Explanation | INFO | ollama_chat: received 627 character(s)
2026-08-15 17:24:22,991 | Explanation | WARNING | generate_explanation: rewrite of 'Rank 9 - HCC-95 (Lung Ca' rejected on attempt 1 - figures changed
2026-08-15 17:24:22,992 | Explanation | INFO | ollama_chat: calling model 'llama3.2:3b' at http://localhost:11434
2026-08-15 17:24:38,190 | Explanation | INFO | ollama_chat: received 724 character(s)
2026-08-15 17:24:38,191 | Explanation | WARNING | generate_explanation: rewrite of 'Rank 9 - HCC-95 (Lung Ca' rejected on attempt 2 - figures changed
2026-08-15 17:24:38,191 | Explanation | INFO | ollama_chat: calling model 'llama3.2:3b' at http://localhost:11434
2026-08-15 17:24:55,386 | Explanation | INFO | ollama_chat: received 642 character(s)
2026-08-15 17:24:55,387 | Explanation | WARNING | generate_explanation: rewrite of 'Rank 10 - HSC-4 (Head an' rejected on attempt 1 - figures changed
2026-08-15 17:24:55,387 | Explanation | INFO | ollama_chat: calling model 'llama3.2:3b' at http://localhost:11434
2026-08-15 17:25:08,971 | Explanation | INFO | ollama_chat: received 606 character(s)
2026-08-15 17:25:08,987 | Explanation | WARNING | generate_explanation: rewrite of 'Rank 10 - HSC-4 (Head an' rejected on attempt 2 - figures changed
2026-08-15 17:25:08,987 | Explanation | INFO | ollama_chat: calling model 'llama3.2:3b' at http://localhost:11434
2026-08-15 17:25:22,934 | Explanation | INFO | ollama_chat: received 479 character(s)
2026-08-15 17:25:22,937 | Explanation | WARNING | generate_explanation: rewrite of 'Actionable Caveats for L' rejected on attempt 1 - figures changed
2026-08-15 17:25:22,938 | Explanation | INFO | ollama_chat: calling model 'llama3.2:3b' at http://localhost:11434
2026-08-15 17:25:37,074 | Explanation | INFO | ollama_chat: received 646 character(s)
2026-08-15 17:25:37,075 | Explanation | WARNING | generate_explanation: rewrite of 'Actionable Caveats for L' rejected on attempt 2 - figures changed
2026-08-15 17:25:37,076 | Explanation | INFO | generate_explanation: 3 of 12 sections used the LLM rewrite
2026-08-15 17:25:37,260 | ApplicationRunner | INFO | Removing the selected top 10 from the total list
2026-08-15 17:25:37,299 | ApplicationRunner | INFO | Selected top 10 removed successfully and the final table is arranged in decending order
2026-08-15 17:25:37,299 | ApplicationRunner | INFO | pipelinerun completed successfully
2026-08-16 03:56:03,060 | ApplicationRunner | INFO | Starting the pipeline run
2026-08-16 03:56:03,061 | ApplicationRunner | INFO | exclusionchecker=False and diseasechecker=False
2026-08-16 03:56:03,061 | ApplicationRunner | INFO | Resolving target ids and reading target omic tables
2026-08-16 03:56:03,061 | AppPreprocessing | INFO | genetoesng: resolving 1 gene symbol(s) to ENSG
2026-08-16 03:56:03,085 | AppPreprocessing | INFO | genetoesng: resolved 1 ENSG id(s)
2026-08-16 03:56:03,086 | AppPreprocessing | INFO | esngtoprotein: resolving proteins for 1 ENSG id(s)
2026-08-16 03:56:03,103 | AppPreprocessing | INFO | esngtoprotein: 0 protein(s) found, 1 ENSG id(s) without a protein (0-fill placeholders)
2026-08-16 03:56:03,104 | AppPreprocessing | INFO | depmapreader: extracting 1 ENSG column(s)
2026-08-16 03:56:09,939 | AppPreprocessing | INFO | depmap: RNA/ENSG -> 1 found, 0 NaN-filled (not found)
2026-08-16 03:56:09,940 | AppPreprocessing | INFO | depmapreader: returning shape (1479, 2)
2026-08-16 03:56:09,977 | AppPreprocessing | INFO | hparnareader: extracting 1 ENSG column(s)
2026-08-16 03:56:15,387 | AppPreprocessing | WARNING | hpa: removed 91 row(s) with null/duplicate ModelID (kept 1054 unique cell line(s))
2026-08-16 03:56:15,387 | AppPreprocessing | INFO | hpa: HPA/ENSG -> 1 found, 0 NaN-filled (not found)
2026-08-16 03:56:15,389 | AppPreprocessing | INFO | hparnareader: returning shape (1054, 2)
2026-08-16 03:56:15,420 | AppPreprocessing | INFO | proteinreader: extracting 0 protein column(s)
2026-08-16 03:56:16,295 | AppPreprocessing | INFO | protein: protein -> 0 found, 0 NaN-filled (not found)
2026-08-16 03:56:16,296 | AppPreprocessing | INFO | proteinreader: returning shape (375, 1)
2026-08-16 03:56:16,305 | AppPreprocessing | INFO | similarityreader: extracting 1 gene cosine column(s)
2026-08-16 03:56:23,104 | AppPreprocessing | INFO | cosine: cosine/ENSG -> 1 found, 0 NaN-filled (not found)
2026-08-16 03:56:23,105 | AppPreprocessing | INFO | similarityreader: returning shape (1479, 2)
2026-08-16 03:56:23,157 | ApplicationRunner | INFO | target_df shape is (1479, 4)
2026-08-16 03:56:23,157 | ApplicationRunner | INFO | Releasing target reader frames from memory
2026-08-16 03:56:23,254 | ApplicationRunner | INFO | Scoring: evidence + similarity (target)
2026-08-16 03:56:23,256 | Scoring | INFO | calculateevidencescore (type=target): input shape (1479, 4)
2026-08-16 03:56:23,257 | Scoring | INFO | calculateevidencescore: 3 value column(s)
2026-08-16 03:56:23,261 | Scoring | INFO | target_evidence: min=0.0000 max=0.6614
2026-08-16 03:56:23,261 | Scoring | INFO | calculatesimilarityscore (type=target): input shape (1479, 2)
2026-08-16 03:56:23,262 | Scoring | INFO | calculatesimilarityscore: 1 cosine column(s)
2026-08-16 03:56:23,264 | Scoring | INFO | target_similarity: min=0.0000 max=1.0000
2026-08-16 03:56:23,264 | ApplicationRunner | INFO | Releasing target cosine frame from memory
2026-08-16 03:56:23,368 | ApplicationRunner | INFO | Calculating the confidence score
2026-08-16 03:56:23,369 | Scoring | INFO | calculateconfidencescore: input shape (1479, 4)
2026-08-16 03:56:23,369 | Scoring | INFO | calculateconfidencescore: pooling 3 value column(s)
2026-08-16 03:56:23,553 | Scoring | INFO | confidence_score: nulls=69 of 1479
2026-08-16 03:56:23,553 | ApplicationRunner | INFO | Releasing confidence input frame from memory
2026-08-16 03:56:23,647 | Scoring | INFO | calculatenetevidencescore (type=target): input shape (1479, 2)
2026-08-16 03:56:23,648 | Scoring | INFO | calculatenetsimilarityscore (type=target): input shape (1479, 2)
2026-08-16 03:56:23,649 | ApplicationRunner | INFO | Releasing target evidence/similarity frames from memory
2026-08-16 03:56:23,739 | ApplicationRunner | INFO | Assembling final score (net_similarity x net_evidence x confidence)
2026-08-16 03:56:23,745 | Scoring | INFO | finalscoring: input shape (1479, 8)
2026-08-16 03:56:23,746 | Scoring | INFO | final_score: nulls=69 of 1479
2026-08-16 03:56:23,746 | ApplicationRunner | INFO | Releasing net score component frames from memory
2026-08-16 03:56:23,845 | ApplicationRunner | INFO | Releasing feature and final-score frames from memory
2026-08-16 03:56:23,939 | ApplicationRunner | INFO | Fusion flagging over 1 gene(s); filter=3
2026-08-16 03:56:23,940 | Fusion | INFO | fusionflagger: 1479 cell line(s), 1 target gene(s), 0 exclusion gene(s)
2026-08-16 03:56:24,723 | Fusion | INFO | fusionflagger: fusion table shape (184237, 31)
2026-08-16 03:56:24,723 | Fusion | INFO | fusionflagger: single target gene, no exclusion -> OR match (gene as either partner)
2026-08-16 03:56:24,732 | Fusion | INFO | fusionflagger: 174 matching fusion row(s); 0 exclusion-involved, 47 target-only ModelID(s)
2026-08-16 03:56:24,732 | Fusion | INFO | fusionflagger: releasing fusion table frames from memory
2026-08-16 03:56:24,832 | Fusion | INFO | fusionflagger: fusion_type counts -> {'No': 1432, 'target': 47}
2026-08-16 03:56:24,924 | ApplicationRunner | INFO | Mutation flagging over 1 gene(s); filter=3
2026-08-16 03:56:24,925 | Mutation | INFO | mutationflager: 1479 cell line(s), 1 target gene(s), 0 exclusion gene(s)
2026-08-16 03:56:34,206 | Mutation | INFO | mutationflager: mutation table shape (1066869, 71)
2026-08-16 03:56:36,156 | Mutation | INFO | mutationflager: 60 distinct ModelID(s) with a matching mutation; 0 exclusion-involved, 60 target-involved
2026-08-16 03:56:36,257 | Mutation | INFO | mutationflager: mutation_type counts -> {'No': 1428, 'target': 51}
2026-08-16 03:56:36,260 | Mutation | INFO | mutationflager: 1479 cell line(s), 1 target gene(s), 0 exclusion gene(s)
2026-08-16 03:56:49,533 | Mutation | INFO | mutationflager: mutation table shape (1066869, 71)
2026-08-16 03:56:50,397 | Mutation | INFO | mutationflager: 60 distinct ModelID(s) with a matching mutation; 0 exclusion-involved, 60 target-involved
2026-08-16 03:56:50,405 | Mutation | INFO | mutationflager: mutation_type counts -> {'No': 1428, 'target': 51}
2026-08-16 03:56:51,418 | ApplicationRunner | INFO | Filtering the dataset for the cell line names
2026-08-16 03:56:51,420 | AppPreprocessing | INFO | Getting the master look up table
2026-08-16 03:56:51,430 | AppPreprocessing | INFO | Filtering the required columns
2026-08-16 03:56:51,433 | AppPreprocessing | INFO | Mergining the data with the master table
2026-08-16 03:56:51,449 | AppPreprocessing | INFO | Droping the rows which have null value
2026-08-16 03:56:51,454 | AppPreprocessing | INFO | Removing the columns which are not needed
2026-08-16 03:56:51,456 | AppPreprocessing | INFO | Getting the master look up table
2026-08-16 03:56:51,468 | AppPreprocessing | INFO | Filtering the required columns
2026-08-16 03:56:51,469 | AppPreprocessing | INFO | Mergining the data with the master table
2026-08-16 03:56:51,473 | AppPreprocessing | INFO | Droping the rows which have null value
2026-08-16 03:56:51,475 | AppPreprocessing | INFO | Removing the columns which are not needed
2026-08-16 03:56:51,479 | ApplicationRunner | INFO | Selected top 10 cell line(s)
2026-08-16 03:56:51,479 | Fusion | INFO | getthefusionreferencetable: 10 top cell line(s), 1 target gene(s), 0 exclusion gene(s)
2026-08-16 03:56:52,924 | Fusion | INFO | getthefusionreferencetable: releasing full fusion table from memory
2026-08-16 03:56:53,099 | Fusion | INFO | getthefusionreferencetable: returning 81 reference row(s)
2026-08-16 03:56:53,099 | Mutation | INFO | getthemutationreferencetable: 10 cell line(s), 1 gene(s)
2026-08-16 03:57:07,397 | Mutation | INFO | getthemutationreferencetable: returning 0 reference row(s)
2026-08-16 03:57:07,554 | ApplicationRunner | INFO | Getting Metabolomnic data
2026-08-16 03:57:07,554 | AppPreprocessing | INFO | Getting the metabolomnic data
2026-08-16 03:57:07,664 | ApplicationRunner | INFO | Running KMeans plot
2026-08-16 03:57:07,666 | ModelLoader | INFO | kmeansonthedata: 10 selected cell line(s)
2026-08-16 03:57:08,641 | ModelLoader | INFO | kmeansonthedata: factor matrix (1479, 20); predicting clusters
2026-08-16 03:57:08,879 | ModelLoader | INFO | kmeansonthedata: generating UMAP projection (full 1479-row manifold)
2026-08-16 03:57:33,050 | ModelLoader | INFO | kmeansonthedata: 10 of 10 chosen id(s) located on the map
2026-08-16 03:57:33,056 | ModelLoader | INFO | kmeansonthedata: releasing factor matrix and UMAP arrays from memory
2026-08-16 03:57:34,640 | ModelLoader | INFO | kmeansonthedata: plot saved to C:\Users\Shankar\Desktop\AstraZeneca\code\astrazeneca\CelllineSelector\images\kmeansplotforselectedcell_2cea5a82-a181-431a-a5e6-daad5e0f0ea4.png
2026-08-16 03:57:34,640 | ModelLoader | INFO | kmeansonthedata: releasing plotting frames from memory
2026-08-16 03:57:34,857 | ApplicationRunner | INFO | Kmeans plot completed
2026-08-16 03:57:34,858 | ApplicationRunner | INFO | Running KNN
2026-08-16 03:57:34,858 | ModelLoader | INFO | knnonthedata: finding alternatives for 10 selected cell line(s)
2026-08-16 03:57:34,926 | ModelLoader | INFO | knnonthedata: releasing factor matrix from memory
2026-08-16 03:57:35,115 | ModelLoader | INFO | knnonthedata: 10 of 10 target(s) received an alternative
2026-08-16 03:57:35,116 | ApplicationRunner | INFO | KNN Completed
2026-08-16 03:57:35,116 | ApplicationRunner | INFO | Running Data combiner
2026-08-16 03:57:35,116 | AppPreprocessing | INFO | datacombiner: enriching 10 row(s) with master_lookup identity
2026-08-16 03:57:35,143 | AppPreprocessing | INFO | datacombiner: returning shape (10, 23)
2026-08-16 03:57:35,143 | AppPreprocessing | INFO | datacombiner: enriching 1410 row(s) with master_lookup identity
2026-08-16 03:57:35,166 | AppPreprocessing | INFO | datacombiner: returning shape (1410, 22)
2026-08-16 03:57:35,167 | ApplicationRunner | INFO | Data combiner completed
2026-08-16 03:57:35,167 | ApplicationRunner | INFO | Generating LLM explanation
2026-08-16 03:57:35,167 | Explanation | INFO | generate_explanation: starting
2026-08-16 03:57:35,325 | Explanation | INFO | ollama_chat: calling model 'llama3.2:3b' at http://localhost:11434
2026-08-16 03:57:53,174 | Explanation | INFO | ollama_chat: received 334 character(s)
2026-08-16 03:57:53,175 | Explanation | INFO | ollama_chat: calling model 'llama3.2:3b' at http://localhost:11434
2026-08-16 03:58:06,182 | Explanation | INFO | ollama_chat: received 559 character(s)
2026-08-16 03:58:06,183 | Explanation | INFO | ollama_chat: calling model 'llama3.2:3b' at http://localhost:11434
2026-08-16 03:58:20,073 | Explanation | INFO | ollama_chat: received 632 character(s)
2026-08-16 03:58:20,074 | Explanation | WARNING | generate_explanation: rewrite of 'Rank 2 - NCI-H2342 (Lung' rejected on attempt 1 - figures changed
2026-08-16 03:58:20,074 | Explanation | INFO | ollama_chat: calling model 'llama3.2:3b' at http://localhost:11434
2026-08-16 03:58:31,447 | Explanation | INFO | ollama_chat: received 622 character(s)
2026-08-16 03:58:31,448 | Explanation | WARNING | generate_explanation: rewrite of 'Rank 2 - NCI-H2342 (Lung' rejected on attempt 2 - figures changed
2026-08-16 03:58:31,448 | Explanation | INFO | ollama_chat: calling model 'llama3.2:3b' at http://localhost:11434
2026-08-16 03:58:42,986 | Explanation | INFO | ollama_chat: received 543 character(s)
2026-08-16 03:58:42,987 | Explanation | WARNING | generate_explanation: rewrite of 'Rank 3 - KATO III (Gastr' rejected on attempt 1 - figures changed
2026-08-16 03:58:42,987 | Explanation | INFO | ollama_chat: calling model 'llama3.2:3b' at http://localhost:11434
2026-08-16 03:58:54,906 | Explanation | INFO | ollama_chat: received 642 character(s)
2026-08-16 03:58:54,907 | Explanation | INFO | ollama_chat: calling model 'llama3.2:3b' at http://localhost:11434
2026-08-16 03:59:08,161 | Explanation | INFO | ollama_chat: received 601 character(s)
2026-08-16 03:59:08,161 | Explanation | WARNING | generate_explanation: rewrite of 'Rank 4 - JHH-1 (Liver Ca' rejected on attempt 1 - figures changed
2026-08-16 03:59:08,161 | Explanation | INFO | ollama_chat: calling model 'llama3.2:3b' at http://localhost:11434
2026-08-16 03:59:19,395 | Explanation | INFO | ollama_chat: received 604 character(s)
2026-08-16 03:59:19,395 | Explanation | WARNING | generate_explanation: rewrite of 'Rank 4 - JHH-1 (Liver Ca' rejected on attempt 2 - figures changed
2026-08-16 03:59:19,396 | Explanation | INFO | ollama_chat: calling model 'llama3.2:3b' at http://localhost:11434
2026-08-16 03:59:32,459 | Explanation | INFO | ollama_chat: received 652 character(s)
2026-08-16 03:59:32,459 | Explanation | WARNING | generate_explanation: rewrite of 'Rank 5 - KYSE-140 (Esoph' rejected on attempt 1 - figures changed
2026-08-16 03:59:32,459 | Explanation | INFO | ollama_chat: calling model 'llama3.2:3b' at http://localhost:11434
2026-08-16 03:59:43,799 | Explanation | INFO | ollama_chat: received 626 character(s)
2026-08-16 03:59:43,800 | Explanation | WARNING | generate_explanation: rewrite of 'Rank 5 - KYSE-140 (Esoph' rejected on attempt 2 - figures changed
2026-08-16 03:59:43,800 | Explanation | INFO | ollama_chat: calling model 'llama3.2:3b' at http://localhost:11434
2026-08-16 03:59:58,589 | Explanation | INFO | ollama_chat: received 606 character(s)
2026-08-16 03:59:58,590 | Explanation | WARNING | generate_explanation: rewrite of 'Rank 6 - T.T (Esophageal' rejected on attempt 1 - figures changed
2026-08-16 03:59:58,590 | Explanation | INFO | ollama_chat: calling model 'llama3.2:3b' at http://localhost:11434
2026-08-16 04:00:11,100 | Explanation | INFO | ollama_chat: received 577 character(s)
2026-08-16 04:00:11,101 | Explanation | WARNING | generate_explanation: rewrite of 'Rank 6 - T.T (Esophageal' rejected on attempt 2 - figures changed
2026-08-16 04:00:11,102 | Explanation | INFO | ollama_chat: calling model 'llama3.2:3b' at http://localhost:11434
2026-08-16 04:00:26,958 | Explanation | INFO | ollama_chat: received 649 character(s)
2026-08-16 04:00:26,959 | Explanation | WARNING | generate_explanation: rewrite of 'Rank 7 - MFM-223 (Breast' rejected on attempt 1 - figures changed
2026-08-16 04:00:26,959 | Explanation | INFO | ollama_chat: calling model 'llama3.2:3b' at http://localhost:11434
2026-08-16 04:00:45,693 | Explanation | INFO | ollama_chat: received 652 character(s)
2026-08-16 04:00:45,694 | Explanation | WARNING | generate_explanation: rewrite of 'Rank 7 - MFM-223 (Breast' rejected on attempt 2 - figures changed
2026-08-16 04:00:45,695 | Explanation | INFO | ollama_chat: calling model 'llama3.2:3b' at http://localhost:11434
2026-08-16 04:01:07,828 | Explanation | INFO | ollama_chat: received 621 character(s)
2026-08-16 04:01:07,829 | Explanation | WARNING | generate_explanation: rewrite of 'Rank 8 - SNU-16 (Gastric' rejected on attempt 1 - figures changed
2026-08-16 04:01:07,831 | Explanation | INFO | ollama_chat: calling model 'llama3.2:3b' at http://localhost:11434
2026-08-16 04:01:24,575 | Explanation | INFO | ollama_chat: received 623 character(s)
2026-08-16 04:01:24,577 | Explanation | WARNING | generate_explanation: rewrite of 'Rank 8 - SNU-16 (Gastric' rejected on attempt 2 - figures changed
2026-08-16 04:01:24,577 | Explanation | INFO | ollama_chat: calling model 'llama3.2:3b' at http://localhost:11434
2026-08-16 04:01:44,119 | Explanation | INFO | ollama_chat: received 557 character(s)
2026-08-16 04:01:44,120 | Explanation | WARNING | generate_explanation: rewrite of 'Rank 9 - TE-6 (Esophagea' rejected on attempt 1 - figures changed
2026-08-16 04:01:44,121 | Explanation | INFO | ollama_chat: calling model 'llama3.2:3b' at http://localhost:11434
2026-08-16 04:01:59,019 | Explanation | INFO | ollama_chat: received 555 character(s)
2026-08-16 04:01:59,020 | Explanation | WARNING | generate_explanation: rewrite of 'Rank 9 - TE-6 (Esophagea' rejected on attempt 2 - figures changed
2026-08-16 04:01:59,021 | Explanation | INFO | ollama_chat: calling model 'llama3.2:3b' at http://localhost:11434
2026-08-16 04:02:19,857 | Explanation | INFO | ollama_chat: received 588 character(s)
2026-08-16 04:02:19,858 | Explanation | WARNING | generate_explanation: rewrite of 'Rank 10 - SF767 (Cervica' rejected on attempt 1 - figures changed
2026-08-16 04:02:19,859 | Explanation | INFO | ollama_chat: calling model 'llama3.2:3b' at http://localhost:11434
2026-08-16 04:02:35,585 | Explanation | INFO | ollama_chat: received 583 character(s)
2026-08-16 04:02:35,585 | Explanation | WARNING | generate_explanation: rewrite of 'Rank 10 - SF767 (Cervica' rejected on attempt 2 - figures changed
2026-08-16 04:02:35,586 | Explanation | INFO | ollama_chat: calling model 'llama3.2:3b' at http://localhost:11434
2026-08-16 04:02:56,117 | Explanation | INFO | ollama_chat: received 590 character(s)
2026-08-16 04:02:56,118 | Explanation | WARNING | generate_explanation: rewrite of 'Actionable Caveats for L' rejected on attempt 1 - figures changed
2026-08-16 04:02:56,118 | Explanation | INFO | ollama_chat: calling model 'llama3.2:3b' at http://localhost:11434
2026-08-16 04:03:12,943 | Explanation | INFO | ollama_chat: received 654 character(s)
2026-08-16 04:03:12,944 | Explanation | WARNING | generate_explanation: rewrite of 'Actionable Caveats for L' rejected on attempt 2 - figures changed
2026-08-16 04:03:12,945 | Explanation | INFO | generate_explanation: 3 of 12 sections used the LLM rewrite
2026-08-16 04:03:12,995 | ApplicationRunner | INFO | Removing the selected top 10 from the total list
2026-08-16 04:03:13,012 | ApplicationRunner | INFO | Selected top 10 removed successfully and the final table is arranged in decending order
2026-08-16 04:03:13,012 | ApplicationRunner | INFO | pipelinerun completed successfully
2026-08-16 04:16:34,058 | ApplicationRunner | INFO | Starting the pipeline run
2026-08-16 04:16:34,058 | ApplicationRunner | INFO | exclusionchecker=False and diseasechecker=False
2026-08-16 04:16:34,058 | ApplicationRunner | INFO | Resolving target ids and reading target omic tables
2026-08-16 04:16:34,058 | AppPreprocessing | INFO | genetoesng: resolving 1 gene symbol(s) to ENSG
2026-08-16 04:16:34,076 | AppPreprocessing | INFO | genetoesng: resolved 1 ENSG id(s)
2026-08-16 04:16:34,076 | AppPreprocessing | INFO | esngtoprotein: resolving proteins for 1 ENSG id(s)
2026-08-16 04:16:34,101 | AppPreprocessing | INFO | esngtoprotein: 1 protein(s) found, 0 ENSG id(s) without a protein (0-fill placeholders)
2026-08-16 04:16:34,102 | AppPreprocessing | INFO | depmapreader: extracting 1 ENSG column(s)
2026-08-16 04:16:40,869 | AppPreprocessing | INFO | depmap: RNA/ENSG -> 1 found, 0 NaN-filled (not found)
2026-08-16 04:16:40,870 | AppPreprocessing | INFO | depmapreader: returning shape (1479, 2)
2026-08-16 04:16:40,905 | AppPreprocessing | INFO | hparnareader: extracting 1 ENSG column(s)
2026-08-16 04:16:46,312 | AppPreprocessing | WARNING | hpa: removed 91 row(s) with null/duplicate ModelID (kept 1054 unique cell line(s))
2026-08-16 04:16:46,312 | AppPreprocessing | INFO | hpa: HPA/ENSG -> 1 found, 0 NaN-filled (not found)
2026-08-16 04:16:46,313 | AppPreprocessing | INFO | hparnareader: returning shape (1054, 2)
2026-08-16 04:16:46,339 | AppPreprocessing | INFO | proteinreader: extracting 1 protein column(s)
2026-08-16 04:16:47,252 | AppPreprocessing | INFO | protein: protein -> 1 found, 0 NaN-filled (not found)
2026-08-16 04:16:47,253 | AppPreprocessing | INFO | proteinreader: returning shape (375, 2)
2026-08-16 04:16:47,261 | AppPreprocessing | INFO | similarityreader: extracting 1 gene cosine column(s)
2026-08-16 04:16:54,094 | AppPreprocessing | INFO | cosine: cosine/ENSG -> 1 found, 0 NaN-filled (not found)
2026-08-16 04:16:54,096 | AppPreprocessing | INFO | similarityreader: returning shape (1479, 2)
2026-08-16 04:16:54,142 | ApplicationRunner | INFO | target_df shape is (1479, 4)
2026-08-16 04:16:54,142 | ApplicationRunner | INFO | Releasing target reader frames from memory
2026-08-16 04:16:54,247 | ApplicationRunner | INFO | Scoring: evidence + similarity (target)
2026-08-16 04:16:54,249 | Scoring | INFO | calculateevidencescore (type=target): input shape (1479, 4)
2026-08-16 04:16:54,249 | Scoring | INFO | calculateevidencescore: 3 value column(s)
2026-08-16 04:16:54,253 | Scoring | INFO | target_evidence: min=0.0000 max=0.9549
2026-08-16 04:16:54,254 | Scoring | INFO | calculatesimilarityscore (type=target): input shape (1479, 2)
2026-08-16 04:16:54,255 | Scoring | INFO | calculatesimilarityscore: 1 cosine column(s)
2026-08-16 04:16:54,256 | Scoring | INFO | target_similarity: min=0.0000 max=1.0000
2026-08-16 04:16:54,257 | ApplicationRunner | INFO | Releasing target cosine frame from memory
2026-08-16 04:16:54,380 | ApplicationRunner | INFO | Calculating the confidence score
2026-08-16 04:16:54,381 | Scoring | INFO | calculateconfidencescore: input shape (1479, 4)
2026-08-16 04:16:54,381 | Scoring | INFO | calculateconfidencescore: pooling 3 value column(s)
2026-08-16 04:16:54,543 | Scoring | INFO | confidence_score: nulls=49 of 1479
2026-08-16 04:16:54,543 | ApplicationRunner | INFO | Releasing confidence input frame from memory
2026-08-16 04:16:54,646 | Scoring | INFO | calculatenetevidencescore (type=target): input shape (1479, 2)
2026-08-16 04:16:54,647 | Scoring | INFO | calculatenetsimilarityscore (type=target): input shape (1479, 2)
2026-08-16 04:16:54,648 | ApplicationRunner | INFO | Releasing target evidence/similarity frames from memory
2026-08-16 04:16:54,748 | ApplicationRunner | INFO | Assembling final score (net_similarity x net_evidence x confidence)
2026-08-16 04:16:54,752 | Scoring | INFO | finalscoring: input shape (1479, 8)
2026-08-16 04:16:54,753 | Scoring | INFO | final_score: nulls=49 of 1479
2026-08-16 04:16:54,754 | ApplicationRunner | INFO | Releasing net score component frames from memory
2026-08-16 04:16:54,862 | ApplicationRunner | INFO | Releasing feature and final-score frames from memory
2026-08-16 04:16:54,966 | ApplicationRunner | INFO | Fusion flagging over 1 gene(s); filter=3
2026-08-16 04:16:54,967 | Fusion | INFO | fusionflagger: 1479 cell line(s), 1 target gene(s), 0 exclusion gene(s)
2026-08-16 04:16:55,762 | Fusion | INFO | fusionflagger: fusion table shape (184237, 31)
2026-08-16 04:16:55,762 | Fusion | INFO | fusionflagger: single target gene, no exclusion -> OR match (gene as either partner)
2026-08-16 04:16:55,787 | Fusion | INFO | fusionflagger: 44 matching fusion row(s); 0 exclusion-involved, 22 target-only ModelID(s)
2026-08-16 04:16:55,787 | Fusion | INFO | fusionflagger: releasing fusion table frames from memory
2026-08-16 04:16:55,896 | Fusion | INFO | fusionflagger: fusion_type counts -> {'No': 1459, 'target': 20}
2026-08-16 04:16:55,999 | ApplicationRunner | INFO | Mutation flagging over 1 gene(s); filter=3
2026-08-16 04:16:55,999 | Mutation | INFO | mutationflager: 1479 cell line(s), 1 target gene(s), 0 exclusion gene(s)
2026-08-16 04:17:04,320 | Mutation | INFO | mutationflager: mutation table shape (1066869, 71)
2026-08-16 04:17:04,934 | Mutation | INFO | mutationflager: 96 distinct ModelID(s) with a matching mutation; 0 exclusion-involved, 96 target-involved
2026-08-16 04:17:04,940 | Mutation | INFO | mutationflager: mutation_type counts -> {'No': 1395, 'target': 84}
2026-08-16 04:17:04,941 | Mutation | INFO | mutationflager: 1479 cell line(s), 1 target gene(s), 0 exclusion gene(s)
2026-08-16 04:17:13,247 | Mutation | INFO | mutationflager: mutation table shape (1066869, 71)
2026-08-16 04:17:13,803 | Mutation | INFO | mutationflager: 96 distinct ModelID(s) with a matching mutation; 0 exclusion-involved, 96 target-involved
2026-08-16 04:17:13,807 | Mutation | INFO | mutationflager: mutation_type counts -> {'No': 1395, 'target': 84}
2026-08-16 04:17:13,902 | ApplicationRunner | INFO | Filtering the dataset for the cell line names
2026-08-16 04:17:13,902 | AppPreprocessing | INFO | Getting the master look up table
2026-08-16 04:17:13,928 | AppPreprocessing | INFO | Filtering the required columns
2026-08-16 04:17:13,929 | AppPreprocessing | INFO | Mergining the data with the master table
2026-08-16 04:17:13,931 | AppPreprocessing | INFO | Droping the rows which have null value
2026-08-16 04:17:13,933 | AppPreprocessing | INFO | Removing the columns which are not needed
2026-08-16 04:17:13,934 | AppPreprocessing | INFO | Getting the master look up table
2026-08-16 04:17:13,940 | AppPreprocessing | INFO | Filtering the required columns
2026-08-16 04:17:13,941 | AppPreprocessing | INFO | Mergining the data with the master table
2026-08-16 04:17:13,943 | AppPreprocessing | INFO | Droping the rows which have null value
2026-08-16 04:17:13,944 | AppPreprocessing | INFO | Removing the columns which are not needed
2026-08-16 04:17:13,946 | ApplicationRunner | INFO | Selected top 10 cell line(s)
2026-08-16 04:17:13,947 | Fusion | INFO | getthefusionreferencetable: 10 top cell line(s), 1 target gene(s), 0 exclusion gene(s)
2026-08-16 04:17:14,838 | Fusion | INFO | getthefusionreferencetable: releasing full fusion table from memory
2026-08-16 04:17:14,955 | Fusion | INFO | getthefusionreferencetable: returning 3 reference row(s)
2026-08-16 04:17:14,956 | Mutation | INFO | getthemutationreferencetable: 10 cell line(s), 1 gene(s)
2026-08-16 04:17:23,494 | Mutation | INFO | getthemutationreferencetable: returning 2 reference row(s)
2026-08-16 04:17:23,601 | ApplicationRunner | INFO | Getting Metabolomnic data
2026-08-16 04:17:23,601 | AppPreprocessing | INFO | Getting the metabolomnic data
2026-08-16 04:17:23,664 | ApplicationRunner | INFO | Running KMeans plot
2026-08-16 04:17:23,664 | ModelLoader | INFO | kmeansonthedata: 10 selected cell line(s)
2026-08-16 04:17:24,106 | ModelLoader | INFO | kmeansonthedata: factor matrix (1479, 20); predicting clusters
2026-08-16 04:17:24,158 | ModelLoader | INFO | kmeansonthedata: generating UMAP projection (full 1479-row manifold)
2026-08-16 04:17:36,018 | ModelLoader | INFO | kmeansonthedata: 10 of 10 chosen id(s) located on the map
2026-08-16 04:17:36,019 | ModelLoader | INFO | kmeansonthedata: releasing factor matrix and UMAP arrays from memory
2026-08-16 04:17:36,642 | ModelLoader | INFO | kmeansonthedata: plot saved to C:\Users\Shankar\Desktop\AstraZeneca\code\astrazeneca\CelllineSelector\images\kmeansplotforselectedcell_0577ee66-70b1-44ad-9d4a-9321a3c4ae6b.png
2026-08-16 04:17:36,643 | ModelLoader | INFO | kmeansonthedata: releasing plotting frames from memory
2026-08-16 04:17:36,775 | ApplicationRunner | INFO | Kmeans plot completed
2026-08-16 04:17:36,776 | ApplicationRunner | INFO | Running KNN
2026-08-16 04:17:36,776 | ModelLoader | INFO | knnonthedata: finding alternatives for 10 selected cell line(s)
2026-08-16 04:17:36,825 | ModelLoader | INFO | knnonthedata: releasing factor matrix from memory
2026-08-16 04:17:36,961 | ModelLoader | INFO | knnonthedata: 10 of 10 target(s) received an alternative
2026-08-16 04:17:36,962 | ApplicationRunner | INFO | KNN Completed
2026-08-16 04:17:36,962 | ApplicationRunner | INFO | Running Data combiner
2026-08-16 04:17:36,962 | AppPreprocessing | INFO | datacombiner: enriching 10 row(s) with master_lookup identity
2026-08-16 04:17:36,974 | AppPreprocessing | INFO | datacombiner: returning shape (10, 23)
2026-08-16 04:17:36,974 | AppPreprocessing | INFO | datacombiner: enriching 1410 row(s) with master_lookup identity
2026-08-16 04:17:36,987 | AppPreprocessing | INFO | datacombiner: returning shape (1410, 22)
2026-08-16 04:17:36,987 | ApplicationRunner | INFO | Data combiner completed
2026-08-16 04:17:36,987 | ApplicationRunner | INFO | Generating LLM explanation
2026-08-16 04:17:36,987 | Explanation | INFO | generate_explanation: starting
2026-08-16 04:17:37,063 | Explanation | INFO | ollama_chat: calling model 'llama3.2:3b' at http://localhost:11434
2026-08-16 04:17:51,886 | Explanation | INFO | ollama_chat: received 303 character(s)
2026-08-16 04:17:51,887 | Explanation | INFO | ollama_chat: calling model 'llama3.2:3b' at http://localhost:11434
2026-08-16 04:18:06,050 | Explanation | INFO | ollama_chat: received 643 character(s)
2026-08-16 04:18:06,051 | Explanation | WARNING | generate_explanation: rewrite of 'Rank 1 - HCC827 (Lung Ca' rejected on attempt 1 - figures changed
2026-08-16 04:18:06,051 | Explanation | INFO | ollama_chat: calling model 'llama3.2:3b' at http://localhost:11434
2026-08-16 04:18:15,614 | Explanation | INFO | ollama_chat: received 534 character(s)
2026-08-16 04:18:15,614 | Explanation | WARNING | generate_explanation: rewrite of 'Rank 1 - HCC827 (Lung Ca' rejected on attempt 2 - figures changed
2026-08-16 04:18:15,614 | Explanation | INFO | ollama_chat: calling model 'llama3.2:3b' at http://localhost:11434
2026-08-16 04:18:28,009 | Explanation | INFO | ollama_chat: received 607 character(s)
2026-08-16 04:18:28,010 | Explanation | WARNING | generate_explanation: rewrite of 'Rank 2 - U-BLC1 (Bladder' rejected on attempt 1 - figures changed
2026-08-16 04:18:28,010 | Explanation | INFO | ollama_chat: calling model 'llama3.2:3b' at http://localhost:11434
2026-08-16 04:18:39,888 | Explanation | INFO | ollama_chat: received 656 character(s)
2026-08-16 04:18:39,888 | Explanation | INFO | ollama_chat: calling model 'llama3.2:3b' at http://localhost:11434
2026-08-16 04:18:54,405 | Explanation | INFO | ollama_chat: received 676 character(s)
2026-08-16 04:18:54,405 | Explanation | WARNING | generate_explanation: rewrite of 'Rank 3 - CAL 27 (Head an' rejected on attempt 1 - figures changed
2026-08-16 04:18:54,405 | Explanation | INFO | ollama_chat: calling model 'llama3.2:3b' at http://localhost:11434
2026-08-16 04:19:06,378 | Explanation | INFO | ollama_chat: received 641 character(s)
2026-08-16 04:19:06,379 | Explanation | WARNING | generate_explanation: rewrite of 'Rank 3 - CAL 27 (Head an' rejected on attempt 2 - figures changed
2026-08-16 04:19:06,379 | Explanation | INFO | ollama_chat: calling model 'llama3.2:3b' at http://localhost:11434
2026-08-16 04:19:19,922 | Explanation | INFO | ollama_chat: received 604 character(s)
2026-08-16 04:19:19,923 | Explanation | INFO | ollama_chat: calling model 'llama3.2:3b' at http://localhost:11434
2026-08-16 04:19:32,502 | Explanation | INFO | ollama_chat: received 562 character(s)
2026-08-16 04:19:32,503 | Explanation | WARNING | generate_explanation: rewrite of 'Rank 5 - KYSE-150 (Esoph' rejected on attempt 1 - figures changed
2026-08-16 04:19:32,503 | Explanation | INFO | ollama_chat: calling model 'llama3.2:3b' at http://localhost:11434
2026-08-16 04:19:43,678 | Explanation | INFO | ollama_chat: received 579 character(s)
2026-08-16 04:19:43,679 | Explanation | WARNING | generate_explanation: rewrite of 'Rank 5 - KYSE-150 (Esoph' rejected on attempt 2 - figures changed
2026-08-16 04:19:43,679 | Explanation | INFO | ollama_chat: calling model 'llama3.2:3b' at http://localhost:11434
2026-08-16 04:19:58,347 | Explanation | INFO | ollama_chat: received 602 character(s)
2026-08-16 04:19:58,348 | Explanation | WARNING | generate_explanation: rewrite of 'Rank 6 - OS-RC-2 (Kidney' rejected on attempt 1 - figures changed
2026-08-16 04:19:58,349 | Explanation | INFO | ollama_chat: calling model 'llama3.2:3b' at http://localhost:11434
2026-08-16 04:20:10,779 | Explanation | INFO | ollama_chat: received 595 character(s)
2026-08-16 04:20:10,780 | Explanation | WARNING | generate_explanation: rewrite of 'Rank 6 - OS-RC-2 (Kidney' rejected on attempt 2 - figures changed
2026-08-16 04:20:10,780 | Explanation | INFO | ollama_chat: calling model 'llama3.2:3b' at http://localhost:11434
2026-08-16 04:20:25,209 | Explanation | INFO | ollama_chat: received 617 character(s)
2026-08-16 04:20:25,209 | Explanation | WARNING | generate_explanation: rewrite of 'Rank 7 - HSC-3 (Head and' rejected on attempt 1 - figures changed
2026-08-16 04:20:25,210 | Explanation | INFO | ollama_chat: calling model 'llama3.2:3b' at http://localhost:11434
2026-08-16 04:20:37,648 | Explanation | INFO | ollama_chat: received 645 character(s)
2026-08-16 04:20:37,649 | Explanation | WARNING | generate_explanation: rewrite of 'Rank 7 - HSC-3 (Head and' rejected on attempt 2 - figures changed
2026-08-16 04:20:37,649 | Explanation | INFO | ollama_chat: calling model 'llama3.2:3b' at http://localhost:11434
2026-08-16 04:20:52,139 | Explanation | INFO | ollama_chat: received 590 character(s)
2026-08-16 04:20:52,139 | Explanation | WARNING | generate_explanation: rewrite of 'Rank 8 - CAL-33 (Head an' rejected on attempt 1 - figures changed
2026-08-16 04:20:52,140 | Explanation | INFO | ollama_chat: calling model 'llama3.2:3b' at http://localhost:11434
2026-08-16 04:21:04,596 | Explanation | INFO | ollama_chat: received 635 character(s)
2026-08-16 04:21:04,597 | Explanation | WARNING | generate_explanation: rewrite of 'Rank 8 - CAL-33 (Head an' rejected on attempt 2 - figures changed
2026-08-16 04:21:04,597 | Explanation | INFO | ollama_chat: calling model 'llama3.2:3b' at http://localhost:11434
2026-08-16 04:21:20,124 | Explanation | INFO | ollama_chat: received 627 character(s)
2026-08-16 04:21:20,125 | Explanation | WARNING | generate_explanation: rewrite of 'Rank 9 - HCC-95 (Lung Ca' rejected on attempt 1 - figures changed
2026-08-16 04:21:20,125 | Explanation | INFO | ollama_chat: calling model 'llama3.2:3b' at http://localhost:11434
2026-08-16 04:21:33,711 | Explanation | INFO | ollama_chat: received 724 character(s)
2026-08-16 04:21:33,711 | Explanation | WARNING | generate_explanation: rewrite of 'Rank 9 - HCC-95 (Lung Ca' rejected on attempt 2 - figures changed
2026-08-16 04:21:33,711 | Explanation | INFO | ollama_chat: calling model 'llama3.2:3b' at http://localhost:11434
2026-08-16 04:21:49,313 | Explanation | INFO | ollama_chat: received 642 character(s)
2026-08-16 04:21:49,314 | Explanation | WARNING | generate_explanation: rewrite of 'Rank 10 - HSC-4 (Head an' rejected on attempt 1 - figures changed
2026-08-16 04:21:49,314 | Explanation | INFO | ollama_chat: calling model 'llama3.2:3b' at http://localhost:11434
2026-08-16 04:22:02,163 | Explanation | INFO | ollama_chat: received 606 character(s)
2026-08-16 04:22:02,163 | Explanation | WARNING | generate_explanation: rewrite of 'Rank 10 - HSC-4 (Head an' rejected on attempt 2 - figures changed
2026-08-16 04:22:02,164 | Explanation | INFO | ollama_chat: calling model 'llama3.2:3b' at http://localhost:11434
2026-08-16 04:22:14,715 | Explanation | INFO | ollama_chat: received 479 character(s)
2026-08-16 04:22:14,716 | Explanation | WARNING | generate_explanation: rewrite of 'Actionable Caveats for L' rejected on attempt 1 - figures changed
2026-08-16 04:22:14,716 | Explanation | INFO | ollama_chat: calling model 'llama3.2:3b' at http://localhost:11434
2026-08-16 04:22:29,296 | Explanation | INFO | ollama_chat: received 646 character(s)
2026-08-16 04:22:29,298 | Explanation | WARNING | generate_explanation: rewrite of 'Actionable Caveats for L' rejected on attempt 2 - figures changed
2026-08-16 04:22:29,299 | Explanation | INFO | generate_explanation: 3 of 12 sections used the LLM rewrite
2026-08-16 04:22:29,336 | ApplicationRunner | INFO | Removing the selected top 10 from the total list
2026-08-16 04:22:29,349 | ApplicationRunner | INFO | Selected top 10 removed successfully and the final table is arranged in decending order
2026-08-16 04:22:29,349 | ApplicationRunner | INFO | pipelinerun completed successfully
2026-08-16 04:26:04,225 | ApplicationRunner | INFO | Starting the pipeline run
2026-08-16 04:26:04,225 | ApplicationRunner | INFO | exclusionchecker=False and diseasechecker=False
2026-08-16 04:26:04,225 | ApplicationRunner | INFO | Resolving target ids and reading target omic tables
2026-08-16 04:26:04,226 | AppPreprocessing | INFO | genetoesng: resolving 1 gene symbol(s) to ENSG
2026-08-16 04:26:04,245 | AppPreprocessing | INFO | genetoesng: resolved 1 ENSG id(s)
2026-08-16 04:26:04,245 | AppPreprocessing | INFO | esngtoprotein: resolving proteins for 1 ENSG id(s)
2026-08-16 04:26:04,262 | AppPreprocessing | INFO | esngtoprotein: 1 protein(s) found, 0 ENSG id(s) without a protein (0-fill placeholders)
2026-08-16 04:26:04,262 | AppPreprocessing | INFO | depmapreader: extracting 1 ENSG column(s)
2026-08-16 04:26:11,174 | AppPreprocessing | INFO | depmap: RNA/ENSG -> 1 found, 0 NaN-filled (not found)
2026-08-16 04:26:11,175 | AppPreprocessing | INFO | depmapreader: returning shape (1479, 2)
2026-08-16 04:26:11,214 | AppPreprocessing | INFO | hparnareader: extracting 1 ENSG column(s)
2026-08-16 04:26:17,134 | AppPreprocessing | WARNING | hpa: removed 91 row(s) with null/duplicate ModelID (kept 1054 unique cell line(s))
2026-08-16 04:26:17,135 | AppPreprocessing | INFO | hpa: HPA/ENSG -> 1 found, 0 NaN-filled (not found)
2026-08-16 04:26:17,136 | AppPreprocessing | INFO | hparnareader: returning shape (1054, 2)
2026-08-16 04:26:17,165 | AppPreprocessing | INFO | proteinreader: extracting 1 protein column(s)
2026-08-16 04:26:18,117 | AppPreprocessing | INFO | protein: protein -> 1 found, 0 NaN-filled (not found)
2026-08-16 04:26:18,118 | AppPreprocessing | INFO | proteinreader: returning shape (375, 2)
2026-08-16 04:26:18,126 | AppPreprocessing | INFO | similarityreader: extracting 1 gene cosine column(s)
2026-08-16 04:26:25,280 | AppPreprocessing | INFO | cosine: cosine/ENSG -> 1 found, 0 NaN-filled (not found)
2026-08-16 04:26:25,281 | AppPreprocessing | INFO | similarityreader: returning shape (1479, 2)
2026-08-16 04:26:25,328 | ApplicationRunner | INFO | target_df shape is (1479, 4)
2026-08-16 04:26:25,329 | ApplicationRunner | INFO | Releasing target reader frames from memory
2026-08-16 04:26:25,436 | ApplicationRunner | INFO | Scoring: evidence + similarity (target)
2026-08-16 04:26:25,438 | Scoring | INFO | calculateevidencescore (type=target): input shape (1479, 4)
2026-08-16 04:26:25,438 | Scoring | INFO | calculateevidencescore: 3 value column(s)
2026-08-16 04:26:25,442 | Scoring | INFO | target_evidence: min=0.0000 max=0.9549
2026-08-16 04:26:25,443 | Scoring | INFO | calculatesimilarityscore (type=target): input shape (1479, 2)
2026-08-16 04:26:25,444 | Scoring | INFO | calculatesimilarityscore: 1 cosine column(s)
2026-08-16 04:26:25,446 | Scoring | INFO | target_similarity: min=0.0000 max=1.0000
2026-08-16 04:26:25,447 | ApplicationRunner | INFO | Releasing target cosine frame from memory
2026-08-16 04:26:25,551 | ApplicationRunner | INFO | Calculating the confidence score
2026-08-16 04:26:25,551 | Scoring | INFO | calculateconfidencescore: input shape (1479, 4)
2026-08-16 04:26:25,551 | Scoring | INFO | calculateconfidencescore: pooling 3 value column(s)
2026-08-16 04:26:25,726 | Scoring | INFO | confidence_score: nulls=49 of 1479
2026-08-16 04:26:25,726 | ApplicationRunner | INFO | Releasing confidence input frame from memory
2026-08-16 04:26:25,831 | Scoring | INFO | calculatenetevidencescore (type=target): input shape (1479, 2)
2026-08-16 04:26:25,832 | Scoring | INFO | calculatenetsimilarityscore (type=target): input shape (1479, 2)
2026-08-16 04:26:25,832 | ApplicationRunner | INFO | Releasing target evidence/similarity frames from memory
2026-08-16 04:26:25,937 | ApplicationRunner | INFO | Assembling final score (net_similarity x net_evidence x confidence)
2026-08-16 04:26:25,941 | Scoring | INFO | finalscoring: input shape (1479, 8)
2026-08-16 04:26:25,942 | Scoring | INFO | final_score: nulls=49 of 1479
2026-08-16 04:26:25,943 | ApplicationRunner | INFO | Releasing net score component frames from memory
2026-08-16 04:26:26,052 | ApplicationRunner | INFO | Releasing feature and final-score frames from memory
2026-08-16 04:26:26,156 | ApplicationRunner | INFO | Fusion flagging over 1 gene(s); filter=3
2026-08-16 04:26:26,156 | Fusion | INFO | fusionflagger: 1479 cell line(s), 1 target gene(s), 0 exclusion gene(s)
2026-08-16 04:26:27,002 | Fusion | INFO | fusionflagger: fusion table shape (184237, 31)
2026-08-16 04:26:27,002 | Fusion | INFO | fusionflagger: single target gene, no exclusion -> OR match (gene as either partner)
2026-08-16 04:26:27,010 | Fusion | INFO | fusionflagger: 44 matching fusion row(s); 0 exclusion-involved, 22 target-only ModelID(s)
2026-08-16 04:26:27,010 | Fusion | INFO | fusionflagger: releasing fusion table frames from memory
2026-08-16 04:26:27,120 | Fusion | INFO | fusionflagger: fusion_type counts -> {'No': 1459, 'target': 20}
2026-08-16 04:26:27,222 | ApplicationRunner | INFO | Mutation flagging over 1 gene(s); filter=3
2026-08-16 04:26:27,223 | Mutation | INFO | mutationflager: 1479 cell line(s), 1 target gene(s), 0 exclusion gene(s)
2026-08-16 04:26:35,642 | Mutation | INFO | mutationflager: mutation table shape (1066869, 71)
2026-08-16 04:26:36,419 | Mutation | INFO | mutationflager: 96 distinct ModelID(s) with a matching mutation; 0 exclusion-involved, 96 target-involved
2026-08-16 04:26:36,433 | Mutation | INFO | mutationflager: mutation_type counts -> {'No': 1395, 'target': 84}
2026-08-16 04:26:36,434 | Mutation | INFO | mutationflager: 1479 cell line(s), 1 target gene(s), 0 exclusion gene(s)
2026-08-16 04:26:45,273 | Mutation | INFO | mutationflager: mutation table shape (1066869, 71)
2026-08-16 04:26:45,883 | Mutation | INFO | mutationflager: 96 distinct ModelID(s) with a matching mutation; 0 exclusion-involved, 96 target-involved
2026-08-16 04:26:45,895 | Mutation | INFO | mutationflager: mutation_type counts -> {'No': 1395, 'target': 84}
2026-08-16 04:26:46,515 | ApplicationRunner | INFO | Filtering the dataset for the cell line names
2026-08-16 04:26:46,517 | AppPreprocessing | INFO | Getting the master look up table
2026-08-16 04:26:46,527 | AppPreprocessing | INFO | Filtering the required columns
2026-08-16 04:26:46,528 | AppPreprocessing | INFO | Mergining the data with the master table
2026-08-16 04:26:46,624 | AppPreprocessing | INFO | Droping the rows which have null value
2026-08-16 04:26:46,626 | AppPreprocessing | INFO | Removing the columns which are not needed
2026-08-16 04:26:46,628 | AppPreprocessing | INFO | Getting the master look up table
2026-08-16 04:26:46,634 | AppPreprocessing | INFO | Filtering the required columns
2026-08-16 04:26:46,634 | AppPreprocessing | INFO | Mergining the data with the master table
2026-08-16 04:26:46,637 | AppPreprocessing | INFO | Droping the rows which have null value
2026-08-16 04:26:46,638 | AppPreprocessing | INFO | Removing the columns which are not needed
2026-08-16 04:26:46,641 | ApplicationRunner | INFO | Selected top 10 cell line(s)
2026-08-16 04:26:46,641 | Fusion | INFO | getthefusionreferencetable: 10 top cell line(s), 1 target gene(s), 0 exclusion gene(s)
2026-08-16 04:26:47,446 | Fusion | INFO | getthefusionreferencetable: releasing full fusion table from memory
2026-08-16 04:26:47,564 | Fusion | INFO | getthefusionreferencetable: returning 3 reference row(s)
2026-08-16 04:26:47,565 | Mutation | INFO | getthemutationreferencetable: 10 cell line(s), 1 gene(s)
2026-08-16 04:26:56,525 | Mutation | INFO | getthemutationreferencetable: returning 2 reference row(s)
2026-08-16 04:26:56,630 | ApplicationRunner | INFO | Getting Metabolomnic data
2026-08-16 04:26:56,631 | AppPreprocessing | INFO | Getting the metabolomnic data
2026-08-16 04:26:56,664 | ApplicationRunner | INFO | Running KMeans plot
2026-08-16 04:26:56,665 | ModelLoader | INFO | kmeansonthedata: 10 selected cell line(s)
2026-08-16 04:26:56,738 | ModelLoader | INFO | kmeansonthedata: factor matrix (1479, 20); predicting clusters
2026-08-16 04:26:56,898 | ModelLoader | INFO | kmeansonthedata: generating UMAP projection (full 1479-row manifold)
2026-08-16 04:27:09,125 | ModelLoader | INFO | kmeansonthedata: 10 of 10 chosen id(s) located on the map
2026-08-16 04:27:09,125 | ModelLoader | INFO | kmeansonthedata: releasing factor matrix and UMAP arrays from memory
2026-08-16 04:27:09,766 | ModelLoader | INFO | kmeansonthedata: plot saved to C:\Users\Shankar\Desktop\AstraZeneca\code\astrazeneca\CelllineSelector\images\kmeansplotforselectedcell_cf7ff454-b89f-404f-8788-b877ad5ba7d0.png
2026-08-16 04:27:09,767 | ModelLoader | INFO | kmeansonthedata: releasing plotting frames from memory
2026-08-16 04:27:09,901 | ApplicationRunner | INFO | Kmeans plot completed
2026-08-16 04:27:09,901 | ApplicationRunner | INFO | Running KNN
2026-08-16 04:27:09,901 | ModelLoader | INFO | knnonthedata: finding alternatives for 10 selected cell line(s)
2026-08-16 04:27:09,943 | ModelLoader | INFO | knnonthedata: releasing factor matrix from memory
2026-08-16 04:27:10,082 | ModelLoader | INFO | knnonthedata: 10 of 10 target(s) received an alternative
2026-08-16 04:27:10,083 | ApplicationRunner | INFO | KNN Completed
2026-08-16 04:27:10,083 | ApplicationRunner | INFO | Running Data combiner
2026-08-16 04:27:10,083 | AppPreprocessing | INFO | datacombiner: enriching 10 row(s) with master_lookup identity
2026-08-16 04:27:10,097 | AppPreprocessing | INFO | datacombiner: returning shape (10, 23)
2026-08-16 04:27:10,098 | AppPreprocessing | INFO | datacombiner: enriching 1410 row(s) with master_lookup identity
2026-08-16 04:27:10,108 | AppPreprocessing | INFO | datacombiner: returning shape (1410, 22)
2026-08-16 04:27:10,109 | ApplicationRunner | INFO | Data combiner completed
2026-08-16 04:27:10,109 | ApplicationRunner | INFO | Generating LLM explanation
2026-08-16 04:27:10,109 | Explanation | INFO | generate_explanation: starting
2026-08-16 04:27:10,191 | Explanation | INFO | ollama_chat: calling model 'llama3.2:3b' at http://localhost:11434
2026-08-16 04:27:16,684 | Explanation | INFO | ollama_chat: received 331 character(s)
2026-08-16 04:27:16,686 | Explanation | INFO | ollama_chat: calling model 'llama3.2:3b' at http://localhost:11434
2026-08-16 04:27:30,712 | Explanation | INFO | ollama_chat: received 643 character(s)
2026-08-16 04:27:30,713 | Explanation | WARNING | generate_explanation: rewrite of 'Rank 1 - HCC827 (Lung Ca' rejected on attempt 1 - figures changed
2026-08-16 04:27:30,713 | Explanation | INFO | ollama_chat: calling model 'llama3.2:3b' at http://localhost:11434
2026-08-16 04:27:40,476 | Explanation | INFO | ollama_chat: received 534 character(s)
2026-08-16 04:27:40,476 | Explanation | WARNING | generate_explanation: rewrite of 'Rank 1 - HCC827 (Lung Ca' rejected on attempt 2 - figures changed
2026-08-16 04:27:40,476 | Explanation | INFO | ollama_chat: calling model 'llama3.2:3b' at http://localhost:11434
2026-08-16 04:27:52,225 | Explanation | INFO | ollama_chat: received 634 character(s)
2026-08-16 04:27:52,226 | Explanation | INFO | ollama_chat: calling model 'llama3.2:3b' at http://localhost:11434
2026-08-16 04:28:04,763 | Explanation | INFO | ollama_chat: received 651 character(s)
2026-08-16 04:28:04,763 | Explanation | WARNING | generate_explanation: rewrite of 'Rank 3 - CAL 27 (Head an' rejected on attempt 1 - figures changed
2026-08-16 04:28:04,763 | Explanation | INFO | ollama_chat: calling model 'llama3.2:3b' at http://localhost:11434
2026-08-16 04:28:16,954 | Explanation | INFO | ollama_chat: received 641 character(s)
2026-08-16 04:28:16,955 | Explanation | WARNING | generate_explanation: rewrite of 'Rank 3 - CAL 27 (Head an' rejected on attempt 2 - figures changed
2026-08-16 04:28:16,955 | Explanation | INFO | ollama_chat: calling model 'llama3.2:3b' at http://localhost:11434
2026-08-16 04:28:28,699 | Explanation | INFO | ollama_chat: received 604 character(s)
2026-08-16 04:28:28,700 | Explanation | INFO | ollama_chat: calling model 'llama3.2:3b' at http://localhost:11434
2026-08-16 04:28:40,180 | Explanation | INFO | ollama_chat: received 599 character(s)
2026-08-16 04:28:40,181 | Explanation | WARNING | generate_explanation: rewrite of 'Rank 5 - KYSE-150 (Esoph' rejected on attempt 1 - figures changed
2026-08-16 04:28:40,181 | Explanation | INFO | ollama_chat: calling model 'llama3.2:3b' at http://localhost:11434
2026-08-16 04:28:51,527 | Explanation | INFO | ollama_chat: received 579 character(s)
2026-08-16 04:28:51,528 | Explanation | WARNING | generate_explanation: rewrite of 'Rank 5 - KYSE-150 (Esoph' rejected on attempt 2 - figures changed
2026-08-16 04:28:51,528 | Explanation | INFO | ollama_chat: calling model 'llama3.2:3b' at http://localhost:11434
2026-08-16 04:29:04,154 | Explanation | INFO | ollama_chat: received 602 character(s)
2026-08-16 04:29:04,155 | Explanation | WARNING | generate_explanation: rewrite of 'Rank 6 - OS-RC-2 (Kidney' rejected on attempt 1 - figures changed
2026-08-16 04:29:04,155 | Explanation | INFO | ollama_chat: calling model 'llama3.2:3b' at http://localhost:11434
2026-08-16 04:29:16,702 | Explanation | INFO | ollama_chat: received 595 character(s)
2026-08-16 04:29:16,704 | Explanation | WARNING | generate_explanation: rewrite of 'Rank 6 - OS-RC-2 (Kidney' rejected on attempt 2 - figures changed
2026-08-16 04:29:16,704 | Explanation | INFO | ollama_chat: calling model 'llama3.2:3b' at http://localhost:11434
2026-08-16 04:29:29,634 | Explanation | INFO | ollama_chat: received 642 character(s)
2026-08-16 04:29:29,635 | Explanation | WARNING | generate_explanation: rewrite of 'Rank 7 - HSC-3 (Head and' rejected on attempt 1 - figures changed
2026-08-16 04:29:29,635 | Explanation | INFO | ollama_chat: calling model 'llama3.2:3b' at http://localhost:11434
2026-08-16 04:29:43,091 | Explanation | INFO | ollama_chat: received 645 character(s)
2026-08-16 04:29:43,092 | Explanation | WARNING | generate_explanation: rewrite of 'Rank 7 - HSC-3 (Head and' rejected on attempt 2 - figures changed
2026-08-16 04:29:43,092 | Explanation | INFO | ollama_chat: calling model 'llama3.2:3b' at http://localhost:11434
2026-08-16 04:29:55,103 | Explanation | INFO | ollama_chat: received 604 character(s)
2026-08-16 04:29:55,104 | Explanation | WARNING | generate_explanation: rewrite of 'Rank 8 - CAL-33 (Head an' rejected on attempt 1 - figures changed
2026-08-16 04:29:55,104 | Explanation | INFO | ollama_chat: calling model 'llama3.2:3b' at http://localhost:11434
2026-08-16 04:30:10,380 | Explanation | INFO | ollama_chat: received 635 character(s)
2026-08-16 04:30:10,381 | Explanation | WARNING | generate_explanation: rewrite of 'Rank 8 - CAL-33 (Head an' rejected on attempt 2 - figures changed
2026-08-16 04:30:10,382 | Explanation | INFO | ollama_chat: calling model 'llama3.2:3b' at http://localhost:11434
2026-08-16 04:30:25,135 | Explanation | INFO | ollama_chat: received 637 character(s)
2026-08-16 04:30:25,136 | Explanation | WARNING | generate_explanation: rewrite of 'Rank 9 - HCC-95 (Lung Ca' rejected on attempt 1 - figures changed
2026-08-16 04:30:25,136 | Explanation | INFO | ollama_chat: calling model 'llama3.2:3b' at http://localhost:11434
2026-08-16 04:30:41,676 | Explanation | INFO | ollama_chat: received 724 character(s)
2026-08-16 04:30:41,676 | Explanation | WARNING | generate_explanation: rewrite of 'Rank 9 - HCC-95 (Lung Ca' rejected on attempt 2 - figures changed
2026-08-16 04:30:41,677 | Explanation | INFO | ollama_chat: calling model 'llama3.2:3b' at http://localhost:11434
2026-08-16 04:30:57,256 | Explanation | INFO | ollama_chat: received 617 character(s)
2026-08-16 04:30:57,257 | Explanation | WARNING | generate_explanation: rewrite of 'Rank 10 - HSC-4 (Head an' rejected on attempt 1 - figures changed
2026-08-16 04:30:57,257 | Explanation | INFO | ollama_chat: calling model 'llama3.2:3b' at http://localhost:11434
2026-08-16 04:31:12,407 | Explanation | INFO | ollama_chat: received 606 character(s)
2026-08-16 04:31:12,408 | Explanation | WARNING | generate_explanation: rewrite of 'Rank 10 - HSC-4 (Head an' rejected on attempt 2 - figures changed
2026-08-16 04:31:12,409 | Explanation | INFO | ollama_chat: calling model 'llama3.2:3b' at http://localhost:11434
2026-08-16 04:31:28,562 | Explanation | INFO | ollama_chat: received 659 character(s)
2026-08-16 04:31:28,563 | Explanation | WARNING | generate_explanation: rewrite of 'Actionable Caveats for L' rejected on attempt 1 - figures changed
2026-08-16 04:31:28,563 | Explanation | INFO | ollama_chat: calling model 'llama3.2:3b' at http://localhost:11434
2026-08-16 04:31:41,223 | Explanation | INFO | ollama_chat: received 468 character(s)
2026-08-16 04:31:41,225 | Explanation | WARNING | generate_explanation: rewrite of 'Actionable Caveats for L' rejected on attempt 2 - figures changed
2026-08-16 04:31:41,225 | Explanation | INFO | generate_explanation: 3 of 12 sections used the LLM rewrite
2026-08-16 04:31:41,242 | ApplicationRunner | INFO | Removing the selected top 10 from the total list
2026-08-16 04:31:41,250 | ApplicationRunner | INFO | Selected top 10 removed successfully and the final table is arranged in decending order
2026-08-16 04:31:41,251 | ApplicationRunner | INFO | pipelinerun completed successfully
2026-08-16 04:37:10,047 | ApplicationRunner | INFO | Starting the pipeline run
2026-08-16 04:37:10,047 | ApplicationRunner | INFO | exclusionchecker=False and diseasechecker=False
2026-08-16 04:37:10,047 | ApplicationRunner | INFO | Resolving target ids and reading target omic tables
2026-08-16 04:37:10,047 | AppPreprocessing | INFO | genetoesng: resolving 1 gene symbol(s) to ENSG
2026-08-16 04:37:10,068 | AppPreprocessing | INFO | genetoesng: resolved 1 ENSG id(s)
2026-08-16 04:37:10,068 | AppPreprocessing | INFO | esngtoprotein: resolving proteins for 1 ENSG id(s)
2026-08-16 04:37:10,084 | AppPreprocessing | INFO | esngtoprotein: 1 protein(s) found, 0 ENSG id(s) without a protein (0-fill placeholders)
2026-08-16 04:37:10,084 | AppPreprocessing | INFO | depmapreader: extracting 1 ENSG column(s)
2026-08-16 04:37:18,999 | AppPreprocessing | INFO | depmap: RNA/ENSG -> 1 found, 0 NaN-filled (not found)
2026-08-16 04:37:19,001 | AppPreprocessing | INFO | depmapreader: returning shape (1479, 2)
2026-08-16 04:37:19,058 | AppPreprocessing | INFO | hparnareader: extracting 1 ENSG column(s)
2026-08-16 04:37:30,462 | AppPreprocessing | WARNING | hpa: removed 91 row(s) with null/duplicate ModelID (kept 1054 unique cell line(s))
2026-08-16 04:37:30,462 | AppPreprocessing | INFO | hpa: HPA/ENSG -> 1 found, 0 NaN-filled (not found)
2026-08-16 04:37:30,464 | AppPreprocessing | INFO | hparnareader: returning shape (1054, 2)
2026-08-16 04:37:30,521 | AppPreprocessing | INFO | proteinreader: extracting 1 protein column(s)
2026-08-16 04:37:32,328 | AppPreprocessing | INFO | protein: protein -> 1 found, 0 NaN-filled (not found)
2026-08-16 04:37:32,329 | AppPreprocessing | INFO | proteinreader: returning shape (375, 2)
2026-08-16 04:37:32,351 | AppPreprocessing | INFO | similarityreader: extracting 1 gene cosine column(s)
2026-08-16 04:37:47,354 | AppPreprocessing | INFO | cosine: cosine/ENSG -> 1 found, 0 NaN-filled (not found)
2026-08-16 04:37:47,355 | AppPreprocessing | INFO | similarityreader: returning shape (1479, 2)
2026-08-16 04:37:47,450 | ApplicationRunner | INFO | target_df shape is (1479, 4)
2026-08-16 04:37:47,450 | ApplicationRunner | INFO | Releasing target reader frames from memory
2026-08-16 04:37:47,624 | ApplicationRunner | INFO | Scoring: evidence + similarity (target)
2026-08-16 04:37:47,626 | Scoring | INFO | calculateevidencescore (type=target): input shape (1479, 4)
2026-08-16 04:37:47,627 | Scoring | INFO | calculateevidencescore: 3 value column(s)
2026-08-16 04:37:47,631 | Scoring | INFO | target_evidence: min=0.0000 max=0.9549
2026-08-16 04:37:47,633 | Scoring | INFO | calculatesimilarityscore (type=target): input shape (1479, 2)
2026-08-16 04:37:47,633 | Scoring | INFO | calculatesimilarityscore: 1 cosine column(s)
2026-08-16 04:37:47,635 | Scoring | INFO | target_similarity: min=0.0000 max=1.0000
2026-08-16 04:37:47,636 | ApplicationRunner | INFO | Releasing target cosine frame from memory
2026-08-16 04:37:47,810 | ApplicationRunner | INFO | Calculating the confidence score
2026-08-16 04:37:47,811 | Scoring | INFO | calculateconfidencescore: input shape (1479, 4)
2026-08-16 04:37:47,811 | Scoring | INFO | calculateconfidencescore: pooling 3 value column(s)
2026-08-16 04:37:48,081 | Scoring | INFO | confidence_score: nulls=49 of 1479
2026-08-16 04:37:48,081 | ApplicationRunner | INFO | Releasing confidence input frame from memory
2026-08-16 04:37:48,250 | Scoring | INFO | calculatenetevidencescore (type=target): input shape (1479, 2)
2026-08-16 04:37:48,251 | Scoring | INFO | calculatenetsimilarityscore (type=target): input shape (1479, 2)
2026-08-16 04:37:48,252 | ApplicationRunner | INFO | Releasing target evidence/similarity frames from memory
2026-08-16 04:37:48,423 | ApplicationRunner | INFO | Assembling final score (net_similarity x net_evidence x confidence)
2026-08-16 04:37:48,430 | Scoring | INFO | finalscoring: input shape (1479, 8)
2026-08-16 04:37:48,431 | Scoring | INFO | final_score: nulls=49 of 1479
2026-08-16 04:37:48,431 | ApplicationRunner | INFO | Releasing net score component frames from memory
2026-08-16 04:37:48,605 | ApplicationRunner | INFO | Releasing feature and final-score frames from memory
2026-08-16 04:37:48,777 | ApplicationRunner | INFO | Fusion flagging over 1 gene(s); filter=3
2026-08-16 04:37:48,796 | Fusion | INFO | fusionflagger: 1479 cell line(s), 1 target gene(s), 0 exclusion gene(s)
2026-08-16 04:37:50,252 | Fusion | INFO | fusionflagger: fusion table shape (184237, 31)
2026-08-16 04:37:50,253 | Fusion | INFO | fusionflagger: single target gene, no exclusion -> OR match (gene as either partner)
2026-08-16 04:37:50,281 | Fusion | INFO | fusionflagger: 44 matching fusion row(s); 0 exclusion-involved, 22 target-only ModelID(s)
2026-08-16 04:37:50,282 | Fusion | INFO | fusionflagger: releasing fusion table frames from memory
2026-08-16 04:37:50,463 | Fusion | INFO | fusionflagger: fusion_type counts -> {'No': 1459, 'target': 20}
2026-08-16 04:37:50,632 | ApplicationRunner | INFO | Mutation flagging over 1 gene(s); filter=3
2026-08-16 04:37:50,632 | Mutation | INFO | mutationflager: 1479 cell line(s), 1 target gene(s), 0 exclusion gene(s)
2026-08-16 04:38:05,596 | Mutation | INFO | mutationflager: mutation table shape (1066869, 71)
2026-08-16 04:38:06,533 | Mutation | INFO | mutationflager: 96 distinct ModelID(s) with a matching mutation; 0 exclusion-involved, 96 target-involved
2026-08-16 04:38:06,538 | Mutation | INFO | mutationflager: mutation_type counts -> {'No': 1395, 'target': 84}
2026-08-16 04:38:06,539 | Mutation | INFO | mutationflager: 1479 cell line(s), 1 target gene(s), 0 exclusion gene(s)
2026-08-16 04:38:21,376 | Mutation | INFO | mutationflager: mutation table shape (1066869, 71)
2026-08-16 04:38:22,249 | Mutation | INFO | mutationflager: 96 distinct ModelID(s) with a matching mutation; 0 exclusion-involved, 96 target-involved
2026-08-16 04:38:22,254 | Mutation | INFO | mutationflager: mutation_type counts -> {'No': 1395, 'target': 84}
2026-08-16 04:38:22,445 | ApplicationRunner | INFO | Filtering the dataset for the cell line names
2026-08-16 04:38:22,445 | AppPreprocessing | INFO | Getting the master look up table
2026-08-16 04:38:22,473 | AppPreprocessing | INFO | Filtering the required columns
2026-08-16 04:38:22,477 | AppPreprocessing | INFO | Mergining the data with the master table
2026-08-16 04:38:22,481 | AppPreprocessing | INFO | Droping the rows which have null value
2026-08-16 04:38:22,483 | AppPreprocessing | INFO | Removing the columns which are not needed
2026-08-16 04:38:22,484 | AppPreprocessing | INFO | Getting the master look up table
2026-08-16 04:38:22,494 | AppPreprocessing | INFO | Filtering the required columns
2026-08-16 04:38:22,496 | AppPreprocessing | INFO | Mergining the data with the master table
2026-08-16 04:38:22,500 | AppPreprocessing | INFO | Droping the rows which have null value
2026-08-16 04:38:22,502 | AppPreprocessing | INFO | Removing the columns which are not needed
2026-08-16 04:38:22,505 | ApplicationRunner | INFO | Selected top 10 cell line(s)
2026-08-16 04:38:22,505 | Fusion | INFO | getthefusionreferencetable: 10 top cell line(s), 1 target gene(s), 0 exclusion gene(s)
2026-08-16 04:38:24,177 | Fusion | INFO | getthefusionreferencetable: releasing full fusion table from memory
2026-08-16 04:38:24,387 | Fusion | INFO | getthefusionreferencetable: returning 3 reference row(s)
2026-08-16 04:38:24,387 | Mutation | INFO | getthemutationreferencetable: 10 cell line(s), 1 gene(s)
2026-08-16 04:38:40,012 | Mutation | INFO | getthemutationreferencetable: returning 2 reference row(s)
2026-08-16 04:38:40,194 | ApplicationRunner | INFO | Getting Metabolomnic data
2026-08-16 04:38:40,194 | AppPreprocessing | INFO | Getting the metabolomnic data
2026-08-16 04:38:40,244 | ApplicationRunner | INFO | Running KMeans plot
2026-08-16 04:38:40,245 | ModelLoader | INFO | kmeansonthedata: 10 selected cell line(s)
2026-08-16 04:38:40,307 | ModelLoader | INFO | kmeansonthedata: factor matrix (1479, 20); predicting clusters
2026-08-16 04:38:40,400 | ModelLoader | INFO | kmeansonthedata: generating UMAP projection (full 1479-row manifold)
2026-08-16 04:39:04,093 | ModelLoader | INFO | kmeansonthedata: 10 of 10 chosen id(s) located on the map
2026-08-16 04:39:04,093 | ModelLoader | INFO | kmeansonthedata: releasing factor matrix and UMAP arrays from memory
2026-08-16 04:39:05,091 | ModelLoader | INFO | kmeansonthedata: plot saved to C:\Users\Shankar\Desktop\AstraZeneca\code\astrazeneca\CelllineSelector\images\kmeansplotforselectedcell_6aead3c0-1d79-4187-bb6c-e17ce6193831.png
2026-08-16 04:39:05,091 | ModelLoader | INFO | kmeansonthedata: releasing plotting frames from memory
2026-08-16 04:39:05,315 | ApplicationRunner | INFO | Kmeans plot completed
2026-08-16 04:39:05,315 | ApplicationRunner | INFO | Running KNN
2026-08-16 04:39:05,315 | ModelLoader | INFO | knnonthedata: finding alternatives for 10 selected cell line(s)
2026-08-16 04:39:05,395 | ModelLoader | INFO | knnonthedata: releasing factor matrix from memory
2026-08-16 04:39:05,639 | ModelLoader | INFO | knnonthedata: 10 of 10 target(s) received an alternative
2026-08-16 04:39:05,640 | ApplicationRunner | INFO | KNN Completed
2026-08-16 04:39:05,640 | ApplicationRunner | INFO | Running Data combiner
2026-08-16 04:39:05,640 | AppPreprocessing | INFO | datacombiner: enriching 10 row(s) with master_lookup identity
2026-08-16 04:39:05,665 | AppPreprocessing | INFO | datacombiner: returning shape (10, 23)
2026-08-16 04:39:05,665 | AppPreprocessing | INFO | datacombiner: enriching 1410 row(s) with master_lookup identity
2026-08-16 04:39:05,688 | AppPreprocessing | INFO | datacombiner: returning shape (1410, 22)
2026-08-16 04:39:05,688 | ApplicationRunner | INFO | Data combiner completed
2026-08-16 04:39:05,688 | ApplicationRunner | INFO | Generating LLM explanation
2026-08-16 04:39:05,689 | Explanation | INFO | generate_explanation: starting
2026-08-16 04:39:05,806 | Explanation | INFO | ollama_chat: calling model 'llama3.2:3b' at http://localhost:11434
2026-08-16 04:39:23,273 | Explanation | INFO | ollama_chat: received 303 character(s)
2026-08-16 04:39:23,275 | Explanation | INFO | ollama_chat: calling model 'llama3.2:3b' at http://localhost:11434
2026-08-16 04:39:45,498 | Explanation | INFO | ollama_chat: received 643 character(s)
2026-08-16 04:39:45,499 | Explanation | WARNING | generate_explanation: rewrite of 'Rank 1 - HCC827 (Lung Ca' rejected on attempt 1 - figures changed
2026-08-16 04:39:45,500 | Explanation | INFO | ollama_chat: calling model 'llama3.2:3b' at http://localhost:11434
2026-08-16 04:39:58,679 | Explanation | INFO | ollama_chat: received 534 character(s)
2026-08-16 04:39:58,681 | Explanation | WARNING | generate_explanation: rewrite of 'Rank 1 - HCC827 (Lung Ca' rejected on attempt 2 - figures changed
2026-08-16 04:39:58,682 | Explanation | INFO | ollama_chat: calling model 'llama3.2:3b' at http://localhost:11434
2026-08-16 04:40:17,504 | Explanation | INFO | ollama_chat: received 607 character(s)
2026-08-16 04:40:17,505 | Explanation | WARNING | generate_explanation: rewrite of 'Rank 2 - U-BLC1 (Bladder' rejected on attempt 1 - figures changed
2026-08-16 04:40:17,505 | Explanation | INFO | ollama_chat: calling model 'llama3.2:3b' at http://localhost:11434
2026-08-16 04:40:33,056 | Explanation | INFO | ollama_chat: received 656 character(s)
2026-08-16 04:40:33,057 | Explanation | INFO | ollama_chat: calling model 'llama3.2:3b' at http://localhost:11434
2026-08-16 04:40:54,087 | Explanation | INFO | ollama_chat: received 676 character(s)
2026-08-16 04:40:54,087 | Explanation | WARNING | generate_explanation: rewrite of 'Rank 3 - CAL 27 (Head an' rejected on attempt 1 - figures changed
2026-08-16 04:40:54,088 | Explanation | INFO | ollama_chat: calling model 'llama3.2:3b' at http://localhost:11434
2026-08-16 04:41:10,259 | Explanation | INFO | ollama_chat: received 641 character(s)
2026-08-16 04:41:10,260 | Explanation | WARNING | generate_explanation: rewrite of 'Rank 3 - CAL 27 (Head an' rejected on attempt 2 - figures changed
2026-08-16 04:41:10,261 | Explanation | INFO | ollama_chat: calling model 'llama3.2:3b' at http://localhost:11434
2026-08-16 04:41:30,619 | Explanation | INFO | ollama_chat: received 604 character(s)
2026-08-16 04:41:30,621 | Explanation | INFO | ollama_chat: calling model 'llama3.2:3b' at http://localhost:11434
2026-08-16 04:41:49,646 | Explanation | INFO | ollama_chat: received 562 character(s)
2026-08-16 04:41:49,648 | Explanation | WARNING | generate_explanation: rewrite of 'Rank 5 - KYSE-150 (Esoph' rejected on attempt 1 - figures changed
2026-08-16 04:41:49,648 | Explanation | INFO | ollama_chat: calling model 'llama3.2:3b' at http://localhost:11434
2026-08-16 04:42:04,730 | Explanation | INFO | ollama_chat: received 579 character(s)
2026-08-16 04:42:04,730 | Explanation | WARNING | generate_explanation: rewrite of 'Rank 5 - KYSE-150 (Esoph' rejected on attempt 2 - figures changed
2026-08-16 04:42:04,731 | Explanation | INFO | ollama_chat: calling model 'llama3.2:3b' at http://localhost:11434
2026-08-16 04:42:25,008 | Explanation | INFO | ollama_chat: received 602 character(s)
2026-08-16 04:42:25,009 | Explanation | WARNING | generate_explanation: rewrite of 'Rank 6 - OS-RC-2 (Kidney' rejected on attempt 1 - figures changed
2026-08-16 04:42:25,009 | Explanation | INFO | ollama_chat: calling model 'llama3.2:3b' at http://localhost:11434
2026-08-16 04:42:40,732 | Explanation | INFO | ollama_chat: received 595 character(s)
2026-08-16 04:42:40,733 | Explanation | WARNING | generate_explanation: rewrite of 'Rank 6 - OS-RC-2 (Kidney' rejected on attempt 2 - figures changed
2026-08-16 04:42:40,733 | Explanation | INFO | ollama_chat: calling model 'llama3.2:3b' at http://localhost:11434
2026-08-16 04:43:00,231 | Explanation | INFO | ollama_chat: received 617 character(s)
2026-08-16 04:43:00,232 | Explanation | WARNING | generate_explanation: rewrite of 'Rank 7 - HSC-3 (Head and' rejected on attempt 1 - figures changed
2026-08-16 04:43:00,233 | Explanation | INFO | ollama_chat: calling model 'llama3.2:3b' at http://localhost:11434
2026-08-16 04:43:16,446 | Explanation | INFO | ollama_chat: received 645 character(s)
2026-08-16 04:43:16,447 | Explanation | WARNING | generate_explanation: rewrite of 'Rank 7 - HSC-3 (Head and' rejected on attempt 2 - figures changed
2026-08-16 04:43:16,448 | Explanation | INFO | ollama_chat: calling model 'llama3.2:3b' at http://localhost:11434
2026-08-16 04:43:36,894 | Explanation | INFO | ollama_chat: received 590 character(s)
2026-08-16 04:43:36,896 | Explanation | WARNING | generate_explanation: rewrite of 'Rank 8 - CAL-33 (Head an' rejected on attempt 1 - figures changed
2026-08-16 04:43:36,896 | Explanation | INFO | ollama_chat: calling model 'llama3.2:3b' at http://localhost:11434
2026-08-16 04:43:52,620 | Explanation | INFO | ollama_chat: received 635 character(s)
2026-08-16 04:43:52,622 | Explanation | WARNING | generate_explanation: rewrite of 'Rank 8 - CAL-33 (Head an' rejected on attempt 2 - figures changed
2026-08-16 04:43:52,622 | Explanation | INFO | ollama_chat: calling model 'llama3.2:3b' at http://localhost:11434
2026-08-16 04:44:13,043 | Explanation | INFO | ollama_chat: received 627 character(s)
2026-08-16 04:44:13,044 | Explanation | WARNING | generate_explanation: rewrite of 'Rank 9 - HCC-95 (Lung Ca' rejected on attempt 1 - figures changed
2026-08-16 04:44:13,044 | Explanation | INFO | ollama_chat: calling model 'llama3.2:3b' at http://localhost:11434
2026-08-16 04:44:29,634 | Explanation | INFO | ollama_chat: received 724 character(s)
2026-08-16 04:44:29,636 | Explanation | WARNING | generate_explanation: rewrite of 'Rank 9 - HCC-95 (Lung Ca' rejected on attempt 2 - figures changed
2026-08-16 04:44:29,636 | Explanation | INFO | ollama_chat: calling model 'llama3.2:3b' at http://localhost:11434
2026-08-16 04:44:49,699 | Explanation | INFO | ollama_chat: received 642 character(s)
2026-08-16 04:44:49,699 | Explanation | WARNING | generate_explanation: rewrite of 'Rank 10 - HSC-4 (Head an' rejected on attempt 1 - figures changed
2026-08-16 04:44:49,700 | Explanation | INFO | ollama_chat: calling model 'llama3.2:3b' at http://localhost:11434
2026-08-16 04:45:04,135 | Explanation | INFO | ollama_chat: received 606 character(s)
2026-08-16 04:45:04,135 | Explanation | WARNING | generate_explanation: rewrite of 'Rank 10 - HSC-4 (Head an' rejected on attempt 2 - figures changed
2026-08-16 04:45:04,135 | Explanation | INFO | ollama_chat: calling model 'llama3.2:3b' at http://localhost:11434
2026-08-16 04:45:15,335 | Explanation | INFO | ollama_chat: received 479 character(s)
2026-08-16 04:45:15,335 | Explanation | WARNING | generate_explanation: rewrite of 'Actionable Caveats for L' rejected on attempt 1 - figures changed
2026-08-16 04:45:15,336 | Explanation | INFO | ollama_chat: calling model 'llama3.2:3b' at http://localhost:11434
2026-08-16 04:45:27,652 | Explanation | INFO | ollama_chat: received 646 character(s)
2026-08-16 04:45:27,652 | Explanation | WARNING | generate_explanation: rewrite of 'Actionable Caveats for L' rejected on attempt 2 - figures changed
2026-08-16 04:45:27,653 | Explanation | INFO | generate_explanation: 3 of 12 sections used the LLM rewrite
2026-08-16 04:45:27,661 | ApplicationRunner | INFO | Removing the selected top 10 from the total list
2026-08-16 04:45:27,665 | ApplicationRunner | INFO | Selected top 10 removed successfully and the final table is arranged in decending order
2026-08-16 04:45:27,665 | ApplicationRunner | INFO | pipelinerun completed successfully
2026-08-16 05:00:43,246 | ApplicationRunner | INFO | Starting the pipeline run
2026-08-16 05:00:43,246 | ApplicationRunner | INFO | exclusionchecker=False and diseasechecker=False
2026-08-16 05:00:43,246 | ApplicationRunner | INFO | Resolving target ids and reading target omic tables
2026-08-16 05:00:43,247 | AppPreprocessing | INFO | genetoesng: resolving 1 gene symbol(s) to ENSG
2026-08-16 05:00:43,264 | AppPreprocessing | INFO | genetoesng: resolved 1 ENSG id(s)
2026-08-16 05:00:43,265 | AppPreprocessing | INFO | esngtoprotein: resolving proteins for 1 ENSG id(s)
2026-08-16 05:00:43,281 | AppPreprocessing | INFO | esngtoprotein: 1 protein(s) found, 0 ENSG id(s) without a protein (0-fill placeholders)
2026-08-16 05:00:43,281 | AppPreprocessing | INFO | depmapreader: extracting 1 ENSG column(s)
2026-08-16 05:00:53,402 | AppPreprocessing | INFO | depmap: RNA/ENSG -> 1 found, 0 NaN-filled (not found)
2026-08-16 05:00:53,403 | AppPreprocessing | INFO | depmapreader: returning shape (1479, 2)
2026-08-16 05:00:53,463 | AppPreprocessing | INFO | hparnareader: extracting 1 ENSG column(s)
2026-08-16 05:01:05,813 | AppPreprocessing | WARNING | hpa: removed 91 row(s) with null/duplicate ModelID (kept 1054 unique cell line(s))
2026-08-16 05:01:05,813 | AppPreprocessing | INFO | hpa: HPA/ENSG -> 1 found, 0 NaN-filled (not found)
2026-08-16 05:01:05,816 | AppPreprocessing | INFO | hparnareader: returning shape (1054, 2)
2026-08-16 05:01:05,881 | AppPreprocessing | INFO | proteinreader: extracting 1 protein column(s)
2026-08-16 05:01:07,657 | AppPreprocessing | INFO | protein: protein -> 1 found, 0 NaN-filled (not found)
2026-08-16 05:01:07,657 | AppPreprocessing | INFO | proteinreader: returning shape (375, 2)
2026-08-16 05:01:07,681 | AppPreprocessing | INFO | similarityreader: extracting 1 gene cosine column(s)
2026-08-16 05:01:23,941 | AppPreprocessing | INFO | cosine: cosine/ENSG -> 1 found, 0 NaN-filled (not found)
2026-08-16 05:01:23,943 | AppPreprocessing | INFO | similarityreader: returning shape (1479, 2)
2026-08-16 05:01:24,023 | ApplicationRunner | INFO | target_df shape is (1479, 4)
2026-08-16 05:01:24,024 | ApplicationRunner | INFO | Releasing target reader frames from memory
2026-08-16 05:01:24,201 | ApplicationRunner | INFO | Scoring: evidence + similarity (target)
2026-08-16 05:01:24,202 | Scoring | INFO | calculateevidencescore (type=target): input shape (1479, 4)
2026-08-16 05:01:24,203 | Scoring | INFO | calculateevidencescore: 3 value column(s)
2026-08-16 05:01:24,207 | Scoring | INFO | target_evidence: min=0.0000 max=0.9549
2026-08-16 05:01:24,208 | Scoring | INFO | calculatesimilarityscore (type=target): input shape (1479, 2)
2026-08-16 05:01:24,208 | Scoring | INFO | calculatesimilarityscore: 1 cosine column(s)
2026-08-16 05:01:24,211 | Scoring | INFO | target_similarity: min=0.0000 max=1.0000
2026-08-16 05:01:24,211 | ApplicationRunner | INFO | Releasing target cosine frame from memory
2026-08-16 05:01:24,386 | ApplicationRunner | INFO | Calculating the confidence score
2026-08-16 05:01:24,387 | Scoring | INFO | calculateconfidencescore: input shape (1479, 4)
2026-08-16 05:01:24,388 | Scoring | INFO | calculateconfidencescore: pooling 3 value column(s)
2026-08-16 05:01:24,685 | Scoring | INFO | confidence_score: nulls=49 of 1479
2026-08-16 05:01:24,686 | ApplicationRunner | INFO | Releasing confidence input frame from memory
2026-08-16 05:01:24,866 | Scoring | INFO | calculatenetevidencescore (type=target): input shape (1479, 2)
2026-08-16 05:01:24,867 | Scoring | INFO | calculatenetsimilarityscore (type=target): input shape (1479, 2)
2026-08-16 05:01:24,868 | ApplicationRunner | INFO | Releasing target evidence/similarity frames from memory
2026-08-16 05:01:25,039 | ApplicationRunner | INFO | Assembling final score (net_similarity x net_evidence x confidence)
2026-08-16 05:01:25,045 | Scoring | INFO | finalscoring: input shape (1479, 8)
2026-08-16 05:01:25,047 | Scoring | INFO | final_score: nulls=49 of 1479
2026-08-16 05:01:25,047 | ApplicationRunner | INFO | Releasing net score component frames from memory
2026-08-16 05:01:25,231 | ApplicationRunner | INFO | Releasing feature and final-score frames from memory
2026-08-16 05:01:25,412 | ApplicationRunner | INFO | Fusion flagging over 1 gene(s); filter=3
2026-08-16 05:01:25,412 | Fusion | INFO | fusionflagger: 1479 cell line(s), 1 target gene(s), 0 exclusion gene(s)
2026-08-16 05:01:26,958 | Fusion | INFO | fusionflagger: fusion table shape (184237, 31)
2026-08-16 05:01:26,958 | Fusion | INFO | fusionflagger: single target gene, no exclusion -> OR match (gene as either partner)
2026-08-16 05:01:26,969 | Fusion | INFO | fusionflagger: 44 matching fusion row(s); 0 exclusion-involved, 22 target-only ModelID(s)
2026-08-16 05:01:26,970 | Fusion | INFO | fusionflagger: releasing fusion table frames from memory
2026-08-16 05:01:27,141 | Fusion | INFO | fusionflagger: fusion_type counts -> {'No': 1459, 'target': 20}
2026-08-16 05:01:27,317 | ApplicationRunner | INFO | Mutation flagging over 1 gene(s); filter=3
2026-08-16 05:01:27,317 | Mutation | INFO | mutationflager: 1479 cell line(s), 1 target gene(s), 0 exclusion gene(s)
2026-08-16 05:01:42,391 | Mutation | INFO | mutationflager: mutation table shape (1066869, 71)
2026-08-16 05:01:43,294 | Mutation | INFO | mutationflager: 96 distinct ModelID(s) with a matching mutation; 0 exclusion-involved, 96 target-involved
2026-08-16 05:01:43,306 | Mutation | INFO | mutationflager: mutation_type counts -> {'No': 1395, 'target': 84}
2026-08-16 05:01:43,307 | Mutation | INFO | mutationflager: 1479 cell line(s), 1 target gene(s), 0 exclusion gene(s)
2026-08-16 05:01:58,086 | Mutation | INFO | mutationflager: mutation table shape (1066869, 71)
2026-08-16 05:01:58,985 | Mutation | INFO | mutationflager: 96 distinct ModelID(s) with a matching mutation; 0 exclusion-involved, 96 target-involved
2026-08-16 05:01:58,990 | Mutation | INFO | mutationflager: mutation_type counts -> {'No': 1395, 'target': 84}
2026-08-16 05:01:59,188 | ApplicationRunner | INFO | Filtering the dataset for the cell line names
2026-08-16 05:01:59,188 | AppPreprocessing | INFO | Getting the master look up table
2026-08-16 05:01:59,210 | AppPreprocessing | INFO | Filtering the required columns
2026-08-16 05:01:59,213 | AppPreprocessing | INFO | Mergining the data with the master table
2026-08-16 05:01:59,217 | AppPreprocessing | INFO | Droping the rows which have null value
2026-08-16 05:01:59,220 | AppPreprocessing | INFO | Removing the columns which are not needed
2026-08-16 05:01:59,221 | AppPreprocessing | INFO | Getting the master look up table
2026-08-16 05:01:59,233 | AppPreprocessing | INFO | Filtering the required columns
2026-08-16 05:01:59,234 | AppPreprocessing | INFO | Mergining the data with the master table
2026-08-16 05:01:59,238 | AppPreprocessing | INFO | Droping the rows which have null value
2026-08-16 05:01:59,239 | AppPreprocessing | INFO | Removing the columns which are not needed
2026-08-16 05:01:59,244 | ApplicationRunner | INFO | Selected top 10 cell line(s)
2026-08-16 05:01:59,244 | Fusion | INFO | getthefusionreferencetable: 10 top cell line(s), 1 target gene(s), 0 exclusion gene(s)
2026-08-16 05:02:00,896 | Fusion | INFO | getthefusionreferencetable: releasing full fusion table from memory
2026-08-16 05:02:01,089 | Fusion | INFO | getthefusionreferencetable: returning 3 reference row(s)
2026-08-16 05:02:01,089 | Mutation | INFO | getthemutationreferencetable: 10 cell line(s), 1 gene(s)
2026-08-16 05:02:17,069 | Mutation | INFO | getthemutationreferencetable: returning 2 reference row(s)
2026-08-16 05:02:17,253 | ApplicationRunner | INFO | Getting Metabolomnic data
2026-08-16 05:02:17,254 | AppPreprocessing | INFO | Getting the metabolomnic data
2026-08-16 05:02:17,300 | ApplicationRunner | INFO | Running KMeans plot
2026-08-16 05:02:17,301 | ModelLoader | INFO | kmeansonthedata: 10 selected cell line(s)
2026-08-16 05:02:17,370 | ModelLoader | INFO | kmeansonthedata: factor matrix (1479, 20); predicting clusters
2026-08-16 05:02:17,484 | ModelLoader | INFO | kmeansonthedata: generating UMAP projection (full 1479-row manifold)
2026-08-16 05:02:42,055 | ModelLoader | INFO | kmeansonthedata: 10 of 10 chosen id(s) located on the map
2026-08-16 05:02:42,055 | ModelLoader | INFO | kmeansonthedata: releasing factor matrix and UMAP arrays from memory
2026-08-16 05:02:43,249 | ModelLoader | INFO | kmeansonthedata: plot saved to C:\Users\Shankar\Desktop\AstraZeneca\code\astrazeneca\CelllineSelector\images\kmeansplotforselectedcell_4642d70c-b468-4f67-b6f8-14e787a45eea.png
2026-08-16 05:02:43,249 | ModelLoader | INFO | kmeansonthedata: releasing plotting frames from memory
2026-08-16 05:02:43,469 | ApplicationRunner | INFO | Kmeans plot completed
2026-08-16 05:02:43,469 | ApplicationRunner | INFO | Running KNN
2026-08-16 05:02:43,470 | ModelLoader | INFO | knnonthedata: finding alternatives for 10 selected cell line(s)
2026-08-16 05:02:43,564 | ModelLoader | INFO | knnonthedata: releasing factor matrix from memory
2026-08-16 05:02:43,770 | ModelLoader | INFO | knnonthedata: 10 of 10 target(s) received an alternative
2026-08-16 05:02:43,771 | ApplicationRunner | INFO | KNN Completed
2026-08-16 05:02:43,771 | ApplicationRunner | INFO | Running Data combiner
2026-08-16 05:02:43,772 | AppPreprocessing | INFO | datacombiner: enriching 10 row(s) with master_lookup identity
2026-08-16 05:02:43,791 | AppPreprocessing | INFO | datacombiner: returning shape (10, 23)
2026-08-16 05:02:43,791 | AppPreprocessing | INFO | datacombiner: enriching 1410 row(s) with master_lookup identity
2026-08-16 05:02:43,808 | AppPreprocessing | INFO | datacombiner: returning shape (1410, 22)
2026-08-16 05:02:43,808 | ApplicationRunner | INFO | Data combiner completed
2026-08-16 05:02:43,808 | ApplicationRunner | INFO | Generating LLM explanation
2026-08-16 05:02:43,809 | Explanation | INFO | generate_explanation: starting
2026-08-16 05:02:43,921 | Explanation | INFO | ollama_chat: calling model 'llama3.2:3b' at http://localhost:11434
2026-08-16 05:03:01,642 | Explanation | INFO | ollama_chat: received 303 character(s)
2026-08-16 05:03:01,645 | Explanation | INFO | ollama_chat: calling model 'llama3.2:3b' at http://localhost:11434
2026-08-16 05:03:22,756 | Explanation | INFO | ollama_chat: received 643 character(s)
2026-08-16 05:03:22,758 | Explanation | WARNING | generate_explanation: rewrite of 'Rank 1 - HCC827 (Lung Ca' rejected on attempt 1 - figures changed
2026-08-16 05:03:22,759 | Explanation | INFO | ollama_chat: calling model 'llama3.2:3b' at http://localhost:11434
2026-08-16 05:03:35,465 | Explanation | INFO | ollama_chat: received 534 character(s)
2026-08-16 05:03:35,466 | Explanation | WARNING | generate_explanation: rewrite of 'Rank 1 - HCC827 (Lung Ca' rejected on attempt 2 - figures changed
2026-08-16 05:03:35,466 | Explanation | INFO | ollama_chat: calling model 'llama3.2:3b' at http://localhost:11434
2026-08-16 05:03:53,897 | Explanation | INFO | ollama_chat: received 607 character(s)
2026-08-16 05:03:53,899 | Explanation | WARNING | generate_explanation: rewrite of 'Rank 2 - U-BLC1 (Bladder' rejected on attempt 1 - figures changed
2026-08-16 05:03:53,899 | Explanation | INFO | ollama_chat: calling model 'llama3.2:3b' at http://localhost:11434
2026-08-16 05:04:09,128 | Explanation | INFO | ollama_chat: received 656 character(s)
2026-08-16 05:04:09,129 | Explanation | INFO | ollama_chat: calling model 'llama3.2:3b' at http://localhost:11434
2026-08-16 05:04:29,464 | Explanation | INFO | ollama_chat: received 676 character(s)
2026-08-16 05:04:29,465 | Explanation | WARNING | generate_explanation: rewrite of 'Rank 3 - CAL 27 (Head an' rejected on attempt 1 - figures changed
2026-08-16 05:04:29,466 | Explanation | INFO | ollama_chat: calling model 'llama3.2:3b' at http://localhost:11434
2026-08-16 05:04:46,348 | Explanation | INFO | ollama_chat: received 641 character(s)
2026-08-16 05:04:46,349 | Explanation | WARNING | generate_explanation: rewrite of 'Rank 3 - CAL 27 (Head an' rejected on attempt 2 - figures changed
2026-08-16 05:04:46,350 | Explanation | INFO | ollama_chat: calling model 'llama3.2:3b' at http://localhost:11434
2026-08-16 05:05:06,297 | Explanation | INFO | ollama_chat: received 604 character(s)
2026-08-16 05:05:06,300 | Explanation | INFO | ollama_chat: calling model 'llama3.2:3b' at http://localhost:11434
2026-08-16 05:05:23,957 | Explanation | INFO | ollama_chat: received 562 character(s)
2026-08-16 05:05:23,959 | Explanation | WARNING | generate_explanation: rewrite of 'Rank 5 - KYSE-150 (Esoph' rejected on attempt 1 - figures changed
2026-08-16 05:05:23,959 | Explanation | INFO | ollama_chat: calling model 'llama3.2:3b' at http://localhost:11434
2026-08-16 05:05:38,595 | Explanation | INFO | ollama_chat: received 579 character(s)
2026-08-16 05:05:38,596 | Explanation | WARNING | generate_explanation: rewrite of 'Rank 5 - KYSE-150 (Esoph' rejected on attempt 2 - figures changed
2026-08-16 05:05:38,597 | Explanation | INFO | ollama_chat: calling model 'llama3.2:3b' at http://localhost:11434
2026-08-16 05:05:58,821 | Explanation | INFO | ollama_chat: received 602 character(s)
2026-08-16 05:05:58,823 | Explanation | WARNING | generate_explanation: rewrite of 'Rank 6 - OS-RC-2 (Kidney' rejected on attempt 1 - figures changed
2026-08-16 05:05:58,823 | Explanation | INFO | ollama_chat: calling model 'llama3.2:3b' at http://localhost:11434
2026-08-16 05:06:16,398 | Explanation | INFO | ollama_chat: received 595 character(s)
2026-08-16 05:06:16,398 | Explanation | WARNING | generate_explanation: rewrite of 'Rank 6 - OS-RC-2 (Kidney' rejected on attempt 2 - figures changed
2026-08-16 05:06:16,400 | Explanation | INFO | ollama_chat: calling model 'llama3.2:3b' at http://localhost:11434
2026-08-16 05:06:36,222 | Explanation | INFO | ollama_chat: received 617 character(s)
2026-08-16 05:06:36,223 | Explanation | WARNING | generate_explanation: rewrite of 'Rank 7 - HSC-3 (Head and' rejected on attempt 1 - figures changed
2026-08-16 05:06:36,224 | Explanation | INFO | ollama_chat: calling model 'llama3.2:3b' at http://localhost:11434
2026-08-16 05:06:53,037 | Explanation | INFO | ollama_chat: received 645 character(s)
2026-08-16 05:06:53,039 | Explanation | WARNING | generate_explanation: rewrite of 'Rank 7 - HSC-3 (Head and' rejected on attempt 2 - figures changed
2026-08-16 05:06:53,039 | Explanation | INFO | ollama_chat: calling model 'llama3.2:3b' at http://localhost:11434
2026-08-16 05:07:11,892 | Explanation | INFO | ollama_chat: received 590 character(s)
2026-08-16 05:07:11,893 | Explanation | WARNING | generate_explanation: rewrite of 'Rank 8 - CAL-33 (Head an' rejected on attempt 1 - figures changed
2026-08-16 05:07:11,894 | Explanation | INFO | ollama_chat: calling model 'llama3.2:3b' at http://localhost:11434
2026-08-16 05:07:27,023 | Explanation | INFO | ollama_chat: received 635 character(s)
2026-08-16 05:07:27,024 | Explanation | WARNING | generate_explanation: rewrite of 'Rank 8 - CAL-33 (Head an' rejected on attempt 2 - figures changed
2026-08-16 05:07:27,025 | Explanation | INFO | ollama_chat: calling model 'llama3.2:3b' at http://localhost:11434
2026-08-16 05:07:47,154 | Explanation | INFO | ollama_chat: received 627 character(s)
2026-08-16 05:07:47,155 | Explanation | WARNING | generate_explanation: rewrite of 'Rank 9 - HCC-95 (Lung Ca' rejected on attempt 1 - figures changed
2026-08-16 05:07:47,156 | Explanation | INFO | ollama_chat: calling model 'llama3.2:3b' at http://localhost:11434
2026-08-16 05:08:03,696 | Explanation | INFO | ollama_chat: received 724 character(s)
2026-08-16 05:08:03,698 | Explanation | WARNING | generate_explanation: rewrite of 'Rank 9 - HCC-95 (Lung Ca' rejected on attempt 2 - figures changed
2026-08-16 05:08:03,698 | Explanation | INFO | ollama_chat: calling model 'llama3.2:3b' at http://localhost:11434
2026-08-16 05:08:23,530 | Explanation | INFO | ollama_chat: received 642 character(s)
2026-08-16 05:08:23,532 | Explanation | WARNING | generate_explanation: rewrite of 'Rank 10 - HSC-4 (Head an' rejected on attempt 1 - figures changed
2026-08-16 05:08:23,532 | Explanation | INFO | ollama_chat: calling model 'llama3.2:3b' at http://localhost:11434
2026-08-16 05:08:38,756 | Explanation | INFO | ollama_chat: received 606 character(s)
2026-08-16 05:08:38,757 | Explanation | WARNING | generate_explanation: rewrite of 'Rank 10 - HSC-4 (Head an' rejected on attempt 2 - figures changed
2026-08-16 05:08:38,758 | Explanation | INFO | ollama_chat: calling model 'llama3.2:3b' at http://localhost:11434
2026-08-16 05:08:54,257 | Explanation | INFO | ollama_chat: received 479 character(s)
2026-08-16 05:08:54,258 | Explanation | WARNING | generate_explanation: rewrite of 'Actionable Caveats for L' rejected on attempt 1 - figures changed
2026-08-16 05:08:54,259 | Explanation | INFO | ollama_chat: calling model 'llama3.2:3b' at http://localhost:11434
2026-08-16 05:09:09,369 | Explanation | INFO | ollama_chat: received 646 character(s)
2026-08-16 05:09:09,371 | Explanation | WARNING | generate_explanation: rewrite of 'Actionable Caveats for L' rejected on attempt 2 - figures changed
2026-08-16 05:09:09,371 | Explanation | INFO | generate_explanation: 3 of 12 sections used the LLM rewrite
2026-08-16 05:09:09,408 | ApplicationRunner | INFO | Removing the selected top 10 from the total list
2026-08-16 05:09:09,418 | ApplicationRunner | INFO | Selected top 10 removed successfully and the final table is arranged in decending order
2026-08-16 05:09:09,418 | ApplicationRunner | INFO | pipelinerun completed successfully
2026-08-19 02:56:47,634 | ApplicationRunner | INFO | Starting the pipeline run
2026-08-19 02:56:47,635 | ApplicationRunner | INFO | exclusionchecker=False and diseasechecker=False
2026-08-19 02:56:47,636 | ApplicationRunner | INFO | Resolving target ids and reading target omic tables
2026-08-19 02:56:47,636 | AppPreprocessing | INFO | genetoesng: resolving 1 gene symbol(s) to ENSG
2026-08-19 02:56:47,775 | AppPreprocessing | INFO | genetoesng: resolved 1 ENSG id(s)
2026-08-19 02:56:47,776 | AppPreprocessing | INFO | esngtoprotein: resolving proteins for 1 ENSG id(s)
2026-08-19 02:56:47,827 | AppPreprocessing | INFO | esngtoprotein: 1 protein(s) found, 0 ENSG id(s) without a protein (0-fill placeholders)
2026-08-19 02:56:47,827 | AppPreprocessing | INFO | depmapreader: extracting 1 ENSG column(s)
2026-08-19 02:57:08,163 | AppPreprocessing | INFO | depmap: RNA/ENSG -> 1 found, 0 NaN-filled (not found)
2026-08-19 02:57:08,164 | AppPreprocessing | INFO | depmapreader: returning shape (1479, 2)
2026-08-19 02:57:08,245 | AppPreprocessing | INFO | hparnareader: extracting 1 ENSG column(s)
2026-08-19 02:57:21,958 | AppPreprocessing | WARNING | hpa: removed 91 row(s) with null/duplicate ModelID (kept 1054 unique cell line(s))
2026-08-19 02:57:21,959 | AppPreprocessing | INFO | hpa: HPA/ENSG -> 1 found, 0 NaN-filled (not found)
2026-08-19 02:57:21,960 | AppPreprocessing | INFO | hparnareader: returning shape (1054, 2)
2026-08-19 02:57:22,012 | AppPreprocessing | INFO | proteinreader: extracting 1 protein column(s)
2026-08-19 02:57:24,209 | AppPreprocessing | INFO | protein: protein -> 1 found, 0 NaN-filled (not found)
2026-08-19 02:57:24,210 | AppPreprocessing | INFO | proteinreader: returning shape (375, 2)
2026-08-19 02:57:24,229 | AppPreprocessing | INFO | similarityreader: extracting 1 gene cosine column(s)
2026-08-19 02:57:44,815 | AppPreprocessing | INFO | cosine: cosine/ENSG -> 1 found, 0 NaN-filled (not found)
2026-08-19 02:57:44,817 | AppPreprocessing | INFO | similarityreader: returning shape (1479, 2)
2026-08-19 02:57:44,895 | ApplicationRunner | INFO | target_df shape is (1479, 4)
2026-08-19 02:57:44,895 | ApplicationRunner | INFO | Releasing target reader frames from memory
2026-08-19 02:57:44,994 | ApplicationRunner | INFO | Scoring: evidence + similarity (target)
2026-08-19 02:57:44,995 | Scoring | INFO | calculateevidencescore (type=target): input shape (1479, 4)
2026-08-19 02:57:44,996 | Scoring | INFO | calculateevidencescore: 3 value column(s)
2026-08-19 02:57:45,002 | Scoring | INFO | target_evidence: min=0.0000 max=0.9549
2026-08-19 02:57:45,003 | Scoring | INFO | calculatesimilarityscore (type=target): input shape (1479, 2)
2026-08-19 02:57:45,003 | Scoring | INFO | calculatesimilarityscore: 1 cosine column(s)
2026-08-19 02:57:45,006 | Scoring | INFO | target_similarity: min=0.0000 max=1.0000
2026-08-19 02:57:45,007 | ApplicationRunner | INFO | Releasing target cosine frame from memory
2026-08-19 02:57:45,108 | ApplicationRunner | INFO | Calculating the confidence score
2026-08-19 02:57:45,109 | Scoring | INFO | calculateconfidencescore: input shape (1479, 4)
2026-08-19 02:57:45,109 | Scoring | INFO | calculateconfidencescore: pooling 3 value column(s)
2026-08-19 02:57:45,378 | Scoring | INFO | confidence_score: nulls=49 of 1479
2026-08-19 02:57:45,378 | ApplicationRunner | INFO | Releasing confidence input frame from memory
2026-08-19 02:57:45,477 | Scoring | INFO | calculatenetevidencescore (type=target): input shape (1479, 2)
2026-08-19 02:57:45,478 | Scoring | INFO | calculatenetsimilarityscore (type=target): input shape (1479, 2)
2026-08-19 02:57:45,479 | ApplicationRunner | INFO | Releasing target evidence/similarity frames from memory
2026-08-19 02:57:45,580 | ApplicationRunner | INFO | Assembling final score (net_similarity x net_evidence x confidence)
2026-08-19 02:57:45,586 | Scoring | INFO | finalscoring: input shape (1479, 8)
2026-08-19 02:57:45,588 | Scoring | INFO | final_score: nulls=49 of 1479
2026-08-19 02:57:45,588 | ApplicationRunner | INFO | Releasing net score component frames from memory
2026-08-19 02:57:45,689 | ApplicationRunner | INFO | Releasing feature and final-score frames from memory
2026-08-19 02:57:45,784 | ApplicationRunner | INFO | Fusion flagging over 1 gene(s); filter=3
2026-08-19 02:57:45,785 | Fusion | INFO | fusionflagger: 1479 cell line(s), 1 target gene(s), 0 exclusion gene(s)
2026-08-19 02:57:47,039 | Fusion | INFO | fusionflagger: fusion table shape (184237, 31)
2026-08-19 02:57:47,039 | Fusion | INFO | fusionflagger: single target gene, no exclusion -> OR match (gene as either partner)
2026-08-19 02:57:47,052 | Fusion | INFO | fusionflagger: 44 matching fusion row(s); 0 exclusion-involved, 22 target-only ModelID(s)
2026-08-19 02:57:47,053 | Fusion | INFO | fusionflagger: releasing fusion table frames from memory
2026-08-19 02:57:47,170 | Fusion | INFO | fusionflagger: fusion_type counts -> {'No': 1459, 'target': 20}
2026-08-19 02:57:47,273 | ApplicationRunner | INFO | Mutation flagging over 1 gene(s); filter=3
2026-08-19 02:57:47,273 | Mutation | INFO | mutationflager: 1479 cell line(s), 1 target gene(s), 0 exclusion gene(s)
2026-08-19 02:58:05,690 | Mutation | INFO | mutationflager: mutation table shape (1066869, 71)
2026-08-19 02:58:07,001 | Mutation | INFO | mutationflager: 96 distinct ModelID(s) with a matching mutation; 0 exclusion-involved, 96 target-involved
2026-08-19 02:58:07,038 | Mutation | INFO | mutationflager: mutation_type counts -> {'No': 1395, 'target': 84}
2026-08-19 02:58:07,043 | Mutation | INFO | mutationflager: 1479 cell line(s), 1 target gene(s), 0 exclusion gene(s)
2026-08-19 02:58:26,397 | Mutation | INFO | mutationflager: mutation table shape (1066869, 71)
2026-08-19 02:58:27,902 | Mutation | INFO | mutationflager: 96 distinct ModelID(s) with a matching mutation; 0 exclusion-involved, 96 target-involved
2026-08-19 02:58:27,918 | Mutation | INFO | mutationflager: mutation_type counts -> {'No': 1395, 'target': 84}
2026-08-19 02:58:28,849 | ApplicationRunner | INFO | Filtering the dataset for the cell line names
2026-08-19 02:58:28,850 | AppPreprocessing | INFO | Getting the master look up table
2026-08-19 02:58:28,914 | AppPreprocessing | INFO | Filtering the required columns
2026-08-19 02:58:28,918 | AppPreprocessing | INFO | Mergining the data with the master table
2026-08-19 02:58:29,094 | AppPreprocessing | INFO | Droping the rows which have null value
2026-08-19 02:58:29,099 | AppPreprocessing | INFO | Removing the columns which are not needed
2026-08-19 02:58:29,102 | AppPreprocessing | INFO | Getting the master look up table
2026-08-19 02:58:29,116 | AppPreprocessing | INFO | Filtering the required columns
2026-08-19 02:58:29,118 | AppPreprocessing | INFO | Mergining the data with the master table
2026-08-19 02:58:29,125 | AppPreprocessing | INFO | Droping the rows which have null value
2026-08-19 02:58:29,129 | AppPreprocessing | INFO | Removing the columns which are not needed
2026-08-19 02:58:29,136 | ApplicationRunner | INFO | Selected top 10 cell line(s)
2026-08-19 02:58:29,136 | Fusion | INFO | getthefusionreferencetable: 10 top cell line(s), 1 target gene(s), 0 exclusion gene(s)
2026-08-19 02:58:30,374 | Fusion | INFO | getthefusionreferencetable: releasing full fusion table from memory
2026-08-19 02:58:30,479 | Fusion | INFO | getthefusionreferencetable: returning 3 reference row(s)
2026-08-19 02:58:30,480 | Mutation | INFO | getthemutationreferencetable: 10 cell line(s), 1 gene(s)
2026-08-19 02:58:45,782 | Mutation | INFO | getthemutationreferencetable: returning 2 reference row(s)
2026-08-19 02:58:45,955 | ApplicationRunner | INFO | Getting Metabolomnic data
2026-08-19 02:58:45,956 | AppPreprocessing | INFO | Getting the metabolomnic data
2026-08-19 02:58:46,045 | ApplicationRunner | INFO | Running KMeans plot
2026-08-19 02:58:46,046 | ModelLoader | INFO | kmeansonthedata: 10 selected cell line(s)
2026-08-19 02:58:46,664 | ModelLoader | INFO | kmeansonthedata: factor matrix (1479, 20); predicting clusters
2026-08-19 02:58:46,834 | ModelLoader | INFO | kmeansonthedata: generating UMAP projection (full 1479-row manifold)
2026-08-19 02:59:09,277 | ModelLoader | INFO | kmeansonthedata: 10 of 10 chosen id(s) located on the map
2026-08-19 02:59:09,278 | ModelLoader | INFO | kmeansonthedata: releasing factor matrix and UMAP arrays from memory
2026-08-19 02:59:11,561 | ModelLoader | INFO | kmeansonthedata: plot saved to C:\Users\Shankar\Desktop\AstraZeneca\code\astrazeneca\CelllineSelector\images\kmeansplotforselectedcell_abe97abb-fa43-4ea0-bcf7-487159788701.png
2026-08-19 02:59:11,562 | ModelLoader | INFO | kmeansonthedata: releasing plotting frames from memory
2026-08-19 02:59:11,788 | ApplicationRunner | INFO | Kmeans plot completed
2026-08-19 02:59:11,789 | ApplicationRunner | INFO | Running KNN
2026-08-19 02:59:11,789 | ModelLoader | INFO | knnonthedata: finding alternatives for 10 selected cell line(s)
2026-08-19 02:59:11,916 | ModelLoader | INFO | knnonthedata: releasing factor matrix from memory
2026-08-19 02:59:12,150 | ModelLoader | INFO | knnonthedata: 10 of 10 target(s) received an alternative
2026-08-19 02:59:12,150 | ApplicationRunner | INFO | KNN Completed
2026-08-19 02:59:12,150 | ApplicationRunner | INFO | Running Data combiner
2026-08-19 02:59:12,152 | AppPreprocessing | INFO | datacombiner: enriching 10 row(s) with master_lookup identity
2026-08-19 02:59:12,178 | AppPreprocessing | INFO | datacombiner: returning shape (10, 23)
2026-08-19 02:59:12,178 | AppPreprocessing | INFO | datacombiner: enriching 1410 row(s) with master_lookup identity
2026-08-19 02:59:12,203 | AppPreprocessing | INFO | datacombiner: returning shape (1410, 22)
2026-08-19 02:59:12,204 | ApplicationRunner | INFO | Data combiner completed
2026-08-19 02:59:12,205 | ApplicationRunner | INFO | Generating LLM explanation
2026-08-19 02:59:12,205 | Explanation | INFO | generate_explanation: starting
2026-08-19 02:59:12,421 | Explanation | INFO | ollama_chat: calling model 'llama3.2:3b' at http://localhost:11434
2026-08-19 02:59:35,563 | Explanation | INFO | ollama_chat: received 303 character(s)
2026-08-19 02:59:35,567 | Explanation | INFO | ollama_chat: calling model 'llama3.2:3b' at http://localhost:11434
2026-08-19 02:59:54,150 | Explanation | INFO | ollama_chat: received 643 character(s)
2026-08-19 02:59:54,151 | Explanation | WARNING | generate_explanation: rewrite of 'Rank 1 - HCC827 (Lung Ca' rejected on attempt 1 - figures changed
2026-08-19 02:59:54,151 | Explanation | INFO | ollama_chat: calling model 'llama3.2:3b' at http://localhost:11434
2026-08-19 03:00:05,904 | Explanation | INFO | ollama_chat: received 534 character(s)
2026-08-19 03:00:05,905 | Explanation | WARNING | generate_explanation: rewrite of 'Rank 1 - HCC827 (Lung Ca' rejected on attempt 2 - figures changed
2026-08-19 03:00:05,906 | Explanation | INFO | ollama_chat: calling model 'llama3.2:3b' at http://localhost:11434
2026-08-19 03:00:22,401 | Explanation | INFO | ollama_chat: received 607 character(s)
2026-08-19 03:00:22,402 | Explanation | WARNING | generate_explanation: rewrite of 'Rank 2 - U-BLC1 (Bladder' rejected on attempt 1 - figures changed
2026-08-19 03:00:22,403 | Explanation | INFO | ollama_chat: calling model 'llama3.2:3b' at http://localhost:11434
2026-08-19 03:00:36,715 | Explanation | INFO | ollama_chat: received 656 character(s)
2026-08-19 03:00:36,717 | Explanation | INFO | ollama_chat: calling model 'llama3.2:3b' at http://localhost:11434
2026-08-19 03:00:57,756 | Explanation | INFO | ollama_chat: received 676 character(s)
2026-08-19 03:00:57,758 | Explanation | WARNING | generate_explanation: rewrite of 'Rank 3 - CAL 27 (Head an' rejected on attempt 1 - figures changed
2026-08-19 03:00:57,758 | Explanation | INFO | ollama_chat: calling model 'llama3.2:3b' at http://localhost:11434
2026-08-19 03:01:14,604 | Explanation | INFO | ollama_chat: received 641 character(s)
2026-08-19 03:01:14,605 | Explanation | WARNING | generate_explanation: rewrite of 'Rank 3 - CAL 27 (Head an' rejected on attempt 2 - figures changed
2026-08-19 03:01:14,605 | Explanation | INFO | ollama_chat: calling model 'llama3.2:3b' at http://localhost:11434
2026-08-19 03:01:31,912 | Explanation | INFO | ollama_chat: received 604 character(s)
2026-08-19 03:01:31,913 | Explanation | INFO | ollama_chat: calling model 'llama3.2:3b' at http://localhost:11434
2026-08-19 03:01:48,035 | Explanation | INFO | ollama_chat: received 562 character(s)
2026-08-19 03:01:48,037 | Explanation | WARNING | generate_explanation: rewrite of 'Rank 5 - KYSE-150 (Esoph' rejected on attempt 1 - figures changed
2026-08-19 03:01:48,038 | Explanation | INFO | ollama_chat: calling model 'llama3.2:3b' at http://localhost:11434
2026-08-19 03:02:03,014 | Explanation | INFO | ollama_chat: received 579 character(s)
2026-08-19 03:02:03,022 | Explanation | WARNING | generate_explanation: rewrite of 'Rank 5 - KYSE-150 (Esoph' rejected on attempt 2 - figures changed
2026-08-19 03:02:03,028 | Explanation | INFO | ollama_chat: calling model 'llama3.2:3b' at http://localhost:11434
2026-08-19 03:02:25,891 | Explanation | INFO | ollama_chat: received 602 character(s)
2026-08-19 03:02:25,892 | Explanation | WARNING | generate_explanation: rewrite of 'Rank 6 - OS-RC-2 (Kidney' rejected on attempt 1 - figures changed
2026-08-19 03:02:25,892 | Explanation | INFO | ollama_chat: calling model 'llama3.2:3b' at http://localhost:11434
2026-08-19 03:02:41,776 | Explanation | INFO | ollama_chat: received 595 character(s)
2026-08-19 03:02:41,777 | Explanation | WARNING | generate_explanation: rewrite of 'Rank 6 - OS-RC-2 (Kidney' rejected on attempt 2 - figures changed
2026-08-19 03:02:41,778 | Explanation | INFO | ollama_chat: calling model 'llama3.2:3b' at http://localhost:11434
2026-08-19 03:03:00,145 | Explanation | INFO | ollama_chat: received 617 character(s)
2026-08-19 03:03:00,147 | Explanation | WARNING | generate_explanation: rewrite of 'Rank 7 - HSC-3 (Head and' rejected on attempt 1 - figures changed
2026-08-19 03:03:00,147 | Explanation | INFO | ollama_chat: calling model 'llama3.2:3b' at http://localhost:11434
2026-08-19 03:03:15,658 | Explanation | INFO | ollama_chat: received 645 character(s)
2026-08-19 03:03:15,658 | Explanation | WARNING | generate_explanation: rewrite of 'Rank 7 - HSC-3 (Head and' rejected on attempt 2 - figures changed
2026-08-19 03:03:15,659 | Explanation | INFO | ollama_chat: calling model 'llama3.2:3b' at http://localhost:11434
2026-08-19 03:03:33,085 | Explanation | INFO | ollama_chat: received 590 character(s)
2026-08-19 03:03:33,086 | Explanation | WARNING | generate_explanation: rewrite of 'Rank 8 - CAL-33 (Head an' rejected on attempt 1 - figures changed
2026-08-19 03:03:33,087 | Explanation | INFO | ollama_chat: calling model 'llama3.2:3b' at http://localhost:11434
2026-08-19 03:03:48,515 | Explanation | INFO | ollama_chat: received 635 character(s)
2026-08-19 03:03:48,516 | Explanation | WARNING | generate_explanation: rewrite of 'Rank 8 - CAL-33 (Head an' rejected on attempt 2 - figures changed
2026-08-19 03:03:48,517 | Explanation | INFO | ollama_chat: calling model 'llama3.2:3b' at http://localhost:11434
2026-08-19 03:04:07,713 | Explanation | INFO | ollama_chat: received 627 character(s)
2026-08-19 03:04:07,714 | Explanation | WARNING | generate_explanation: rewrite of 'Rank 9 - HCC-95 (Lung Ca' rejected on attempt 1 - figures changed
2026-08-19 03:04:07,715 | Explanation | INFO | ollama_chat: calling model 'llama3.2:3b' at http://localhost:11434
2026-08-19 03:04:24,206 | Explanation | INFO | ollama_chat: received 724 character(s)
2026-08-19 03:04:24,207 | Explanation | WARNING | generate_explanation: rewrite of 'Rank 9 - HCC-95 (Lung Ca' rejected on attempt 2 - figures changed
2026-08-19 03:04:24,208 | Explanation | INFO | ollama_chat: calling model 'llama3.2:3b' at http://localhost:11434
2026-08-19 03:04:43,093 | Explanation | INFO | ollama_chat: received 642 character(s)
2026-08-19 03:04:43,094 | Explanation | WARNING | generate_explanation: rewrite of 'Rank 10 - HSC-4 (Head an' rejected on attempt 1 - figures changed
2026-08-19 03:04:43,095 | Explanation | INFO | ollama_chat: calling model 'llama3.2:3b' at http://localhost:11434
2026-08-19 03:04:58,123 | Explanation | INFO | ollama_chat: received 606 character(s)
2026-08-19 03:04:58,124 | Explanation | WARNING | generate_explanation: rewrite of 'Rank 10 - HSC-4 (Head an' rejected on attempt 2 - figures changed
2026-08-19 03:04:58,125 | Explanation | INFO | ollama_chat: calling model 'llama3.2:3b' at http://localhost:11434
2026-08-19 03:05:12,736 | Explanation | INFO | ollama_chat: received 479 character(s)
2026-08-19 03:05:12,738 | Explanation | WARNING | generate_explanation: rewrite of 'Actionable Caveats for L' rejected on attempt 1 - figures changed
2026-08-19 03:05:12,738 | Explanation | INFO | ollama_chat: calling model 'llama3.2:3b' at http://localhost:11434
2026-08-19 03:05:27,468 | Explanation | INFO | ollama_chat: received 646 character(s)
2026-08-19 03:05:27,470 | Explanation | WARNING | generate_explanation: rewrite of 'Actionable Caveats for L' rejected on attempt 2 - figures changed
2026-08-19 03:05:27,470 | Explanation | INFO | generate_explanation: 3 of 12 sections used the LLM rewrite
2026-08-19 03:05:27,507 | ApplicationRunner | INFO | Removing the selected top 10 from the total list
2026-08-19 03:05:27,516 | ApplicationRunner | INFO | Selected top 10 removed successfully and the final table is arranged in decending order
2026-08-19 03:05:27,516 | ApplicationRunner | INFO | pipelinerun completed successfully
2026-08-19 03:07:57,207 | ApplicationRunner | INFO | Starting the pipeline run
2026-08-19 03:07:57,208 | ApplicationRunner | INFO | exclusionchecker=False and diseasechecker=False
2026-08-19 03:07:57,208 | ApplicationRunner | INFO | Resolving target ids and reading target omic tables
2026-08-19 03:07:57,208 | AppPreprocessing | INFO | genetoesng: resolving 1 gene symbol(s) to ENSG
2026-08-19 03:07:57,291 | AppPreprocessing | INFO | genetoesng: resolved 1 ENSG id(s)
2026-08-19 03:07:57,291 | AppPreprocessing | INFO | esngtoprotein: resolving proteins for 1 ENSG id(s)
2026-08-19 03:07:57,320 | AppPreprocessing | INFO | esngtoprotein: 1 protein(s) found, 0 ENSG id(s) without a protein (0-fill placeholders)
2026-08-19 03:07:57,321 | AppPreprocessing | INFO | depmapreader: extracting 1 ENSG column(s)
2026-08-19 03:08:07,605 | AppPreprocessing | INFO | depmap: RNA/ENSG -> 1 found, 0 NaN-filled (not found)
2026-08-19 03:08:07,606 | AppPreprocessing | INFO | depmapreader: returning shape (1479, 2)
2026-08-19 03:08:07,663 | AppPreprocessing | INFO | hparnareader: extracting 1 ENSG column(s)
2026-08-19 03:08:16,663 | AppPreprocessing | WARNING | hpa: removed 91 row(s) with null/duplicate ModelID (kept 1054 unique cell line(s))
2026-08-19 03:08:16,663 | AppPreprocessing | INFO | hpa: HPA/ENSG -> 1 found, 0 NaN-filled (not found)
2026-08-19 03:08:16,664 | AppPreprocessing | INFO | hparnareader: returning shape (1054, 2)
2026-08-19 03:08:16,715 | AppPreprocessing | INFO | proteinreader: extracting 1 protein column(s)
2026-08-19 03:08:18,121 | AppPreprocessing | INFO | protein: protein -> 1 found, 0 NaN-filled (not found)
2026-08-19 03:08:18,122 | AppPreprocessing | INFO | proteinreader: returning shape (375, 2)
2026-08-19 03:08:18,134 | AppPreprocessing | INFO | similarityreader: extracting 1 gene cosine column(s)
2026-08-19 03:08:28,969 | AppPreprocessing | INFO | cosine: cosine/ENSG -> 1 found, 0 NaN-filled (not found)
2026-08-19 03:08:28,970 | AppPreprocessing | INFO | similarityreader: returning shape (1479, 2)
2026-08-19 03:08:29,048 | ApplicationRunner | INFO | target_df shape is (1479, 4)
2026-08-19 03:08:29,048 | ApplicationRunner | INFO | Releasing target reader frames from memory
2026-08-19 03:08:29,146 | ApplicationRunner | INFO | Scoring: evidence + similarity (target)
2026-08-19 03:08:29,148 | Scoring | INFO | calculateevidencescore (type=target): input shape (1479, 4)
2026-08-19 03:08:29,148 | Scoring | INFO | calculateevidencescore: 3 value column(s)
2026-08-19 03:08:29,154 | Scoring | INFO | target_evidence: min=0.0000 max=0.9738
2026-08-19 03:08:29,155 | Scoring | INFO | calculatesimilarityscore (type=target): input shape (1479, 2)
2026-08-19 03:08:29,155 | Scoring | INFO | calculatesimilarityscore: 1 cosine column(s)
2026-08-19 03:08:29,159 | Scoring | INFO | target_similarity: min=0.0000 max=1.0000
2026-08-19 03:08:29,160 | ApplicationRunner | INFO | Releasing target cosine frame from memory
2026-08-19 03:08:29,263 | ApplicationRunner | INFO | Calculating the confidence score
2026-08-19 03:08:29,264 | Scoring | INFO | calculateconfidencescore: input shape (1479, 4)
2026-08-19 03:08:29,264 | Scoring | INFO | calculateconfidencescore: pooling 3 value column(s)
2026-08-19 03:08:29,554 | Scoring | INFO | confidence_score: nulls=1 of 1479
2026-08-19 03:08:29,554 | ApplicationRunner | INFO | Releasing confidence input frame from memory
2026-08-19 03:08:29,654 | Scoring | INFO | calculatenetevidencescore (type=target): input shape (1479, 2)
2026-08-19 03:08:29,654 | Scoring | INFO | calculatenetsimilarityscore (type=target): input shape (1479, 2)
2026-08-19 03:08:29,656 | ApplicationRunner | INFO | Releasing target evidence/similarity frames from memory
2026-08-19 03:08:29,763 | ApplicationRunner | INFO | Assembling final score (net_similarity x net_evidence x confidence)
2026-08-19 03:08:29,771 | Scoring | INFO | finalscoring: input shape (1479, 8)
2026-08-19 03:08:29,772 | Scoring | INFO | final_score: nulls=1 of 1479
2026-08-19 03:08:29,773 | ApplicationRunner | INFO | Releasing net score component frames from memory
2026-08-19 03:08:29,884 | ApplicationRunner | INFO | Releasing feature and final-score frames from memory
2026-08-19 03:08:29,986 | ApplicationRunner | INFO | Fusion flagging over 1 gene(s); filter=2
2026-08-19 03:08:29,986 | Fusion | INFO | fusionflagger: 1479 cell line(s), 1 target gene(s), 0 exclusion gene(s)
2026-08-19 03:08:31,056 | Fusion | INFO | fusionflagger: fusion table shape (184237, 31)
2026-08-19 03:08:31,056 | Fusion | INFO | fusionflagger: single target gene, no exclusion -> OR match (gene as either partner)
2026-08-19 03:08:31,069 | Fusion | INFO | fusionflagger: 69 matching fusion row(s); 0 exclusion-involved, 12 target-only ModelID(s)
2026-08-19 03:08:31,069 | Fusion | INFO | fusionflagger: releasing fusion table frames from memory
2026-08-19 03:08:31,166 | Fusion | INFO | fusionflagger: fusion_type counts -> {'No': 1467, 'target': 12}
2026-08-19 03:08:31,251 | Fusion | INFO | require_fusion_models: 1479 row(s) in
2026-08-19 03:08:31,257 | Fusion | INFO | require_fusion_models: 12 row(s) retained after dropping fusion-positive
2026-08-19 03:08:31,257 | ApplicationRunner | INFO | Mutation flagging over 1 gene(s); filter=2
2026-08-19 03:08:31,257 | Mutation | INFO | mutationflager: 12 cell line(s), 1 target gene(s), 0 exclusion gene(s)
2026-08-19 03:08:44,999 | Mutation | INFO | mutationflager: mutation table shape (1066869, 71)
2026-08-19 03:08:45,596 | Mutation | INFO | mutationflager: 70 distinct ModelID(s) with a matching mutation; 0 exclusion-involved, 70 target-involved
2026-08-19 03:08:45,599 | Mutation | INFO | mutationflager: mutation_type counts -> {'No': 11, 'target': 1}
2026-08-19 03:08:45,602 | Mutation | INFO | mutationflager: 1479 cell line(s), 1 target gene(s), 0 exclusion gene(s)
2026-08-19 03:08:58,994 | Mutation | INFO | mutationflager: mutation table shape (1066869, 71)
2026-08-19 03:08:59,821 | Mutation | INFO | mutationflager: 70 distinct ModelID(s) with a matching mutation; 0 exclusion-involved, 70 target-involved
2026-08-19 03:08:59,829 | Mutation | INFO | mutationflager: mutation_type counts -> {'No': 1423, 'target': 56}
2026-08-19 03:08:59,947 | Mutation | INFO | require_mutation_models: 12 row(s) in
2026-08-19 03:08:59,949 | Mutation | INFO | require_mutation_models: 1 row(s) retained after dropping mutation-positive
2026-08-19 03:08:59,950 | ApplicationRunner | INFO | Filtering the dataset for the cell line names
2026-08-19 03:08:59,950 | AppPreprocessing | INFO | Getting the master look up table
2026-08-19 03:08:59,964 | AppPreprocessing | INFO | Filtering the required columns
2026-08-19 03:08:59,965 | AppPreprocessing | INFO | Mergining the data with the master table
2026-08-19 03:08:59,969 | AppPreprocessing | INFO | Droping the rows which have null value
2026-08-19 03:08:59,971 | AppPreprocessing | INFO | Removing the columns which are not needed
2026-08-19 03:08:59,972 | AppPreprocessing | INFO | Getting the master look up table
2026-08-19 03:08:59,983 | AppPreprocessing | INFO | Filtering the required columns
2026-08-19 03:08:59,985 | AppPreprocessing | INFO | Mergining the data with the master table
2026-08-19 03:08:59,989 | AppPreprocessing | INFO | Droping the rows which have null value
2026-08-19 03:08:59,992 | AppPreprocessing | INFO | Removing the columns which are not needed
2026-08-19 03:08:59,995 | ApplicationRunner | INFO | Selected top 1 cell line(s)
2026-08-19 03:08:59,995 | Fusion | INFO | getthefusionreferencetable: 1 top cell line(s), 1 target gene(s), 0 exclusion gene(s)
2026-08-19 03:09:01,501 | Fusion | INFO | getthefusionreferencetable: releasing full fusion table from memory
2026-08-19 03:09:01,612 | Fusion | INFO | getthefusionreferencetable: returning 1 reference row(s)
2026-08-19 03:09:01,612 | Mutation | INFO | getthemutationreferencetable: 1 cell line(s), 1 gene(s)
2026-08-19 03:09:15,824 | Mutation | INFO | getthemutationreferencetable: returning 1 reference row(s)
2026-08-19 03:09:15,933 | ApplicationRunner | INFO | Getting Metabolomnic data
2026-08-19 03:09:15,933 | AppPreprocessing | INFO | Getting the metabolomnic data
2026-08-19 03:09:15,990 | ApplicationRunner | INFO | Running KMeans plot
2026-08-19 03:09:15,990 | ModelLoader | INFO | kmeansonthedata: 1 selected cell line(s)
2026-08-19 03:09:16,061 | ModelLoader | INFO | kmeansonthedata: factor matrix (1479, 20); predicting clusters
2026-08-19 03:09:16,137 | ModelLoader | INFO | kmeansonthedata: generating UMAP projection (full 1479-row manifold)
2026-08-19 03:09:32,554 | ModelLoader | INFO | kmeansonthedata: 1 of 1 chosen id(s) located on the map
2026-08-19 03:09:32,554 | ModelLoader | INFO | kmeansonthedata: releasing factor matrix and UMAP arrays from memory
2026-08-19 03:09:33,230 | ModelLoader | INFO | kmeansonthedata: plot saved to C:\Users\Shankar\Desktop\AstraZeneca\code\astrazeneca\CelllineSelector\images\kmeansplotforselectedcell_c404638b-1453-4b32-b785-b6cdafc88d81.png
2026-08-19 03:09:33,230 | ModelLoader | INFO | kmeansonthedata: releasing plotting frames from memory
2026-08-19 03:09:33,341 | ApplicationRunner | INFO | Kmeans plot completed
2026-08-19 03:09:33,341 | ApplicationRunner | INFO | Running KNN
2026-08-19 03:09:33,341 | ModelLoader | INFO | knnonthedata: finding alternatives for 1 selected cell line(s)
2026-08-19 03:09:33,361 | ModelLoader | INFO | knnonthedata: releasing factor matrix from memory
2026-08-19 03:09:33,488 | ModelLoader | INFO | knnonthedata: 1 of 1 target(s) received an alternative
2026-08-19 03:09:33,489 | ApplicationRunner | INFO | KNN Completed
2026-08-19 03:09:33,489 | ApplicationRunner | INFO | Running Data combiner
2026-08-19 03:09:33,489 | AppPreprocessing | INFO | datacombiner: enriching 1 row(s) with master_lookup identity
2026-08-19 03:09:33,606 | AppPreprocessing | INFO | datacombiner: returning shape (1, 23)
2026-08-19 03:09:33,607 | AppPreprocessing | INFO | datacombiner: enriching 1410 row(s) with master_lookup identity
2026-08-19 03:09:33,620 | AppPreprocessing | INFO | datacombiner: returning shape (1410, 22)
2026-08-19 03:09:33,621 | ApplicationRunner | INFO | Data combiner completed
2026-08-19 03:09:33,621 | ApplicationRunner | INFO | Generating LLM explanation
2026-08-19 03:09:33,621 | Explanation | INFO | generate_explanation: starting
2026-08-19 03:09:33,722 | Explanation | INFO | ollama_chat: calling model 'llama3.2:3b' at http://localhost:11434
2026-08-19 03:09:41,731 | Explanation | INFO | ollama_chat: received 296 character(s)
2026-08-19 03:09:41,733 | Explanation | WARNING | generate_explanation: rewrite of 'Overview' rejected on attempt 1 - figures changed
2026-08-19 03:09:41,734 | Explanation | INFO | ollama_chat: calling model 'llama3.2:3b' at http://localhost:11434
2026-08-19 03:09:48,500 | Explanation | INFO | ollama_chat: received 301 character(s)
2026-08-19 03:09:48,501 | Explanation | WARNING | generate_explanation: rewrite of 'Overview' rejected on attempt 2 - figures changed
2026-08-19 03:09:48,501 | Explanation | INFO | ollama_chat: calling model 'llama3.2:3b' at http://localhost:11434
2026-08-19 03:10:00,158 | Explanation | INFO | ollama_chat: received 347 character(s)
2026-08-19 03:10:00,159 | Explanation | WARNING | generate_explanation: rewrite of 'Rank 1 - NCI-N87 (Gastri' rejected on attempt 1 - figures changed
2026-08-19 03:10:00,159 | Explanation | INFO | ollama_chat: calling model 'llama3.2:3b' at http://localhost:11434
2026-08-19 03:10:09,340 | Explanation | INFO | ollama_chat: received 362 character(s)
2026-08-19 03:10:09,340 | Explanation | WARNING | generate_explanation: rewrite of 'Rank 1 - NCI-N87 (Gastri' rejected on attempt 2 - figures changed
2026-08-19 03:10:09,341 | Explanation | INFO | ollama_chat: calling model 'llama3.2:3b' at http://localhost:11434
2026-08-19 03:10:25,283 | Explanation | INFO | ollama_chat: received 556 character(s)
2026-08-19 03:10:25,284 | Explanation | WARNING | generate_explanation: rewrite of 'Actionable Caveats for L' rejected on attempt 1 - figures changed
2026-08-19 03:10:25,285 | Explanation | INFO | ollama_chat: calling model 'llama3.2:3b' at http://localhost:11434
2026-08-19 03:10:37,614 | Explanation | INFO | ollama_chat: received 517 character(s)
2026-08-19 03:10:37,615 | Explanation | WARNING | generate_explanation: rewrite of 'Actionable Caveats for L' rejected on attempt 2 - figures changed
2026-08-19 03:10:37,615 | Explanation | INFO | generate_explanation: 0 of 3 sections used the LLM rewrite
2026-08-19 03:10:37,633 | ApplicationRunner | INFO | Removing the selected top 10 from the total list
2026-08-19 03:10:37,644 | ApplicationRunner | INFO | Selected top 10 removed successfully and the final table is arranged in decending order
2026-08-19 03:10:37,645 | ApplicationRunner | INFO | pipelinerun completed successfully
2026-08-19 03:12:54,004 | ApplicationRunner | INFO | Starting the pipeline run
2026-08-19 03:12:54,005 | ApplicationRunner | INFO | exclusionchecker=False and diseasechecker=False
2026-08-19 03:12:54,005 | ApplicationRunner | INFO | Resolving target ids and reading target omic tables
2026-08-19 03:12:54,005 | AppPreprocessing | INFO | genetoesng: resolving 1 gene symbol(s) to ENSG
2026-08-19 03:12:54,037 | AppPreprocessing | INFO | genetoesng: resolved 1 ENSG id(s)
2026-08-19 03:12:54,037 | AppPreprocessing | INFO | esngtoprotein: resolving proteins for 1 ENSG id(s)
2026-08-19 03:12:54,057 | AppPreprocessing | INFO | esngtoprotein: 1 protein(s) found, 0 ENSG id(s) without a protein (0-fill placeholders)
2026-08-19 03:12:54,058 | AppPreprocessing | INFO | depmapreader: extracting 1 ENSG column(s)
2026-08-19 03:13:03,449 | AppPreprocessing | INFO | depmap: RNA/ENSG -> 1 found, 0 NaN-filled (not found)
2026-08-19 03:13:03,451 | AppPreprocessing | INFO | depmapreader: returning shape (1479, 2)
2026-08-19 03:13:03,494 | AppPreprocessing | INFO | hparnareader: extracting 1 ENSG column(s)
2026-08-19 03:13:09,671 | AppPreprocessing | WARNING | hpa: removed 91 row(s) with null/duplicate ModelID (kept 1054 unique cell line(s))
2026-08-19 03:13:09,671 | AppPreprocessing | INFO | hpa: HPA/ENSG -> 1 found, 0 NaN-filled (not found)
2026-08-19 03:13:09,673 | AppPreprocessing | INFO | hparnareader: returning shape (1054, 2)
2026-08-19 03:13:09,717 | AppPreprocessing | INFO | proteinreader: extracting 1 protein column(s)
2026-08-19 03:13:11,025 | AppPreprocessing | INFO | protein: protein -> 1 found, 0 NaN-filled (not found)
2026-08-19 03:13:11,026 | AppPreprocessing | INFO | proteinreader: returning shape (375, 2)
2026-08-19 03:13:11,038 | AppPreprocessing | INFO | similarityreader: extracting 1 gene cosine column(s)
2026-08-19 03:13:23,151 | AppPreprocessing | INFO | cosine: cosine/ENSG -> 1 found, 0 NaN-filled (not found)
2026-08-19 03:13:23,152 | AppPreprocessing | INFO | similarityreader: returning shape (1479, 2)
2026-08-19 03:13:23,212 | ApplicationRunner | INFO | target_df shape is (1479, 4)
2026-08-19 03:13:23,212 | ApplicationRunner | INFO | Releasing target reader frames from memory
2026-08-19 03:13:23,295 | ApplicationRunner | INFO | Scoring: evidence + similarity (target)
2026-08-19 03:13:23,298 | Scoring | INFO | calculateevidencescore (type=target): input shape (1479, 4)
2026-08-19 03:13:23,298 | Scoring | INFO | calculateevidencescore: 3 value column(s)
2026-08-19 03:13:23,302 | Scoring | INFO | target_evidence: min=0.0000 max=0.9138
2026-08-19 03:13:23,303 | Scoring | INFO | calculatesimilarityscore (type=target): input shape (1479, 2)
2026-08-19 03:13:23,304 | Scoring | INFO | calculatesimilarityscore: 1 cosine column(s)
2026-08-19 03:13:23,306 | Scoring | INFO | target_similarity: min=0.0000 max=1.0000
2026-08-19 03:13:23,306 | ApplicationRunner | INFO | Releasing target cosine frame from memory
2026-08-19 03:13:23,396 | ApplicationRunner | INFO | Calculating the confidence score
2026-08-19 03:13:23,397 | Scoring | INFO | calculateconfidencescore: input shape (1479, 4)
2026-08-19 03:13:23,397 | Scoring | INFO | calculateconfidencescore: pooling 3 value column(s)
2026-08-19 03:13:23,581 | Scoring | INFO | confidence_score: nulls=1 of 1479
2026-08-19 03:13:23,581 | ApplicationRunner | INFO | Releasing confidence input frame from memory
2026-08-19 03:13:23,659 | Scoring | INFO | calculatenetevidencescore (type=target): input shape (1479, 2)
2026-08-19 03:13:23,660 | Scoring | INFO | calculatenetsimilarityscore (type=target): input shape (1479, 2)
2026-08-19 03:13:23,661 | ApplicationRunner | INFO | Releasing target evidence/similarity frames from memory
2026-08-19 03:13:23,742 | ApplicationRunner | INFO | Assembling final score (net_similarity x net_evidence x confidence)
2026-08-19 03:13:23,748 | Scoring | INFO | finalscoring: input shape (1479, 8)
2026-08-19 03:13:23,749 | Scoring | INFO | final_score: nulls=1 of 1479
2026-08-19 03:13:23,750 | ApplicationRunner | INFO | Releasing net score component frames from memory
2026-08-19 03:13:23,833 | ApplicationRunner | INFO | Releasing feature and final-score frames from memory
2026-08-19 03:13:23,914 | ApplicationRunner | INFO | Fusion flagging over 1 gene(s); filter=2
2026-08-19 03:13:23,914 | Fusion | INFO | fusionflagger: 1479 cell line(s), 1 target gene(s), 0 exclusion gene(s)
2026-08-19 03:13:24,740 | Fusion | INFO | fusionflagger: fusion table shape (184237, 31)
2026-08-19 03:13:24,741 | Fusion | INFO | fusionflagger: single target gene, no exclusion -> OR match (gene as either partner)
2026-08-19 03:13:24,771 | Fusion | INFO | fusionflagger: 37 matching fusion row(s); 0 exclusion-involved, 36 target-only ModelID(s)
2026-08-19 03:13:24,771 | Fusion | INFO | fusionflagger: releasing fusion table frames from memory
2026-08-19 03:13:24,856 | Fusion | INFO | fusionflagger: fusion_type counts -> {'No': 1443, 'target': 36}
2026-08-19 03:13:24,941 | Fusion | INFO | require_fusion_models: 1479 row(s) in
2026-08-19 03:13:24,949 | Fusion | INFO | require_fusion_models: 36 row(s) retained after dropping fusion-positive
2026-08-19 03:13:24,949 | ApplicationRunner | INFO | Mutation flagging over 1 gene(s); filter=2
2026-08-19 03:13:24,949 | Mutation | INFO | mutationflager: 36 cell line(s), 1 target gene(s), 0 exclusion gene(s)
2026-08-19 03:13:35,042 | Mutation | INFO | mutationflager: mutation table shape (1066869, 71)
2026-08-19 03:13:35,805 | Mutation | INFO | mutationflager: 27 distinct ModelID(s) with a matching mutation; 0 exclusion-involved, 27 target-involved
2026-08-19 03:13:35,808 | Mutation | INFO | mutationflager: mutation_type counts -> {'No': 35, 'target': 1}
2026-08-19 03:13:35,812 | Mutation | INFO | mutationflager: 1479 cell line(s), 1 target gene(s), 0 exclusion gene(s)
2026-08-19 03:13:47,535 | Mutation | INFO | mutationflager: mutation table shape (1066869, 71)
2026-08-19 03:13:48,408 | Mutation | INFO | mutationflager: 27 distinct ModelID(s) with a matching mutation; 0 exclusion-involved, 27 target-involved
2026-08-19 03:13:48,412 | Mutation | INFO | mutationflager: mutation_type counts -> {'No': 1454, 'target': 25}
2026-08-19 03:13:48,530 | Mutation | INFO | require_mutation_models: 36 row(s) in
2026-08-19 03:13:48,532 | Mutation | INFO | require_mutation_models: 1 row(s) retained after dropping mutation-positive
2026-08-19 03:13:48,532 | ApplicationRunner | INFO | Filtering the dataset for the cell line names
2026-08-19 03:13:48,533 | AppPreprocessing | INFO | Getting the master look up table
2026-08-19 03:13:48,543 | AppPreprocessing | INFO | Filtering the required columns
2026-08-19 03:13:48,544 | AppPreprocessing | INFO | Mergining the data with the master table
2026-08-19 03:13:48,548 | AppPreprocessing | INFO | Droping the rows which have null value
2026-08-19 03:13:48,550 | AppPreprocessing | INFO | Removing the columns which are not needed
2026-08-19 03:13:48,551 | AppPreprocessing | INFO | Getting the master look up table
2026-08-19 03:13:48,561 | AppPreprocessing | INFO | Filtering the required columns
2026-08-19 03:13:48,563 | AppPreprocessing | INFO | Mergining the data with the master table
2026-08-19 03:13:48,567 | AppPreprocessing | INFO | Droping the rows which have null value
2026-08-19 03:13:48,569 | AppPreprocessing | INFO | Removing the columns which are not needed
2026-08-19 03:13:48,572 | ApplicationRunner | INFO | Selected top 1 cell line(s)
2026-08-19 03:13:48,572 | Fusion | INFO | getthefusionreferencetable: 1 top cell line(s), 1 target gene(s), 0 exclusion gene(s)
2026-08-19 03:13:50,101 | Fusion | INFO | getthefusionreferencetable: releasing full fusion table from memory
2026-08-19 03:13:50,213 | Fusion | INFO | getthefusionreferencetable: returning 1 reference row(s)
2026-08-19 03:13:50,213 | Mutation | INFO | getthemutationreferencetable: 1 cell line(s), 1 gene(s)
2026-08-19 03:14:01,920 | Mutation | INFO | getthemutationreferencetable: returning 1 reference row(s)
2026-08-19 03:14:02,014 | ApplicationRunner | INFO | Getting Metabolomnic data
2026-08-19 03:14:02,014 | AppPreprocessing | INFO | Getting the metabolomnic data
2026-08-19 03:14:02,046 | ApplicationRunner | INFO | Running KMeans plot
2026-08-19 03:14:02,046 | ModelLoader | INFO | kmeansonthedata: 1 selected cell line(s)
2026-08-19 03:14:02,098 | ModelLoader | INFO | kmeansonthedata: factor matrix (1479, 20); predicting clusters
2026-08-19 03:14:02,164 | ModelLoader | INFO | kmeansonthedata: generating UMAP projection (full 1479-row manifold)
2026-08-19 03:14:15,638 | ModelLoader | INFO | kmeansonthedata: 1 of 1 chosen id(s) located on the map
2026-08-19 03:14:15,638 | ModelLoader | INFO | kmeansonthedata: releasing factor matrix and UMAP arrays from memory
2026-08-19 03:14:16,329 | ModelLoader | INFO | kmeansonthedata: plot saved to C:\Users\Shankar\Desktop\AstraZeneca\code\astrazeneca\CelllineSelector\images\kmeansplotforselectedcell_c9f0fa82-3c37-46f3-a1e8-fcdfe122dda3.png
2026-08-19 03:14:16,329 | ModelLoader | INFO | kmeansonthedata: releasing plotting frames from memory
2026-08-19 03:14:16,439 | ApplicationRunner | INFO | Kmeans plot completed
2026-08-19 03:14:16,439 | ApplicationRunner | INFO | Running KNN
2026-08-19 03:14:16,440 | ModelLoader | INFO | knnonthedata: finding alternatives for 1 selected cell line(s)
2026-08-19 03:14:16,460 | ModelLoader | INFO | knnonthedata: releasing factor matrix from memory
2026-08-19 03:14:16,601 | ModelLoader | INFO | knnonthedata: 1 of 1 target(s) received an alternative
2026-08-19 03:14:16,601 | ApplicationRunner | INFO | KNN Completed
2026-08-19 03:14:16,601 | ApplicationRunner | INFO | Running Data combiner
2026-08-19 03:14:16,601 | AppPreprocessing | INFO | datacombiner: enriching 1 row(s) with master_lookup identity
2026-08-19 03:14:16,614 | AppPreprocessing | INFO | datacombiner: returning shape (1, 23)
2026-08-19 03:14:16,615 | AppPreprocessing | INFO | datacombiner: enriching 1410 row(s) with master_lookup identity
2026-08-19 03:14:16,628 | AppPreprocessing | INFO | datacombiner: returning shape (1410, 22)
2026-08-19 03:14:16,628 | ApplicationRunner | INFO | Data combiner completed
2026-08-19 03:14:16,629 | ApplicationRunner | INFO | Generating LLM explanation
2026-08-19 03:14:16,629 | Explanation | INFO | generate_explanation: starting
2026-08-19 03:14:16,709 | Explanation | INFO | ollama_chat: calling model 'llama3.2:3b' at http://localhost:11434
2026-08-19 03:14:24,463 | Explanation | INFO | ollama_chat: received 300 character(s)
2026-08-19 03:14:24,464 | Explanation | WARNING | generate_explanation: rewrite of 'Overview' rejected on attempt 1 - figures changed
2026-08-19 03:14:24,464 | Explanation | INFO | ollama_chat: calling model 'llama3.2:3b' at http://localhost:11434
2026-08-19 03:14:30,972 | Explanation | INFO | ollama_chat: received 276 character(s)
2026-08-19 03:14:30,973 | Explanation | WARNING | generate_explanation: rewrite of 'Overview' rejected on attempt 2 - figures changed
2026-08-19 03:14:30,974 | Explanation | INFO | ollama_chat: calling model 'llama3.2:3b' at http://localhost:11434
2026-08-19 03:14:41,683 | Explanation | INFO | ollama_chat: received 289 character(s)
2026-08-19 03:14:41,685 | Explanation | WARNING | generate_explanation: rewrite of 'Rank 1 - CAL-12T (Lung C' rejected on attempt 1 - figures changed
2026-08-19 03:14:41,685 | Explanation | INFO | ollama_chat: calling model 'llama3.2:3b' at http://localhost:11434
2026-08-19 03:14:49,751 | Explanation | INFO | ollama_chat: received 306 character(s)
2026-08-19 03:14:49,752 | Explanation | WARNING | generate_explanation: rewrite of 'Rank 1 - CAL-12T (Lung C' rejected on attempt 2 - figures changed
2026-08-19 03:14:49,752 | Explanation | INFO | ollama_chat: calling model 'llama3.2:3b' at http://localhost:11434
2026-08-19 03:15:03,110 | Explanation | INFO | ollama_chat: received 458 character(s)
2026-08-19 03:15:03,112 | Explanation | WARNING | generate_explanation: rewrite of 'Actionable Caveats for L' rejected on attempt 1 - figures changed
2026-08-19 03:15:03,112 | Explanation | INFO | ollama_chat: calling model 'llama3.2:3b' at http://localhost:11434
2026-08-19 03:15:15,214 | Explanation | INFO | ollama_chat: received 514 character(s)
2026-08-19 03:15:15,215 | Explanation | WARNING | generate_explanation: rewrite of 'Actionable Caveats for L' rejected on attempt 2 - figures changed
2026-08-19 03:15:15,216 | Explanation | INFO | generate_explanation: 0 of 3 sections used the LLM rewrite
2026-08-19 03:15:15,244 | ApplicationRunner | INFO | Removing the selected top 10 from the total list
2026-08-19 03:15:15,253 | ApplicationRunner | INFO | Selected top 10 removed successfully and the final table is arranged in decending order
2026-08-19 03:15:15,254 | ApplicationRunner | INFO | pipelinerun completed successfully
2026-08-19 03:15:39,281 | ApplicationRunner | INFO | Starting the pipeline run
2026-08-19 03:15:39,281 | ApplicationRunner | INFO | exclusionchecker=False and diseasechecker=False
2026-08-19 03:15:39,282 | ApplicationRunner | INFO | Resolving target ids and reading target omic tables
2026-08-19 03:15:39,282 | AppPreprocessing | INFO | genetoesng: resolving 1 gene symbol(s) to ENSG
2026-08-19 03:15:39,326 | AppPreprocessing | INFO | genetoesng: resolved 1 ENSG id(s)
2026-08-19 03:15:39,326 | AppPreprocessing | INFO | esngtoprotein: resolving proteins for 1 ENSG id(s)
2026-08-19 03:15:39,352 | AppPreprocessing | INFO | esngtoprotein: 1 protein(s) found, 0 ENSG id(s) without a protein (0-fill placeholders)
2026-08-19 03:15:39,353 | AppPreprocessing | INFO | depmapreader: extracting 1 ENSG column(s)
2026-08-19 03:15:53,181 | AppPreprocessing | INFO | depmap: RNA/ENSG -> 1 found, 0 NaN-filled (not found)
2026-08-19 03:15:53,183 | AppPreprocessing | INFO | depmapreader: returning shape (1479, 2)
2026-08-19 03:15:53,233 | AppPreprocessing | INFO | hparnareader: extracting 1 ENSG column(s)
2026-08-19 03:16:01,501 | AppPreprocessing | WARNING | hpa: removed 91 row(s) with null/duplicate ModelID (kept 1054 unique cell line(s))
2026-08-19 03:16:01,501 | AppPreprocessing | INFO | hpa: HPA/ENSG -> 1 found, 0 NaN-filled (not found)
2026-08-19 03:16:01,502 | AppPreprocessing | INFO | hparnareader: returning shape (1054, 2)
2026-08-19 03:16:01,562 | AppPreprocessing | INFO | proteinreader: extracting 1 protein column(s)
2026-08-19 03:16:02,980 | AppPreprocessing | INFO | protein: protein -> 1 found, 0 NaN-filled (not found)
2026-08-19 03:16:02,981 | AppPreprocessing | INFO | proteinreader: returning shape (375, 2)
2026-08-19 03:16:02,992 | AppPreprocessing | INFO | similarityreader: extracting 1 gene cosine column(s)
2026-08-19 03:16:14,125 | AppPreprocessing | INFO | cosine: cosine/ENSG -> 1 found, 0 NaN-filled (not found)
2026-08-19 03:16:14,126 | AppPreprocessing | INFO | similarityreader: returning shape (1479, 2)
2026-08-19 03:16:14,219 | ApplicationRunner | INFO | target_df shape is (1479, 4)
2026-08-19 03:16:14,220 | ApplicationRunner | INFO | Releasing target reader frames from memory
2026-08-19 03:16:14,311 | ApplicationRunner | INFO | Scoring: evidence + similarity (target)
2026-08-19 03:16:14,312 | Scoring | INFO | calculateevidencescore (type=target): input shape (1479, 4)
2026-08-19 03:16:14,313 | Scoring | INFO | calculateevidencescore: 3 value column(s)
2026-08-19 03:16:14,317 | Scoring | INFO | target_evidence: min=0.0000 max=0.8789
2026-08-19 03:16:14,318 | Scoring | INFO | calculatesimilarityscore (type=target): input shape (1479, 2)
2026-08-19 03:16:14,318 | Scoring | INFO | calculatesimilarityscore: 1 cosine column(s)
2026-08-19 03:16:14,321 | Scoring | INFO | target_similarity: min=0.0000 max=1.0000
2026-08-19 03:16:14,322 | ApplicationRunner | INFO | Releasing target cosine frame from memory
2026-08-19 03:16:14,416 | ApplicationRunner | INFO | Calculating the confidence score
2026-08-19 03:16:14,417 | Scoring | INFO | calculateconfidencescore: input shape (1479, 4)
2026-08-19 03:16:14,417 | Scoring | INFO | calculateconfidencescore: pooling 3 value column(s)
2026-08-19 03:16:14,639 | Scoring | INFO | confidence_score: nulls=22 of 1479
2026-08-19 03:16:14,639 | ApplicationRunner | INFO | Releasing confidence input frame from memory
2026-08-19 03:16:14,735 | Scoring | INFO | calculatenetevidencescore (type=target): input shape (1479, 2)
2026-08-19 03:16:14,736 | Scoring | INFO | calculatenetsimilarityscore (type=target): input shape (1479, 2)
2026-08-19 03:16:14,737 | ApplicationRunner | INFO | Releasing target evidence/similarity frames from memory
2026-08-19 03:16:14,841 | ApplicationRunner | INFO | Assembling final score (net_similarity x net_evidence x confidence)
2026-08-19 03:16:14,846 | Scoring | INFO | finalscoring: input shape (1479, 8)
2026-08-19 03:16:14,848 | Scoring | INFO | final_score: nulls=22 of 1479
2026-08-19 03:16:14,848 | ApplicationRunner | INFO | Releasing net score component frames from memory
2026-08-19 03:16:14,949 | ApplicationRunner | INFO | Releasing feature and final-score frames from memory
2026-08-19 03:16:15,043 | ApplicationRunner | INFO | Fusion flagging over 1 gene(s); filter=2
2026-08-19 03:16:15,044 | Fusion | INFO | fusionflagger: 1479 cell line(s), 1 target gene(s), 0 exclusion gene(s)
2026-08-19 03:16:16,198 | Fusion | INFO | fusionflagger: fusion table shape (184237, 31)
2026-08-19 03:16:16,199 | Fusion | INFO | fusionflagger: single target gene, no exclusion -> OR match (gene as either partner)
2026-08-19 03:16:16,212 | Fusion | INFO | fusionflagger: 1 matching fusion row(s); 0 exclusion-involved, 1 target-only ModelID(s)
2026-08-19 03:16:16,212 | Fusion | INFO | fusionflagger: releasing fusion table frames from memory
2026-08-19 03:16:16,327 | Fusion | INFO | fusionflagger: fusion_type counts -> {'No': 1478, 'target': 1}
2026-08-19 03:16:16,428 | Fusion | INFO | require_fusion_models: 1479 row(s) in
2026-08-19 03:16:16,434 | Fusion | INFO | require_fusion_models: 1 row(s) retained after dropping fusion-positive
2026-08-19 03:16:16,435 | ApplicationRunner | INFO | Mutation flagging over 1 gene(s); filter=2
2026-08-19 03:16:16,435 | Mutation | INFO | mutationflager: 1 cell line(s), 1 target gene(s), 0 exclusion gene(s)
2026-08-19 03:16:28,813 | Mutation | INFO | mutationflager: mutation table shape (1066869, 71)
2026-08-19 03:16:30,051 | Mutation | INFO | mutationflager: 15 distinct ModelID(s) with a matching mutation; 0 exclusion-involved, 15 target-involved
2026-08-19 03:16:30,057 | Mutation | INFO | mutationflager: mutation_type counts -> {'No': 1}
2026-08-19 03:16:30,061 | Mutation | INFO | mutationflager: 1479 cell line(s), 1 target gene(s), 0 exclusion gene(s)
2026-08-19 03:16:44,986 | Mutation | INFO | mutationflager: mutation table shape (1066869, 71)
2026-08-19 03:16:45,905 | Mutation | INFO | mutationflager: 15 distinct ModelID(s) with a matching mutation; 0 exclusion-involved, 15 target-involved
2026-08-19 03:16:45,910 | Mutation | INFO | mutationflager: mutation_type counts -> {'No': 1464, 'target': 15}
2026-08-19 03:16:46,040 | Mutation | INFO | require_mutation_models: 1 row(s) in
2026-08-19 03:16:46,042 | Mutation | INFO | require_mutation_models: 0 row(s) retained after dropping mutation-positive
2026-08-19 03:16:46,043 | ApplicationRunner | WARNING | pipelinerun: returning empty result — mutation filter removed all cell lines
2026-08-19 03:17:17,774 | ApplicationRunner | INFO | Starting the pipeline run
2026-08-19 03:17:17,774 | ApplicationRunner | INFO | exclusionchecker=False and diseasechecker=False
2026-08-19 03:17:17,774 | ApplicationRunner | INFO | Resolving target ids and reading target omic tables
2026-08-19 03:17:17,775 | AppPreprocessing | INFO | genetoesng: resolving 1 gene symbol(s) to ENSG
2026-08-19 03:17:17,822 | AppPreprocessing | INFO | genetoesng: resolved 1 ENSG id(s)
2026-08-19 03:17:17,822 | AppPreprocessing | INFO | esngtoprotein: resolving proteins for 1 ENSG id(s)
2026-08-19 03:17:17,852 | AppPreprocessing | INFO | esngtoprotein: 0 protein(s) found, 1 ENSG id(s) without a protein (0-fill placeholders)
2026-08-19 03:17:17,853 | AppPreprocessing | INFO | depmapreader: extracting 1 ENSG column(s)
2026-08-19 03:17:31,196 | AppPreprocessing | INFO | depmap: RNA/ENSG -> 1 found, 0 NaN-filled (not found)
2026-08-19 03:17:31,198 | AppPreprocessing | INFO | depmapreader: returning shape (1479, 2)
2026-08-19 03:17:31,291 | AppPreprocessing | INFO | hparnareader: extracting 1 ENSG column(s)
2026-08-19 03:17:42,456 | AppPreprocessing | WARNING | hpa: removed 91 row(s) with null/duplicate ModelID (kept 1054 unique cell line(s))
2026-08-19 03:17:42,456 | AppPreprocessing | INFO | hpa: HPA/ENSG -> 1 found, 0 NaN-filled (not found)
2026-08-19 03:17:42,458 | AppPreprocessing | INFO | hparnareader: returning shape (1054, 2)
2026-08-19 03:17:42,500 | AppPreprocessing | INFO | proteinreader: extracting 0 protein column(s)
2026-08-19 03:17:43,754 | AppPreprocessing | INFO | protein: protein -> 0 found, 0 NaN-filled (not found)
2026-08-19 03:17:43,755 | AppPreprocessing | INFO | proteinreader: returning shape (375, 1)
2026-08-19 03:17:43,766 | AppPreprocessing | INFO | similarityreader: extracting 1 gene cosine column(s)
2026-08-19 03:17:55,695 | AppPreprocessing | INFO | cosine: cosine/ENSG -> 1 found, 0 NaN-filled (not found)
2026-08-19 03:17:55,696 | AppPreprocessing | INFO | similarityreader: returning shape (1479, 2)
2026-08-19 03:17:55,780 | ApplicationRunner | INFO | target_df shape is (1479, 4)
2026-08-19 03:17:55,780 | ApplicationRunner | INFO | Releasing target reader frames from memory
2026-08-19 03:17:55,887 | ApplicationRunner | INFO | Scoring: evidence + similarity (target)
2026-08-19 03:17:55,889 | Scoring | INFO | calculateevidencescore (type=target): input shape (1479, 4)
2026-08-19 03:17:55,890 | Scoring | INFO | calculateevidencescore: 3 value column(s)
2026-08-19 03:17:55,896 | Scoring | INFO | target_evidence: min=0.0000 max=0.6667
2026-08-19 03:17:55,897 | Scoring | INFO | calculatesimilarityscore (type=target): input shape (1479, 2)
2026-08-19 03:17:55,897 | Scoring | INFO | calculatesimilarityscore: 1 cosine column(s)
2026-08-19 03:17:55,901 | Scoring | INFO | target_similarity: min=0.0000 max=1.0000
2026-08-19 03:17:55,902 | ApplicationRunner | INFO | Releasing target cosine frame from memory
2026-08-19 03:17:56,009 | ApplicationRunner | INFO | Calculating the confidence score
2026-08-19 03:17:56,011 | Scoring | INFO | calculateconfidencescore: input shape (1479, 4)
2026-08-19 03:17:56,012 | Scoring | INFO | calculateconfidencescore: pooling 3 value column(s)
2026-08-19 03:17:56,323 | Scoring | INFO | confidence_score: nulls=550 of 1479
2026-08-19 03:17:56,324 | ApplicationRunner | INFO | Releasing confidence input frame from memory
2026-08-19 03:17:56,430 | Scoring | INFO | calculatenetevidencescore (type=target): input shape (1479, 2)
2026-08-19 03:17:56,432 | Scoring | INFO | calculatenetsimilarityscore (type=target): input shape (1479, 2)
2026-08-19 03:17:56,433 | ApplicationRunner | INFO | Releasing target evidence/similarity frames from memory
2026-08-19 03:17:56,536 | ApplicationRunner | INFO | Assembling final score (net_similarity x net_evidence x confidence)
2026-08-19 03:17:56,564 | Scoring | INFO | finalscoring: input shape (1479, 8)
2026-08-19 03:17:56,566 | Scoring | INFO | final_score: nulls=550 of 1479
2026-08-19 03:17:56,566 | ApplicationRunner | INFO | Releasing net score component frames from memory
2026-08-19 03:17:56,696 | ApplicationRunner | INFO | Releasing feature and final-score frames from memory
2026-08-19 03:17:56,812 | ApplicationRunner | INFO | Fusion flagging over 1 gene(s); filter=2
2026-08-19 03:17:56,812 | Fusion | INFO | fusionflagger: 1479 cell line(s), 1 target gene(s), 0 exclusion gene(s)
2026-08-19 03:17:58,275 | Fusion | INFO | fusionflagger: fusion table shape (184237, 31)
2026-08-19 03:17:58,275 | Fusion | INFO | fusionflagger: single target gene, no exclusion -> OR match (gene as either partner)
2026-08-19 03:17:58,290 | Fusion | INFO | fusionflagger: 11 matching fusion row(s); 0 exclusion-involved, 9 target-only ModelID(s)
2026-08-19 03:17:58,291 | Fusion | INFO | fusionflagger: releasing fusion table frames from memory
2026-08-19 03:17:58,418 | Fusion | INFO | fusionflagger: fusion_type counts -> {'No': 1471, 'target': 8}
2026-08-19 03:17:58,525 | Fusion | INFO | require_fusion_models: 1479 row(s) in
2026-08-19 03:17:58,529 | Fusion | INFO | require_fusion_models: 8 row(s) retained after dropping fusion-positive
2026-08-19 03:17:58,529 | ApplicationRunner | INFO | Mutation flagging over 1 gene(s); filter=2
2026-08-19 03:17:58,529 | Mutation | INFO | mutationflager: 8 cell line(s), 1 target gene(s), 0 exclusion gene(s)
2026-08-19 03:18:12,812 | Mutation | INFO | mutationflager: mutation table shape (1066869, 71)
2026-08-19 03:18:14,027 | Mutation | INFO | mutationflager: 18 distinct ModelID(s) with a matching mutation; 0 exclusion-involved, 18 target-involved
2026-08-19 03:18:14,032 | Mutation | INFO | mutationflager: mutation_type counts -> {'No': 8}
2026-08-19 03:18:14,036 | Mutation | INFO | mutationflager: 1479 cell line(s), 1 target gene(s), 0 exclusion gene(s)
2026-08-19 03:18:27,091 | Mutation | INFO | mutationflager: mutation table shape (1066869, 71)
2026-08-19 03:18:27,989 | Mutation | INFO | mutationflager: 18 distinct ModelID(s) with a matching mutation; 0 exclusion-involved, 18 target-involved
2026-08-19 03:18:27,994 | Mutation | INFO | mutationflager: mutation_type counts -> {'No': 1462, 'target': 17}
2026-08-19 03:18:28,101 | Mutation | INFO | require_mutation_models: 8 row(s) in
2026-08-19 03:18:28,103 | Mutation | INFO | require_mutation_models: 0 row(s) retained after dropping mutation-positive
2026-08-19 03:18:28,103 | ApplicationRunner | WARNING | pipelinerun: returning empty result — mutation filter removed all cell lines
2026-08-19 03:19:08,157 | ApplicationRunner | INFO | Starting the pipeline run
2026-08-19 03:19:08,157 | ApplicationRunner | INFO | exclusionchecker=False and diseasechecker=False
2026-08-19 03:19:08,158 | ApplicationRunner | INFO | Resolving target ids and reading target omic tables
2026-08-19 03:19:08,158 | AppPreprocessing | INFO | genetoesng: resolving 1 gene symbol(s) to ENSG
2026-08-19 03:19:08,190 | AppPreprocessing | INFO | genetoesng: resolved 1 ENSG id(s)
2026-08-19 03:19:08,191 | AppPreprocessing | INFO | esngtoprotein: resolving proteins for 1 ENSG id(s)
2026-08-19 03:19:08,210 | AppPreprocessing | INFO | esngtoprotein: 1 protein(s) found, 0 ENSG id(s) without a protein (0-fill placeholders)
2026-08-19 03:19:08,210 | AppPreprocessing | INFO | depmapreader: extracting 1 ENSG column(s)
2026-08-19 03:19:21,967 | AppPreprocessing | INFO | depmap: RNA/ENSG -> 1 found, 0 NaN-filled (not found)
2026-08-19 03:19:21,969 | AppPreprocessing | INFO | depmapreader: returning shape (1479, 2)
2026-08-19 03:19:22,054 | AppPreprocessing | INFO | hparnareader: extracting 1 ENSG column(s)
2026-08-19 03:19:30,796 | AppPreprocessing | WARNING | hpa: removed 91 row(s) with null/duplicate ModelID (kept 1054 unique cell line(s))
2026-08-19 03:19:30,796 | AppPreprocessing | INFO | hpa: HPA/ENSG -> 1 found, 0 NaN-filled (not found)
2026-08-19 03:19:30,797 | AppPreprocessing | INFO | hparnareader: returning shape (1054, 2)
2026-08-19 03:19:30,833 | AppPreprocessing | INFO | proteinreader: extracting 1 protein column(s)
2026-08-19 03:19:31,856 | AppPreprocessing | INFO | protein: protein -> 1 found, 0 NaN-filled (not found)
2026-08-19 03:19:31,857 | AppPreprocessing | INFO | proteinreader: returning shape (375, 2)
2026-08-19 03:19:31,867 | AppPreprocessing | INFO | similarityreader: extracting 1 gene cosine column(s)
2026-08-19 03:19:40,009 | AppPreprocessing | INFO | cosine: cosine/ENSG -> 1 found, 0 NaN-filled (not found)
2026-08-19 03:19:40,010 | AppPreprocessing | INFO | similarityreader: returning shape (1479, 2)
2026-08-19 03:19:40,053 | ApplicationRunner | INFO | target_df shape is (1479, 4)
2026-08-19 03:19:40,053 | ApplicationRunner | INFO | Releasing target reader frames from memory
2026-08-19 03:19:40,135 | ApplicationRunner | INFO | Scoring: evidence + similarity (target)
2026-08-19 03:19:40,136 | Scoring | INFO | calculateevidencescore (type=target): input shape (1479, 4)
2026-08-19 03:19:40,136 | Scoring | INFO | calculateevidencescore: 3 value column(s)
2026-08-19 03:19:40,139 | Scoring | INFO | target_evidence: min=0.0000 max=0.9738
2026-08-19 03:19:40,141 | Scoring | INFO | calculatesimilarityscore (type=target): input shape (1479, 2)
2026-08-19 03:19:40,141 | Scoring | INFO | calculatesimilarityscore: 1 cosine column(s)
2026-08-19 03:19:40,144 | Scoring | INFO | target_similarity: min=0.0000 max=1.0000
2026-08-19 03:19:40,145 | ApplicationRunner | INFO | Releasing target cosine frame from memory
2026-08-19 03:19:40,225 | ApplicationRunner | INFO | Calculating the confidence score
2026-08-19 03:19:40,226 | Scoring | INFO | calculateconfidencescore: input shape (1479, 4)
2026-08-19 03:19:40,226 | Scoring | INFO | calculateconfidencescore: pooling 3 value column(s)
2026-08-19 03:19:40,432 | Scoring | INFO | confidence_score: nulls=1 of 1479
2026-08-19 03:19:40,432 | ApplicationRunner | INFO | Releasing confidence input frame from memory
2026-08-19 03:19:40,509 | Scoring | INFO | calculatenetevidencescore (type=target): input shape (1479, 2)
2026-08-19 03:19:40,510 | Scoring | INFO | calculatenetsimilarityscore (type=target): input shape (1479, 2)
2026-08-19 03:19:40,511 | ApplicationRunner | INFO | Releasing target evidence/similarity frames from memory
2026-08-19 03:19:40,592 | ApplicationRunner | INFO | Assembling final score (net_similarity x net_evidence x confidence)
2026-08-19 03:19:40,597 | Scoring | INFO | finalscoring: input shape (1479, 8)
2026-08-19 03:19:40,600 | Scoring | INFO | final_score: nulls=1 of 1479
2026-08-19 03:19:40,600 | ApplicationRunner | INFO | Releasing net score component frames from memory
2026-08-19 03:19:40,694 | ApplicationRunner | INFO | Releasing feature and final-score frames from memory
2026-08-19 03:19:40,785 | ApplicationRunner | INFO | Fusion flagging over 1 gene(s); filter=1
2026-08-19 03:19:40,785 | Fusion | INFO | fusionflagger: 1479 cell line(s), 1 target gene(s), 0 exclusion gene(s)
2026-08-19 03:19:41,687 | Fusion | INFO | fusionflagger: fusion table shape (184237, 31)
2026-08-19 03:19:41,687 | Fusion | INFO | fusionflagger: single target gene, no exclusion -> OR match (gene as either partner)
2026-08-19 03:19:41,695 | Fusion | INFO | fusionflagger: 69 matching fusion row(s); 0 exclusion-involved, 12 target-only ModelID(s)
2026-08-19 03:19:41,695 | Fusion | INFO | fusionflagger: releasing fusion table frames from memory
2026-08-19 03:19:41,793 | Fusion | INFO | fusionflagger: fusion_type counts -> {'No': 1467, 'target': 12}
2026-08-19 03:19:41,874 | Fusion | INFO | remove_fusion_models: 1479 row(s) in
2026-08-19 03:19:41,877 | Fusion | INFO | remove_fusion_models: 1467 row(s) retained after dropping fusion-positive
2026-08-19 03:19:41,877 | ApplicationRunner | INFO | Mutation flagging over 1 gene(s); filter=1
2026-08-19 03:19:41,877 | Mutation | INFO | mutationflager: 1467 cell line(s), 1 target gene(s), 0 exclusion gene(s)
2026-08-19 03:19:52,140 | Mutation | INFO | mutationflager: mutation table shape (1066869, 71)
2026-08-19 03:19:53,024 | Mutation | INFO | mutationflager: 70 distinct ModelID(s) with a matching mutation; 0 exclusion-involved, 70 target-involved
2026-08-19 03:19:53,031 | Mutation | INFO | mutationflager: mutation_type counts -> {'No': 1412, 'target': 55}
2026-08-19 03:19:53,034 | Mutation | INFO | mutationflager: 1479 cell line(s), 1 target gene(s), 0 exclusion gene(s)
2026-08-19 03:20:05,237 | Mutation | INFO | mutationflager: mutation table shape (1066869, 71)
2026-08-19 03:20:05,871 | Mutation | INFO | mutationflager: 70 distinct ModelID(s) with a matching mutation; 0 exclusion-involved, 70 target-involved
2026-08-19 03:20:05,876 | Mutation | INFO | mutationflager: mutation_type counts -> {'No': 1423, 'target': 56}
2026-08-19 03:20:05,980 | Mutation | INFO | remove_mutation_models: 1467 row(s) in
2026-08-19 03:20:05,982 | Mutation | INFO | remove_mutation_models: 1412 row(s) retained after dropping mutation-positive
2026-08-19 03:20:05,983 | ApplicationRunner | INFO | Filtering the dataset for the cell line names
2026-08-19 03:20:05,983 | AppPreprocessing | INFO | Getting the master look up table
2026-08-19 03:20:05,993 | AppPreprocessing | INFO | Filtering the required columns
2026-08-19 03:20:05,995 | AppPreprocessing | INFO | Mergining the data with the master table
2026-08-19 03:20:05,998 | AppPreprocessing | INFO | Droping the rows which have null value
2026-08-19 03:20:06,000 | AppPreprocessing | INFO | Removing the columns which are not needed
2026-08-19 03:20:06,001 | AppPreprocessing | INFO | Getting the master look up table
2026-08-19 03:20:06,009 | AppPreprocessing | INFO | Filtering the required columns
2026-08-19 03:20:06,010 | AppPreprocessing | INFO | Mergining the data with the master table
2026-08-19 03:20:06,014 | AppPreprocessing | INFO | Droping the rows which have null value
2026-08-19 03:20:06,016 | AppPreprocessing | INFO | Removing the columns which are not needed
2026-08-19 03:20:06,020 | ApplicationRunner | INFO | Selected top 10 cell line(s)
2026-08-19 03:20:06,120 | ApplicationRunner | INFO | Getting Metabolomnic data
2026-08-19 03:20:06,120 | AppPreprocessing | INFO | Getting the metabolomnic data
2026-08-19 03:20:06,155 | ApplicationRunner | INFO | Running KMeans plot
2026-08-19 03:20:06,155 | ModelLoader | INFO | kmeansonthedata: 10 selected cell line(s)
2026-08-19 03:20:06,210 | ModelLoader | INFO | kmeansonthedata: factor matrix (1479, 20); predicting clusters
2026-08-19 03:20:06,278 | ModelLoader | INFO | kmeansonthedata: generating UMAP projection (full 1479-row manifold)
2026-08-19 03:20:24,020 | ModelLoader | INFO | kmeansonthedata: 10 of 10 chosen id(s) located on the map
2026-08-19 03:20:24,021 | ModelLoader | INFO | kmeansonthedata: releasing factor matrix and UMAP arrays from memory
2026-08-19 03:20:24,681 | ModelLoader | INFO | kmeansonthedata: plot saved to C:\Users\Shankar\Desktop\AstraZeneca\code\astrazeneca\CelllineSelector\images\kmeansplotforselectedcell_b54d84a6-c6e0-46e2-9ad4-68a7f51b05a8.png
2026-08-19 03:20:24,681 | ModelLoader | INFO | kmeansonthedata: releasing plotting frames from memory
2026-08-19 03:20:24,786 | ApplicationRunner | INFO | Kmeans plot completed
2026-08-19 03:20:24,787 | ApplicationRunner | INFO | Running KNN
2026-08-19 03:20:24,787 | ModelLoader | INFO | knnonthedata: finding alternatives for 10 selected cell line(s)
2026-08-19 03:20:24,832 | ModelLoader | INFO | knnonthedata: releasing factor matrix from memory
2026-08-19 03:20:24,956 | ModelLoader | INFO | knnonthedata: 10 of 10 target(s) received an alternative
2026-08-19 03:20:24,956 | ApplicationRunner | INFO | KNN Completed
2026-08-19 03:20:24,956 | ApplicationRunner | INFO | Running Data combiner
2026-08-19 03:20:24,956 | AppPreprocessing | INFO | datacombiner: enriching 10 row(s) with master_lookup identity
2026-08-19 03:20:24,967 | AppPreprocessing | INFO | datacombiner: returning shape (10, 23)
2026-08-19 03:20:24,968 | AppPreprocessing | INFO | datacombiner: enriching 1410 row(s) with master_lookup identity
2026-08-19 03:20:24,979 | AppPreprocessing | INFO | datacombiner: returning shape (1410, 22)
2026-08-19 03:20:24,979 | ApplicationRunner | INFO | Data combiner completed
2026-08-19 03:20:24,980 | ApplicationRunner | INFO | Generating LLM explanation
2026-08-19 03:20:24,980 | Explanation | INFO | generate_explanation: starting
2026-08-19 03:20:25,058 | Explanation | INFO | ollama_chat: calling model 'llama3.2:3b' at http://localhost:11434
2026-08-19 03:20:41,809 | Explanation | INFO | ollama_chat: received 314 character(s)
2026-08-19 03:20:41,811 | Explanation | INFO | ollama_chat: calling model 'llama3.2:3b' at http://localhost:11434
2026-08-19 03:21:01,722 | Explanation | INFO | ollama_chat: received 639 character(s)
2026-08-19 03:21:01,723 | Explanation | WARNING | generate_explanation: rewrite of 'Rank 1 - EFM-192A (Breas' rejected on attempt 1 - figures changed
2026-08-19 03:21:01,724 | Explanation | INFO | ollama_chat: calling model 'llama3.2:3b' at http://localhost:11434
2026-08-19 03:21:17,950 | Explanation | INFO | ollama_chat: received 624 character(s)
2026-08-19 03:21:17,950 | Explanation | WARNING | generate_explanation: rewrite of 'Rank 1 - EFM-192A (Breas' rejected on attempt 2 - figures changed
2026-08-19 03:21:17,951 | Explanation | INFO | ollama_chat: calling model 'llama3.2:3b' at http://localhost:11434
2026-08-19 03:21:36,314 | Explanation | INFO | ollama_chat: received 604 character(s)
2026-08-19 03:21:36,315 | Explanation | WARNING | generate_explanation: rewrite of 'Rank 2 - AU565 (Breast C' rejected on attempt 1 - figures changed
2026-08-19 03:21:36,316 | Explanation | INFO | ollama_chat: calling model 'llama3.2:3b' at http://localhost:11434
2026-08-19 03:21:51,401 | Explanation | INFO | ollama_chat: received 625 character(s)
2026-08-19 03:21:51,402 | Explanation | WARNING | generate_explanation: rewrite of 'Rank 2 - AU565 (Breast C' rejected on attempt 2 - figures changed
2026-08-19 03:21:51,402 | Explanation | INFO | ollama_chat: calling model 'llama3.2:3b' at http://localhost:11434
2026-08-19 03:22:09,581 | Explanation | INFO | ollama_chat: received 557 character(s)
2026-08-19 03:22:09,582 | Explanation | WARNING | generate_explanation: rewrite of 'Rank 3 - HCC2218 (Breast' rejected on attempt 1 - figures changed
2026-08-19 03:22:09,583 | Explanation | INFO | ollama_chat: calling model 'llama3.2:3b' at http://localhost:11434
2026-08-19 03:22:23,988 | Explanation | INFO | ollama_chat: received 605 character(s)
2026-08-19 03:22:23,989 | Explanation | WARNING | generate_explanation: rewrite of 'Rank 3 - HCC2218 (Breast' rejected on attempt 2 - figures changed
2026-08-19 03:22:23,990 | Explanation | INFO | ollama_chat: calling model 'llama3.2:3b' at http://localhost:11434
2026-08-19 03:22:41,509 | Explanation | INFO | ollama_chat: received 607 character(s)
2026-08-19 03:22:41,511 | Explanation | WARNING | generate_explanation: rewrite of 'Rank 4 - TE-4 (Esophagea' rejected on attempt 1 - figures changed
2026-08-19 03:22:41,512 | Explanation | INFO | ollama_chat: calling model 'llama3.2:3b' at http://localhost:11434
2026-08-19 03:22:56,458 | Explanation | INFO | ollama_chat: received 603 character(s)
2026-08-19 03:22:56,459 | Explanation | WARNING | generate_explanation: rewrite of 'Rank 4 - TE-4 (Esophagea' rejected on attempt 2 - figures changed
2026-08-19 03:22:56,460 | Explanation | INFO | ollama_chat: calling model 'llama3.2:3b' at http://localhost:11434
2026-08-19 03:23:14,901 | Explanation | INFO | ollama_chat: received 622 character(s)
2026-08-19 03:23:14,902 | Explanation | WARNING | generate_explanation: rewrite of 'Rank 5 - COLO-678 (Colon' rejected on attempt 1 - figures changed
2026-08-19 03:23:14,903 | Explanation | INFO | ollama_chat: calling model 'llama3.2:3b' at http://localhost:11434
2026-08-19 03:23:29,831 | Explanation | INFO | ollama_chat: received 627 character(s)
2026-08-19 03:23:29,832 | Explanation | WARNING | generate_explanation: rewrite of 'Rank 5 - COLO-678 (Colon' rejected on attempt 2 - figures changed
2026-08-19 03:23:29,833 | Explanation | INFO | ollama_chat: calling model 'llama3.2:3b' at http://localhost:11434
2026-08-19 03:23:47,728 | Explanation | INFO | ollama_chat: received 593 character(s)
2026-08-19 03:23:47,730 | Explanation | WARNING | generate_explanation: rewrite of 'Rank 6 - EFM-19 (Breast ' rejected on attempt 1 - figures changed
2026-08-19 03:23:47,731 | Explanation | INFO | ollama_chat: calling model 'llama3.2:3b' at http://localhost:11434
2026-08-19 03:24:01,370 | Explanation | INFO | ollama_chat: received 569 character(s)
2026-08-19 03:24:01,372 | Explanation | WARNING | generate_explanation: rewrite of 'Rank 6 - EFM-19 (Breast ' rejected on attempt 2 - figures changed
2026-08-19 03:24:01,372 | Explanation | INFO | ollama_chat: calling model 'llama3.2:3b' at http://localhost:11434
2026-08-19 03:24:20,050 | Explanation | INFO | ollama_chat: received 610 character(s)
2026-08-19 03:24:20,050 | Explanation | WARNING | generate_explanation: rewrite of 'Rank 7 - JIMT-1 (Breast ' rejected on attempt 1 - figures changed
2026-08-19 03:24:20,051 | Explanation | INFO | ollama_chat: calling model 'llama3.2:3b' at http://localhost:11434
2026-08-19 03:24:35,955 | Explanation | INFO | ollama_chat: received 622 character(s)
2026-08-19 03:24:35,956 | Explanation | WARNING | generate_explanation: rewrite of 'Rank 7 - JIMT-1 (Breast ' rejected on attempt 2 - figures changed
2026-08-19 03:24:35,957 | Explanation | INFO | ollama_chat: calling model 'llama3.2:3b' at http://localhost:11434
2026-08-19 03:24:52,005 | Explanation | INFO | ollama_chat: received 542 character(s)
2026-08-19 03:24:52,006 | Explanation | WARNING | generate_explanation: rewrite of 'Rank 8 - KYSE-410 (Esoph' rejected on attempt 1 - figures changed
2026-08-19 03:24:52,007 | Explanation | INFO | ollama_chat: calling model 'llama3.2:3b' at http://localhost:11434
2026-08-19 03:25:07,295 | Explanation | INFO | ollama_chat: received 628 character(s)
2026-08-19 03:25:07,296 | Explanation | WARNING | generate_explanation: rewrite of 'Rank 8 - KYSE-410 (Esoph' rejected on attempt 2 - figures changed
2026-08-19 03:25:07,297 | Explanation | INFO | ollama_chat: calling model 'llama3.2:3b' at http://localhost:11434
2026-08-19 03:25:24,760 | Explanation | INFO | ollama_chat: received 596 character(s)
2026-08-19 03:25:24,761 | Explanation | WARNING | generate_explanation: rewrite of 'Rank 9 - SNU-119 (Ovaria' rejected on attempt 1 - figures changed
2026-08-19 03:25:24,761 | Explanation | INFO | ollama_chat: calling model 'llama3.2:3b' at http://localhost:11434
2026-08-19 03:25:39,362 | Explanation | INFO | ollama_chat: received 624 character(s)
2026-08-19 03:25:39,363 | Explanation | WARNING | generate_explanation: rewrite of 'Rank 9 - SNU-119 (Ovaria' rejected on attempt 2 - figures changed
2026-08-19 03:25:39,363 | Explanation | INFO | ollama_chat: calling model 'llama3.2:3b' at http://localhost:11434
2026-08-19 03:25:59,306 | Explanation | INFO | ollama_chat: received 643 character(s)
2026-08-19 03:25:59,307 | Explanation | WARNING | generate_explanation: rewrite of 'Rank 10 - MDA-MB-453 (Br' rejected on attempt 1 - figures changed
2026-08-19 03:25:59,307 | Explanation | INFO | ollama_chat: calling model 'llama3.2:3b' at http://localhost:11434
2026-08-19 03:26:14,879 | Explanation | INFO | ollama_chat: received 638 character(s)
2026-08-19 03:26:14,880 | Explanation | WARNING | generate_explanation: rewrite of 'Rank 10 - MDA-MB-453 (Br' rejected on attempt 2 - figures changed
2026-08-19 03:26:14,880 | Explanation | INFO | ollama_chat: calling model 'llama3.2:3b' at http://localhost:11434
2026-08-19 03:26:33,263 | Explanation | INFO | ollama_chat: received 665 character(s)
2026-08-19 03:26:33,264 | Explanation | WARNING | generate_explanation: rewrite of 'Actionable Caveats for L' rejected on attempt 1 - figures changed
2026-08-19 03:26:33,264 | Explanation | INFO | ollama_chat: calling model 'llama3.2:3b' at http://localhost:11434
2026-08-19 03:26:45,413 | Explanation | INFO | ollama_chat: received 472 character(s)
2026-08-19 03:26:45,415 | Explanation | WARNING | generate_explanation: rewrite of 'Actionable Caveats for L' rejected on attempt 2 - figures changed
2026-08-19 03:26:45,415 | Explanation | INFO | generate_explanation: 1 of 12 sections used the LLM rewrite
2026-08-19 03:26:45,435 | ApplicationRunner | INFO | Removing the selected top 10 from the total list
2026-08-19 03:26:45,448 | ApplicationRunner | INFO | Selected top 10 removed successfully and the final table is arranged in decending order
2026-08-19 03:26:45,448 | ApplicationRunner | INFO | pipelinerun completed successfully
2026-08-19 11:10:28,222 | ApplicationRunner | INFO | Starting the pipeline run
2026-08-19 11:10:28,223 | ApplicationRunner | INFO | exclusionchecker=True and diseasechecker=False
2026-08-19 11:10:28,223 | ApplicationRunner | INFO | Resolving target ids and reading target omic tables
2026-08-19 11:10:28,223 | AppPreprocessing | INFO | genetoesng: resolving 1 gene symbol(s) to ENSG
2026-08-19 11:10:28,314 | AppPreprocessing | INFO | genetoesng: resolved 1 ENSG id(s)
2026-08-19 11:10:28,314 | AppPreprocessing | INFO | esngtoprotein: resolving proteins for 1 ENSG id(s)
2026-08-19 11:10:28,354 | AppPreprocessing | INFO | esngtoprotein: 1 protein(s) found, 0 ENSG id(s) without a protein (0-fill placeholders)
2026-08-19 11:10:28,354 | AppPreprocessing | INFO | depmapreader: extracting 1 ENSG column(s)
2026-08-19 11:10:42,700 | AppPreprocessing | INFO | depmap: RNA/ENSG -> 1 found, 0 NaN-filled (not found)
2026-08-19 11:10:42,701 | AppPreprocessing | INFO | depmapreader: returning shape (1479, 2)
2026-08-19 11:10:42,776 | AppPreprocessing | INFO | hparnareader: extracting 1 ENSG column(s)
2026-08-19 11:10:51,904 | AppPreprocessing | WARNING | hpa: removed 91 row(s) with null/duplicate ModelID (kept 1054 unique cell line(s))
2026-08-19 11:10:51,904 | AppPreprocessing | INFO | hpa: HPA/ENSG -> 1 found, 0 NaN-filled (not found)
2026-08-19 11:10:51,905 | AppPreprocessing | INFO | hparnareader: returning shape (1054, 2)
2026-08-19 11:10:51,947 | AppPreprocessing | INFO | proteinreader: extracting 1 protein column(s)
2026-08-19 11:10:53,508 | AppPreprocessing | INFO | protein: protein -> 1 found, 0 NaN-filled (not found)
2026-08-19 11:10:53,509 | AppPreprocessing | INFO | proteinreader: returning shape (375, 2)
2026-08-19 11:10:53,521 | AppPreprocessing | INFO | similarityreader: extracting 1 gene cosine column(s)
2026-08-19 11:11:04,350 | AppPreprocessing | INFO | cosine: cosine/ENSG -> 1 found, 0 NaN-filled (not found)
2026-08-19 11:11:04,351 | AppPreprocessing | INFO | similarityreader: returning shape (1479, 2)
2026-08-19 11:11:04,413 | ApplicationRunner | INFO | target_df shape is (1479, 4)
2026-08-19 11:11:04,414 | ApplicationRunner | INFO | Releasing target reader frames from memory
2026-08-19 11:11:04,513 | ApplicationRunner | INFO | Resolving exclusion ids and reading exclusion omic tables
2026-08-19 11:11:04,513 | AppPreprocessing | INFO | genetoesng: resolving 1 gene symbol(s) to ENSG
2026-08-19 11:11:04,540 | AppPreprocessing | INFO | genetoesng: resolved 1 ENSG id(s)
2026-08-19 11:11:04,540 | AppPreprocessing | INFO | esngtoprotein: resolving proteins for 1 ENSG id(s)
2026-08-19 11:11:04,564 | AppPreprocessing | INFO | esngtoprotein: 1 protein(s) found, 0 ENSG id(s) without a protein (0-fill placeholders)
2026-08-19 11:11:04,565 | AppPreprocessing | INFO | depmapreader: extracting 1 ENSG column(s)
2026-08-19 11:11:15,243 | AppPreprocessing | INFO | depmap: RNA/ENSG -> 1 found, 0 NaN-filled (not found)
2026-08-19 11:11:15,244 | AppPreprocessing | INFO | depmapreader: returning shape (1479, 2)
2026-08-19 11:11:15,289 | AppPreprocessing | INFO | hparnareader: extracting 1 ENSG column(s)
2026-08-19 11:11:22,906 | AppPreprocessing | WARNING | hpa: removed 91 row(s) with null/duplicate ModelID (kept 1054 unique cell line(s))
2026-08-19 11:11:22,906 | AppPreprocessing | INFO | hpa: HPA/ENSG -> 1 found, 0 NaN-filled (not found)
2026-08-19 11:11:22,907 | AppPreprocessing | INFO | hparnareader: returning shape (1054, 2)
2026-08-19 11:11:22,947 | AppPreprocessing | INFO | proteinreader: extracting 1 protein column(s)
2026-08-19 11:11:24,242 | AppPreprocessing | INFO | protein: protein -> 1 found, 0 NaN-filled (not found)
2026-08-19 11:11:24,243 | AppPreprocessing | INFO | proteinreader: returning shape (375, 2)
2026-08-19 11:11:24,256 | AppPreprocessing | INFO | similarityreader: extracting 1 gene cosine column(s)
2026-08-19 11:11:34,242 | AppPreprocessing | INFO | cosine: cosine/ENSG -> 1 found, 0 NaN-filled (not found)
2026-08-19 11:11:34,244 | AppPreprocessing | INFO | similarityreader: returning shape (1479, 2)
2026-08-19 11:11:34,302 | ApplicationRunner | INFO | exclusion_df shape is (1479, 4)
2026-08-19 11:11:34,303 | ApplicationRunner | INFO | Releasing exclusion reader frames from memory
2026-08-19 11:11:34,410 | ApplicationRunner | INFO | Scoring: evidence + similarity (target)
2026-08-19 11:11:34,412 | Scoring | INFO | calculateevidencescore (type=target): input shape (1479, 4)
2026-08-19 11:11:34,413 | Scoring | INFO | calculateevidencescore: 3 value column(s)
2026-08-19 11:11:34,419 | Scoring | INFO | target_evidence: min=0.0000 max=0.9738
2026-08-19 11:11:34,421 | Scoring | INFO | calculatesimilarityscore (type=target): input shape (1479, 2)
2026-08-19 11:11:34,421 | Scoring | INFO | calculatesimilarityscore: 1 cosine column(s)
2026-08-19 11:11:34,424 | Scoring | INFO | target_similarity: min=0.0000 max=1.0000
2026-08-19 11:11:34,426 | ApplicationRunner | INFO | Releasing target cosine frame from memory
2026-08-19 11:11:34,543 | ApplicationRunner | INFO | Calculating the confidence score
2026-08-19 11:11:34,548 | Scoring | INFO | calculateconfidencescore: input shape (1479, 7)
2026-08-19 11:11:34,548 | Scoring | INFO | calculateconfidencescore: pooling 6 value column(s)
2026-08-19 11:11:34,983 | Scoring | INFO | confidence_score: nulls=1 of 1479
2026-08-19 11:11:34,983 | ApplicationRunner | INFO | Releasing confidence input frame from memory
2026-08-19 11:11:35,091 | ApplicationRunner | INFO | Scoring: evidence and similarity (exclusion)
2026-08-19 11:11:35,092 | Scoring | INFO | calculateevidencescore (type=exclusion): input shape (1479, 4)
2026-08-19 11:11:35,092 | Scoring | INFO | calculateevidencescore: 3 value column(s)
2026-08-19 11:11:35,103 | Scoring | INFO | exclusion_penalty: min=0.2231 max=0.8172
2026-08-19 11:11:35,104 | Scoring | INFO | calculatesimilarityscore (type=exclusion): input shape (1479, 2)
2026-08-19 11:11:35,105 | Scoring | INFO | calculatesimilarityscore: 1 cosine column(s)
2026-08-19 11:11:35,110 | Scoring | INFO | exclusion_similarity_penalty: min=0.3012 max=0.9992
2026-08-19 11:11:35,112 | ApplicationRunner | INFO | Releasing exclusion cosine frame from memory
2026-08-19 11:11:35,218 | Scoring | INFO | calculatenetevidencescore (type=exclusion): input shape (1479, 5)
2026-08-19 11:11:35,223 | Scoring | INFO | calculatenetsimilarityscore (type=exclusion): input shape (1479, 5)
2026-08-19 11:11:35,223 | ApplicationRunner | INFO | Releasing intermediate evidence/similarity frames from memory
2026-08-19 11:11:35,333 | ApplicationRunner | INFO | Releasing target evidence/similarity frames from memory
2026-08-19 11:11:35,437 | ApplicationRunner | INFO | Assembling final score (net_similarity x net_evidence x confidence)
2026-08-19 11:11:35,444 | Scoring | INFO | finalscoring: input shape (1479, 14)
2026-08-19 11:11:35,446 | Scoring | INFO | final_score: nulls=1 of 1479
2026-08-19 11:11:35,446 | ApplicationRunner | INFO | Releasing net score component frames from memory
2026-08-19 11:11:35,563 | ApplicationRunner | INFO | Releasing feature and final-score frames from memory
2026-08-19 11:11:35,662 | ApplicationRunner | INFO | Fusion flagging over 2 gene(s); filter=3
2026-08-19 11:11:35,663 | Fusion | INFO | fusionflagger: 1479 cell line(s), 1 target gene(s), 1 exclusion gene(s)
2026-08-19 11:11:36,885 | Fusion | INFO | fusionflagger: fusion table shape (184237, 31)
2026-08-19 11:11:36,885 | Fusion | INFO | fusionflagger: single target gene, no exclusion -> OR match (gene as either partner)
2026-08-19 11:11:36,915 | Fusion | INFO | fusionflagger: 79 matching fusion row(s); 0 exclusion-involved, 21 target-only ModelID(s)
2026-08-19 11:11:36,916 | Fusion | INFO | fusionflagger: releasing fusion table frames from memory
2026-08-19 11:11:37,024 | Fusion | INFO | fusionflagger: fusion_type counts -> {'No': 1458, 'target': 21}
2026-08-19 11:11:37,126 | ApplicationRunner | INFO | Mutation flagging over 2 gene(s); filter=3
2026-08-19 11:11:37,127 | Mutation | INFO | mutationflager: 1479 cell line(s), 1 target gene(s), 1 exclusion gene(s)
2026-08-19 11:12:01,087 | Mutation | INFO | mutationflager: mutation table shape (1066869, 71)
2026-08-19 11:12:03,400 | Mutation | INFO | mutationflager: 96 distinct ModelID(s) with a matching mutation; 29 exclusion-involved, 70 target-involved
2026-08-19 11:12:03,457 | Mutation | INFO | mutationflager: mutation_type counts -> {'No': 1400, 'target': 54, 'exclusion': 25}
2026-08-19 11:12:03,462 | Mutation | INFO | mutationflager: 1479 cell line(s), 1 target gene(s), 1 exclusion gene(s)
2026-08-19 11:12:24,359 | Mutation | INFO | mutationflager: mutation table shape (1066869, 71)
2026-08-19 11:12:25,374 | Mutation | INFO | mutationflager: 96 distinct ModelID(s) with a matching mutation; 29 exclusion-involved, 70 target-involved
2026-08-19 11:12:25,389 | Mutation | INFO | mutationflager: mutation_type counts -> {'No': 1400, 'target': 54, 'exclusion': 25}
2026-08-19 11:12:26,195 | ApplicationRunner | INFO | Filtering the dataset for the cell line names
2026-08-19 11:12:26,195 | AppPreprocessing | INFO | Getting the master look up table
2026-08-19 11:12:26,290 | AppPreprocessing | INFO | Filtering the required columns
2026-08-19 11:12:26,293 | AppPreprocessing | INFO | Mergining the data with the master table
2026-08-19 11:12:26,444 | AppPreprocessing | INFO | Droping the rows which have null value
2026-08-19 11:12:26,449 | AppPreprocessing | INFO | Removing the columns which are not needed
2026-08-19 11:12:26,451 | AppPreprocessing | INFO | Getting the master look up table
2026-08-19 11:12:26,460 | AppPreprocessing | INFO | Filtering the required columns
2026-08-19 11:12:26,462 | AppPreprocessing | INFO | Mergining the data with the master table
2026-08-19 11:12:26,465 | AppPreprocessing | INFO | Droping the rows which have null value
2026-08-19 11:12:26,468 | AppPreprocessing | INFO | Removing the columns which are not needed
2026-08-19 11:12:26,472 | ApplicationRunner | INFO | Selected top 10 cell line(s)
2026-08-19 11:12:26,472 | Fusion | INFO | getthefusionreferencetable: 10 top cell line(s), 1 target gene(s), 1 exclusion gene(s)
2026-08-19 11:12:27,617 | Fusion | INFO | getthefusionreferencetable: releasing full fusion table from memory
2026-08-19 11:12:27,737 | Fusion | INFO | getthefusionreferencetable: returning 4 reference row(s)
2026-08-19 11:12:27,737 | Mutation | INFO | getthemutationreferencetable: 10 cell line(s), 2 gene(s)
2026-08-19 11:12:42,861 | Mutation | INFO | getthemutationreferencetable: returning 4 reference row(s)
2026-08-19 11:12:43,021 | ApplicationRunner | INFO | Getting Metabolomnic data
2026-08-19 11:12:43,021 | AppPreprocessing | INFO | Getting the metabolomnic data
2026-08-19 11:12:43,102 | ApplicationRunner | INFO | Running KMeans plot
2026-08-19 11:12:43,102 | ModelLoader | INFO | kmeansonthedata: 10 selected cell line(s)
2026-08-19 11:12:43,686 | ModelLoader | INFO | kmeansonthedata: factor matrix (1479, 20); predicting clusters
2026-08-19 11:12:43,857 | ModelLoader | INFO | kmeansonthedata: generating UMAP projection (full 1479-row manifold)
2026-08-19 11:13:04,955 | ModelLoader | INFO | kmeansonthedata: 10 of 10 chosen id(s) located on the map
2026-08-19 11:13:04,955 | ModelLoader | INFO | kmeansonthedata: releasing factor matrix and UMAP arrays from memory
2026-08-19 11:13:06,826 | ModelLoader | INFO | kmeansonthedata: plot saved to C:\Users\Shankar\Desktop\AstraZeneca\code\astrazeneca\CelllineSelector\images\kmeansplotforselectedcell_ec75e9b4-64c1-430e-9405-aa2a911b0195.png
2026-08-19 11:13:06,828 | ModelLoader | INFO | kmeansonthedata: releasing plotting frames from memory
2026-08-19 11:13:06,939 | ApplicationRunner | INFO | Kmeans plot completed
2026-08-19 11:13:06,940 | ApplicationRunner | INFO | Running KNN
2026-08-19 11:13:06,940 | ModelLoader | INFO | knnonthedata: finding alternatives for 10 selected cell line(s)
2026-08-19 11:13:07,004 | ModelLoader | INFO | knnonthedata: releasing factor matrix from memory
2026-08-19 11:13:07,149 | ModelLoader | INFO | knnonthedata: 10 of 10 target(s) received an alternative
2026-08-19 11:13:07,149 | ApplicationRunner | INFO | KNN Completed
2026-08-19 11:13:07,150 | ApplicationRunner | INFO | Running Data combiner
2026-08-19 11:13:07,150 | AppPreprocessing | INFO | datacombiner: enriching 10 row(s) with master_lookup identity
2026-08-19 11:13:07,316 | AppPreprocessing | INFO | datacombiner: returning shape (10, 32)
2026-08-19 11:13:07,316 | AppPreprocessing | INFO | datacombiner: enriching 1410 row(s) with master_lookup identity
2026-08-19 11:13:07,330 | AppPreprocessing | INFO | datacombiner: returning shape (1410, 31)
2026-08-19 11:13:07,330 | ApplicationRunner | INFO | Data combiner completed
2026-08-19 11:13:07,330 | ApplicationRunner | INFO | Generating LLM explanation
2026-08-19 11:13:07,330 | Explanation | INFO | generate_explanation: starting
2026-08-19 11:13:07,454 | Explanation | INFO | ollama_chat: calling model 'llama3.2:3b' at http://localhost:11434
2026-08-19 11:13:29,227 | Explanation | INFO | ollama_chat: received 314 character(s)
2026-08-19 11:13:29,229 | Explanation | INFO | ollama_chat: calling model 'llama3.2:3b' at http://localhost:11434
2026-08-19 11:13:47,547 | Explanation | INFO | ollama_chat: received 599 character(s)
2026-08-19 11:13:47,548 | Explanation | WARNING | generate_explanation: rewrite of 'Rank 1 - EFM-19 (Breast ' rejected on attempt 1 - figures changed
2026-08-19 11:13:47,549 | Explanation | INFO | ollama_chat: calling model 'llama3.2:3b' at http://localhost:11434
2026-08-19 11:14:01,874 | Explanation | INFO | ollama_chat: received 600 character(s)
2026-08-19 11:14:01,875 | Explanation | WARNING | generate_explanation: rewrite of 'Rank 1 - EFM-19 (Breast ' rejected on attempt 2 - figures changed
2026-08-19 11:14:01,876 | Explanation | INFO | ollama_chat: calling model 'llama3.2:3b' at http://localhost:11434
2026-08-19 11:14:19,318 | Explanation | INFO | ollama_chat: received 600 character(s)
2026-08-19 11:14:19,319 | Explanation | WARNING | generate_explanation: rewrite of 'Rank 2 - BT-474 (Breast ' rejected on attempt 1 - figures changed
2026-08-19 11:14:19,320 | Explanation | INFO | ollama_chat: calling model 'llama3.2:3b' at http://localhost:11434
2026-08-19 11:14:34,025 | Explanation | INFO | ollama_chat: received 611 character(s)
2026-08-19 11:14:34,026 | Explanation | WARNING | generate_explanation: rewrite of 'Rank 2 - BT-474 (Breast ' rejected on attempt 2 - figures changed
2026-08-19 11:14:34,027 | Explanation | INFO | ollama_chat: calling model 'llama3.2:3b' at http://localhost:11434
2026-08-19 11:14:51,945 | Explanation | INFO | ollama_chat: received 628 character(s)
2026-08-19 11:14:51,947 | Explanation | WARNING | generate_explanation: rewrite of 'Rank 3 - MDA-MB-453 (Bre' rejected on attempt 1 - figures changed
2026-08-19 11:14:51,947 | Explanation | INFO | ollama_chat: calling model 'llama3.2:3b' at http://localhost:11434
2026-08-19 11:15:06,426 | Explanation | INFO | ollama_chat: received 666 character(s)
2026-08-19 11:15:06,427 | Explanation | WARNING | generate_explanation: rewrite of 'Rank 3 - MDA-MB-453 (Bre' rejected on attempt 2 - figures changed
2026-08-19 11:15:06,427 | Explanation | INFO | ollama_chat: calling model 'llama3.2:3b' at http://localhost:11434
2026-08-19 11:15:25,035 | Explanation | INFO | ollama_chat: received 648 character(s)
2026-08-19 11:15:25,036 | Explanation | WARNING | generate_explanation: rewrite of 'Rank 4 - UACC-893 (Breas' rejected on attempt 1 - figures changed
2026-08-19 11:15:25,036 | Explanation | INFO | ollama_chat: calling model 'llama3.2:3b' at http://localhost:11434
2026-08-19 11:15:40,107 | Explanation | INFO | ollama_chat: received 635 character(s)
2026-08-19 11:15:40,108 | Explanation | WARNING | generate_explanation: rewrite of 'Rank 4 - UACC-893 (Breas' rejected on attempt 2 - figures changed
2026-08-19 11:15:40,108 | Explanation | INFO | ollama_chat: calling model 'llama3.2:3b' at http://localhost:11434
2026-08-19 11:15:58,046 | Explanation | INFO | ollama_chat: received 663 character(s)
2026-08-19 11:15:58,047 | Explanation | WARNING | generate_explanation: rewrite of 'Rank 5 - HCC2218 (Breast' rejected on attempt 1 - figures changed
2026-08-19 11:15:58,048 | Explanation | INFO | ollama_chat: calling model 'llama3.2:3b' at http://localhost:11434
2026-08-19 11:16:13,381 | Explanation | INFO | ollama_chat: received 649 character(s)
2026-08-19 11:16:13,382 | Explanation | WARNING | generate_explanation: rewrite of 'Rank 5 - HCC2218 (Breast' rejected on attempt 2 - figures changed
2026-08-19 11:16:13,383 | Explanation | INFO | ollama_chat: calling model 'llama3.2:3b' at http://localhost:11434
2026-08-19 11:16:32,161 | Explanation | INFO | ollama_chat: received 630 character(s)
2026-08-19 11:16:32,162 | Explanation | WARNING | generate_explanation: rewrite of 'Rank 6 - EFM-192A (Breas' rejected on attempt 1 - figures changed
2026-08-19 11:16:32,163 | Explanation | INFO | ollama_chat: calling model 'llama3.2:3b' at http://localhost:11434
2026-08-19 11:16:45,827 | Explanation | INFO | ollama_chat: received 588 character(s)
2026-08-19 11:16:45,829 | Explanation | WARNING | generate_explanation: rewrite of 'Rank 6 - EFM-192A (Breas' rejected on attempt 2 - figures changed
2026-08-19 11:16:45,829 | Explanation | INFO | ollama_chat: calling model 'llama3.2:3b' at http://localhost:11434
2026-08-19 11:17:03,520 | Explanation | INFO | ollama_chat: received 633 character(s)
2026-08-19 11:17:03,521 | Explanation | WARNING | generate_explanation: rewrite of 'Rank 7 - Ishikawa (Herak' rejected on attempt 1 - figures changed
2026-08-19 11:17:03,522 | Explanation | INFO | ollama_chat: calling model 'llama3.2:3b' at http://localhost:11434
2026-08-19 11:17:18,235 | Explanation | INFO | ollama_chat: received 610 character(s)
2026-08-19 11:17:18,236 | Explanation | WARNING | generate_explanation: rewrite of 'Rank 7 - Ishikawa (Herak' rejected on attempt 2 - figures changed
2026-08-19 11:17:18,237 | Explanation | INFO | ollama_chat: calling model 'llama3.2:3b' at http://localhost:11434
2026-08-19 11:17:38,737 | Explanation | INFO | ollama_chat: received 631 character(s)
2026-08-19 11:17:38,738 | Explanation | WARNING | generate_explanation: rewrite of 'Rank 8 - HEC-1-A (Endome' rejected on attempt 1 - figures changed
2026-08-19 11:17:38,739 | Explanation | INFO | ollama_chat: calling model 'llama3.2:3b' at http://localhost:11434
2026-08-19 11:17:53,250 | Explanation | INFO | ollama_chat: received 650 character(s)
2026-08-19 11:17:53,251 | Explanation | WARNING | generate_explanation: rewrite of 'Rank 8 - HEC-1-A (Endome' rejected on attempt 2 - figures changed
2026-08-19 11:17:53,251 | Explanation | INFO | ollama_chat: calling model 'llama3.2:3b' at http://localhost:11434
2026-08-19 11:18:10,969 | Explanation | INFO | ollama_chat: received 616 character(s)
2026-08-19 11:18:10,970 | Explanation | WARNING | generate_explanation: rewrite of 'Rank 9 - OE33 (Esophagea' rejected on attempt 1 - figures changed
2026-08-19 11:18:10,971 | Explanation | INFO | ollama_chat: calling model 'llama3.2:3b' at http://localhost:11434
2026-08-19 11:18:25,320 | Explanation | INFO | ollama_chat: received 614 character(s)
2026-08-19 11:18:25,321 | Explanation | WARNING | generate_explanation: rewrite of 'Rank 9 - OE33 (Esophagea' rejected on attempt 2 - figures changed
2026-08-19 11:18:25,321 | Explanation | INFO | ollama_chat: calling model 'llama3.2:3b' at http://localhost:11434
2026-08-19 11:18:43,343 | Explanation | INFO | ollama_chat: received 608 character(s)
2026-08-19 11:18:43,344 | Explanation | WARNING | generate_explanation: rewrite of 'Rank 10 - JIMT-1 (Breast' rejected on attempt 1 - figures changed
2026-08-19 11:18:43,344 | Explanation | INFO | ollama_chat: calling model 'llama3.2:3b' at http://localhost:11434
2026-08-19 11:18:57,500 | Explanation | INFO | ollama_chat: received 614 character(s)
2026-08-19 11:18:57,501 | Explanation | WARNING | generate_explanation: rewrite of 'Rank 10 - JIMT-1 (Breast' rejected on attempt 2 - figures changed
2026-08-19 11:18:57,502 | Explanation | INFO | ollama_chat: calling model 'llama3.2:3b' at http://localhost:11434
2026-08-19 11:19:14,397 | Explanation | INFO | ollama_chat: received 564 character(s)
2026-08-19 11:19:14,398 | Explanation | WARNING | generate_explanation: rewrite of 'Actionable Caveats for L' rejected on attempt 1 - figures changed
2026-08-19 11:19:14,399 | Explanation | INFO | ollama_chat: calling model 'llama3.2:3b' at http://localhost:11434
2026-08-19 11:19:28,661 | Explanation | INFO | ollama_chat: received 568 character(s)
2026-08-19 11:19:28,663 | Explanation | WARNING | generate_explanation: rewrite of 'Actionable Caveats for L' rejected on attempt 2 - figures changed
2026-08-19 11:19:28,663 | Explanation | INFO | generate_explanation: 1 of 12 sections used the LLM rewrite
2026-08-19 11:19:28,691 | ApplicationRunner | INFO | Removing the selected top 10 from the total list
2026-08-19 11:19:28,703 | ApplicationRunner | INFO | Selected top 10 removed successfully and the final table is arranged in decending order
2026-08-19 11:19:28,704 | ApplicationRunner | INFO | pipelinerun completed successfully
2026-08-23 21:47:15,566 | API | INFO | /recommend: targets=['ERBB2'] exclusions=None disease=None fusionfilter=1 mutationfilter=1
2026-08-23 21:47:15,567 | ApplicationRunner | INFO | Starting the pipeline run
2026-08-23 21:47:15,568 | ApplicationRunner | INFO | exclusionchecker=False and diseasechecker=False
2026-08-23 21:47:15,568 | ApplicationRunner | INFO | Resolving target ids and reading target omic tables
2026-08-23 21:47:15,568 | AppPreprocessing | INFO | genetoesng: resolving 1 gene symbol(s) to ENSG
2026-08-23 21:47:15,904 | AppPreprocessing | INFO | genetoesng: resolved 1 ENSG id(s)
2026-08-23 21:47:15,904 | AppPreprocessing | INFO | esngtoprotein: resolving proteins for 1 ENSG id(s)
2026-08-23 21:47:15,957 | AppPreprocessing | INFO | esngtoprotein: 1 protein(s) found, 0 ENSG id(s) without a protein (0-fill placeholders)
2026-08-23 21:47:15,958 | AppPreprocessing | INFO | depmapreader: extracting 1 ENSG column(s)
2026-08-23 21:47:35,078 | AppPreprocessing | INFO | depmap: RNA/ENSG -> 1 found, 0 NaN-filled (not found)
2026-08-23 21:47:35,080 | AppPreprocessing | INFO | depmapreader: returning shape (1479, 2)
2026-08-23 21:47:35,155 | AppPreprocessing | INFO | hparnareader: extracting 1 ENSG column(s)
2026-08-23 21:47:45,880 | AppPreprocessing | WARNING | hpa: removed 91 row(s) with null/duplicate ModelID (kept 1054 unique cell line(s))
2026-08-23 21:47:45,880 | AppPreprocessing | INFO | hpa: HPA/ENSG -> 1 found, 0 NaN-filled (not found)
2026-08-23 21:47:45,881 | AppPreprocessing | INFO | hparnareader: returning shape (1054, 2)
2026-08-23 21:47:45,934 | AppPreprocessing | INFO | proteinreader: extracting 1 protein column(s)
2026-08-23 21:47:47,453 | AppPreprocessing | INFO | protein: protein -> 1 found, 0 NaN-filled (not found)
2026-08-23 21:47:47,454 | AppPreprocessing | INFO | proteinreader: returning shape (375, 2)
2026-08-23 21:47:47,468 | AppPreprocessing | INFO | similarityreader: extracting 1 gene cosine column(s)
2026-08-23 21:48:04,400 | AppPreprocessing | INFO | cosine: cosine/ENSG -> 1 found, 0 NaN-filled (not found)
2026-08-23 21:48:04,401 | AppPreprocessing | INFO | similarityreader: returning shape (1479, 2)
2026-08-23 21:48:04,484 | ApplicationRunner | INFO | target_df shape is (1479, 4)
2026-08-23 21:48:04,484 | ApplicationRunner | INFO | Releasing target reader frames from memory
2026-08-23 21:48:04,648 | ApplicationRunner | INFO | Scoring: evidence + similarity (target)
2026-08-23 21:48:04,650 | Scoring | INFO | calculateevidencescore (type=target): input shape (1479, 4)
2026-08-23 21:48:04,650 | Scoring | INFO | calculateevidencescore: 3 value column(s)
2026-08-23 21:48:04,656 | Scoring | INFO | target_evidence: min=0.0000 max=0.9738
2026-08-23 21:48:04,657 | Scoring | INFO | calculatesimilarityscore (type=target): input shape (1479, 2)
2026-08-23 21:48:04,657 | Scoring | INFO | calculatesimilarityscore: 1 cosine column(s)
2026-08-23 21:48:04,659 | Scoring | INFO | target_similarity: min=0.0000 max=1.0000
2026-08-23 21:48:04,660 | ApplicationRunner | INFO | Releasing target cosine frame from memory
2026-08-23 21:48:04,826 | ApplicationRunner | INFO | Calculating the confidence score
2026-08-23 21:48:04,827 | Scoring | INFO | calculateconfidencescore: input shape (1479, 4)
2026-08-23 21:48:04,827 | Scoring | INFO | calculateconfidencescore: pooling 3 value column(s)
2026-08-23 21:48:05,156 | Scoring | INFO | confidence_score: nulls=1 of 1479
2026-08-23 21:48:05,156 | ApplicationRunner | INFO | Releasing confidence input frame from memory
2026-08-23 21:48:05,325 | Scoring | INFO | calculatenetevidencescore (type=target): input shape (1479, 2)
2026-08-23 21:48:05,326 | Scoring | INFO | calculatenetsimilarityscore (type=target): input shape (1479, 2)
2026-08-23 21:48:05,327 | ApplicationRunner | INFO | Releasing target evidence/similarity frames from memory
2026-08-23 21:48:05,496 | ApplicationRunner | INFO | Assembling final score (net_similarity x net_evidence x confidence)
2026-08-23 21:48:05,502 | Scoring | INFO | finalscoring: input shape (1479, 8)
2026-08-23 21:48:05,503 | Scoring | INFO | final_score: nulls=1 of 1479
2026-08-23 21:48:05,503 | ApplicationRunner | INFO | Releasing net score component frames from memory
2026-08-23 21:48:05,676 | ApplicationRunner | INFO | Releasing feature and final-score frames from memory
2026-08-23 21:48:05,837 | ApplicationRunner | INFO | Fusion flagging over 1 gene(s); filter=1
2026-08-23 21:48:05,837 | Fusion | INFO | fusionflagger: 1479 cell line(s), 1 target gene(s), 0 exclusion gene(s)
2026-08-23 21:48:07,565 | Fusion | INFO | fusionflagger: fusion table shape (184237, 31)
2026-08-23 21:48:07,565 | Fusion | INFO | fusionflagger: single target gene, no exclusion -> OR match (gene as either partner)
2026-08-23 21:48:07,589 | Fusion | INFO | fusionflagger: 69 matching fusion row(s); 0 exclusion-involved, 12 target-only ModelID(s)
2026-08-23 21:48:07,589 | Fusion | INFO | fusionflagger: releasing fusion table frames from memory
2026-08-23 21:48:07,839 | Fusion | INFO | fusionflagger: fusion_type counts -> {'No': 1467, 'target': 12}
2026-08-23 21:48:08,040 | Fusion | INFO | remove_fusion_models: 1479 row(s) in
2026-08-23 21:48:08,055 | Fusion | INFO | remove_fusion_models: 1467 row(s) retained after dropping fusion-positive
2026-08-23 21:48:08,055 | ApplicationRunner | INFO | Mutation flagging over 1 gene(s); filter=1
2026-08-23 21:48:08,055 | Mutation | INFO | mutationflager: 1467 cell line(s), 1 target gene(s), 0 exclusion gene(s)
2026-08-23 21:48:29,515 | Mutation | INFO | mutationflager: mutation table shape (1066869, 71)
2026-08-23 21:48:31,177 | Mutation | INFO | mutationflager: 70 distinct ModelID(s) with a matching mutation; 0 exclusion-involved, 70 target-involved
2026-08-23 21:48:31,183 | Mutation | INFO | mutationflager: mutation_type counts -> {'No': 1412, 'target': 55}
2026-08-23 21:48:31,185 | Mutation | INFO | mutationflager: 1479 cell line(s), 1 target gene(s), 0 exclusion gene(s)
2026-08-23 21:48:56,187 | Mutation | INFO | mutationflager: mutation table shape (1066869, 71)
2026-08-23 21:48:57,703 | Mutation | INFO | mutationflager: 70 distinct ModelID(s) with a matching mutation; 0 exclusion-involved, 70 target-involved
2026-08-23 21:48:57,710 | Mutation | INFO | mutationflager: mutation_type counts -> {'No': 1423, 'target': 56}
2026-08-23 21:48:57,987 | Mutation | INFO | remove_mutation_models: 1467 row(s) in
2026-08-23 21:48:57,991 | Mutation | INFO | remove_mutation_models: 1412 row(s) retained after dropping mutation-positive
2026-08-23 21:48:57,991 | ApplicationRunner | INFO | Filtering the dataset for the cell line names
2026-08-23 21:48:57,991 | AppPreprocessing | INFO | Getting the master look up table
2026-08-23 21:48:58,113 | AppPreprocessing | INFO | Filtering the required columns
2026-08-23 21:48:58,115 | AppPreprocessing | INFO | Mergining the data with the master table
2026-08-23 21:48:58,122 | AppPreprocessing | INFO | Droping the rows which have null value
2026-08-23 21:48:58,128 | AppPreprocessing | INFO | Removing the columns which are not needed
2026-08-23 21:48:58,131 | AppPreprocessing | INFO | Getting the master look up table
2026-08-23 21:48:58,145 | AppPreprocessing | INFO | Filtering the required columns
2026-08-23 21:48:58,148 | AppPreprocessing | INFO | Mergining the data with the master table
2026-08-23 21:48:58,155 | AppPreprocessing | INFO | Droping the rows which have null value
2026-08-23 21:48:58,159 | AppPreprocessing | INFO | Removing the columns which are not needed
2026-08-23 21:48:58,171 | ApplicationRunner | INFO | Selected top 10 cell line(s)
2026-08-23 21:48:58,383 | ApplicationRunner | INFO | Getting Metabolomnic data
2026-08-23 21:48:58,383 | AppPreprocessing | INFO | Getting the metabolomnic data
2026-08-23 21:48:58,493 | ApplicationRunner | INFO | Running KMeans plot
2026-08-23 21:48:58,493 | ModelLoader | INFO | kmeansonthedata: 10 selected cell line(s)
2026-08-23 21:48:59,473 | ModelLoader | INFO | kmeansonthedata: factor matrix (1479, 20); predicting clusters
2026-08-23 21:48:59,867 | ModelLoader | INFO | kmeansonthedata: generating UMAP projection (full 1479-row manifold)
2026-08-23 21:49:30,589 | ModelLoader | INFO | kmeansonthedata: 10 of 10 chosen id(s) located on the map
2026-08-23 21:49:30,589 | ModelLoader | INFO | kmeansonthedata: releasing factor matrix and UMAP arrays from memory
2026-08-23 21:49:33,162 | ModelLoader | INFO | kmeansonthedata: plot saved to C:\Users\Shankar\Desktop\AstraZeneca\code\astrazeneca\CelllineSelector\images\kmeansplotforselectedcell_8ba3151a-942c-4af0-a9fd-e177ae8f171e.png
2026-08-23 21:49:33,162 | ModelLoader | INFO | kmeansonthedata: releasing plotting frames from memory
2026-08-23 21:49:33,412 | ApplicationRunner | INFO | Kmeans plot completed
2026-08-23 21:49:33,413 | ApplicationRunner | INFO | Running KNN
2026-08-23 21:49:33,413 | ModelLoader | INFO | knnonthedata: finding alternatives for 10 selected cell line(s)
2026-08-23 21:49:33,550 | ModelLoader | INFO | knnonthedata: releasing factor matrix from memory
2026-08-23 21:49:33,828 | ModelLoader | INFO | knnonthedata: 10 of 10 target(s) received an alternative
2026-08-23 21:49:33,828 | ApplicationRunner | INFO | KNN Completed
2026-08-23 21:49:33,829 | ApplicationRunner | INFO | Running Data combiner
2026-08-23 21:49:33,829 | AppPreprocessing | INFO | datacombiner: enriching 10 row(s) with master_lookup identity
2026-08-23 21:49:33,857 | AppPreprocessing | INFO | datacombiner: returning shape (10, 23)
2026-08-23 21:49:33,858 | AppPreprocessing | INFO | datacombiner: enriching 1410 row(s) with master_lookup identity
2026-08-23 21:49:33,888 | AppPreprocessing | INFO | datacombiner: returning shape (1410, 22)
2026-08-23 21:49:33,889 | ApplicationRunner | INFO | Data combiner completed
2026-08-23 21:49:33,889 | ApplicationRunner | INFO | Generating LLM explanation
2026-08-23 21:49:33,889 | Explanation | INFO | generate_explanation: starting
2026-08-23 21:49:34,117 | Explanation | INFO | ollama_chat: calling model 'llama3.2:3b' at http://localhost:11434
2026-08-23 21:49:38,220 | Explanation | ERROR | Error calling Ollama chat backend: HTTPConnectionPool(host='localhost', port=11434): Max retries exceeded with url: /api/chat (Caused by NewConnectionError("HTTPConnection(host='localhost', port=11434): Failed to establish a new connection: [WinError 10061] No connection could be made because the target machine actively refused it"))
2026-08-23 21:49:38,220 | Explanation | WARNING | generate_explanation: LLM call failed on 'Overview' (HTTPConnectionPool(host='localhost', port=11434): Max retries exceeded with url: /api/chat (Caused by NewConnectionError("HTTPConnection(host='localhost', port=11434): Failed to establish a new connection: [WinError 10061] No connection could be made because the target machine actively refused it")))
2026-08-23 21:49:38,221 | Explanation | INFO | ollama_chat: calling model 'llama3.2:3b' at http://localhost:11434
2026-08-23 21:49:42,318 | Explanation | ERROR | Error calling Ollama chat backend: HTTPConnectionPool(host='localhost', port=11434): Max retries exceeded with url: /api/chat (Caused by NewConnectionError("HTTPConnection(host='localhost', port=11434): Failed to establish a new connection: [WinError 10061] No connection could be made because the target machine actively refused it"))
2026-08-23 21:49:42,318 | Explanation | WARNING | generate_explanation: LLM call failed on 'Rank 1 - EFM-192A (Breas' (HTTPConnectionPool(host='localhost', port=11434): Max retries exceeded with url: /api/chat (Caused by NewConnectionError("HTTPConnection(host='localhost', port=11434): Failed to establish a new connection: [WinError 10061] No connection could be made because the target machine actively refused it")))
2026-08-23 21:49:42,318 | Explanation | INFO | ollama_chat: calling model 'llama3.2:3b' at http://localhost:11434
2026-08-23 21:49:46,448 | Explanation | ERROR | Error calling Ollama chat backend: HTTPConnectionPool(host='localhost', port=11434): Max retries exceeded with url: /api/chat (Caused by NewConnectionError("HTTPConnection(host='localhost', port=11434): Failed to establish a new connection: [WinError 10061] No connection could be made because the target machine actively refused it"))
2026-08-23 21:49:46,449 | Explanation | WARNING | generate_explanation: LLM call failed on 'Rank 2 - AU565 (Breast C' (HTTPConnectionPool(host='localhost', port=11434): Max retries exceeded with url: /api/chat (Caused by NewConnectionError("HTTPConnection(host='localhost', port=11434): Failed to establish a new connection: [WinError 10061] No connection could be made because the target machine actively refused it")))
2026-08-23 21:49:46,449 | Explanation | INFO | ollama_chat: calling model 'llama3.2:3b' at http://localhost:11434
2026-08-23 21:49:50,557 | Explanation | ERROR | Error calling Ollama chat backend: HTTPConnectionPool(host='localhost', port=11434): Max retries exceeded with url: /api/chat (Caused by NewConnectionError("HTTPConnection(host='localhost', port=11434): Failed to establish a new connection: [WinError 10061] No connection could be made because the target machine actively refused it"))
2026-08-23 21:49:50,558 | Explanation | WARNING | generate_explanation: LLM call failed on 'Rank 3 - HCC2218 (Breast' (HTTPConnectionPool(host='localhost', port=11434): Max retries exceeded with url: /api/chat (Caused by NewConnectionError("HTTPConnection(host='localhost', port=11434): Failed to establish a new connection: [WinError 10061] No connection could be made because the target machine actively refused it")))
2026-08-23 21:49:50,558 | Explanation | INFO | ollama_chat: calling model 'llama3.2:3b' at http://localhost:11434
2026-08-23 21:49:54,648 | Explanation | ERROR | Error calling Ollama chat backend: HTTPConnectionPool(host='localhost', port=11434): Max retries exceeded with url: /api/chat (Caused by NewConnectionError("HTTPConnection(host='localhost', port=11434): Failed to establish a new connection: [WinError 10061] No connection could be made because the target machine actively refused it"))
2026-08-23 21:49:54,649 | Explanation | WARNING | generate_explanation: LLM call failed on 'Rank 4 - TE-4 (Esophagea' (HTTPConnectionPool(host='localhost', port=11434): Max retries exceeded with url: /api/chat (Caused by NewConnectionError("HTTPConnection(host='localhost', port=11434): Failed to establish a new connection: [WinError 10061] No connection could be made because the target machine actively refused it")))
2026-08-23 21:49:54,649 | Explanation | INFO | ollama_chat: calling model 'llama3.2:3b' at http://localhost:11434
2026-08-23 21:49:58,726 | Explanation | ERROR | Error calling Ollama chat backend: HTTPConnectionPool(host='localhost', port=11434): Max retries exceeded with url: /api/chat (Caused by NewConnectionError("HTTPConnection(host='localhost', port=11434): Failed to establish a new connection: [WinError 10061] No connection could be made because the target machine actively refused it"))
2026-08-23 21:49:58,727 | Explanation | WARNING | generate_explanation: LLM call failed on 'Rank 5 - COLO-678 (Colon' (HTTPConnectionPool(host='localhost', port=11434): Max retries exceeded with url: /api/chat (Caused by NewConnectionError("HTTPConnection(host='localhost', port=11434): Failed to establish a new connection: [WinError 10061] No connection could be made because the target machine actively refused it")))
2026-08-23 21:49:58,727 | Explanation | INFO | ollama_chat: calling model 'llama3.2:3b' at http://localhost:11434
2026-08-23 21:50:02,836 | Explanation | ERROR | Error calling Ollama chat backend: HTTPConnectionPool(host='localhost', port=11434): Max retries exceeded with url: /api/chat (Caused by NewConnectionError("HTTPConnection(host='localhost', port=11434): Failed to establish a new connection: [WinError 10061] No connection could be made because the target machine actively refused it"))
2026-08-23 21:50:02,837 | Explanation | WARNING | generate_explanation: LLM call failed on 'Rank 6 - EFM-19 (Breast ' (HTTPConnectionPool(host='localhost', port=11434): Max retries exceeded with url: /api/chat (Caused by NewConnectionError("HTTPConnection(host='localhost', port=11434): Failed to establish a new connection: [WinError 10061] No connection could be made because the target machine actively refused it")))
2026-08-23 21:50:02,837 | Explanation | INFO | ollama_chat: calling model 'llama3.2:3b' at http://localhost:11434
2026-08-23 21:50:06,917 | Explanation | ERROR | Error calling Ollama chat backend: HTTPConnectionPool(host='localhost', port=11434): Max retries exceeded with url: /api/chat (Caused by NewConnectionError("HTTPConnection(host='localhost', port=11434): Failed to establish a new connection: [WinError 10061] No connection could be made because the target machine actively refused it"))
2026-08-23 21:50:06,917 | Explanation | WARNING | generate_explanation: LLM call failed on 'Rank 7 - JIMT-1 (Breast ' (HTTPConnectionPool(host='localhost', port=11434): Max retries exceeded with url: /api/chat (Caused by NewConnectionError("HTTPConnection(host='localhost', port=11434): Failed to establish a new connection: [WinError 10061] No connection could be made because the target machine actively refused it")))
2026-08-23 21:50:06,918 | Explanation | INFO | ollama_chat: calling model 'llama3.2:3b' at http://localhost:11434
2026-08-23 21:50:11,014 | Explanation | ERROR | Error calling Ollama chat backend: HTTPConnectionPool(host='localhost', port=11434): Max retries exceeded with url: /api/chat (Caused by NewConnectionError("HTTPConnection(host='localhost', port=11434): Failed to establish a new connection: [WinError 10061] No connection could be made because the target machine actively refused it"))
2026-08-23 21:50:11,014 | Explanation | WARNING | generate_explanation: LLM call failed on 'Rank 8 - KYSE-410 (Esoph' (HTTPConnectionPool(host='localhost', port=11434): Max retries exceeded with url: /api/chat (Caused by NewConnectionError("HTTPConnection(host='localhost', port=11434): Failed to establish a new connection: [WinError 10061] No connection could be made because the target machine actively refused it")))
2026-08-23 21:50:11,014 | Explanation | INFO | ollama_chat: calling model 'llama3.2:3b' at http://localhost:11434
2026-08-23 21:50:15,118 | Explanation | ERROR | Error calling Ollama chat backend: HTTPConnectionPool(host='localhost', port=11434): Max retries exceeded with url: /api/chat (Caused by NewConnectionError("HTTPConnection(host='localhost', port=11434): Failed to establish a new connection: [WinError 10061] No connection could be made because the target machine actively refused it"))
2026-08-23 21:50:15,118 | Explanation | WARNING | generate_explanation: LLM call failed on 'Rank 9 - SNU-119 (Ovaria' (HTTPConnectionPool(host='localhost', port=11434): Max retries exceeded with url: /api/chat (Caused by NewConnectionError("HTTPConnection(host='localhost', port=11434): Failed to establish a new connection: [WinError 10061] No connection could be made because the target machine actively refused it")))
2026-08-23 21:50:15,118 | Explanation | INFO | ollama_chat: calling model 'llama3.2:3b' at http://localhost:11434
2026-08-23 21:50:19,189 | Explanation | ERROR | Error calling Ollama chat backend: HTTPConnectionPool(host='localhost', port=11434): Max retries exceeded with url: /api/chat (Caused by NewConnectionError("HTTPConnection(host='localhost', port=11434): Failed to establish a new connection: [WinError 10061] No connection could be made because the target machine actively refused it"))
2026-08-23 21:50:19,190 | Explanation | WARNING | generate_explanation: LLM call failed on 'Rank 10 - MDA-MB-453 (Br' (HTTPConnectionPool(host='localhost', port=11434): Max retries exceeded with url: /api/chat (Caused by NewConnectionError("HTTPConnection(host='localhost', port=11434): Failed to establish a new connection: [WinError 10061] No connection could be made because the target machine actively refused it")))
2026-08-23 21:50:19,190 | Explanation | INFO | ollama_chat: calling model 'llama3.2:3b' at http://localhost:11434
2026-08-23 21:50:23,287 | Explanation | ERROR | Error calling Ollama chat backend: HTTPConnectionPool(host='localhost', port=11434): Max retries exceeded with url: /api/chat (Caused by NewConnectionError("HTTPConnection(host='localhost', port=11434): Failed to establish a new connection: [WinError 10061] No connection could be made because the target machine actively refused it"))
2026-08-23 21:50:23,287 | Explanation | WARNING | generate_explanation: LLM call failed on 'Actionable Caveats for L' (HTTPConnectionPool(host='localhost', port=11434): Max retries exceeded with url: /api/chat (Caused by NewConnectionError("HTTPConnection(host='localhost', port=11434): Failed to establish a new connection: [WinError 10061] No connection could be made because the target machine actively refused it")))
2026-08-23 21:50:23,287 | Explanation | INFO | generate_explanation: 0 of 12 sections used the LLM rewrite
2026-08-23 21:50:23,296 | ApplicationRunner | INFO | Removing the selected top 10 from the total list
2026-08-23 21:50:23,303 | ApplicationRunner | INFO | Selected top 10 removed successfully and the final table is arranged in decending order
2026-08-23 21:50:23,303 | ApplicationRunner | INFO | pipelinerun completed successfully
2026-08-23 21:50:23,309 | API | INFO | /recommend: returning 10 cell line(s)
2026-08-24 17:50:10,575 | ApplicationRunner | INFO | Starting the pipeline run
2026-08-24 17:50:10,575 | ApplicationRunner | INFO | exclusionchecker=True and diseasechecker=False
2026-08-24 17:50:10,576 | ApplicationRunner | INFO | Resolving target ids and reading target omic tables
2026-08-24 17:50:10,576 | AppPreprocessing | INFO | genetoesng: resolving 1 gene symbol(s) to ENSG
2026-08-24 17:50:10,613 | AppPreprocessing | INFO | genetoesng: resolved 1 ENSG id(s)
2026-08-24 17:50:10,614 | AppPreprocessing | INFO | esngtoprotein: resolving proteins for 1 ENSG id(s)
2026-08-24 17:50:10,675 | AppPreprocessing | INFO | esngtoprotein: 1 protein(s) found, 0 ENSG id(s) without a protein (0-fill placeholders)
2026-08-24 17:50:10,675 | AppPreprocessing | INFO | depmapreader: extracting 1 ENSG column(s)
2026-08-24 17:50:25,639 | AppPreprocessing | INFO | depmap: RNA/ENSG -> 1 found, 0 NaN-filled (not found)
2026-08-24 17:50:25,641 | AppPreprocessing | INFO | depmapreader: returning shape (1479, 2)
2026-08-24 17:50:25,692 | AppPreprocessing | INFO | hparnareader: extracting 1 ENSG column(s)
2026-08-24 17:50:39,092 | AppPreprocessing | WARNING | hpa: removed 91 row(s) with null/duplicate ModelID (kept 1054 unique cell line(s))
2026-08-24 17:50:39,092 | AppPreprocessing | INFO | hpa: HPA/ENSG -> 1 found, 0 NaN-filled (not found)
2026-08-24 17:50:39,093 | AppPreprocessing | INFO | hparnareader: returning shape (1054, 2)
2026-08-24 17:50:39,140 | AppPreprocessing | INFO | proteinreader: extracting 1 protein column(s)
2026-08-24 17:50:40,975 | AppPreprocessing | INFO | protein: protein -> 1 found, 0 NaN-filled (not found)
2026-08-24 17:50:40,976 | AppPreprocessing | INFO | proteinreader: returning shape (375, 2)
2026-08-24 17:50:40,986 | AppPreprocessing | INFO | similarityreader: extracting 1 gene cosine column(s)
2026-08-24 17:50:58,786 | AppPreprocessing | INFO | cosine: cosine/ENSG -> 1 found, 0 NaN-filled (not found)
2026-08-24 17:50:58,788 | AppPreprocessing | INFO | similarityreader: returning shape (1479, 2)
2026-08-24 17:50:58,864 | ApplicationRunner | INFO | target_df shape is (1479, 4)
2026-08-24 17:50:58,864 | ApplicationRunner | INFO | Releasing target reader frames from memory
2026-08-24 17:50:59,043 | ApplicationRunner | INFO | Resolving exclusion ids and reading exclusion omic tables
2026-08-24 17:50:59,044 | AppPreprocessing | INFO | genetoesng: resolving 1 gene symbol(s) to ENSG
2026-08-24 17:50:59,070 | AppPreprocessing | INFO | genetoesng: resolved 1 ENSG id(s)
2026-08-24 17:50:59,070 | AppPreprocessing | INFO | esngtoprotein: resolving proteins for 1 ENSG id(s)
2026-08-24 17:50:59,097 | AppPreprocessing | INFO | esngtoprotein: 1 protein(s) found, 0 ENSG id(s) without a protein (0-fill placeholders)
2026-08-24 17:50:59,098 | AppPreprocessing | INFO | depmapreader: extracting 1 ENSG column(s)
2026-08-24 17:51:13,817 | AppPreprocessing | INFO | depmap: RNA/ENSG -> 1 found, 0 NaN-filled (not found)
2026-08-24 17:51:13,818 | AppPreprocessing | INFO | depmapreader: returning shape (1479, 2)
2026-08-24 17:51:13,866 | AppPreprocessing | INFO | hparnareader: extracting 1 ENSG column(s)
2026-08-24 17:51:21,831 | AppPreprocessing | WARNING | hpa: removed 91 row(s) with null/duplicate ModelID (kept 1054 unique cell line(s))
2026-08-24 17:51:21,831 | AppPreprocessing | INFO | hpa: HPA/ENSG -> 1 found, 0 NaN-filled (not found)
2026-08-24 17:51:21,833 | AppPreprocessing | INFO | hparnareader: returning shape (1054, 2)
2026-08-24 17:51:21,874 | AppPreprocessing | INFO | proteinreader: extracting 1 protein column(s)
2026-08-24 17:51:23,249 | AppPreprocessing | INFO | protein: protein -> 1 found, 0 NaN-filled (not found)
2026-08-24 17:51:23,250 | AppPreprocessing | INFO | proteinreader: returning shape (375, 2)
2026-08-24 17:51:23,262 | AppPreprocessing | INFO | similarityreader: extracting 1 gene cosine column(s)
2026-08-24 17:51:33,604 | AppPreprocessing | INFO | cosine: cosine/ENSG -> 1 found, 0 NaN-filled (not found)
2026-08-24 17:51:33,606 | AppPreprocessing | INFO | similarityreader: returning shape (1479, 2)
2026-08-24 17:51:33,657 | ApplicationRunner | INFO | exclusion_df shape is (1479, 4)
2026-08-24 17:51:33,657 | ApplicationRunner | INFO | Releasing exclusion reader frames from memory
2026-08-24 17:51:33,780 | ApplicationRunner | INFO | Scoring: evidence + similarity (target)
2026-08-24 17:51:33,782 | Scoring | INFO | calculateevidencescore (type=target): input shape (1479, 4)
2026-08-24 17:51:33,782 | Scoring | INFO | calculateevidencescore: 3 value column(s)
2026-08-24 17:51:33,786 | Scoring | INFO | target_evidence: min=0.0000 max=0.9549
2026-08-24 17:51:33,787 | Scoring | INFO | calculatesimilarityscore (type=target): input shape (1479, 2)
2026-08-24 17:51:33,788 | Scoring | INFO | calculatesimilarityscore: 1 cosine column(s)
2026-08-24 17:51:33,790 | Scoring | INFO | target_similarity: min=0.0000 max=1.0000
2026-08-24 17:51:33,791 | ApplicationRunner | INFO | Releasing target cosine frame from memory
2026-08-24 17:51:33,904 | ApplicationRunner | INFO | Calculating the confidence score
2026-08-24 17:51:33,908 | Scoring | INFO | calculateconfidencescore: input shape (1479, 7)
2026-08-24 17:51:33,908 | Scoring | INFO | calculateconfidencescore: pooling 6 value column(s)
2026-08-24 17:51:34,194 | Scoring | INFO | confidence_score: nulls=0 of 1479
2026-08-24 17:51:34,194 | ApplicationRunner | INFO | Releasing confidence input frame from memory
2026-08-24 17:51:34,307 | ApplicationRunner | INFO | Scoring: evidence and similarity (exclusion)
2026-08-24 17:51:34,307 | Scoring | INFO | calculateevidencescore (type=exclusion): input shape (1479, 4)
2026-08-24 17:51:34,307 | Scoring | INFO | calculateevidencescore: 3 value column(s)
2026-08-24 17:51:34,314 | Scoring | INFO | exclusion_penalty: min=0.2231 max=0.9990
2026-08-24 17:51:34,315 | Scoring | INFO | calculatesimilarityscore (type=exclusion): input shape (1479, 2)
2026-08-24 17:51:34,315 | Scoring | INFO | calculatesimilarityscore: 1 cosine column(s)
2026-08-24 17:51:34,319 | Scoring | INFO | exclusion_similarity_penalty: min=0.3012 max=0.9992
2026-08-24 17:51:34,320 | ApplicationRunner | INFO | Releasing exclusion cosine frame from memory
2026-08-24 17:51:34,433 | Scoring | INFO | calculatenetevidencescore (type=exclusion): input shape (1479, 5)
2026-08-24 17:51:34,436 | Scoring | INFO | calculatenetsimilarityscore (type=exclusion): input shape (1479, 5)
2026-08-24 17:51:34,437 | ApplicationRunner | INFO | Releasing intermediate evidence/similarity frames from memory
2026-08-24 17:51:34,552 | ApplicationRunner | INFO | Releasing target evidence/similarity frames from memory
2026-08-24 17:51:34,661 | ApplicationRunner | INFO | Assembling final score (net_similarity x net_evidence x confidence)
2026-08-24 17:51:34,668 | Scoring | INFO | finalscoring: input shape (1479, 14)
2026-08-24 17:51:34,669 | Scoring | INFO | final_score: nulls=0 of 1479
2026-08-24 17:51:34,669 | ApplicationRunner | INFO | Releasing net score component frames from memory
2026-08-24 17:51:34,787 | ApplicationRunner | INFO | Releasing feature and final-score frames from memory
2026-08-24 17:51:34,900 | ApplicationRunner | INFO | Fusion flagging over 2 gene(s); filter=3
2026-08-24 17:51:34,900 | Fusion | INFO | fusionflagger: 1479 cell line(s), 1 target gene(s), 1 exclusion gene(s)
2026-08-24 17:51:35,918 | Fusion | INFO | fusionflagger: fusion table shape (184237, 31)
2026-08-24 17:51:35,919 | Fusion | INFO | fusionflagger: single target gene, no exclusion -> OR match (gene as either partner)
2026-08-24 17:51:35,931 | Fusion | INFO | fusionflagger: 73 matching fusion row(s); 0 exclusion-involved, 36 target-only ModelID(s)
2026-08-24 17:51:35,931 | Fusion | INFO | fusionflagger: releasing fusion table frames from memory
2026-08-24 17:51:36,064 | Fusion | INFO | fusionflagger: fusion_type counts -> {'No': 1448, 'target': 31}
2026-08-24 17:51:36,182 | ApplicationRunner | INFO | Mutation flagging over 2 gene(s); filter=3
2026-08-24 17:51:36,183 | Mutation | INFO | mutationflager: 1479 cell line(s), 1 target gene(s), 1 exclusion gene(s)
2026-08-24 17:51:47,960 | Mutation | INFO | mutationflager: mutation table shape (1066869, 71)
2026-08-24 17:51:49,358 | Mutation | INFO | mutationflager: 319 distinct ModelID(s) with a matching mutation; 240 exclusion-involved, 96 target-involved
2026-08-24 17:51:49,382 | Mutation | INFO | mutationflager: mutation_type counts -> {'No': 1187, 'exclusion': 225, 'target': 67}
2026-08-24 17:51:49,384 | Mutation | INFO | mutationflager: 1479 cell line(s), 1 target gene(s), 1 exclusion gene(s)
2026-08-24 17:52:13,118 | Mutation | INFO | mutationflager: mutation table shape (1066869, 71)
2026-08-24 17:52:14,753 | Mutation | INFO | mutationflager: 319 distinct ModelID(s) with a matching mutation; 240 exclusion-involved, 96 target-involved
2026-08-24 17:52:14,770 | Mutation | INFO | mutationflager: mutation_type counts -> {'No': 1187, 'exclusion': 225, 'target': 67}
2026-08-24 17:52:15,049 | ApplicationRunner | INFO | Filtering the dataset for the cell line names
2026-08-24 17:52:15,049 | AppPreprocessing | INFO | Getting the master look up table
2026-08-24 17:52:15,067 | AppPreprocessing | INFO | Filtering the required columns
2026-08-24 17:52:15,070 | AppPreprocessing | INFO | Mergining the data with the master table
2026-08-24 17:52:15,076 | AppPreprocessing | INFO | Droping the rows which have null value
2026-08-24 17:52:15,080 | AppPreprocessing | INFO | Removing the columns which are not needed
2026-08-24 17:52:15,082 | AppPreprocessing | INFO | Getting the master look up table
2026-08-24 17:52:15,095 | AppPreprocessing | INFO | Filtering the required columns
2026-08-24 17:52:15,098 | AppPreprocessing | INFO | Mergining the data with the master table
2026-08-24 17:52:15,103 | AppPreprocessing | INFO | Droping the rows which have null value
2026-08-24 17:52:15,106 | AppPreprocessing | INFO | Removing the columns which are not needed
2026-08-24 17:52:15,112 | ApplicationRunner | INFO | Selected top 10 cell line(s)
2026-08-24 17:52:15,112 | Fusion | INFO | getthefusionreferencetable: 10 top cell line(s), 1 target gene(s), 1 exclusion gene(s)
2026-08-24 17:52:17,375 | Fusion | INFO | getthefusionreferencetable: releasing full fusion table from memory
2026-08-24 17:52:17,592 | Fusion | INFO | getthefusionreferencetable: returning 0 reference row(s)
2026-08-24 17:52:17,593 | Mutation | INFO | getthemutationreferencetable: 10 cell line(s), 2 gene(s)
2026-08-24 17:52:38,824 | Mutation | INFO | getthemutationreferencetable: returning 2 reference row(s)
2026-08-24 17:52:39,020 | ApplicationRunner | INFO | Getting Metabolomnic data
2026-08-24 17:52:39,020 | AppPreprocessing | INFO | Getting the metabolomnic data
2026-08-24 17:52:39,186 | ApplicationRunner | INFO | Running KMeans plot
2026-08-24 17:52:39,187 | ModelLoader | INFO | kmeansonthedata: 10 selected cell line(s)
2026-08-24 17:52:39,803 | ModelLoader | INFO | kmeansonthedata: factor matrix (1479, 20); predicting clusters
2026-08-24 17:52:40,001 | ModelLoader | INFO | kmeansonthedata: generating UMAP projection (full 1479-row manifold)
2026-08-24 17:53:07,535 | ModelLoader | INFO | kmeansonthedata: 10 of 10 chosen id(s) located on the map
2026-08-24 17:53:07,536 | ModelLoader | INFO | kmeansonthedata: releasing factor matrix and UMAP arrays from memory
2026-08-24 17:53:08,784 | ModelLoader | INFO | kmeansonthedata: plot saved to C:\Users\Shankar\Desktop\AstraZeneca\code\astrazeneca\CelllineSelector\images\kmeansplotforselectedcell_15423aca-d809-4e02-b851-faa9e1fc9b9d.png
2026-08-24 17:53:08,784 | ModelLoader | INFO | kmeansonthedata: releasing plotting frames from memory
2026-08-24 17:53:09,021 | ApplicationRunner | INFO | Kmeans plot completed
2026-08-24 17:53:09,021 | ApplicationRunner | INFO | Running KNN
2026-08-24 17:53:09,021 | ModelLoader | INFO | knnonthedata: finding alternatives for 10 selected cell line(s)
2026-08-24 17:53:09,110 | ModelLoader | INFO | knnonthedata: releasing factor matrix from memory
2026-08-24 17:53:09,347 | ModelLoader | INFO | knnonthedata: 10 of 10 target(s) received an alternative
2026-08-24 17:53:09,348 | ApplicationRunner | INFO | KNN Completed
2026-08-24 17:53:09,348 | ApplicationRunner | INFO | Running Data combiner
2026-08-24 17:53:09,349 | AppPreprocessing | INFO | datacombiner: enriching 10 row(s) with master_lookup identity
2026-08-24 17:53:09,573 | AppPreprocessing | INFO | datacombiner: returning shape (10, 32)
2026-08-24 17:53:09,574 | AppPreprocessing | INFO | datacombiner: enriching 1410 row(s) with master_lookup identity
2026-08-24 17:53:09,600 | AppPreprocessing | INFO | datacombiner: returning shape (1410, 31)
2026-08-24 17:53:09,600 | ApplicationRunner | INFO | Data combiner completed
2026-08-24 17:53:09,601 | ApplicationRunner | INFO | Generating LLM explanation
2026-08-24 17:53:09,601 | Explanation | INFO | generate_explanation: starting
2026-08-24 17:53:09,737 | Explanation | INFO | ollama_chat: calling model 'llama3.2:3b' at http://localhost:11434
2026-08-24 17:53:13,862 | Explanation | ERROR | Error calling Ollama chat backend: HTTPConnectionPool(host='localhost', port=11434): Max retries exceeded with url: /api/chat (Caused by NewConnectionError("HTTPConnection(host='localhost', port=11434): Failed to establish a new connection: [WinError 10061] No connection could be made because the target machine actively refused it"))
2026-08-24 17:53:13,862 | Explanation | WARNING | generate_explanation: LLM call failed on 'Overview' (HTTPConnectionPool(host='localhost', port=11434): Max retries exceeded with url: /api/chat (Caused by NewConnectionError("HTTPConnection(host='localhost', port=11434): Failed to establish a new connection: [WinError 10061] No connection could be made because the target machine actively refused it")))
2026-08-24 17:53:13,862 | Explanation | INFO | ollama_chat: calling model 'llama3.2:3b' at http://localhost:11434
2026-08-24 17:53:17,942 | Explanation | ERROR | Error calling Ollama chat backend: HTTPConnectionPool(host='localhost', port=11434): Max retries exceeded with url: /api/chat (Caused by NewConnectionError("HTTPConnection(host='localhost', port=11434): Failed to establish a new connection: [WinError 10061] No connection could be made because the target machine actively refused it"))
2026-08-24 17:53:17,943 | Explanation | WARNING | generate_explanation: LLM call failed on 'Rank 1 - PC-3 (Prostate ' (HTTPConnectionPool(host='localhost', port=11434): Max retries exceeded with url: /api/chat (Caused by NewConnectionError("HTTPConnection(host='localhost', port=11434): Failed to establish a new connection: [WinError 10061] No connection could be made because the target machine actively refused it")))
2026-08-24 17:53:17,943 | Explanation | INFO | ollama_chat: calling model 'llama3.2:3b' at http://localhost:11434
2026-08-24 17:53:22,035 | Explanation | ERROR | Error calling Ollama chat backend: HTTPConnectionPool(host='localhost', port=11434): Max retries exceeded with url: /api/chat (Caused by NewConnectionError("HTTPConnection(host='localhost', port=11434): Failed to establish a new connection: [WinError 10061] No connection could be made because the target machine actively refused it"))
2026-08-24 17:53:22,036 | Explanation | WARNING | generate_explanation: LLM call failed on 'Rank 2 - HCC-44 (Lung Ca' (HTTPConnectionPool(host='localhost', port=11434): Max retries exceeded with url: /api/chat (Caused by NewConnectionError("HTTPConnection(host='localhost', port=11434): Failed to establish a new connection: [WinError 10061] No connection could be made because the target machine actively refused it")))
2026-08-24 17:53:22,036 | Explanation | INFO | ollama_chat: calling model 'llama3.2:3b' at http://localhost:11434
2026-08-24 17:53:26,130 | Explanation | ERROR | Error calling Ollama chat backend: HTTPConnectionPool(host='localhost', port=11434): Max retries exceeded with url: /api/chat (Caused by NewConnectionError("HTTPConnection(host='localhost', port=11434): Failed to establish a new connection: [WinError 10061] No connection could be made because the target machine actively refused it"))
2026-08-24 17:53:26,131 | Explanation | WARNING | generate_explanation: LLM call failed on 'Rank 3 - BICR 22 (Head a' (HTTPConnectionPool(host='localhost', port=11434): Max retries exceeded with url: /api/chat (Caused by NewConnectionError("HTTPConnection(host='localhost', port=11434): Failed to establish a new connection: [WinError 10061] No connection could be made because the target machine actively refused it")))
2026-08-24 17:53:26,131 | Explanation | INFO | ollama_chat: calling model 'llama3.2:3b' at http://localhost:11434
2026-08-24 17:53:30,215 | Explanation | ERROR | Error calling Ollama chat backend: HTTPConnectionPool(host='localhost', port=11434): Max retries exceeded with url: /api/chat (Caused by NewConnectionError("HTTPConnection(host='localhost', port=11434): Failed to establish a new connection: [WinError 10061] No connection could be made because the target machine actively refused it"))
2026-08-24 17:53:30,215 | Explanation | WARNING | generate_explanation: LLM call failed on 'Rank 4 - SNU-349 (Kidney' (HTTPConnectionPool(host='localhost', port=11434): Max retries exceeded with url: /api/chat (Caused by NewConnectionError("HTTPConnection(host='localhost', port=11434): Failed to establish a new connection: [WinError 10061] No connection could be made because the target machine actively refused it")))
2026-08-24 17:53:30,216 | Explanation | INFO | ollama_chat: calling model 'llama3.2:3b' at http://localhost:11434
2026-08-24 17:53:34,305 | Explanation | ERROR | Error calling Ollama chat backend: HTTPConnectionPool(host='localhost', port=11434): Max retries exceeded with url: /api/chat (Caused by NewConnectionError("HTTPConnection(host='localhost', port=11434): Failed to establish a new connection: [WinError 10061] No connection could be made because the target machine actively refused it"))
2026-08-24 17:53:34,306 | Explanation | WARNING | generate_explanation: LLM call failed on 'Rank 5 - ChaGo-K-1 (Lung' (HTTPConnectionPool(host='localhost', port=11434): Max retries exceeded with url: /api/chat (Caused by NewConnectionError("HTTPConnection(host='localhost', port=11434): Failed to establish a new connection: [WinError 10061] No connection could be made because the target machine actively refused it")))
2026-08-24 17:53:34,306 | Explanation | INFO | ollama_chat: calling model 'llama3.2:3b' at http://localhost:11434
2026-08-24 17:53:38,412 | Explanation | ERROR | Error calling Ollama chat backend: HTTPConnectionPool(host='localhost', port=11434): Max retries exceeded with url: /api/chat (Caused by NewConnectionError("HTTPConnection(host='localhost', port=11434): Failed to establish a new connection: [WinError 10061] No connection could be made because the target machine actively refused it"))
2026-08-24 17:53:38,413 | Explanation | WARNING | generate_explanation: LLM call failed on 'Rank 6 - JHH-2 (Liver Ca' (HTTPConnectionPool(host='localhost', port=11434): Max retries exceeded with url: /api/chat (Caused by NewConnectionError("HTTPConnection(host='localhost', port=11434): Failed to establish a new connection: [WinError 10061] No connection could be made because the target machine actively refused it")))
2026-08-24 17:53:38,413 | Explanation | INFO | ollama_chat: calling model 'llama3.2:3b' at http://localhost:11434
2026-08-24 17:53:42,503 | Explanation | ERROR | Error calling Ollama chat backend: HTTPConnectionPool(host='localhost', port=11434): Max retries exceeded with url: /api/chat (Caused by NewConnectionError("HTTPConnection(host='localhost', port=11434): Failed to establish a new connection: [WinError 10061] No connection could be made because the target machine actively refused it"))
2026-08-24 17:53:42,504 | Explanation | WARNING | generate_explanation: LLM call failed on 'Rank 7 - KMRC-1 (Kidney ' (HTTPConnectionPool(host='localhost', port=11434): Max retries exceeded with url: /api/chat (Caused by NewConnectionError("HTTPConnection(host='localhost', port=11434): Failed to establish a new connection: [WinError 10061] No connection could be made because the target machine actively refused it")))
2026-08-24 17:53:42,504 | Explanation | INFO | ollama_chat: calling model 'llama3.2:3b' at http://localhost:11434
2026-08-24 17:53:46,602 | Explanation | ERROR | Error calling Ollama chat backend: HTTPConnectionPool(host='localhost', port=11434): Max retries exceeded with url: /api/chat (Caused by NewConnectionError("HTTPConnection(host='localhost', port=11434): Failed to establish a new connection: [WinError 10061] No connection could be made because the target machine actively refused it"))
2026-08-24 17:53:46,603 | Explanation | WARNING | generate_explanation: LLM call failed on 'Rank 8 - VMRC-RCW (Kidne' (HTTPConnectionPool(host='localhost', port=11434): Max retries exceeded with url: /api/chat (Caused by NewConnectionError("HTTPConnection(host='localhost', port=11434): Failed to establish a new connection: [WinError 10061] No connection could be made because the target machine actively refused it")))
2026-08-24 17:53:46,604 | Explanation | INFO | ollama_chat: calling model 'llama3.2:3b' at http://localhost:11434
2026-08-24 17:53:50,706 | Explanation | ERROR | Error calling Ollama chat backend: HTTPConnectionPool(host='localhost', port=11434): Max retries exceeded with url: /api/chat (Caused by NewConnectionError("HTTPConnection(host='localhost', port=11434): Failed to establish a new connection: [WinError 10061] No connection could be made because the target machine actively refused it"))
2026-08-24 17:53:50,707 | Explanation | WARNING | generate_explanation: LLM call failed on 'Rank 9 - JHH-6 (Liver Ca' (HTTPConnectionPool(host='localhost', port=11434): Max retries exceeded with url: /api/chat (Caused by NewConnectionError("HTTPConnection(host='localhost', port=11434): Failed to establish a new connection: [WinError 10061] No connection could be made because the target machine actively refused it")))
2026-08-24 17:53:50,707 | Explanation | INFO | ollama_chat: calling model 'llama3.2:3b' at http://localhost:11434
2026-08-24 17:53:54,805 | Explanation | ERROR | Error calling Ollama chat backend: HTTPConnectionPool(host='localhost', port=11434): Max retries exceeded with url: /api/chat (Caused by NewConnectionError("HTTPConnection(host='localhost', port=11434): Failed to establish a new connection: [WinError 10061] No connection could be made because the target machine actively refused it"))
2026-08-24 17:53:54,806 | Explanation | WARNING | generate_explanation: LLM call failed on 'Rank 10 - TE-11 (Esophag' (HTTPConnectionPool(host='localhost', port=11434): Max retries exceeded with url: /api/chat (Caused by NewConnectionError("HTTPConnection(host='localhost', port=11434): Failed to establish a new connection: [WinError 10061] No connection could be made because the target machine actively refused it")))
2026-08-24 17:53:54,806 | Explanation | INFO | ollama_chat: calling model 'llama3.2:3b' at http://localhost:11434
2026-08-24 17:53:58,913 | Explanation | ERROR | Error calling Ollama chat backend: HTTPConnectionPool(host='localhost', port=11434): Max retries exceeded with url: /api/chat (Caused by NewConnectionError("HTTPConnection(host='localhost', port=11434): Failed to establish a new connection: [WinError 10061] No connection could be made because the target machine actively refused it"))
2026-08-24 17:53:58,913 | Explanation | WARNING | generate_explanation: LLM call failed on 'Actionable Caveats for L' (HTTPConnectionPool(host='localhost', port=11434): Max retries exceeded with url: /api/chat (Caused by NewConnectionError("HTTPConnection(host='localhost', port=11434): Failed to establish a new connection: [WinError 10061] No connection could be made because the target machine actively refused it")))
2026-08-24 17:53:58,913 | Explanation | INFO | generate_explanation: 0 of 12 sections used the LLM rewrite
2026-08-24 17:53:58,925 | ApplicationRunner | INFO | Removing the selected top 10 from the total list
2026-08-24 17:53:58,929 | ApplicationRunner | INFO | Selected top 10 removed successfully and the final table is arranged in decending order
2026-08-24 17:53:58,929 | ApplicationRunner | INFO | pipelinerun completed successfully
