2026-07-07 05:12:38,693 | ML Pipeline | INFO | Starting the Machine learning flow
2026-07-07 05:12:38,693 | Pipelinerunner | INFO | Starting with the scoring pipeline
2026-07-07 05:12:38,693 | Pipelinerunner | INFO | Reading the datafiles
2026-07-07 05:12:38,693 | Pipelinerunner | INFO | Loading the datafile 1_4_hpa_rna_celline
2026-07-07 05:12:38,693 | Utils | INFO | Attempting to read raw data asset: 1_4_hpa_rna_celline from subfolder: gene expression
2026-07-07 05:12:51,701 | Utils | INFO | File has been read returning the file
2026-07-07 05:12:51,711 | Pipelinerunner | INFO | Loading of the datafile 1_4_hpa_rna_celline completed
2026-07-07 05:12:51,713 | Pipelinerunner | INFO | Loading the datafile 2_DepMap_OmicsExpressionAllGenesTPMLogp1Profile
2026-07-07 05:12:51,714 | Utils | INFO | Attempting to read raw data asset: 2_DepMap_OmicsExpressionAllGenesTPMLogp1Profile from subfolder: gene expression
2026-07-07 05:13:21,757 | Utils | INFO | File has been read returning the file
2026-07-07 05:13:21,757 | Pipelinerunner | INFO | Loading of the datafile 2_DepMap_OmicsExpressionAllGenesTPMLogp1Profile completed
2026-07-07 05:13:21,758 | Pipelinerunner | INFO | Loading the datafile 3_GEOexpression
2026-07-07 05:13:21,758 | Utils | INFO | Attempting to read raw data asset: 3_GEOexpression from subfolder: gene expression
2026-07-07 05:13:30,904 | Utils | INFO | File has been read returning the file
2026-07-07 05:13:30,904 | Pipelinerunner | INFO | Loading of the datafile 3_GEOexpression completed
2026-07-07 05:13:30,905 | Pipelinerunner | INFO | Loading the datafile 4_Harmonized_MS_CCLE_Gygi_subsetted
2026-07-07 05:13:30,905 | Utils | INFO | Attempting to read raw data asset: 4_Harmonized_MS_CCLE_Gygi_subsetted from subfolder: gene expression
2026-07-07 05:13:31,935 | Utils | INFO | File has been read returning the file
2026-07-07 05:13:31,935 | Pipelinerunner | INFO | Loading of the datafile 4_Harmonized_MS_CCLE_Gygi_subsetted completed
2026-07-07 05:13:31,936 | Pipelinerunner | INFO | Loading the datafile 5_OmicsFusionFilteredSupplementary
2026-07-07 05:13:31,936 | Utils | INFO | Attempting to read raw data asset: 5_OmicsFusionFilteredSupplementary from subfolder: gene properties
2026-07-07 05:13:32,850 | Utils | INFO | File has been read returning the file
2026-07-07 05:13:32,850 | Pipelinerunner | INFO | Loading of the datafile 5_OmicsFusionFilteredSupplementary completed
2026-07-07 05:13:32,850 | Pipelinerunner | INFO | Loading the datafile 6_OmicsSomaticMutationsProfile
2026-07-07 05:13:32,850 | Utils | INFO | Attempting to read raw data asset: 6_OmicsSomaticMutationsProfile from subfolder: gene properties
2026-07-07 05:13:41,422 | Utils | INFO | File has been read returning the file
2026-07-07 05:13:41,423 | Pipelinerunner | INFO | Loading of the datafile 6_OmicsSomaticMutationsProfile completed
2026-07-07 05:13:41,423 | Pipelinerunner | INFO | Loading the datafile 12_CCLE_metabolomics_20190502
2026-07-07 05:13:41,423 | Utils | INFO | Attempting to read raw data asset: 12_CCLE_metabolomics_20190502 from subfolder: non gene expression
2026-07-07 05:13:41,458 | Utils | INFO | File has been read returning the file
2026-07-07 05:13:41,458 | Pipelinerunner | INFO | Loading of the datafile 12_CCLE_metabolomics_20190502 completed
2026-07-07 05:13:41,458 | Pipelinerunner | INFO | Loading the datafile 14_OmicsGlobalSignatures
2026-07-07 05:13:41,458 | Utils | INFO | Attempting to read raw data asset: 14_OmicsGlobalSignatures from subfolder: non gene expression
2026-07-07 05:13:41,471 | Utils | INFO | File has been read returning the file
2026-07-07 05:13:41,471 | Pipelinerunner | INFO | Loading of the datafile 14_OmicsGlobalSignatures completed
2026-07-07 05:13:41,471 | Pipelinerunner | INFO | Loading of all the data file has been completed
2026-07-07 05:13:41,472 | Pipelinerunner | INFO | Starting the cleaning of the files
2026-07-07 05:13:41,472 | Pipelinerunner | INFO | Starting the cleaning of hpa_rna files
2026-07-07 05:13:41,472 | Data Cleaner | INFO | Starting Data Cleaning Process for File Number: 1
2026-07-07 05:13:41,472 | Data Cleaner | INFO | Initial raw dataset shape: (24315372, 6)
2026-07-07 05:13:42,414 | Data Cleaner | INFO | Reshaping data_df to map Cell lines against Genes
2026-07-07 05:13:52,688 | Data Cleaner | ERROR | The pipeline failed in the Data Cleaner execution for file 1 with error: Unable to allocate 186. MiB for an array with shape (24315372,) and data type int64
2026-07-07 05:13:52,689 | Pipelinerunner | ERROR | The pipeline failed in the pipelinerunner run with error: Unable to allocate 186. MiB for an array with shape (24315372,) and data type int64
2026-07-07 05:13:52,690 | ML Pipeline | ERROR | The pipeline failed in the model run with error: Unable to allocate 186. MiB for an array with shape (24315372,) and data type int64
2026-07-07 05:14:48,905 | ML Pipeline | INFO | Starting the Machine learning flow
2026-07-07 05:14:48,905 | Pipelinerunner | INFO | Starting with the scoring pipeline
2026-07-07 05:14:48,905 | Pipelinerunner | INFO | Reading the datafiles
2026-07-07 05:14:48,905 | Pipelinerunner | INFO | Loading the datafile 1_4_hpa_rna_celline
2026-07-07 05:14:48,905 | Utils | INFO | Attempting to read raw data asset: 1_4_hpa_rna_celline from subfolder: gene expression
2026-07-07 05:15:01,134 | Utils | INFO | File has been read returning the file
2026-07-07 05:15:01,134 | Pipelinerunner | INFO | Loading of the datafile 1_4_hpa_rna_celline completed
2026-07-07 05:15:01,135 | Pipelinerunner | INFO | Loading the datafile 2_DepMap_OmicsExpressionAllGenesTPMLogp1Profile
2026-07-07 05:15:01,135 | Utils | INFO | Attempting to read raw data asset: 2_DepMap_OmicsExpressionAllGenesTPMLogp1Profile from subfolder: gene expression
2026-07-07 05:15:30,341 | Utils | INFO | File has been read returning the file
2026-07-07 05:15:30,342 | Pipelinerunner | INFO | Loading of the datafile 2_DepMap_OmicsExpressionAllGenesTPMLogp1Profile completed
2026-07-07 05:15:30,343 | Pipelinerunner | INFO | Loading the datafile 3_GEOexpression
2026-07-07 05:15:30,343 | Utils | INFO | Attempting to read raw data asset: 3_GEOexpression from subfolder: gene expression
2026-07-07 05:15:39,443 | Utils | INFO | File has been read returning the file
2026-07-07 05:15:39,444 | Pipelinerunner | INFO | Loading of the datafile 3_GEOexpression completed
2026-07-07 05:15:39,444 | Pipelinerunner | INFO | Loading the datafile 4_Harmonized_MS_CCLE_Gygi_subsetted
2026-07-07 05:15:39,444 | Utils | INFO | Attempting to read raw data asset: 4_Harmonized_MS_CCLE_Gygi_subsetted from subfolder: gene expression
2026-07-07 05:15:40,427 | Utils | INFO | File has been read returning the file
2026-07-07 05:15:40,427 | Pipelinerunner | INFO | Loading of the datafile 4_Harmonized_MS_CCLE_Gygi_subsetted completed
2026-07-07 05:15:40,428 | Pipelinerunner | INFO | Loading the datafile 5_OmicsFusionFilteredSupplementary
2026-07-07 05:15:40,428 | Utils | INFO | Attempting to read raw data asset: 5_OmicsFusionFilteredSupplementary from subfolder: gene properties
2026-07-07 05:15:41,363 | Utils | INFO | File has been read returning the file
2026-07-07 05:15:41,363 | Pipelinerunner | INFO | Loading of the datafile 5_OmicsFusionFilteredSupplementary completed
2026-07-07 05:15:41,363 | Pipelinerunner | INFO | Loading the datafile 6_OmicsSomaticMutationsProfile
2026-07-07 05:15:41,363 | Utils | INFO | Attempting to read raw data asset: 6_OmicsSomaticMutationsProfile from subfolder: gene properties
2026-07-07 05:15:50,099 | Utils | INFO | File has been read returning the file
2026-07-07 05:15:50,099 | Pipelinerunner | INFO | Loading of the datafile 6_OmicsSomaticMutationsProfile completed
2026-07-07 05:15:50,100 | Pipelinerunner | INFO | Loading the datafile 12_CCLE_metabolomics_20190502
2026-07-07 05:15:50,100 | Utils | INFO | Attempting to read raw data asset: 12_CCLE_metabolomics_20190502 from subfolder: non gene expression
2026-07-07 05:15:50,141 | Utils | INFO | File has been read returning the file
2026-07-07 05:15:50,141 | Pipelinerunner | INFO | Loading of the datafile 12_CCLE_metabolomics_20190502 completed
2026-07-07 05:15:50,142 | Pipelinerunner | INFO | Loading the datafile 14_OmicsGlobalSignatures
2026-07-07 05:15:50,142 | Utils | INFO | Attempting to read raw data asset: 14_OmicsGlobalSignatures from subfolder: non gene expression
2026-07-07 05:15:50,155 | Utils | INFO | File has been read returning the file
2026-07-07 05:15:50,155 | Pipelinerunner | INFO | Loading of the datafile 14_OmicsGlobalSignatures completed
2026-07-07 05:15:50,155 | Pipelinerunner | INFO | Loading of all the data file has been completed
2026-07-07 05:15:50,155 | Pipelinerunner | INFO | Starting the cleaning of the files
2026-07-07 05:15:50,155 | Pipelinerunner | INFO | Starting the cleaning of hpa_rna files
2026-07-07 05:15:50,156 | Data Cleaner | INFO | Starting Data Cleaning Process for File Number: 1
2026-07-07 05:15:50,156 | Data Cleaner | INFO | Initial raw dataset shape: (24315372, 6)
2026-07-07 05:15:50,511 | Data Cleaner | INFO | Reshaping data_df to map Cell lines against Genes
2026-07-07 05:15:59,348 | Data Cleaner | ERROR | The pipeline failed in the Data Cleaner execution for file 1 with error: Unable to allocate 186. MiB for an array with shape (24315372,) and data type int64
2026-07-07 05:15:59,349 | Pipelinerunner | ERROR | The pipeline failed in the pipelinerunner run with error: Unable to allocate 186. MiB for an array with shape (24315372,) and data type int64
2026-07-07 05:15:59,350 | ML Pipeline | ERROR | The pipeline failed in the model run with error: Unable to allocate 186. MiB for an array with shape (24315372,) and data type int64
2026-07-07 05:22:41,429 | ML Pipeline | INFO | Starting the Machine learning flow
2026-07-07 05:22:41,430 | Pipelinerunner | INFO | Starting the pipeline runner
2026-07-07 05:22:41,430 | Pipelinerunner | INFO | Starting cleaning stage (one file at a time to bound memory)
2026-07-07 05:22:41,430 | Pipelinerunner | INFO | Loading raw datafile 1_4_hpa_rna_celline
2026-07-07 05:22:41,430 | Utils | INFO | Attempting to read raw data asset: 1_4_hpa_rna_celline from subfolder: gene expression
2026-07-07 05:22:54,013 | Utils | INFO | File has been read returning the file
2026-07-07 05:22:54,014 | Pipelinerunner | INFO | Cleaning datafile 1_4_hpa_rna_celline
2026-07-07 05:22:54,014 | Data Cleaner | INFO | Starting Data Cleaning Process for File Number: 1
2026-07-07 05:22:54,015 | Data Cleaner | INFO | Initial raw dataset shape: (24315372, 6)
2026-07-07 05:22:54,333 | Data Cleaner | INFO | Reshaping data_df to map Cell lines against Genes
2026-07-07 05:23:04,179 | Data Cleaner | INFO | Reshaped DataFrame shape: (1206, 20163)
2026-07-07 05:23:04,766 | Data Cleaner | INFO | Reading nomenclature 9_DepMap_sample_info mapping data
2026-07-07 05:23:04,767 | Utils | INFO | Attempting to read raw data asset: 9_DepMap_sample_info from subfolder: nomenclature
2026-07-07 05:23:04,788 | Utils | INFO | File has been read returning the file
2026-07-07 05:23:04,789 | Data Cleaner | INFO | Executing primary merge via standard cell line names
2026-07-07 05:23:04,810 | Data Cleaner | INFO | Executing fallback merge via stripped cell line names for missing mapping profiles
2026-07-07 05:23:04,841 | Data Cleaner | INFO | Remaining NaN DepMap_IDs: 281
2026-07-07 05:23:04,842 | Data Cleaner | INFO | NaN 'Cell line' entries: 0
2026-07-07 05:23:04,843 | Data Cleaner | INFO | Duplicate values present in DepMap_ID: 280
2026-07-07 05:23:04,843 | Data Cleaner | INFO | Final structured shape before saving: (1206, 20164)
2026-07-07 05:23:04,846 | Data Cleaner | INFO | Saving processed HPA RNA data
2026-07-07 05:23:04,847 | Utils | INFO | Initiating save routine for file: 1_4_hpa_rna_celline.csv into directory: cleaned_data/gene expression
2026-07-07 05:23:04,847 | Utils | INFO | Creating missing directory destination structure: C:\Users\Shankar\Desktop\AstraZeneca\code\astrazeneca\CelllineSelector\data\cleaned_data\gene expression
2026-07-07 05:23:20,994 | Utils | INFO | Data frame successfully serialized to: C:\Users\Shankar\Desktop\AstraZeneca\code\astrazeneca\CelllineSelector\data\cleaned_data\gene expression\1_4_hpa_rna_celline.csv
2026-07-07 05:23:20,996 | Data Cleaner | INFO | File 1 successfully processed and verified
2026-07-07 05:23:21,104 | Pipelinerunner | INFO | Cleaned and released 1_4_hpa_rna_celline from memory
2026-07-07 05:23:21,104 | Pipelinerunner | INFO | Loading raw datafile 2_DepMap_OmicsExpressionAllGenesTPMLogp1Profile
2026-07-07 05:23:21,104 | Utils | INFO | Attempting to read raw data asset: 2_DepMap_OmicsExpressionAllGenesTPMLogp1Profile from subfolder: gene expression
2026-07-07 05:23:50,093 | Utils | INFO | File has been read returning the file
2026-07-07 05:23:50,093 | Pipelinerunner | INFO | Cleaning datafile 2_DepMap_OmicsExpressionAllGenesTPMLogp1Profile
2026-07-07 05:23:50,094 | Data Cleaner | INFO | Starting Data Cleaning Process for File Number: 2
2026-07-07 05:23:50,094 | Data Cleaner | INFO | Initial raw dataset shape: (1495, 53962)
2026-07-07 05:23:50,094 | Data Cleaner | INFO | Cleaning and parsing Ensembl IDs from headers
2026-07-07 05:23:50,270 | Data Cleaner | INFO | Ensembl parsed DataFrame shape: (1495, 53962)
2026-07-07 05:23:50,270 | Utils | INFO | Attempting to read raw data asset: mart_export from subfolder: mart_export
2026-07-07 05:23:50,567 | Utils | INFO | File has been read returning the file
2026-07-07 05:23:50,567 | Data Cleaner | INFO | Filtering matrix to track protein coding genes using BioMart specs
2026-07-07 05:23:50,964 | Data Cleaner | INFO | Protein-coding filtered shape: (1495, 19919)
2026-07-07 05:23:50,964 | Data Cleaner | INFO | Mapping profile records to unified ModelIDs
2026-07-07 05:23:50,964 | Utils | INFO | Attempting to read raw data asset: 8_DepMap_OmicsProfiles from subfolder: nomenclature
2026-07-07 05:23:50,972 | Utils | INFO | File has been read returning the file
2026-07-07 05:23:51,962 | Data Cleaner | INFO | Final unique ModelID table shape: (1479, 19920)
2026-07-07 05:23:51,962 | Data Cleaner | INFO | Saving processed DepMap expression data matrix
2026-07-07 05:23:51,963 | Utils | INFO | Initiating save routine for file: 2_DepMap_OmicsExpressionAllGenesTPMLogp1Profile.csv into directory: cleaned_data/gene expression
2026-07-07 05:25:21,159 | Utils | INFO | Data frame successfully serialized to: C:\Users\Shankar\Desktop\AstraZeneca\code\astrazeneca\CelllineSelector\data\cleaned_data\gene expression\2_DepMap_OmicsExpressionAllGenesTPMLogp1Profile.csv
2026-07-07 05:25:21,160 | Data Cleaner | INFO | File 2 successfully processed and verified
2026-07-07 05:25:21,606 | Pipelinerunner | INFO | Cleaned and released 2_DepMap_OmicsExpressionAllGenesTPMLogp1Profile from memory
2026-07-07 05:25:21,606 | Pipelinerunner | INFO | Loading raw datafile 3_GEOexpression
2026-07-07 05:25:21,606 | Utils | INFO | Attempting to read raw data asset: 3_GEOexpression from subfolder: gene expression
2026-07-07 05:25:29,010 | Utils | INFO | File has been read returning the file
2026-07-07 05:25:29,010 | Pipelinerunner | INFO | Cleaning datafile 3_GEOexpression
2026-07-07 05:25:29,011 | Data Cleaner | INFO | Starting Data Cleaning Process for File Number: 3
2026-07-07 05:25:29,011 | Data Cleaner | INFO | Initial raw dataset shape: (19914, 3268)
2026-07-07 05:25:29,011 | Data Cleaner | INFO | Applying element-wise log2 transformation matrix
2026-07-07 05:25:30,126 | Data Cleaner | INFO | Transformed matrix layout shape: (19914, 3268)
2026-07-07 05:25:30,126 | Data Cleaner | INFO | Saving processed GEO expression dataset
2026-07-07 05:25:30,126 | Utils | INFO | Initiating save routine for file: 3_GEOexpression.csv into directory: cleaned_data/gene expression
2026-07-07 05:26:45,676 | Utils | INFO | Data frame successfully serialized to: C:\Users\Shankar\Desktop\AstraZeneca\code\astrazeneca\CelllineSelector\data\cleaned_data\gene expression\3_GEOexpression.csv
2026-07-07 05:26:45,677 | Data Cleaner | INFO | File 3 successfully processed and verified.
2026-07-07 05:26:45,853 | Pipelinerunner | INFO | Cleaned and released 3_GEOexpression from memory
2026-07-07 05:26:45,854 | Pipelinerunner | INFO | Loading raw datafile 4_Harmonized_MS_CCLE_Gygi_subsetted
2026-07-07 05:26:45,854 | Utils | INFO | Attempting to read raw data asset: 4_Harmonized_MS_CCLE_Gygi_subsetted from subfolder: gene expression
2026-07-07 05:26:46,641 | Utils | INFO | File has been read returning the file
2026-07-07 05:26:46,641 | Pipelinerunner | INFO | Cleaning datafile 4_Harmonized_MS_CCLE_Gygi_subsetted
2026-07-07 05:26:46,641 | Data Cleaner | INFO | Starting Data Cleaning Process for File Number: 4
2026-07-07 05:26:46,641 | Data Cleaner | INFO | Initial raw dataset shape: (375, 12559)
2026-07-07 05:26:46,772 | Data Cleaner | INFO | Stripping down complex multi-omic feature string suffixes
2026-07-07 05:26:46,789 | Data Cleaner | INFO | Normalized column headers shape: (375, 12559)
2026-07-07 05:26:46,790 | Data Cleaner | INFO | Saving processed Mass Spec data matrix
2026-07-07 05:26:46,791 | Utils | INFO | Initiating save routine for file: 4_harmonized_ms_cellline_cleaned.csv into directory: cleaned_data/gene expression
2026-07-07 05:26:57,777 | Utils | INFO | Data frame successfully serialized to: C:\Users\Shankar\Desktop\AstraZeneca\code\astrazeneca\CelllineSelector\data\cleaned_data\gene expression\4_harmonized_ms_cellline_cleaned.csv
2026-07-07 05:26:57,778 | Data Cleaner | INFO | File 4 successfully processed and verified.
2026-07-07 05:26:57,900 | Pipelinerunner | INFO | Cleaned and released 4_Harmonized_MS_CCLE_Gygi_subsetted from memory
2026-07-07 05:26:57,900 | Pipelinerunner | INFO | Loading raw datafile 5_OmicsFusionFilteredSupplementary
2026-07-07 05:26:57,900 | Utils | INFO | Attempting to read raw data asset: 5_OmicsFusionFilteredSupplementary from subfolder: gene properties
2026-07-07 05:26:58,687 | Utils | INFO | File has been read returning the file
2026-07-07 05:26:58,687 | Pipelinerunner | INFO | Cleaning datafile 5_OmicsFusionFilteredSupplementary
2026-07-07 05:26:58,687 | Data Cleaner | INFO | Starting Data Cleaning Process for File Number: 5
2026-07-07 05:26:58,687 | Data Cleaner | INFO | Initial raw dataset shape: (184237, 30)
2026-07-07 05:26:58,689 | Data Cleaner | INFO | Parsing combined gene notation elements into component targets
2026-07-07 05:26:59,558 | Data Cleaner | INFO | Parsed fusion records shape: (184237, 31)
2026-07-07 05:26:59,559 | Data Cleaner | INFO | Saving filtered structural fusion matrix
2026-07-07 05:26:59,559 | Utils | INFO | Initiating save routine for file: 5_OmicsFusionFilteredSupplementary.csv into directory: cleaned_data/gene properties
2026-07-07 05:26:59,559 | Utils | INFO | Creating missing directory destination structure: C:\Users\Shankar\Desktop\AstraZeneca\code\astrazeneca\CelllineSelector\data\cleaned_data\gene properties
2026-07-07 05:27:00,995 | Utils | INFO | Data frame successfully serialized to: C:\Users\Shankar\Desktop\AstraZeneca\code\astrazeneca\CelllineSelector\data\cleaned_data\gene properties\5_OmicsFusionFilteredSupplementary.csv
2026-07-07 05:27:00,995 | Data Cleaner | INFO | File 5 successfully processed and verified.
2026-07-07 05:27:01,100 | Pipelinerunner | INFO | Cleaned and released 5_OmicsFusionFilteredSupplementary from memory
2026-07-07 05:27:01,101 | Pipelinerunner | INFO | Loading raw datafile 6_OmicsSomaticMutationsProfile
2026-07-07 05:27:01,101 | Utils | INFO | Attempting to read raw data asset: 6_OmicsSomaticMutationsProfile from subfolder: gene properties
2026-07-07 05:27:09,328 | Utils | INFO | File has been read returning the file
2026-07-07 05:27:09,329 | Pipelinerunner | INFO | Cleaning datafile 6_OmicsSomaticMutationsProfile
2026-07-07 05:27:09,329 | Data Cleaner | INFO | Starting Data Cleaning Process for File Number: 6
2026-07-07 05:27:09,329 | Data Cleaner | INFO | Initial raw dataset shape: (1066869, 70)
2026-07-07 05:27:09,329 | Data Cleaner | INFO | Merging somatic mutational vectors to core profile indices
2026-07-07 05:27:09,329 | Utils | INFO | Attempting to read raw data asset: 8_DepMap_OmicsProfiles from subfolder: nomenclature
2026-07-07 05:27:09,337 | Utils | INFO | File has been read returning the file
2026-07-07 05:27:09,565 | Data Cleaner | INFO | ModelID structural duplicates: 1065124
2026-07-07 05:27:11,798 | Data Cleaner | INFO | Total row duplicate signatures: 0
2026-07-07 05:27:11,804 | Data Cleaner | INFO | Null occurrences in ModelID tracking: 152885
2026-07-07 05:27:11,805 | Data Cleaner | INFO | Null occurrences in ProfileID tracking: 0
2026-07-07 05:27:11,806 | Data Cleaner | INFO | Final output shape: (1066869, 71)
2026-07-07 05:27:11,806 | Data Cleaner | INFO | Saving mutation profile configurations
2026-07-07 05:27:11,806 | Utils | INFO | Initiating save routine for file: 6_OmicsSomaticMutationsProfile.csv into directory: cleaned_data/gene properties
2026-07-07 05:27:31,087 | Utils | INFO | Data frame successfully serialized to: C:\Users\Shankar\Desktop\AstraZeneca\code\astrazeneca\CelllineSelector\data\cleaned_data\gene properties\6_OmicsSomaticMutationsProfile.csv
2026-07-07 05:27:31,087 | Data Cleaner | INFO | File 6 successfully processed and verified.
2026-07-07 05:27:31,202 | Pipelinerunner | INFO | Cleaned and released 6_OmicsSomaticMutationsProfile from memory
2026-07-07 05:27:31,203 | Pipelinerunner | INFO | Loading raw datafile 12_CCLE_metabolomics_20190502
2026-07-07 05:27:31,203 | Utils | INFO | Attempting to read raw data asset: 12_CCLE_metabolomics_20190502 from subfolder: non gene expression
2026-07-07 05:27:31,229 | Utils | INFO | File has been read returning the file
2026-07-07 05:27:31,229 | Pipelinerunner | INFO | Cleaning datafile 12_CCLE_metabolomics_20190502
2026-07-07 05:27:31,229 | Data Cleaner | INFO | Starting Data Cleaning Process for File Number: 12
2026-07-07 05:27:31,229 | Data Cleaner | INFO | Initial raw dataset shape: (928, 227)
2026-07-07 05:27:31,230 | Data Cleaner | INFO | Standardized metabolomics shape: (928, 227)
2026-07-07 05:27:31,231 | Data Cleaner | INFO | Saving baseline metabolomics array
2026-07-07 05:27:31,231 | Utils | INFO | Initiating save routine for file: 12_CCLE_metabolomics_20190502.csv into directory: cleaned_data/non gene expression
2026-07-07 05:27:31,231 | Utils | INFO | Creating missing directory destination structure: C:\Users\Shankar\Desktop\AstraZeneca\code\astrazeneca\CelllineSelector\data\cleaned_data\non gene expression
2026-07-07 05:27:31,349 | Utils | INFO | Data frame successfully serialized to: C:\Users\Shankar\Desktop\AstraZeneca\code\astrazeneca\CelllineSelector\data\cleaned_data\non gene expression\12_CCLE_metabolomics_20190502.csv
2026-07-07 05:27:31,349 | Data Cleaner | INFO | File 12 successfully processed and verified.
2026-07-07 05:27:31,432 | Pipelinerunner | INFO | Cleaned and released 12_CCLE_metabolomics_20190502 from memory
2026-07-07 05:27:31,432 | Pipelinerunner | INFO | Loading raw datafile 14_OmicsGlobalSignatures
2026-07-07 05:27:31,432 | Utils | INFO | Attempting to read raw data asset: 14_OmicsGlobalSignatures from subfolder: non gene expression
2026-07-07 05:27:31,441 | Utils | INFO | File has been read returning the file
2026-07-07 05:27:31,441 | Pipelinerunner | INFO | Cleaning datafile 14_OmicsGlobalSignatures
2026-07-07 05:27:31,441 | Data Cleaner | INFO | Starting Data Cleaning Process for File Number: 14
2026-07-07 05:27:31,441 | Data Cleaner | INFO | Initial raw dataset shape: (3021, 12)
2026-07-07 05:27:31,444 | Data Cleaner | INFO | Isolating records containing standard 'IsDefaultEntryForModel' flags
2026-07-07 05:27:31,446 | Data Cleaner | INFO | Filtered default profile shape: (1955, 11)
2026-07-07 05:27:31,446 | Data Cleaner | INFO | Saving standard multi-omics profile matrix
2026-07-07 05:27:31,446 | Utils | INFO | Initiating save routine for file: 14_OmicsGlobalSignatures.csv into directory: cleaned_data/non gene expression
2026-07-07 05:27:31,455 | Utils | INFO | Data frame successfully serialized to: C:\Users\Shankar\Desktop\AstraZeneca\code\astrazeneca\CelllineSelector\data\cleaned_data\non gene expression\14_OmicsGlobalSignatures.csv
2026-07-07 05:27:31,456 | Data Cleaner | INFO | File 14 successfully processed and verified.
2026-07-07 05:27:31,539 | Pipelinerunner | INFO | Cleaned and released 14_OmicsGlobalSignatures from memory
2026-07-07 05:27:31,539 | Pipelinerunner | INFO | Cleaning stage complete — all cleaned files persisted to disk
2026-07-07 05:27:31,626 | Pipelinerunner | INFO | Starting the Model Pipeline
2026-07-07 05:27:31,627 | Pipelinerunner | INFO | Model: reading cleaned depmap expression from disk
2026-07-07 05:27:31,627 | Utils | INFO | Reading structured dataset: 2_DepMap_OmicsExpressionAllGenesTPMLogp1Profile.csv from path: cleaned_data/gene expression
2026-07-07 05:27:38,427 | Utils | INFO | Successfully loaded file. Calculated shape: (1479, 19920)
2026-07-07 05:27:38,428 | Pipelinerunner | INFO | Model: preprocessing depmap expression (z-score)
2026-07-07 05:27:38,623 | Preprocessing | INFO | Starting standard scaling transformation (Z-score)
2026-07-07 05:27:39,512 | Preprocessing | INFO | Standard scaling completed successfully.
2026-07-07 05:27:45,633 | Pipelinerunner | INFO | Model: reading cleaned harmonized MS (proteomics) from disk
2026-07-07 05:27:45,634 | Utils | INFO | Reading structured dataset: 4_harmonized_ms_cellline_cleaned.csv from path: cleaned_data/gene expression
2026-07-07 05:27:46,534 | Utils | INFO | Successfully loaded file. Calculated shape: (375, 12559)
2026-07-07 05:27:46,534 | Pipelinerunner | INFO | Model: reading cleaned metabolomics from disk
2026-07-07 05:27:46,534 | Utils | INFO | Reading structured dataset: 12_CCLE_metabolomics_20190502.csv from path: cleaned_data/non gene expression
2026-07-07 05:27:46,572 | Utils | INFO | Successfully loaded file. Calculated shape: (928, 227)
2026-07-07 05:27:46,590 | Preprocessing | INFO | Starting standard scaling transformation (Z-score)
2026-07-07 05:27:46,599 | Preprocessing | INFO | Standard scaling completed successfully.
2026-07-07 05:27:46,603 | Pipelinerunner | INFO | Model: reading cleaned global signatures from disk
2026-07-07 05:27:46,603 | Utils | INFO | Reading structured dataset: 14_OmicsGlobalSignatures.csv from path: cleaned_data/non gene expression
2026-07-07 05:27:46,620 | Utils | INFO | Successfully loaded file. Calculated shape: (1955, 11)
2026-07-07 05:27:46,627 | Preprocessing | INFO | Starting standard scaling transformation (Z-score)
2026-07-07 05:27:46,630 | Preprocessing | INFO | Standard scaling completed successfully.
2026-07-07 05:27:46,630 | Pipelinerunner | INFO | Model: preparing MOFA factors
2026-07-07 05:27:46,630 | Preprocessing | INFO | Starting Multi-Omics MOFA Matrix Construction Step
2026-07-07 05:27:46,630 | Preprocessing | INFO | Dropping ProfileID metadata column from the modeling tracking matrix.
2026-07-07 05:27:46,837 | Preprocessing | INFO | Sorting baseline expression records by ModelID numerical suffix
2026-07-07 05:27:47,252 | Preprocessing | INFO | Master index established with 1479 unique ModelIDs
2026-07-07 05:27:47,252 | Preprocessing | INFO | Aligning multi-omic tracking views across master ModelID mapping space
2026-07-07 05:27:47,822 | Preprocessing | INFO | Dropping non-feature metadata keys from omic dataframes
2026-07-07 05:27:48,551 | Preprocessing | INFO | View shapes -> RNA:(1479, 19918) Prot:(1479, 12558) Metab:(1479, 225) GlobalSig:(1479, 6)
2026-07-07 05:27:48,552 | Preprocessing | INFO | Initializing mofapy2 execution workspace configurations
2026-07-07 05:27:52,427 | Preprocessing | INFO | Building MOFA model graph layers
2026-07-07 05:27:58,394 | Preprocessing | INFO | Running MOFA variational inference optimization loop
2026-07-07 05:52:01,728 | Preprocessing | INFO | Extracting latent space expectation values (Z node)
2026-07-07 05:52:01,729 | Utils | INFO | Initiating save routine for file: multiomincsfactor.csv into directory: mofa_data/multiomincsfactor
2026-07-07 05:52:01,729 | Utils | INFO | Creating missing directory destination structure: C:\Users\Shankar\Desktop\AstraZeneca\code\astrazeneca\CelllineSelector\data\mofa_data\multiomincsfactor
2026-07-07 05:52:01,765 | Utils | INFO | Data frame successfully serialized to: C:\Users\Shankar\Desktop\AstraZeneca\code\astrazeneca\CelllineSelector\data\mofa_data\multiomincsfactor\multiomincsfactor.csv
2026-07-07 05:52:01,765 | Preprocessing | INFO | Extracting view-specific feature loading weights (W node) for RNA view
2026-07-07 05:52:01,770 | Preprocessing | INFO | Extracted RNA weight matrix layout shape: (19918, 20)
2026-07-07 05:52:01,770 | Utils | INFO | Initiating save routine for file: rnafactor.csv into directory: mofa_data/rnafactor
2026-07-07 05:52:01,770 | Utils | INFO | Creating missing directory destination structure: C:\Users\Shankar\Desktop\AstraZeneca\code\astrazeneca\CelllineSelector\data\mofa_data\rnafactor
2026-07-07 05:52:02,011 | Utils | INFO | Data frame successfully serialized to: C:\Users\Shankar\Desktop\AstraZeneca\code\astrazeneca\CelllineSelector\data\mofa_data\rnafactor\rnafactor.csv
2026-07-07 05:52:02,011 | Preprocessing | INFO | Multi-omics factor and weight extraction run completed successfully.
2026-07-07 05:52:02,247 | Pipelinerunner | INFO | Model: MOFA preparation completed; inputs released
2026-07-07 05:52:02,247 | Pipelinerunner | INFO | Model: training KMeans on MOFA factors
2026-07-07 05:52:02,247 | Training | INFO | Starting KMeans Unsupervised Clustering Routine
2026-07-07 05:52:02,254 | Training | INFO | Target verification complete: Directory C:\Users\Shankar\Desktop\AstraZeneca\code\astrazeneca\CelllineSelector\artifacts already exists.
2026-07-07 05:52:02,255 | Training | INFO | Extracted feature grid array shape for KMeans training: (1479, 20)
2026-07-07 05:52:02,255 | Training | INFO | Initializing KMeans execution block with K=26
2026-07-07 05:52:02,433 | Training | INFO | Saving serialized KMeans pipeline estimator binary artifact
2026-07-07 05:52:02,433 | Utils | INFO | Attempting to write binary pipeline estimator out to filename: kmeans_model.joblib
2026-07-07 05:52:02,433 | Utils | INFO | Dumping joblib binary payload to path destination: C:\Users\Shankar\Desktop\AstraZeneca\code\astrazeneca\CelllineSelector\models\kmeans_model.joblib
2026-07-07 05:52:02,443 | Utils | INFO | Model saved to location: C:\Users\Shankar\Desktop\AstraZeneca\code\astrazeneca\CelllineSelector\models\kmeans_model.joblib
2026-07-07 05:52:02,445 | Training | INFO | Saving classified cluster label allocations dataframe...
2026-07-07 05:52:02,445 | Utils | INFO | Initiating save routine for file: Kmeansclusters.csv into directory: kmeans_data/kmeans
2026-07-07 05:52:02,445 | Utils | INFO | Creating missing directory destination structure: C:\Users\Shankar\Desktop\AstraZeneca\code\astrazeneca\CelllineSelector\data\kmeans_data\kmeans
2026-07-07 05:52:02,452 | Utils | INFO | Data frame successfully serialized to: C:\Users\Shankar\Desktop\AstraZeneca\code\astrazeneca\CelllineSelector\data\kmeans_data\kmeans\Kmeansclusters.csv
2026-07-07 05:52:02,452 | Training | INFO | Calculating evaluation clustering performance metrics
2026-07-07 05:52:02,506 | Training | INFO | Writing statistical cluster validation scores to: C:\Users\Shankar\Desktop\AstraZeneca\code\astrazeneca\CelllineSelector\artifacts\kmeans_metrics.txt
2026-07-07 05:52:02,507 | Training | INFO | Generating raw latent feature distribution scatter plots
2026-07-07 05:52:03,927 | Training | INFO | Initializing UMAP manifold dimension reduction to visualize cluster boundaries
2026-07-07 05:52:16,495 | Training | INFO | Saving UMAP 2D projection scatter plots to: C:\Users\Shankar\Desktop\AstraZeneca\code\astrazeneca\CelllineSelector\artifacts\kmeans_umap_projection.png
2026-07-07 05:52:16,719 | Training | INFO | KMeans model training and diagnostic artifact pipeline run complete.
2026-07-07 05:52:16,719 | Pipelinerunner | INFO | Model: training KNN on MOFA factors
2026-07-07 05:52:16,719 | Training | INFO | Starting KNN Neighborhood Graph Mapping Routine
2026-07-07 05:52:16,720 | Training | INFO | Extracted feature grid array shape for KNN fitting: (1479, 20)
2026-07-07 05:52:16,720 | Training | INFO | Fitting mathematical unsupervised graph structure with K=6
2026-07-07 05:52:16,773 | Training | INFO | Saving serialized KNN graph matrix state block
2026-07-07 05:52:16,773 | Utils | INFO | Attempting to write binary pipeline estimator out to filename: knn_model.joblib
2026-07-07 05:52:16,774 | Utils | INFO | Dumping joblib binary payload to path destination: C:\Users\Shankar\Desktop\AstraZeneca\code\astrazeneca\CelllineSelector\models\knn_model.joblib
2026-07-07 05:52:16,776 | Utils | INFO | Model saved to location: C:\Users\Shankar\Desktop\AstraZeneca\code\astrazeneca\CelllineSelector\models\knn_model.joblib
2026-07-07 05:52:16,777 | Training | INFO | Saving average neighbor neighborhood distance vector records
2026-07-07 05:52:16,777 | Utils | INFO | Initiating save routine for file: KnnDistances.csv into directory: knn_data/knn
2026-07-07 05:52:16,777 | Utils | INFO | Creating missing directory destination structure: C:\Users\Shankar\Desktop\AstraZeneca\code\astrazeneca\CelllineSelector\data\knn_data\knn
2026-07-07 05:52:16,783 | Utils | INFO | Data frame successfully serialized to: C:\Users\Shankar\Desktop\AstraZeneca\code\astrazeneca\CelllineSelector\data\knn_data\knn\KnnDistances.csv
2026-07-07 05:52:16,783 | Training | INFO | Writing global neighborhood closeness baseline scores to: C:\Users\Shankar\Desktop\AstraZeneca\code\astrazeneca\CelllineSelector\artifacts\knn_metrics.txt
2026-07-07 05:52:16,784 | Training | INFO | Plotting neighborhood local density scatter spaces
2026-07-07 05:52:17,138 | Training | INFO | Constructing decision boundary mesh space for 2D geographic region mapping
2026-07-07 05:52:23,188 | Training | INFO | Saving 2D spatial region area contour projection map to: C:\Users\Shankar\Desktop\AstraZeneca\code\astrazeneca\CelllineSelector\artifacts\knn_umap_area_map.png
2026-07-07 05:52:23,188 | Training | INFO | KNN neighbor model training, mapping, and metric logs complete.
2026-07-07 05:52:23,189 | Pipelinerunner | INFO | Model: testing KMeans
2026-07-07 05:52:23,189 | Testing | INFO | Starting KMeans Inference Validation Test
2026-07-07 05:52:23,189 | Testing | INFO | Reading multi-omics latent factor matrix matrix
2026-07-07 05:52:23,189 | Utils | INFO | Reading structured dataset: multiomincsfactor.csv from path: mofa_data/multiomincsfactor
2026-07-07 05:52:23,208 | Utils | INFO | Successfully loaded file. Calculated shape: (1479, 21)
2026-07-07 05:52:23,209 | Testing | INFO | Target match tracking: Located 3 out of 4 requested validation cell lines.
2026-07-07 05:52:23,210 | Testing | INFO | KMeans inference matrix shape: (3, 20)
2026-07-07 05:52:23,210 | Testing | INFO | Loading serialized KMeans pipeline estimator instance
2026-07-07 05:52:23,210 | Utils | INFO | Attempting to load binary pipeline estimator from storage name: kmeans_model.joblib
2026-07-07 05:52:23,221 | Utils | INFO | Model has been successfully loaded from the path
2026-07-07 05:52:23,221 | Testing | INFO | Executing cluster coordinate predictions
2026-07-07 05:52:23,222 | Testing | ERROR | The pipeline failed in the KMeans validation test block with error: Buffer dtype mismatch, expected 'const double' but got 'float'
2026-07-07 05:52:23,222 | Pipelinerunner | ERROR | The pipeline failed in the model run with error: Buffer dtype mismatch, expected 'const double' but got 'float'
2026-07-07 05:52:23,222 | Pipelinerunner | ERROR | The pipeline failed in the pipelinerunner run with error: Buffer dtype mismatch, expected 'const double' but got 'float'
2026-07-07 05:52:23,223 | ML Pipeline | ERROR | The pipeline failed in the model run with error: Buffer dtype mismatch, expected 'const double' but got 'float'
2026-07-07 06:06:04,058 | ML Pipeline | INFO | Starting the Machine learning flow
2026-07-07 06:06:04,058 | Pipelinerunner | INFO | Starting the pipeline runner
2026-07-07 06:06:04,058 | Pipelinerunner | INFO | Starting cleaning stage (one file at a time to bound memory)
2026-07-07 06:06:04,058 | Pipelinerunner | INFO | Loading raw datafile 1_4_hpa_rna_celline
2026-07-07 06:06:04,058 | Utils | INFO | Attempting to read raw data asset: 1_4_hpa_rna_celline from subfolder: gene expression
2026-07-07 06:06:23,968 | Utils | INFO | File has been read returning the file
2026-07-07 06:06:23,982 | Pipelinerunner | INFO | Cleaning datafile 1_4_hpa_rna_celline
2026-07-07 06:06:23,985 | Data Cleaner | INFO | Starting Data Cleaning Process for File Number: 1
2026-07-07 06:06:23,987 | Data Cleaner | INFO | Initial raw dataset shape: (24315372, 6)
2026-07-07 06:06:24,525 | Data Cleaner | INFO | Reshaping data_df to map Cell lines against Genes
2026-07-07 06:06:35,018 | Data Cleaner | INFO | Reshaped DataFrame shape: (1206, 20163)
2026-07-07 06:06:35,668 | Data Cleaner | INFO | Reading nomenclature 9_DepMap_sample_info mapping data
2026-07-07 06:06:35,668 | Utils | INFO | Attempting to read raw data asset: 9_DepMap_sample_info from subfolder: nomenclature
2026-07-07 06:06:35,683 | Utils | INFO | File has been read returning the file
2026-07-07 06:06:35,686 | Data Cleaner | INFO | Executing primary merge via standard cell line names
2026-07-07 06:06:35,704 | Data Cleaner | INFO | Executing fallback merge via stripped cell line names for missing mapping profiles
2026-07-07 06:06:35,735 | Data Cleaner | INFO | Remaining NaN DepMap_IDs: 281
2026-07-07 06:06:35,735 | Data Cleaner | INFO | NaN 'Cell line' entries: 0
2026-07-07 06:06:35,736 | Data Cleaner | INFO | Duplicate values present in DepMap_ID: 280
2026-07-07 06:06:35,736 | Data Cleaner | INFO | Final structured shape before saving: (1206, 20164)
2026-07-07 06:06:35,739 | Data Cleaner | INFO | Saving processed HPA RNA data
2026-07-07 06:06:35,739 | Utils | INFO | Initiating save routine for file: 1_4_hpa_rna_celline.csv into directory: cleaned_data/gene expression
2026-07-07 06:06:53,367 | Utils | INFO | Data frame successfully serialized to: C:\Users\Shankar\Desktop\AstraZeneca\code\astrazeneca\CelllineSelector\data\cleaned_data\gene expression\1_4_hpa_rna_celline.csv
2026-07-07 06:06:53,367 | Data Cleaner | INFO | File 1 successfully processed and verified
2026-07-07 06:06:53,490 | Pipelinerunner | INFO | Cleaned and released 1_4_hpa_rna_celline from memory
2026-07-07 06:06:53,490 | Pipelinerunner | INFO | Loading raw datafile 2_DepMap_OmicsExpressionAllGenesTPMLogp1Profile
2026-07-07 06:06:53,490 | Utils | INFO | Attempting to read raw data asset: 2_DepMap_OmicsExpressionAllGenesTPMLogp1Profile from subfolder: gene expression
2026-07-07 06:07:21,929 | Utils | INFO | File has been read returning the file
2026-07-07 06:07:21,930 | Pipelinerunner | INFO | Cleaning datafile 2_DepMap_OmicsExpressionAllGenesTPMLogp1Profile
2026-07-07 06:07:21,930 | Data Cleaner | INFO | Starting Data Cleaning Process for File Number: 2
2026-07-07 06:07:21,930 | Data Cleaner | INFO | Initial raw dataset shape: (1495, 53962)
2026-07-07 06:07:21,931 | Data Cleaner | INFO | Cleaning and parsing Ensembl IDs from headers
2026-07-07 06:07:22,108 | Data Cleaner | INFO | Ensembl parsed DataFrame shape: (1495, 53962)
2026-07-07 06:07:22,109 | Utils | INFO | Attempting to read raw data asset: mart_export from subfolder: mart_export
2026-07-07 06:07:22,405 | Utils | INFO | File has been read returning the file
2026-07-07 06:07:22,406 | Data Cleaner | INFO | Filtering matrix to track protein coding genes using BioMart specs
2026-07-07 06:07:22,744 | Data Cleaner | INFO | Protein-coding filtered shape: (1495, 19919)
2026-07-07 06:07:22,744 | Data Cleaner | INFO | Mapping profile records to unified ModelIDs
2026-07-07 06:07:22,744 | Utils | INFO | Attempting to read raw data asset: 8_DepMap_OmicsProfiles from subfolder: nomenclature
2026-07-07 06:07:22,752 | Utils | INFO | File has been read returning the file
2026-07-07 06:07:23,727 | Data Cleaner | INFO | Final unique ModelID table shape: (1479, 19920)
2026-07-07 06:07:23,727 | Data Cleaner | INFO | Saving processed DepMap expression data matrix
2026-07-07 06:07:23,727 | Utils | INFO | Initiating save routine for file: 2_DepMap_OmicsExpressionAllGenesTPMLogp1Profile.csv into directory: cleaned_data/gene expression
2026-07-07 06:08:53,728 | Utils | INFO | Data frame successfully serialized to: C:\Users\Shankar\Desktop\AstraZeneca\code\astrazeneca\CelllineSelector\data\cleaned_data\gene expression\2_DepMap_OmicsExpressionAllGenesTPMLogp1Profile.csv
2026-07-07 06:08:53,728 | Data Cleaner | INFO | File 2 successfully processed and verified
2026-07-07 06:08:54,159 | Pipelinerunner | INFO | Cleaned and released 2_DepMap_OmicsExpressionAllGenesTPMLogp1Profile from memory
2026-07-07 06:08:54,160 | Pipelinerunner | INFO | Loading raw datafile 3_GEOexpression
2026-07-07 06:08:54,160 | Utils | INFO | Attempting to read raw data asset: 3_GEOexpression from subfolder: gene expression
2026-07-07 06:09:01,361 | Utils | INFO | File has been read returning the file
2026-07-07 06:09:01,361 | Pipelinerunner | INFO | Cleaning datafile 3_GEOexpression
2026-07-07 06:09:01,361 | Data Cleaner | INFO | Starting Data Cleaning Process for File Number: 3
2026-07-07 06:09:01,362 | Data Cleaner | INFO | Initial raw dataset shape: (19914, 3268)
2026-07-07 06:09:01,362 | Data Cleaner | INFO | Applying element-wise log2 transformation matrix
2026-07-07 06:09:02,424 | Data Cleaner | INFO | Transformed matrix layout shape: (19914, 3268)
2026-07-07 06:09:02,425 | Data Cleaner | INFO | Saving processed GEO expression dataset
2026-07-07 06:09:02,425 | Utils | INFO | Initiating save routine for file: 3_GEOexpression.csv into directory: cleaned_data/gene expression
2026-07-07 06:10:26,559 | Utils | INFO | Data frame successfully serialized to: C:\Users\Shankar\Desktop\AstraZeneca\code\astrazeneca\CelllineSelector\data\cleaned_data\gene expression\3_GEOexpression.csv
2026-07-07 06:10:26,559 | Data Cleaner | INFO | File 3 successfully processed and verified.
2026-07-07 06:10:26,719 | Pipelinerunner | INFO | Cleaned and released 3_GEOexpression from memory
2026-07-07 06:10:26,719 | Pipelinerunner | INFO | Loading raw datafile 4_Harmonized_MS_CCLE_Gygi_subsetted
2026-07-07 06:10:26,719 | Utils | INFO | Attempting to read raw data asset: 4_Harmonized_MS_CCLE_Gygi_subsetted from subfolder: gene expression
2026-07-07 06:10:27,464 | Utils | INFO | File has been read returning the file
2026-07-07 06:10:27,464 | Pipelinerunner | INFO | Cleaning datafile 4_Harmonized_MS_CCLE_Gygi_subsetted
2026-07-07 06:10:27,465 | Data Cleaner | INFO | Starting Data Cleaning Process for File Number: 4
2026-07-07 06:10:27,465 | Data Cleaner | INFO | Initial raw dataset shape: (375, 12559)
2026-07-07 06:10:27,590 | Data Cleaner | INFO | Stripping down complex multi-omic feature string suffixes
2026-07-07 06:10:27,608 | Data Cleaner | INFO | Normalized column headers shape: (375, 12559)
2026-07-07 06:10:27,608 | Data Cleaner | INFO | Saving processed Mass Spec data matrix
2026-07-07 06:10:27,608 | Utils | INFO | Initiating save routine for file: 4_harmonized_ms_cellline_cleaned.csv into directory: cleaned_data/gene expression
2026-07-07 06:10:38,424 | Utils | INFO | Data frame successfully serialized to: C:\Users\Shankar\Desktop\AstraZeneca\code\astrazeneca\CelllineSelector\data\cleaned_data\gene expression\4_harmonized_ms_cellline_cleaned.csv
2026-07-07 06:10:38,424 | Data Cleaner | INFO | File 4 successfully processed and verified.
2026-07-07 06:10:38,529 | Pipelinerunner | INFO | Cleaned and released 4_Harmonized_MS_CCLE_Gygi_subsetted from memory
2026-07-07 06:10:38,530 | Pipelinerunner | INFO | Loading raw datafile 5_OmicsFusionFilteredSupplementary
2026-07-07 06:10:38,530 | Utils | INFO | Attempting to read raw data asset: 5_OmicsFusionFilteredSupplementary from subfolder: gene properties
2026-07-07 06:10:39,246 | Utils | INFO | File has been read returning the file
2026-07-07 06:10:39,246 | Pipelinerunner | INFO | Cleaning datafile 5_OmicsFusionFilteredSupplementary
2026-07-07 06:10:39,246 | Data Cleaner | INFO | Starting Data Cleaning Process for File Number: 5
2026-07-07 06:10:39,247 | Data Cleaner | INFO | Initial raw dataset shape: (184237, 30)
2026-07-07 06:10:39,248 | Data Cleaner | INFO | Parsing combined gene notation elements into component targets
2026-07-07 06:10:40,028 | Data Cleaner | INFO | Parsed fusion records shape: (184237, 31)
2026-07-07 06:10:40,028 | Data Cleaner | INFO | Saving filtered structural fusion matrix
2026-07-07 06:10:40,029 | Utils | INFO | Initiating save routine for file: 5_OmicsFusionFilteredSupplementary.csv into directory: cleaned_data/gene properties
2026-07-07 06:10:41,393 | Utils | INFO | Data frame successfully serialized to: C:\Users\Shankar\Desktop\AstraZeneca\code\astrazeneca\CelllineSelector\data\cleaned_data\gene properties\5_OmicsFusionFilteredSupplementary.csv
2026-07-07 06:10:41,393 | Data Cleaner | INFO | File 5 successfully processed and verified.
2026-07-07 06:10:41,484 | Pipelinerunner | INFO | Cleaned and released 5_OmicsFusionFilteredSupplementary from memory
2026-07-07 06:10:41,484 | Pipelinerunner | INFO | Loading raw datafile 6_OmicsSomaticMutationsProfile
2026-07-07 06:10:41,485 | Utils | INFO | Attempting to read raw data asset: 6_OmicsSomaticMutationsProfile from subfolder: gene properties
2026-07-07 06:10:49,511 | Utils | INFO | File has been read returning the file
2026-07-07 06:10:49,512 | Pipelinerunner | INFO | Cleaning datafile 6_OmicsSomaticMutationsProfile
2026-07-07 06:10:49,512 | Data Cleaner | INFO | Starting Data Cleaning Process for File Number: 6
2026-07-07 06:10:49,512 | Data Cleaner | INFO | Initial raw dataset shape: (1066869, 70)
2026-07-07 06:10:49,512 | Data Cleaner | INFO | Merging somatic mutational vectors to core profile indices
2026-07-07 06:10:49,512 | Utils | INFO | Attempting to read raw data asset: 8_DepMap_OmicsProfiles from subfolder: nomenclature
2026-07-07 06:10:49,519 | Utils | INFO | File has been read returning the file
2026-07-07 06:10:49,744 | Data Cleaner | INFO | ModelID structural duplicates: 1065124
2026-07-07 06:10:51,992 | Data Cleaner | INFO | Total row duplicate signatures: 0
2026-07-07 06:10:51,996 | Data Cleaner | INFO | Null occurrences in ModelID tracking: 152885
2026-07-07 06:10:51,998 | Data Cleaner | INFO | Null occurrences in ProfileID tracking: 0
2026-07-07 06:10:51,998 | Data Cleaner | INFO | Final output shape: (1066869, 71)
2026-07-07 06:10:51,998 | Data Cleaner | INFO | Saving mutation profile configurations
2026-07-07 06:10:51,998 | Utils | INFO | Initiating save routine for file: 6_OmicsSomaticMutationsProfile.csv into directory: cleaned_data/gene properties
2026-07-07 06:11:11,496 | Utils | INFO | Data frame successfully serialized to: C:\Users\Shankar\Desktop\AstraZeneca\code\astrazeneca\CelllineSelector\data\cleaned_data\gene properties\6_OmicsSomaticMutationsProfile.csv
2026-07-07 06:11:11,496 | Data Cleaner | INFO | File 6 successfully processed and verified.
2026-07-07 06:11:11,622 | Pipelinerunner | INFO | Cleaned and released 6_OmicsSomaticMutationsProfile from memory
2026-07-07 06:11:11,623 | Pipelinerunner | INFO | Loading raw datafile 12_CCLE_metabolomics_20190502
2026-07-07 06:11:11,623 | Utils | INFO | Attempting to read raw data asset: 12_CCLE_metabolomics_20190502 from subfolder: non gene expression
2026-07-07 06:11:11,651 | Utils | INFO | File has been read returning the file
2026-07-07 06:11:11,651 | Pipelinerunner | INFO | Cleaning datafile 12_CCLE_metabolomics_20190502
2026-07-07 06:11:11,651 | Data Cleaner | INFO | Starting Data Cleaning Process for File Number: 12
2026-07-07 06:11:11,651 | Data Cleaner | INFO | Initial raw dataset shape: (928, 227)
2026-07-07 06:11:11,653 | Data Cleaner | INFO | Standardized metabolomics shape: (928, 227)
2026-07-07 06:11:11,653 | Data Cleaner | INFO | Saving baseline metabolomics array
2026-07-07 06:11:11,653 | Utils | INFO | Initiating save routine for file: 12_CCLE_metabolomics_20190502.csv into directory: cleaned_data/non gene expression
2026-07-07 06:11:11,783 | Utils | INFO | Data frame successfully serialized to: C:\Users\Shankar\Desktop\AstraZeneca\code\astrazeneca\CelllineSelector\data\cleaned_data\non gene expression\12_CCLE_metabolomics_20190502.csv
2026-07-07 06:11:11,783 | Data Cleaner | INFO | File 12 successfully processed and verified.
2026-07-07 06:11:11,860 | Pipelinerunner | INFO | Cleaned and released 12_CCLE_metabolomics_20190502 from memory
2026-07-07 06:11:11,860 | Pipelinerunner | INFO | Loading raw datafile 14_OmicsGlobalSignatures
2026-07-07 06:11:11,860 | Utils | INFO | Attempting to read raw data asset: 14_OmicsGlobalSignatures from subfolder: non gene expression
2026-07-07 06:11:11,869 | Utils | INFO | File has been read returning the file
2026-07-07 06:11:11,869 | Pipelinerunner | INFO | Cleaning datafile 14_OmicsGlobalSignatures
2026-07-07 06:11:11,869 | Data Cleaner | INFO | Starting Data Cleaning Process for File Number: 14
2026-07-07 06:11:11,869 | Data Cleaner | INFO | Initial raw dataset shape: (3021, 12)
2026-07-07 06:11:11,871 | Data Cleaner | INFO | Isolating records containing standard 'IsDefaultEntryForModel' flags
2026-07-07 06:11:11,873 | Data Cleaner | INFO | Filtered default profile shape: (1955, 11)
2026-07-07 06:11:11,873 | Data Cleaner | INFO | Saving standard multi-omics profile matrix
2026-07-07 06:11:11,874 | Utils | INFO | Initiating save routine for file: 14_OmicsGlobalSignatures.csv into directory: cleaned_data/non gene expression
2026-07-07 06:11:11,887 | Utils | INFO | Data frame successfully serialized to: C:\Users\Shankar\Desktop\AstraZeneca\code\astrazeneca\CelllineSelector\data\cleaned_data\non gene expression\14_OmicsGlobalSignatures.csv
2026-07-07 06:11:11,887 | Data Cleaner | INFO | File 14 successfully processed and verified.
2026-07-07 06:11:11,969 | Pipelinerunner | INFO | Cleaned and released 14_OmicsGlobalSignatures from memory
2026-07-07 06:11:11,969 | Pipelinerunner | INFO | Cleaning stage complete — all cleaned files persisted to disk
2026-07-07 06:11:12,055 | Pipelinerunner | INFO | Starting the Model Pipeline
2026-07-07 06:11:12,055 | Pipelinerunner | INFO | Model: reading cleaned depmap expression from disk
2026-07-07 06:11:12,055 | Utils | INFO | Reading structured dataset: 2_DepMap_OmicsExpressionAllGenesTPMLogp1Profile.csv from path: cleaned_data/gene expression
2026-07-07 06:11:18,973 | Utils | INFO | Successfully loaded file. Calculated shape: (1479, 19920)
2026-07-07 06:11:18,973 | Pipelinerunner | INFO | Model: preprocessing depmap expression (z-score)
2026-07-07 06:11:19,204 | Preprocessing | INFO | Starting standard scaling transformation (Z-score)
2026-07-07 06:11:20,329 | Preprocessing | INFO | Standard scaling completed successfully.
2026-07-07 06:11:27,617 | Pipelinerunner | INFO | Model: reading cleaned harmonized MS (proteomics) from disk
2026-07-07 06:11:27,617 | Utils | INFO | Reading structured dataset: 4_harmonized_ms_cellline_cleaned.csv from path: cleaned_data/gene expression
2026-07-07 06:11:28,543 | Utils | INFO | Successfully loaded file. Calculated shape: (375, 12559)
2026-07-07 06:11:28,543 | Pipelinerunner | INFO | Model: reading cleaned metabolomics from disk
2026-07-07 06:11:28,543 | Utils | INFO | Reading structured dataset: 12_CCLE_metabolomics_20190502.csv from path: cleaned_data/non gene expression
2026-07-07 06:11:28,597 | Utils | INFO | Successfully loaded file. Calculated shape: (928, 227)
2026-07-07 06:11:28,614 | Preprocessing | INFO | Starting standard scaling transformation (Z-score)
2026-07-07 06:11:28,629 | Preprocessing | INFO | Standard scaling completed successfully.
2026-07-07 06:11:28,638 | Pipelinerunner | INFO | Model: reading cleaned global signatures from disk
2026-07-07 06:11:28,638 | Utils | INFO | Reading structured dataset: 14_OmicsGlobalSignatures.csv from path: cleaned_data/non gene expression
2026-07-07 06:11:28,667 | Utils | INFO | Successfully loaded file. Calculated shape: (1955, 11)
2026-07-07 06:11:28,685 | Preprocessing | INFO | Starting standard scaling transformation (Z-score)
2026-07-07 06:11:28,688 | Preprocessing | INFO | Standard scaling completed successfully.
2026-07-07 06:11:28,688 | Pipelinerunner | INFO | Model: preparing MOFA factors
2026-07-07 06:11:28,688 | Preprocessing | INFO | Starting Multi-Omics MOFA Matrix Construction Step
2026-07-07 06:11:28,689 | Preprocessing | INFO | Dropping ProfileID metadata column from the modeling tracking matrix.
2026-07-07 06:11:28,923 | Preprocessing | INFO | Sorting baseline expression records by ModelID numerical suffix
2026-07-07 06:11:29,445 | Preprocessing | INFO | Master index established with 1479 unique ModelIDs
2026-07-07 06:11:29,445 | Preprocessing | INFO | Aligning multi-omic tracking views across master ModelID mapping space
2026-07-07 06:11:30,021 | Preprocessing | INFO | Dropping non-feature metadata keys from omic dataframes
2026-07-07 06:11:30,751 | Preprocessing | INFO | View shapes -> RNA:(1479, 19918) Prot:(1479, 12558) Metab:(1479, 225) GlobalSig:(1479, 6)
2026-07-07 06:11:30,751 | Preprocessing | INFO | Initializing mofapy2 execution workspace configurations
2026-07-07 06:11:34,627 | Preprocessing | INFO | Building MOFA model graph layers
2026-07-07 06:11:41,785 | Preprocessing | INFO | Running MOFA variational inference optimization loop
2026-07-07 06:35:35,497 | Preprocessing | INFO | Extracting latent space expectation values (Z node)
2026-07-07 06:35:35,499 | Utils | INFO | Initiating save routine for file: multiomincsfactor.csv into directory: mofa_data/multiomincsfactor
2026-07-07 06:35:35,520 | Utils | INFO | Data frame successfully serialized to: C:\Users\Shankar\Desktop\AstraZeneca\code\astrazeneca\CelllineSelector\data\mofa_data\multiomincsfactor\multiomincsfactor.csv
2026-07-07 06:35:35,520 | Preprocessing | INFO | Extracting view-specific feature loading weights (W node) for RNA view
2026-07-07 06:35:35,524 | Preprocessing | INFO | Extracted RNA weight matrix layout shape: (19918, 20)
2026-07-07 06:35:35,524 | Utils | INFO | Initiating save routine for file: rnafactor.csv into directory: mofa_data/rnafactor
2026-07-07 06:35:35,805 | Utils | INFO | Data frame successfully serialized to: C:\Users\Shankar\Desktop\AstraZeneca\code\astrazeneca\CelllineSelector\data\mofa_data\rnafactor\rnafactor.csv
2026-07-07 06:35:35,806 | Preprocessing | INFO | Multi-omics factor and weight extraction run completed successfully.
2026-07-07 06:35:36,086 | Pipelinerunner | INFO | Model: MOFA preparation completed; inputs released
2026-07-07 06:35:36,086 | Pipelinerunner | INFO | Model: training KMeans on MOFA factors
2026-07-07 06:35:36,086 | Training | INFO | Starting KMeans Unsupervised Clustering Routine
2026-07-07 06:35:36,087 | Training | INFO | Target verification complete: Directory C:\Users\Shankar\Desktop\AstraZeneca\code\astrazeneca\CelllineSelector\artifacts already exists.
2026-07-07 06:35:36,089 | Training | INFO | Extracted feature grid array shape for KMeans training: (1479, 20)
2026-07-07 06:35:36,089 | Training | INFO | Initializing KMeans execution block with K=26
2026-07-07 06:35:36,208 | Training | INFO | Saving serialized KMeans pipeline estimator binary artifact
2026-07-07 06:35:36,208 | Utils | INFO | Attempting to write binary pipeline estimator out to filename: kmeans_model.joblib
2026-07-07 06:35:36,208 | Utils | INFO | Dumping joblib binary payload to path destination: C:\Users\Shankar\Desktop\AstraZeneca\code\astrazeneca\CelllineSelector\models\kmeans_model.joblib
2026-07-07 06:35:36,217 | Utils | INFO | Model saved to location: C:\Users\Shankar\Desktop\AstraZeneca\code\astrazeneca\CelllineSelector\models\kmeans_model.joblib
2026-07-07 06:35:36,219 | Training | INFO | Saving classified cluster label allocations dataframe...
2026-07-07 06:35:36,219 | Utils | INFO | Initiating save routine for file: Kmeansclusters.csv into directory: kmeans_data/kmeans
2026-07-07 06:35:36,223 | Utils | INFO | Data frame successfully serialized to: C:\Users\Shankar\Desktop\AstraZeneca\code\astrazeneca\CelllineSelector\data\kmeans_data\kmeans\Kmeansclusters.csv
2026-07-07 06:35:36,223 | Training | INFO | Calculating evaluation clustering performance metrics
2026-07-07 06:35:36,271 | Training | INFO | Writing statistical cluster validation scores to: C:\Users\Shankar\Desktop\AstraZeneca\code\astrazeneca\CelllineSelector\artifacts\kmeans_metrics.txt
2026-07-07 06:35:36,272 | Training | INFO | Generating raw latent feature distribution scatter plots
2026-07-07 06:35:36,827 | Training | INFO | Initializing UMAP manifold dimension reduction to visualize cluster boundaries
2026-07-07 06:35:49,077 | Training | INFO | Saving UMAP 2D projection scatter plots to: C:\Users\Shankar\Desktop\AstraZeneca\code\astrazeneca\CelllineSelector\artifacts\kmeans_umap_projection.png
2026-07-07 06:35:49,296 | Training | INFO | KMeans model training and diagnostic artifact pipeline run complete.
2026-07-07 06:35:49,296 | Pipelinerunner | INFO | Model: training KNN on MOFA factors
2026-07-07 06:35:49,296 | Training | INFO | Starting KNN Neighborhood Graph Mapping Routine
2026-07-07 06:35:49,299 | Training | INFO | Extracted feature grid array shape for KNN fitting: (1479, 20)
2026-07-07 06:35:49,299 | Training | INFO | Fitting mathematical unsupervised graph structure with K=6
2026-07-07 06:35:49,345 | Training | INFO | Saving serialized KNN graph matrix state block
2026-07-07 06:35:49,345 | Utils | INFO | Attempting to write binary pipeline estimator out to filename: knn_model.joblib
2026-07-07 06:35:49,346 | Utils | INFO | Dumping joblib binary payload to path destination: C:\Users\Shankar\Desktop\AstraZeneca\code\astrazeneca\CelllineSelector\models\knn_model.joblib
2026-07-07 06:35:49,347 | Utils | INFO | Model saved to location: C:\Users\Shankar\Desktop\AstraZeneca\code\astrazeneca\CelllineSelector\models\knn_model.joblib
2026-07-07 06:35:49,348 | Training | INFO | Saving average neighbor neighborhood distance vector records
2026-07-07 06:35:49,349 | Utils | INFO | Initiating save routine for file: KnnDistances.csv into directory: knn_data/knn
2026-07-07 06:35:49,354 | Utils | INFO | Data frame successfully serialized to: C:\Users\Shankar\Desktop\AstraZeneca\code\astrazeneca\CelllineSelector\data\knn_data\knn\KnnDistances.csv
2026-07-07 06:35:49,354 | Training | INFO | Writing global neighborhood closeness baseline scores to: C:\Users\Shankar\Desktop\AstraZeneca\code\astrazeneca\CelllineSelector\artifacts\knn_metrics.txt
2026-07-07 06:35:49,355 | Training | INFO | Plotting neighborhood local density scatter spaces
2026-07-07 06:35:49,690 | Training | INFO | Constructing decision boundary mesh space for 2D geographic region mapping
2026-07-07 06:35:55,661 | Training | INFO | Saving 2D spatial region area contour projection map to: C:\Users\Shankar\Desktop\AstraZeneca\code\astrazeneca\CelllineSelector\artifacts\knn_umap_area_map.png
2026-07-07 06:35:55,661 | Training | INFO | KNN neighbor model training, mapping, and metric logs complete.
2026-07-07 06:35:55,662 | Pipelinerunner | INFO | Model: testing KMeans
2026-07-07 06:35:55,662 | Testing | INFO | Starting KMeans Inference Validation Test
2026-07-07 06:35:55,662 | Testing | INFO | Reading multi-omics latent factor matrix matrix
2026-07-07 06:35:55,662 | Utils | INFO | Reading structured dataset: multiomincsfactor.csv from path: mofa_data/multiomincsfactor
2026-07-07 06:35:55,680 | Utils | INFO | Successfully loaded file. Calculated shape: (1479, 21)
2026-07-07 06:35:55,681 | Testing | INFO | Target match tracking: Located 3 out of 4 requested validation cell lines.
2026-07-07 06:35:55,682 | Testing | INFO | KMeans inference matrix shape: (3, 20)
2026-07-07 06:35:55,682 | Testing | INFO | Loading serialized KMeans pipeline estimator instance
2026-07-07 06:35:55,682 | Utils | INFO | Attempting to load binary pipeline estimator from storage name: kmeans_model.joblib
2026-07-07 06:35:55,691 | Utils | INFO | Model has been successfully loaded from the path
2026-07-07 06:35:55,691 | Testing | INFO | Executing cluster coordinate predictions
2026-07-07 06:35:55,692 | Testing | ERROR | The pipeline failed in the KMeans validation test block with error: Buffer dtype mismatch, expected 'const double' but got 'float'
2026-07-07 06:35:55,692 | Pipelinerunner | ERROR | The pipeline failed in the model run with error: Buffer dtype mismatch, expected 'const double' but got 'float'
2026-07-07 06:35:55,692 | Pipelinerunner | ERROR | The pipeline failed in the pipelinerunner run with error: Buffer dtype mismatch, expected 'const double' but got 'float'
2026-07-07 06:35:55,693 | ML Pipeline | ERROR | The pipeline failed in the model run with error: Buffer dtype mismatch, expected 'const double' but got 'float'
2026-07-07 07:13:00,404 | ML Pipeline | INFO | Starting the Machine learning flow
2026-07-07 07:13:00,405 | Pipelinerunner | INFO | Starting the pipeline runner
2026-07-07 07:13:00,405 | Pipelinerunner | INFO | Starting cleaning stage (one file at a time to bound memory)
2026-07-07 07:13:00,405 | Pipelinerunner | INFO | Loading raw datafile 1_4_hpa_rna_celline
2026-07-07 07:13:00,405 | Utils | INFO | Attempting to read raw data asset: 1_4_hpa_rna_celline from subfolder: gene expression
2026-07-07 07:13:17,614 | Utils | INFO | File has been read returning the file
2026-07-07 07:13:17,614 | Pipelinerunner | INFO | Cleaning datafile 1_4_hpa_rna_celline
2026-07-07 07:13:17,616 | Data Cleaner | INFO | Starting Data Cleaning Process for File Number: 1
2026-07-07 07:13:17,616 | Data Cleaner | INFO | Initial raw dataset shape: (24315372, 6)
2026-07-07 07:13:18,023 | Data Cleaner | INFO | Reshaping data_df to map Cell lines against Genes
2026-07-07 07:13:35,312 | Data Cleaner | INFO | Reshaped DataFrame shape: (1206, 20163)
2026-07-07 07:13:36,178 | Data Cleaner | INFO | Reading nomenclature 9_DepMap_sample_info mapping data
2026-07-07 07:13:36,178 | Utils | INFO | Attempting to read raw data asset: 9_DepMap_sample_info from subfolder: nomenclature
2026-07-07 07:13:36,210 | Utils | INFO | File has been read returning the file
2026-07-07 07:13:36,212 | Data Cleaner | INFO | Executing primary merge via standard cell line names
2026-07-07 07:13:36,240 | Data Cleaner | INFO | Executing fallback merge via stripped cell line names for missing mapping profiles
2026-07-07 07:13:36,289 | Data Cleaner | INFO | Remaining NaN DepMap_IDs: 281
2026-07-07 07:13:36,290 | Data Cleaner | INFO | NaN 'Cell line' entries: 0
2026-07-07 07:13:36,291 | Data Cleaner | INFO | Duplicate values present in DepMap_ID: 280
2026-07-07 07:13:36,291 | Data Cleaner | INFO | Final structured shape before saving: (1206, 20164)
2026-07-07 07:13:36,296 | Data Cleaner | INFO | Saving processed HPA RNA data
2026-07-07 07:13:36,297 | Utils | INFO | Initiating save routine for file: 1_4_hpa_rna_celline.csv into directory: cleaned_data/gene expression
2026-07-07 07:14:02,654 | Utils | INFO | Data frame successfully serialized to: C:\Users\Shankar\Desktop\AstraZeneca\code\astrazeneca\CelllineSelector\data\cleaned_data\gene expression\1_4_hpa_rna_celline.csv
2026-07-07 07:14:02,655 | Data Cleaner | INFO | File 1 successfully processed and verified
2026-07-07 07:14:02,868 | Pipelinerunner | INFO | Cleaned and released 1_4_hpa_rna_celline from memory
2026-07-07 07:14:02,869 | Pipelinerunner | INFO | Loading raw datafile 2_DepMap_OmicsExpressionAllGenesTPMLogp1Profile
2026-07-07 07:14:02,869 | Utils | INFO | Attempting to read raw data asset: 2_DepMap_OmicsExpressionAllGenesTPMLogp1Profile from subfolder: gene expression
2026-07-07 07:14:59,540 | Utils | INFO | File has been read returning the file
2026-07-07 07:14:59,540 | Pipelinerunner | INFO | Cleaning datafile 2_DepMap_OmicsExpressionAllGenesTPMLogp1Profile
2026-07-07 07:14:59,540 | Data Cleaner | INFO | Starting Data Cleaning Process for File Number: 2
2026-07-07 07:14:59,540 | Data Cleaner | INFO | Initial raw dataset shape: (1495, 53962)
2026-07-07 07:14:59,541 | Data Cleaner | INFO | Cleaning and parsing Ensembl IDs from headers
2026-07-07 07:14:59,869 | Data Cleaner | INFO | Ensembl parsed DataFrame shape: (1495, 53962)
2026-07-07 07:14:59,869 | Utils | INFO | Attempting to read raw data asset: mart_export from subfolder: mart_export
2026-07-07 07:15:00,375 | Utils | INFO | File has been read returning the file
2026-07-07 07:15:00,376 | Data Cleaner | INFO | Filtering matrix to track protein coding genes using BioMart specs
2026-07-07 07:15:00,983 | Data Cleaner | INFO | Protein-coding filtered shape: (1495, 19919)
2026-07-07 07:15:00,983 | Data Cleaner | INFO | Mapping profile records to unified ModelIDs
2026-07-07 07:15:00,984 | Utils | INFO | Attempting to read raw data asset: 8_DepMap_OmicsProfiles from subfolder: nomenclature
2026-07-07 07:15:00,996 | Utils | INFO | File has been read returning the file
2026-07-07 07:15:02,774 | Data Cleaner | INFO | Final unique ModelID table shape: (1479, 19920)
2026-07-07 07:15:02,774 | Data Cleaner | INFO | Saving processed DepMap expression data matrix
2026-07-07 07:15:02,775 | Utils | INFO | Initiating save routine for file: 2_DepMap_OmicsExpressionAllGenesTPMLogp1Profile.csv into directory: cleaned_data/gene expression
2026-07-07 07:16:48,937 | Utils | INFO | Data frame successfully serialized to: C:\Users\Shankar\Desktop\AstraZeneca\code\astrazeneca\CelllineSelector\data\cleaned_data\gene expression\2_DepMap_OmicsExpressionAllGenesTPMLogp1Profile.csv
2026-07-07 07:16:48,938 | Data Cleaner | INFO | File 2 successfully processed and verified
2026-07-07 07:16:49,400 | Pipelinerunner | INFO | Cleaned and released 2_DepMap_OmicsExpressionAllGenesTPMLogp1Profile from memory
2026-07-07 07:16:49,400 | Pipelinerunner | INFO | Loading raw datafile 3_GEOexpression
2026-07-07 07:16:49,401 | Utils | INFO | Attempting to read raw data asset: 3_GEOexpression from subfolder: gene expression
2026-07-07 07:16:56,793 | Utils | INFO | File has been read returning the file
2026-07-07 07:16:56,793 | Pipelinerunner | INFO | Cleaning datafile 3_GEOexpression
2026-07-07 07:16:56,793 | Data Cleaner | INFO | Starting Data Cleaning Process for File Number: 3
2026-07-07 07:16:56,793 | Data Cleaner | INFO | Initial raw dataset shape: (19914, 3268)
2026-07-07 07:16:56,793 | Data Cleaner | INFO | Applying element-wise log2 transformation matrix
2026-07-07 07:16:57,941 | Data Cleaner | INFO | Transformed matrix layout shape: (19914, 3268)
2026-07-07 07:16:57,941 | Data Cleaner | INFO | Saving processed GEO expression dataset
2026-07-07 07:16:57,941 | Utils | INFO | Initiating save routine for file: 3_GEOexpression.csv into directory: cleaned_data/gene expression
2026-07-07 07:18:12,820 | Utils | INFO | Data frame successfully serialized to: C:\Users\Shankar\Desktop\AstraZeneca\code\astrazeneca\CelllineSelector\data\cleaned_data\gene expression\3_GEOexpression.csv
2026-07-07 07:18:12,820 | Data Cleaner | INFO | File 3 successfully processed and verified.
2026-07-07 07:18:12,982 | Pipelinerunner | INFO | Cleaned and released 3_GEOexpression from memory
2026-07-07 07:18:12,982 | Pipelinerunner | INFO | Loading raw datafile 4_Harmonized_MS_CCLE_Gygi_subsetted
2026-07-07 07:18:12,982 | Utils | INFO | Attempting to read raw data asset: 4_Harmonized_MS_CCLE_Gygi_subsetted from subfolder: gene expression
2026-07-07 07:18:13,729 | Utils | INFO | File has been read returning the file
2026-07-07 07:18:13,729 | Pipelinerunner | INFO | Cleaning datafile 4_Harmonized_MS_CCLE_Gygi_subsetted
2026-07-07 07:18:13,729 | Data Cleaner | INFO | Starting Data Cleaning Process for File Number: 4
2026-07-07 07:18:13,730 | Data Cleaner | INFO | Initial raw dataset shape: (375, 12559)
2026-07-07 07:18:13,849 | Data Cleaner | INFO | Stripping down complex multi-omic feature string suffixes
2026-07-07 07:18:13,868 | Data Cleaner | INFO | Normalized column headers shape: (375, 12559)
2026-07-07 07:18:13,869 | Data Cleaner | INFO | Saving processed Mass Spec data matrix
2026-07-07 07:18:13,869 | Utils | INFO | Initiating save routine for file: 4_harmonized_ms_cellline_cleaned.csv into directory: cleaned_data/gene expression
2026-07-07 07:18:24,254 | Utils | INFO | Data frame successfully serialized to: C:\Users\Shankar\Desktop\AstraZeneca\code\astrazeneca\CelllineSelector\data\cleaned_data\gene expression\4_harmonized_ms_cellline_cleaned.csv
2026-07-07 07:18:24,254 | Data Cleaner | INFO | File 4 successfully processed and verified.
2026-07-07 07:18:24,355 | Pipelinerunner | INFO | Cleaned and released 4_Harmonized_MS_CCLE_Gygi_subsetted from memory
2026-07-07 07:18:24,355 | Pipelinerunner | INFO | Loading raw datafile 5_OmicsFusionFilteredSupplementary
2026-07-07 07:18:24,355 | Utils | INFO | Attempting to read raw data asset: 5_OmicsFusionFilteredSupplementary from subfolder: gene properties
2026-07-07 07:18:25,074 | Utils | INFO | File has been read returning the file
2026-07-07 07:18:25,074 | Pipelinerunner | INFO | Cleaning datafile 5_OmicsFusionFilteredSupplementary
2026-07-07 07:18:25,074 | Data Cleaner | INFO | Starting Data Cleaning Process for File Number: 5
2026-07-07 07:18:25,074 | Data Cleaner | INFO | Initial raw dataset shape: (184237, 30)
2026-07-07 07:18:25,076 | Data Cleaner | INFO | Parsing combined gene notation elements into component targets
2026-07-07 07:18:25,856 | Data Cleaner | INFO | Parsed fusion records shape: (184237, 31)
2026-07-07 07:18:25,857 | Data Cleaner | INFO | Saving filtered structural fusion matrix
2026-07-07 07:18:25,857 | Utils | INFO | Initiating save routine for file: 5_OmicsFusionFilteredSupplementary.csv into directory: cleaned_data/gene properties
2026-07-07 07:18:27,189 | Utils | INFO | Data frame successfully serialized to: C:\Users\Shankar\Desktop\AstraZeneca\code\astrazeneca\CelllineSelector\data\cleaned_data\gene properties\5_OmicsFusionFilteredSupplementary.csv
2026-07-07 07:18:27,190 | Data Cleaner | INFO | File 5 successfully processed and verified.
2026-07-07 07:18:27,275 | Pipelinerunner | INFO | Cleaned and released 5_OmicsFusionFilteredSupplementary from memory
2026-07-07 07:18:27,275 | Pipelinerunner | INFO | Loading raw datafile 6_OmicsSomaticMutationsProfile
2026-07-07 07:18:27,276 | Utils | INFO | Attempting to read raw data asset: 6_OmicsSomaticMutationsProfile from subfolder: gene properties
2026-07-07 07:18:35,342 | Utils | INFO | File has been read returning the file
2026-07-07 07:18:35,342 | Pipelinerunner | INFO | Cleaning datafile 6_OmicsSomaticMutationsProfile
2026-07-07 07:18:35,343 | Data Cleaner | INFO | Starting Data Cleaning Process for File Number: 6
2026-07-07 07:18:35,343 | Data Cleaner | INFO | Initial raw dataset shape: (1066869, 70)
2026-07-07 07:18:35,343 | Data Cleaner | INFO | Merging somatic mutational vectors to core profile indices
2026-07-07 07:18:35,343 | Utils | INFO | Attempting to read raw data asset: 8_DepMap_OmicsProfiles from subfolder: nomenclature
2026-07-07 07:18:35,350 | Utils | INFO | File has been read returning the file
2026-07-07 07:18:35,589 | Data Cleaner | INFO | ModelID structural duplicates: 1065124
2026-07-07 07:18:37,987 | Data Cleaner | INFO | Total row duplicate signatures: 0
2026-07-07 07:18:37,997 | Data Cleaner | INFO | Null occurrences in ModelID tracking: 152885
2026-07-07 07:18:37,998 | Data Cleaner | INFO | Null occurrences in ProfileID tracking: 0
2026-07-07 07:18:37,999 | Data Cleaner | INFO | Final output shape: (1066869, 71)
2026-07-07 07:18:37,999 | Data Cleaner | INFO | Saving mutation profile configurations
2026-07-07 07:18:37,999 | Utils | INFO | Initiating save routine for file: 6_OmicsSomaticMutationsProfile.csv into directory: cleaned_data/gene properties
2026-07-07 07:18:56,040 | Utils | INFO | Data frame successfully serialized to: C:\Users\Shankar\Desktop\AstraZeneca\code\astrazeneca\CelllineSelector\data\cleaned_data\gene properties\6_OmicsSomaticMutationsProfile.csv
2026-07-07 07:18:56,041 | Data Cleaner | INFO | File 6 successfully processed and verified.
2026-07-07 07:18:56,161 | Pipelinerunner | INFO | Cleaned and released 6_OmicsSomaticMutationsProfile from memory
2026-07-07 07:18:56,162 | Pipelinerunner | INFO | Loading raw datafile 12_CCLE_metabolomics_20190502
2026-07-07 07:18:56,162 | Utils | INFO | Attempting to read raw data asset: 12_CCLE_metabolomics_20190502 from subfolder: non gene expression
2026-07-07 07:18:56,188 | Utils | INFO | File has been read returning the file
2026-07-07 07:18:56,189 | Pipelinerunner | INFO | Cleaning datafile 12_CCLE_metabolomics_20190502
2026-07-07 07:18:56,189 | Data Cleaner | INFO | Starting Data Cleaning Process for File Number: 12
2026-07-07 07:18:56,189 | Data Cleaner | INFO | Initial raw dataset shape: (928, 227)
2026-07-07 07:18:56,190 | Data Cleaner | INFO | Standardized metabolomics shape: (928, 227)
2026-07-07 07:18:56,190 | Data Cleaner | INFO | Saving baseline metabolomics array
2026-07-07 07:18:56,190 | Utils | INFO | Initiating save routine for file: 12_CCLE_metabolomics_20190502.csv into directory: cleaned_data/non gene expression
2026-07-07 07:18:56,302 | Utils | INFO | Data frame successfully serialized to: C:\Users\Shankar\Desktop\AstraZeneca\code\astrazeneca\CelllineSelector\data\cleaned_data\non gene expression\12_CCLE_metabolomics_20190502.csv
2026-07-07 07:18:56,302 | Data Cleaner | INFO | File 12 successfully processed and verified.
2026-07-07 07:18:56,384 | Pipelinerunner | INFO | Cleaned and released 12_CCLE_metabolomics_20190502 from memory
2026-07-07 07:18:56,384 | Pipelinerunner | INFO | Loading raw datafile 14_OmicsGlobalSignatures
2026-07-07 07:18:56,384 | Utils | INFO | Attempting to read raw data asset: 14_OmicsGlobalSignatures from subfolder: non gene expression
2026-07-07 07:18:56,392 | Utils | INFO | File has been read returning the file
2026-07-07 07:18:56,393 | Pipelinerunner | INFO | Cleaning datafile 14_OmicsGlobalSignatures
2026-07-07 07:18:56,393 | Data Cleaner | INFO | Starting Data Cleaning Process for File Number: 14
2026-07-07 07:18:56,393 | Data Cleaner | INFO | Initial raw dataset shape: (3021, 12)
2026-07-07 07:18:56,396 | Data Cleaner | INFO | Isolating records containing standard 'IsDefaultEntryForModel' flags
2026-07-07 07:18:56,397 | Data Cleaner | INFO | Filtered default profile shape: (1955, 11)
2026-07-07 07:18:56,397 | Data Cleaner | INFO | Saving standard multi-omics profile matrix
2026-07-07 07:18:56,398 | Utils | INFO | Initiating save routine for file: 14_OmicsGlobalSignatures.csv into directory: cleaned_data/non gene expression
2026-07-07 07:18:56,407 | Utils | INFO | Data frame successfully serialized to: C:\Users\Shankar\Desktop\AstraZeneca\code\astrazeneca\CelllineSelector\data\cleaned_data\non gene expression\14_OmicsGlobalSignatures.csv
2026-07-07 07:18:56,408 | Data Cleaner | INFO | File 14 successfully processed and verified.
2026-07-07 07:18:56,488 | Pipelinerunner | INFO | Cleaned and released 14_OmicsGlobalSignatures from memory
2026-07-07 07:18:56,488 | Pipelinerunner | INFO | Cleaning stage complete — all cleaned files persisted to disk
2026-07-07 07:18:56,570 | Pipelinerunner | INFO | Starting the Model Pipeline
2026-07-07 07:18:56,571 | Pipelinerunner | INFO | Model: reading cleaned depmap expression from disk
2026-07-07 07:18:56,571 | Utils | INFO | Reading structured dataset: 2_DepMap_OmicsExpressionAllGenesTPMLogp1Profile.csv from path: cleaned_data/gene expression
2026-07-07 07:19:03,339 | Utils | INFO | Successfully loaded file. Calculated shape: (1479, 19920)
2026-07-07 07:19:03,340 | Pipelinerunner | INFO | Model: preprocessing depmap expression (z-score)
2026-07-07 07:19:03,531 | Preprocessing | INFO | Starting standard scaling transformation (Z-score)
2026-07-07 07:19:04,479 | Preprocessing | INFO | Standard scaling completed successfully.
2026-07-07 07:19:10,719 | Pipelinerunner | INFO | Model: reading cleaned harmonized MS (proteomics) from disk
2026-07-07 07:19:10,720 | Utils | INFO | Reading structured dataset: 4_harmonized_ms_cellline_cleaned.csv from path: cleaned_data/gene expression
2026-07-07 07:19:11,641 | Utils | INFO | Successfully loaded file. Calculated shape: (375, 12559)
2026-07-07 07:19:11,641 | Pipelinerunner | INFO | Model: reading cleaned metabolomics from disk
2026-07-07 07:19:11,641 | Utils | INFO | Reading structured dataset: 12_CCLE_metabolomics_20190502.csv from path: cleaned_data/non gene expression
2026-07-07 07:19:11,680 | Utils | INFO | Successfully loaded file. Calculated shape: (928, 227)
2026-07-07 07:19:11,698 | Preprocessing | INFO | Starting standard scaling transformation (Z-score)
2026-07-07 07:19:11,706 | Preprocessing | INFO | Standard scaling completed successfully.
2026-07-07 07:19:11,710 | Pipelinerunner | INFO | Model: reading cleaned global signatures from disk
2026-07-07 07:19:11,710 | Utils | INFO | Reading structured dataset: 14_OmicsGlobalSignatures.csv from path: cleaned_data/non gene expression
2026-07-07 07:19:11,734 | Utils | INFO | Successfully loaded file. Calculated shape: (1955, 11)
2026-07-07 07:19:11,742 | Preprocessing | INFO | Starting standard scaling transformation (Z-score)
2026-07-07 07:19:11,744 | Preprocessing | INFO | Standard scaling completed successfully.
2026-07-07 07:19:11,745 | Pipelinerunner | INFO | Model: preparing MOFA factors
2026-07-07 07:19:11,745 | Preprocessing | INFO | Starting Multi-Omics MOFA Matrix Construction Step
2026-07-07 07:19:11,745 | Preprocessing | INFO | Dropping ProfileID metadata column from the modeling tracking matrix.
2026-07-07 07:19:11,934 | Preprocessing | INFO | Sorting baseline expression records by ModelID numerical suffix
2026-07-07 07:19:12,353 | Preprocessing | INFO | Master index established with 1479 unique ModelIDs
2026-07-07 07:19:12,353 | Preprocessing | INFO | Aligning multi-omic tracking views across master ModelID mapping space
2026-07-07 07:19:12,933 | Preprocessing | INFO | Dropping non-feature metadata keys from omic dataframes
2026-07-07 07:19:13,635 | Preprocessing | INFO | View shapes -> RNA:(1479, 19918) Prot:(1479, 12558) Metab:(1479, 225) GlobalSig:(1479, 6)
2026-07-07 07:19:13,636 | Preprocessing | INFO | Initializing mofapy2 execution workspace configurations
2026-07-07 07:19:17,618 | Preprocessing | INFO | Building MOFA model graph layers
2026-07-07 07:19:23,781 | Preprocessing | INFO | Running MOFA variational inference optimization loop
2026-07-07 07:44:56,076 | Preprocessing | INFO | Extracting latent space expectation values (Z node)
2026-07-07 07:44:56,078 | Utils | INFO | Initiating save routine for file: multiomincsfactor.csv into directory: mofa_data/multiomincsfactor
2026-07-07 07:44:56,117 | Utils | INFO | Data frame successfully serialized to: C:\Users\Shankar\Desktop\AstraZeneca\code\astrazeneca\CelllineSelector\data\mofa_data\multiomincsfactor\multiomincsfactor.csv
2026-07-07 07:44:56,118 | Preprocessing | INFO | Extracting view-specific feature loading weights (W node) for RNA view
2026-07-07 07:44:56,131 | Preprocessing | INFO | Extracted RNA weight matrix layout shape: (19918, 20)
2026-07-07 07:44:56,131 | Utils | INFO | Initiating save routine for file: rnafactor.csv into directory: mofa_data/rnafactor
2026-07-07 07:44:56,457 | Utils | INFO | Data frame successfully serialized to: C:\Users\Shankar\Desktop\AstraZeneca\code\astrazeneca\CelllineSelector\data\mofa_data\rnafactor\rnafactor.csv
2026-07-07 07:44:56,458 | Preprocessing | INFO | Multi-omics factor and weight extraction run completed successfully.
2026-07-07 07:44:57,351 | Pipelinerunner | INFO | Model: MOFA preparation completed; inputs released
2026-07-07 07:44:57,352 | Pipelinerunner | INFO | Model: training KMeans on MOFA factors
2026-07-07 07:44:57,352 | Training | INFO | Starting KMeans Unsupervised Clustering Routine
2026-07-07 07:44:57,353 | Training | INFO | Target verification complete: Directory C:\Users\Shankar\Desktop\AstraZeneca\code\astrazeneca\CelllineSelector\artifacts already exists.
2026-07-07 07:44:57,354 | Training | INFO | Extracted feature grid array shape for KMeans training: (1479, 20)
2026-07-07 07:44:57,354 | Training | INFO | Initializing KMeans execution block with K=26
2026-07-07 07:44:57,492 | Training | INFO | Saving serialized KMeans pipeline estimator binary artifact
2026-07-07 07:44:57,493 | Utils | INFO | Attempting to write binary pipeline estimator out to filename: kmeans_model.joblib
2026-07-07 07:44:57,493 | Utils | INFO | Dumping joblib binary payload to path destination: C:\Users\Shankar\Desktop\AstraZeneca\code\astrazeneca\CelllineSelector\models\kmeans_model.joblib
2026-07-07 07:44:57,503 | Utils | INFO | Model saved to location: C:\Users\Shankar\Desktop\AstraZeneca\code\astrazeneca\CelllineSelector\models\kmeans_model.joblib
2026-07-07 07:44:57,505 | Training | INFO | Saving classified cluster label allocations dataframe...
2026-07-07 07:44:57,506 | Utils | INFO | Initiating save routine for file: Kmeansclusters.csv into directory: kmeans_data/kmeans
2026-07-07 07:44:57,511 | Utils | INFO | Data frame successfully serialized to: C:\Users\Shankar\Desktop\AstraZeneca\code\astrazeneca\CelllineSelector\data\kmeans_data\kmeans\Kmeansclusters.csv
2026-07-07 07:44:57,511 | Training | INFO | Calculating evaluation clustering performance metrics
2026-07-07 07:44:57,586 | Training | INFO | Writing statistical cluster validation scores to: C:\Users\Shankar\Desktop\AstraZeneca\code\astrazeneca\CelllineSelector\artifacts\kmeans_metrics.txt
2026-07-07 07:44:57,587 | Training | INFO | Generating raw latent feature distribution scatter plots
2026-07-07 07:44:58,163 | Training | INFO | Initializing UMAP manifold dimension reduction to visualize cluster boundaries
2026-07-07 07:45:10,100 | Training | INFO | Saving UMAP 2D projection scatter plots to: C:\Users\Shankar\Desktop\AstraZeneca\code\astrazeneca\CelllineSelector\artifacts\kmeans_umap_projection.png
2026-07-07 07:45:10,632 | Training | INFO | KMeans model training and diagnostic artifact pipeline run complete.
2026-07-07 07:45:10,632 | Pipelinerunner | INFO | Model: training KNN on MOFA factors
2026-07-07 07:45:10,632 | Training | INFO | Starting KNN Neighborhood Graph Mapping Routine
2026-07-07 07:45:10,633 | Training | INFO | Extracted feature grid array shape for KNN fitting: (1479, 20)
2026-07-07 07:45:10,633 | Training | INFO | Fitting mathematical unsupervised graph structure with K=6
2026-07-07 07:45:10,719 | Training | INFO | Saving serialized KNN graph matrix state block
2026-07-07 07:45:10,719 | Utils | INFO | Attempting to write binary pipeline estimator out to filename: knn_model.joblib
2026-07-07 07:45:10,720 | Utils | INFO | Dumping joblib binary payload to path destination: C:\Users\Shankar\Desktop\AstraZeneca\code\astrazeneca\CelllineSelector\models\knn_model.joblib
2026-07-07 07:45:10,721 | Utils | INFO | Model saved to location: C:\Users\Shankar\Desktop\AstraZeneca\code\astrazeneca\CelllineSelector\models\knn_model.joblib
2026-07-07 07:45:10,722 | Training | INFO | Saving average neighbor neighborhood distance vector records
2026-07-07 07:45:10,723 | Utils | INFO | Initiating save routine for file: KnnDistances.csv into directory: knn_data/knn
2026-07-07 07:45:10,728 | Utils | INFO | Data frame successfully serialized to: C:\Users\Shankar\Desktop\AstraZeneca\code\astrazeneca\CelllineSelector\data\knn_data\knn\KnnDistances.csv
2026-07-07 07:45:10,728 | Training | INFO | Writing global neighborhood closeness baseline scores to: C:\Users\Shankar\Desktop\AstraZeneca\code\astrazeneca\CelllineSelector\artifacts\knn_metrics.txt
2026-07-07 07:45:10,729 | Training | INFO | Plotting neighborhood local density scatter spaces
2026-07-07 07:45:11,066 | Training | INFO | Constructing decision boundary mesh space for 2D geographic region mapping
2026-07-07 07:45:17,022 | Training | INFO | Saving 2D spatial region area contour projection map to: C:\Users\Shankar\Desktop\AstraZeneca\code\astrazeneca\CelllineSelector\artifacts\knn_umap_area_map.png
2026-07-07 07:45:17,022 | Training | INFO | KNN neighbor model training, mapping, and metric logs complete.
2026-07-07 07:45:17,022 | Pipelinerunner | INFO | Model: testing KMeans
2026-07-07 07:45:17,022 | Testing | INFO | Starting KMeans Inference Validation Test
2026-07-07 07:45:17,023 | Testing | INFO | Reading multi-omics latent factor matrix matrix
2026-07-07 07:45:17,023 | Utils | INFO | Reading structured dataset: multiomincsfactor.csv from path: mofa_data/multiomincsfactor
2026-07-07 07:45:17,042 | Utils | INFO | Successfully loaded file. Calculated shape: (1479, 21)
2026-07-07 07:45:17,057 | Testing | INFO | Target match tracking: Located 3 out of 4 requested validation cell lines.
2026-07-07 07:45:17,058 | Testing | INFO | KMeans inference matrix shape: (3, 20)
2026-07-07 07:45:17,058 | Testing | INFO | Loading serialized KMeans pipeline estimator instance
2026-07-07 07:45:17,058 | Utils | INFO | Attempting to load binary pipeline estimator from storage name: kmeans_model.joblib
2026-07-07 07:45:17,072 | Utils | INFO | Model has been successfully loaded from the path
2026-07-07 07:45:17,072 | Testing | INFO | Executing cluster coordinate predictions
2026-07-07 07:45:17,074 | Testing | INFO | Writing KMeans cluster profiles out to: C:\Users\Shankar\Desktop\AstraZeneca\code\astrazeneca\CelllineSelector\artifacts\kmeanstestresults.txt
2026-07-07 07:45:17,075 | Testing | INFO | KMeans inference validation completed successfully.
2026-07-07 07:45:17,076 | Pipelinerunner | INFO | Model: testing KNN
2026-07-07 07:45:17,076 | Testing | INFO | Starting KNN Sister Neighborhood Selection Test
2026-07-07 07:45:17,076 | Testing | INFO | Reading multi-omics latent factor matrix matrix
2026-07-07 07:45:17,076 | Utils | INFO | Reading structured dataset: multiomincsfactor.csv from path: mofa_data/multiomincsfactor
2026-07-07 07:45:17,083 | Utils | INFO | Successfully loaded file. Calculated shape: (1479, 21)
2026-07-07 07:45:17,084 | Testing | INFO | Target match tracking: Located 3 out of 4 requested validation cell lines.
2026-07-07 07:45:17,085 | Testing | INFO | KNN neighbor query coordinates feature shape: (3, 20)
2026-07-07 07:45:17,085 | Testing | INFO | Loading serialized KNN neighbor graph mapping pipeline
2026-07-07 07:45:17,085 | Utils | INFO | Attempting to load binary pipeline estimator from storage name: knn_model.joblib
2026-07-07 07:45:17,092 | Utils | INFO | Model has been successfully loaded from the path
2026-07-07 07:45:17,092 | Testing | INFO | Computing closest neighborhood indices and multi-dimensional distances
2026-07-07 07:45:17,106 | Testing | INFO | Writing alternative neighborhood assignments out to: C:\Users\Shankar\Desktop\AstraZeneca\code\astrazeneca\CelllineSelector\artifacts\knntestresults.txt
2026-07-07 07:45:17,108 | Testing | INFO | KNN neighborhood verification test complete.
2026-07-07 07:45:17,108 | Pipelinerunner | INFO | Model: computing cosine similarity matrix
2026-07-07 07:45:17,108 | Cosine Matrix | INFO | Starting the cosine matrix formation to find similarity
2026-07-07 07:45:17,109 | Cosine Matrix | INFO | (1479, 21)
2026-07-07 07:45:17,109 | Cosine Matrix | INFO | (19918, 20)
2026-07-07 07:45:17,110 | Cosine Matrix | INFO | Starting to get the cosine values
2026-07-07 07:45:17,185 | Cosine Matrix | INFO | Starting to get the cosine values have been determined
2026-07-07 07:45:17,186 | Cosine Matrix | INFO | Creating a dataframe
2026-07-07 07:45:17,272 | Cosine Matrix | INFO | Dataframe has been created
2026-07-07 07:45:17,273 | Cosine Matrix | INFO | (1479, 19918)
2026-07-07 07:45:17,294 | Cosine Matrix | INFO | Saving the raw cosine dataframe
2026-07-07 07:45:17,294 | Utils | INFO | Initiating save routine for file: cosinematrix.csv into directory: cosine_matrix/cosine
2026-07-07 07:45:17,294 | Utils | INFO | Creating missing directory destination structure: C:\Users\Shankar\Desktop\AstraZeneca\code\astrazeneca\CelllineSelector\data\cosine_matrix\cosine
2026-07-07 07:45:44,979 | Utils | INFO | Data frame successfully serialized to: C:\Users\Shankar\Desktop\AstraZeneca\code\astrazeneca\CelllineSelector\data\cosine_matrix\cosine\cosinematrix.csv
2026-07-07 07:45:44,979 | Cosine Matrix | INFO | Similarity dataset has been saved successfully returning the file
2026-07-07 07:45:45,127 | Pipelinerunner | INFO | Model: min-max scaling similarity matrix for scoring
2026-07-07 07:45:45,136 | Preprocessing | INFO | Starting MinMax scaling transformation (0-1 range)
2026-07-07 07:45:45,438 | Preprocessing | INFO | MinMax scaling completed successfully
2026-07-07 07:45:50,056 | Utils | INFO | Initiating save routine for file: cosinematrix.csv into directory: scoring/cosine_matrix
2026-07-07 07:45:50,056 | Utils | INFO | Creating missing directory destination structure: C:\Users\Shankar\Desktop\AstraZeneca\code\astrazeneca\CelllineSelector\data\scoring\cosine_matrix
2026-07-07 07:47:15,697 | Utils | INFO | Data frame successfully serialized to: C:\Users\Shankar\Desktop\AstraZeneca\code\astrazeneca\CelllineSelector\data\scoring\cosine_matrix\cosinematrix.csv
2026-07-07 07:47:15,986 | Pipelinerunner | INFO | Model pipeline completed successfully
2026-07-07 07:47:15,997 | Pipelinerunner | INFO | Model Pipeline completed successfully
2026-07-07 07:47:16,101 | Pipelinerunner | INFO | Starting the Scoring Pipeline
2026-07-07 07:47:16,102 | Pipelinerunner | INFO | Scoring: reading depmap ModelIDs for master filter
2026-07-07 07:47:16,102 | Utils | INFO | Reading structured dataset: 2_DepMap_OmicsExpressionAllGenesTPMLogp1Profile.csv from path: cleaned_data/gene expression
2026-07-07 07:47:22,848 | Utils | INFO | Successfully loaded file. Calculated shape: (1479, 19920)
2026-07-07 07:47:22,986 | Pipelinerunner | INFO | Scoring: processing hpa_rna
2026-07-07 07:47:22,986 | Utils | INFO | Reading structured dataset: 1_4_hpa_rna_celline.csv from path: cleaned_data/gene expression
2026-07-07 07:47:27,998 | Utils | INFO | Successfully loaded file. Calculated shape: (1206, 20164)
2026-07-07 07:47:28,800 | Preprocessing | INFO | Starting MinMax scaling transformation (0-1 range)
2026-07-07 07:47:29,259 | Preprocessing | INFO | MinMax scaling completed successfully
2026-07-07 07:47:34,519 | Utils | INFO | Initiating save routine for file: 1_4_hpa_rna_celline.csv into directory: scoring/gene expression
2026-07-07 07:47:34,520 | Utils | INFO | Creating missing directory destination structure: C:\Users\Shankar\Desktop\AstraZeneca\code\astrazeneca\CelllineSelector\data\scoring\gene expression
2026-07-07 07:48:36,194 | Utils | INFO | Data frame successfully serialized to: C:\Users\Shankar\Desktop\AstraZeneca\code\astrazeneca\CelllineSelector\data\scoring\gene expression\1_4_hpa_rna_celline.csv
2026-07-07 07:48:36,427 | Pipelinerunner | INFO | Scoring: processing depmap expression
2026-07-07 07:48:36,428 | Utils | INFO | Reading structured dataset: 2_DepMap_OmicsExpressionAllGenesTPMLogp1Profile.csv from path: cleaned_data/gene expression
2026-07-07 07:48:43,290 | Utils | INFO | Successfully loaded file. Calculated shape: (1479, 19920)
2026-07-07 07:48:43,520 | Preprocessing | INFO | Starting MinMax scaling transformation (0-1 range)
2026-07-07 07:48:44,178 | Preprocessing | INFO | MinMax scaling completed successfully
2026-07-07 07:48:49,710 | Utils | INFO | Initiating save routine for file: 2_DepMap_OmicsExpressionAllGenesTPMLogp1Profile.csv into directory: scoring/gene expression
2026-07-07 07:50:15,272 | Utils | INFO | Data frame successfully serialized to: C:\Users\Shankar\Desktop\AstraZeneca\code\astrazeneca\CelllineSelector\data\scoring\gene expression\2_DepMap_OmicsExpressionAllGenesTPMLogp1Profile.csv
2026-07-07 07:50:15,547 | Pipelinerunner | INFO | Scoring: processing geoexpression
2026-07-07 07:50:15,547 | Utils | INFO | Reading structured dataset: 3_GEOexpression.csv from path: cleaned_data/gene expression
2026-07-07 07:50:23,491 | Utils | INFO | Successfully loaded file. Calculated shape: (19914, 3268)
2026-07-07 07:50:23,529 | Preprocessing | INFO | Starting MinMax scaling transformation (0-1 range)
2026-07-07 07:50:24,385 | Preprocessing | INFO | MinMax scaling completed successfully
2026-07-07 07:50:24,632 | Utils | INFO | Initiating save routine for file: 3_GEOexpression.csv into directory: scoring/gene expression
2026-07-07 07:51:42,729 | Utils | INFO | Data frame successfully serialized to: C:\Users\Shankar\Desktop\AstraZeneca\code\astrazeneca\CelllineSelector\data\scoring\gene expression\3_GEOexpression.csv
2026-07-07 07:51:42,917 | Pipelinerunner | INFO | Scoring: processing harmonized MS
2026-07-07 07:51:42,917 | Utils | INFO | Reading structured dataset: 4_harmonized_ms_cellline_cleaned.csv from path: cleaned_data/gene expression
2026-07-07 07:51:43,714 | Utils | INFO | Successfully loaded file. Calculated shape: (375, 12559)
2026-07-07 07:51:43,914 | Preprocessing | INFO | Starting MinMax scaling transformation (0-1 range)
2026-07-07 07:51:44,117 | Preprocessing | INFO | MinMax scaling completed successfully
2026-07-07 07:51:45,749 | Utils | INFO | Initiating save routine for file: 4_Harmonized_MS_CCLE_Gygi_subsetted.csv into directory: scoring/gene expression
2026-07-07 07:51:57,268 | Utils | INFO | Data frame successfully serialized to: C:\Users\Shankar\Desktop\AstraZeneca\code\astrazeneca\CelllineSelector\data\scoring\gene expression\4_Harmonized_MS_CCLE_Gygi_subsetted.csv
2026-07-07 07:51:57,394 | Pipelinerunner | INFO | Scoring: passing through 5_OmicsFusionFilteredSupplementary.csv
2026-07-07 07:51:57,395 | Utils | INFO | Reading structured dataset: 5_OmicsFusionFilteredSupplementary.csv from path: cleaned_data/gene properties
2026-07-07 07:51:58,220 | Utils | INFO | Successfully loaded file. Calculated shape: (184237, 31)
2026-07-07 07:51:58,220 | Utils | INFO | Initiating save routine for file: 5_OmicsFusionFilteredSupplementary.csv into directory: scoring/gene properties
2026-07-07 07:51:58,220 | Utils | INFO | Creating missing directory destination structure: C:\Users\Shankar\Desktop\AstraZeneca\code\astrazeneca\CelllineSelector\data\scoring\gene properties
2026-07-07 07:51:59,637 | Utils | INFO | Data frame successfully serialized to: C:\Users\Shankar\Desktop\AstraZeneca\code\astrazeneca\CelllineSelector\data\scoring\gene properties\5_OmicsFusionFilteredSupplementary.csv
2026-07-07 07:51:59,742 | Pipelinerunner | INFO | Scoring: passing through 6_OmicsSomaticMutationsProfile.csv
2026-07-07 07:51:59,742 | Utils | INFO | Reading structured dataset: 6_OmicsSomaticMutationsProfile.csv from path: cleaned_data/gene properties
2026-07-07 07:52:08,158 | Utils | INFO | Successfully loaded file. Calculated shape: (1066869, 71)
2026-07-07 07:52:08,158 | Utils | INFO | Initiating save routine for file: 6_OmicsSomaticMutationsProfile.csv into directory: scoring/gene properties
2026-07-07 07:52:27,033 | Utils | INFO | Data frame successfully serialized to: C:\Users\Shankar\Desktop\AstraZeneca\code\astrazeneca\CelllineSelector\data\scoring\gene properties\6_OmicsSomaticMutationsProfile.csv
2026-07-07 07:52:27,163 | Pipelinerunner | INFO | Scoring: passing through 12_CCLE_metabolomics_20190502.csv
2026-07-07 07:52:27,164 | Utils | INFO | Reading structured dataset: 12_CCLE_metabolomics_20190502.csv from path: cleaned_data/non gene expression
2026-07-07 07:52:27,189 | Utils | INFO | Successfully loaded file. Calculated shape: (928, 227)
2026-07-07 07:52:27,189 | Utils | INFO | Initiating save routine for file: 12_CCLE_metabolomics_20190502.csv into directory: scoring/non gene expression
2026-07-07 07:52:27,190 | Utils | INFO | Creating missing directory destination structure: C:\Users\Shankar\Desktop\AstraZeneca\code\astrazeneca\CelllineSelector\data\scoring\non gene expression
2026-07-07 07:52:27,317 | Utils | INFO | Data frame successfully serialized to: C:\Users\Shankar\Desktop\AstraZeneca\code\astrazeneca\CelllineSelector\data\scoring\non gene expression\12_CCLE_metabolomics_20190502.csv
2026-07-07 07:52:27,430 | Pipelinerunner | INFO | Scoring: passing through 14_OmicsGlobalSignatures.csv
2026-07-07 07:52:27,430 | Utils | INFO | Reading structured dataset: 14_OmicsGlobalSignatures.csv from path: cleaned_data/non gene expression
2026-07-07 07:52:27,438 | Utils | INFO | Successfully loaded file. Calculated shape: (1955, 11)
2026-07-07 07:52:27,438 | Utils | INFO | Initiating save routine for file: 14_OmicsGlobalSignatures.csv into directory: scoring/non gene expression
2026-07-07 07:52:27,450 | Utils | INFO | Data frame successfully serialized to: C:\Users\Shankar\Desktop\AstraZeneca\code\astrazeneca\CelllineSelector\data\scoring\non gene expression\14_OmicsGlobalSignatures.csv
2026-07-07 07:52:27,558 | Pipelinerunner | INFO | Scoring pipeline completed successfully
2026-07-07 07:52:27,562 | Pipelinerunner | INFO | Scoring pipeline completed successfully
2026-07-07 07:52:27,563 | ML Pipeline | INFO | Machine learning flow completed
2026-07-07 16:22:42,062 | ML Pipeline | INFO | Starting the Machine learning flow
2026-07-07 16:22:42,063 | Pipelinerunner | INFO | Starting the pipeline runner
2026-07-07 16:22:42,063 | Pipelinerunner | INFO | Starting cleaning stage (one file at a time to bound memory)
2026-07-07 16:22:42,063 | Pipelinerunner | INFO | Loading raw datafile 1_4_hpa_rna_celline
2026-07-07 16:22:42,063 | Utils | INFO | Attempting to read raw data asset: 1_4_hpa_rna_celline from subfolder: gene expression
2026-07-07 16:22:57,981 | Utils | INFO | File has been read returning the file
2026-07-07 16:22:57,982 | Pipelinerunner | INFO | Cleaning datafile 1_4_hpa_rna_celline
2026-07-07 16:22:57,982 | Data Cleaner | INFO | Starting Data Cleaning Process for File Number: 1
2026-07-07 16:22:57,982 | Data Cleaner | INFO | Initial raw dataset shape: (24315372, 6)
2026-07-07 16:22:58,374 | Data Cleaner | INFO | Reshaping data_df to map Cell lines against Genes
2026-07-07 16:23:17,666 | Data Cleaner | INFO | Reshaped DataFrame shape: (1206, 20163)
2026-07-07 16:23:18,075 | Data Cleaner | INFO | Reading nomenclature 9_DepMap_sample_info mapping data
2026-07-07 16:23:18,075 | Utils | INFO | Attempting to read raw data asset: 9_DepMap_sample_info from subfolder: nomenclature
2026-07-07 16:23:18,105 | Utils | INFO | File has been read returning the file
2026-07-07 16:23:18,106 | Data Cleaner | INFO | Executing primary merge via standard cell line names
2026-07-07 16:23:18,129 | Data Cleaner | INFO | Executing fallback merge via stripped cell line names for missing mapping profiles
2026-07-07 16:23:18,168 | Data Cleaner | INFO | Remaining NaN DepMap_IDs: 281
2026-07-07 16:23:18,169 | Data Cleaner | INFO | NaN 'Cell line' entries: 0
2026-07-07 16:23:18,170 | Data Cleaner | INFO | Duplicate values present in DepMap_ID: 280
2026-07-07 16:23:18,170 | Data Cleaner | INFO | Final structured shape before saving: (1206, 20164)
2026-07-07 16:23:18,175 | Data Cleaner | INFO | Saving processed HPA RNA data
2026-07-07 16:23:18,175 | Utils | INFO | Initiating save routine for file: 1_4_hpa_rna_celline.csv into directory: cleaned_data/gene expression
2026-07-07 16:23:42,866 | Utils | INFO | Data frame successfully serialized to: C:\Users\Shankar\Desktop\AstraZeneca\code\astrazeneca\CelllineSelector\data\cleaned_data\gene expression\1_4_hpa_rna_celline.csv
2026-07-07 16:23:42,866 | Data Cleaner | INFO | File 1 successfully processed and verified
2026-07-07 16:23:43,108 | Pipelinerunner | INFO | Cleaned and released 1_4_hpa_rna_celline from memory
2026-07-07 16:23:43,109 | Pipelinerunner | INFO | Loading raw datafile 2_DepMap_OmicsExpressionAllGenesTPMLogp1Profile
2026-07-07 16:23:43,109 | Utils | INFO | Attempting to read raw data asset: 2_DepMap_OmicsExpressionAllGenesTPMLogp1Profile from subfolder: gene expression
2026-07-07 16:24:36,858 | Utils | INFO | File has been read returning the file
2026-07-07 16:24:36,858 | Pipelinerunner | INFO | Cleaning datafile 2_DepMap_OmicsExpressionAllGenesTPMLogp1Profile
2026-07-07 16:24:36,858 | Data Cleaner | INFO | Starting Data Cleaning Process for File Number: 2
2026-07-07 16:24:36,859 | Data Cleaner | INFO | Initial raw dataset shape: (1495, 53962)
2026-07-07 16:24:36,859 | Data Cleaner | INFO | Cleaning and parsing Ensembl IDs from headers
2026-07-07 16:24:37,211 | Data Cleaner | INFO | Ensembl parsed DataFrame shape: (1495, 53962)
2026-07-07 16:24:37,212 | Utils | INFO | Attempting to read raw data asset: mart_export from subfolder: mart_export
2026-07-07 16:24:37,678 | Utils | INFO | File has been read returning the file
2026-07-07 16:24:37,679 | Data Cleaner | INFO | Filtering matrix to track protein coding genes using BioMart specs
2026-07-07 16:24:38,364 | Data Cleaner | INFO | Protein-coding filtered shape: (1495, 19919)
2026-07-07 16:24:38,364 | Data Cleaner | INFO | Mapping profile records to unified ModelIDs
2026-07-07 16:24:38,364 | Utils | INFO | Attempting to read raw data asset: 8_DepMap_OmicsProfiles from subfolder: nomenclature
2026-07-07 16:24:38,399 | Utils | INFO | File has been read returning the file
2026-07-07 16:24:40,326 | Data Cleaner | INFO | Final unique ModelID table shape: (1479, 19920)
2026-07-07 16:24:40,326 | Data Cleaner | INFO | Saving processed DepMap expression data matrix
2026-07-07 16:24:40,327 | Utils | INFO | Initiating save routine for file: 2_DepMap_OmicsExpressionAllGenesTPMLogp1Profile.csv into directory: cleaned_data/gene expression
2026-07-07 16:27:16,337 | Utils | INFO | Data frame successfully serialized to: C:\Users\Shankar\Desktop\AstraZeneca\code\astrazeneca\CelllineSelector\data\cleaned_data\gene expression\2_DepMap_OmicsExpressionAllGenesTPMLogp1Profile.csv
2026-07-07 16:27:16,338 | Data Cleaner | INFO | File 2 successfully processed and verified
2026-07-07 16:27:17,103 | Pipelinerunner | INFO | Cleaned and released 2_DepMap_OmicsExpressionAllGenesTPMLogp1Profile from memory
2026-07-07 16:27:17,104 | Pipelinerunner | INFO | Loading raw datafile 3_GEOexpression
2026-07-07 16:27:17,104 | Utils | INFO | Attempting to read raw data asset: 3_GEOexpression from subfolder: gene expression
2026-07-07 16:27:30,298 | Utils | INFO | File has been read returning the file
2026-07-07 16:27:30,298 | Pipelinerunner | INFO | Cleaning datafile 3_GEOexpression
2026-07-07 16:27:30,298 | Data Cleaner | INFO | Starting Data Cleaning Process for File Number: 3
2026-07-07 16:27:30,298 | Data Cleaner | INFO | Initial raw dataset shape: (19914, 3268)
2026-07-07 16:27:30,299 | Data Cleaner | INFO | Applying element-wise log2 transformation matrix
2026-07-07 16:27:32,323 | Data Cleaner | INFO | Transformed matrix layout shape: (19914, 3268)
2026-07-07 16:27:32,323 | Data Cleaner | INFO | Saving processed GEO expression dataset
2026-07-07 16:27:32,323 | Utils | INFO | Initiating save routine for file: 3_GEOexpression.csv into directory: cleaned_data/gene expression
2026-07-07 16:30:00,266 | Utils | INFO | Data frame successfully serialized to: C:\Users\Shankar\Desktop\AstraZeneca\code\astrazeneca\CelllineSelector\data\cleaned_data\gene expression\3_GEOexpression.csv
2026-07-07 16:30:00,267 | Data Cleaner | INFO | File 3 successfully processed and verified.
2026-07-07 16:30:00,548 | Pipelinerunner | INFO | Cleaned and released 3_GEOexpression from memory
2026-07-07 16:30:00,548 | Pipelinerunner | INFO | Loading raw datafile 4_Harmonized_MS_CCLE_Gygi_subsetted
2026-07-07 16:30:00,549 | Utils | INFO | Attempting to read raw data asset: 4_Harmonized_MS_CCLE_Gygi_subsetted from subfolder: gene expression
2026-07-07 16:30:01,889 | Utils | INFO | File has been read returning the file
2026-07-07 16:30:01,889 | Pipelinerunner | INFO | Cleaning datafile 4_Harmonized_MS_CCLE_Gygi_subsetted
2026-07-07 16:30:01,889 | Data Cleaner | INFO | Starting Data Cleaning Process for File Number: 4
2026-07-07 16:30:01,890 | Data Cleaner | INFO | Initial raw dataset shape: (375, 12559)
2026-07-07 16:30:02,090 | Data Cleaner | INFO | Stripping down complex multi-omic feature string suffixes
2026-07-07 16:30:02,123 | Data Cleaner | INFO | Normalized column headers shape: (375, 12559)
2026-07-07 16:30:02,123 | Data Cleaner | INFO | Saving processed Mass Spec data matrix
2026-07-07 16:30:02,124 | Utils | INFO | Initiating save routine for file: 4_harmonized_ms_cellline_cleaned.csv into directory: cleaned_data/gene expression
2026-07-07 16:30:20,234 | Utils | INFO | Data frame successfully serialized to: C:\Users\Shankar\Desktop\AstraZeneca\code\astrazeneca\CelllineSelector\data\cleaned_data\gene expression\4_harmonized_ms_cellline_cleaned.csv
2026-07-07 16:30:20,235 | Data Cleaner | INFO | File 4 successfully processed and verified.
2026-07-07 16:30:20,412 | Pipelinerunner | INFO | Cleaned and released 4_Harmonized_MS_CCLE_Gygi_subsetted from memory
2026-07-07 16:30:20,412 | Pipelinerunner | INFO | Loading raw datafile 5_OmicsFusionFilteredSupplementary
2026-07-07 16:30:20,413 | Utils | INFO | Attempting to read raw data asset: 5_OmicsFusionFilteredSupplementary from subfolder: gene properties
2026-07-07 16:30:21,538 | Utils | INFO | File has been read returning the file
2026-07-07 16:30:21,538 | Pipelinerunner | INFO | Cleaning datafile 5_OmicsFusionFilteredSupplementary
2026-07-07 16:30:21,538 | Data Cleaner | INFO | Starting Data Cleaning Process for File Number: 5
2026-07-07 16:30:21,539 | Data Cleaner | INFO | Initial raw dataset shape: (184237, 30)
2026-07-07 16:30:21,540 | Data Cleaner | INFO | Parsing combined gene notation elements into component targets
2026-07-07 16:30:22,948 | Data Cleaner | INFO | Parsed fusion records shape: (184237, 31)
2026-07-07 16:30:22,949 | Data Cleaner | INFO | Saving filtered structural fusion matrix
2026-07-07 16:30:22,949 | Utils | INFO | Initiating save routine for file: 5_OmicsFusionFilteredSupplementary.csv into directory: cleaned_data/gene properties
2026-07-07 16:30:25,653 | Utils | INFO | Data frame successfully serialized to: C:\Users\Shankar\Desktop\AstraZeneca\code\astrazeneca\CelllineSelector\data\cleaned_data\gene properties\5_OmicsFusionFilteredSupplementary.csv
2026-07-07 16:30:25,653 | Data Cleaner | INFO | File 5 successfully processed and verified.
2026-07-07 16:30:25,803 | Pipelinerunner | INFO | Cleaned and released 5_OmicsFusionFilteredSupplementary from memory
2026-07-07 16:30:25,803 | Pipelinerunner | INFO | Loading raw datafile 6_OmicsSomaticMutationsProfile
2026-07-07 16:30:25,803 | Utils | INFO | Attempting to read raw data asset: 6_OmicsSomaticMutationsProfile from subfolder: gene properties
2026-07-07 16:30:40,819 | Utils | INFO | File has been read returning the file
2026-07-07 16:30:40,820 | Pipelinerunner | INFO | Cleaning datafile 6_OmicsSomaticMutationsProfile
2026-07-07 16:30:40,820 | Data Cleaner | INFO | Starting Data Cleaning Process for File Number: 6
2026-07-07 16:30:40,820 | Data Cleaner | INFO | Initial raw dataset shape: (1066869, 70)
2026-07-07 16:30:40,821 | Data Cleaner | INFO | Merging somatic mutational vectors to core profile indices
2026-07-07 16:30:40,821 | Utils | INFO | Attempting to read raw data asset: 8_DepMap_OmicsProfiles from subfolder: nomenclature
2026-07-07 16:30:40,840 | Utils | INFO | File has been read returning the file
2026-07-07 16:30:41,438 | Data Cleaner | INFO | ModelID structural duplicates: 1065124
2026-07-07 16:30:46,424 | Data Cleaner | INFO | Total row duplicate signatures: 0
2026-07-07 16:30:46,432 | Data Cleaner | INFO | Null occurrences in ModelID tracking: 152885
2026-07-07 16:30:46,435 | Data Cleaner | INFO | Null occurrences in ProfileID tracking: 0
2026-07-07 16:30:46,435 | Data Cleaner | INFO | Final output shape: (1066869, 71)
2026-07-07 16:30:46,435 | Data Cleaner | INFO | Saving mutation profile configurations
2026-07-07 16:30:46,435 | Utils | INFO | Initiating save routine for file: 6_OmicsSomaticMutationsProfile.csv into directory: cleaned_data/gene properties
2026-07-07 16:31:21,342 | Utils | INFO | Data frame successfully serialized to: C:\Users\Shankar\Desktop\AstraZeneca\code\astrazeneca\CelllineSelector\data\cleaned_data\gene properties\6_OmicsSomaticMutationsProfile.csv
2026-07-07 16:31:21,343 | Data Cleaner | INFO | File 6 successfully processed and verified.
2026-07-07 16:31:21,520 | Pipelinerunner | INFO | Cleaned and released 6_OmicsSomaticMutationsProfile from memory
2026-07-07 16:31:21,521 | Pipelinerunner | INFO | Loading raw datafile 12_CCLE_metabolomics_20190502
2026-07-07 16:31:21,521 | Utils | INFO | Attempting to read raw data asset: 12_CCLE_metabolomics_20190502 from subfolder: non gene expression
2026-07-07 16:31:21,574 | Utils | INFO | File has been read returning the file
2026-07-07 16:31:21,574 | Pipelinerunner | INFO | Cleaning datafile 12_CCLE_metabolomics_20190502
2026-07-07 16:31:21,575 | Data Cleaner | INFO | Starting Data Cleaning Process for File Number: 12
2026-07-07 16:31:21,575 | Data Cleaner | INFO | Initial raw dataset shape: (928, 227)
2026-07-07 16:31:21,576 | Data Cleaner | INFO | Standardized metabolomics shape: (928, 227)
2026-07-07 16:31:21,577 | Data Cleaner | INFO | Saving baseline metabolomics array
2026-07-07 16:31:21,577 | Utils | INFO | Initiating save routine for file: 12_CCLE_metabolomics_20190502.csv into directory: cleaned_data/non gene expression
2026-07-07 16:31:21,816 | Utils | INFO | Data frame successfully serialized to: C:\Users\Shankar\Desktop\AstraZeneca\code\astrazeneca\CelllineSelector\data\cleaned_data\non gene expression\12_CCLE_metabolomics_20190502.csv
2026-07-07 16:31:21,816 | Data Cleaner | INFO | File 12 successfully processed and verified.
2026-07-07 16:31:21,947 | Pipelinerunner | INFO | Cleaned and released 12_CCLE_metabolomics_20190502 from memory
2026-07-07 16:31:21,948 | Pipelinerunner | INFO | Loading raw datafile 14_OmicsGlobalSignatures
2026-07-07 16:31:21,948 | Utils | INFO | Attempting to read raw data asset: 14_OmicsGlobalSignatures from subfolder: non gene expression
2026-07-07 16:31:21,981 | Utils | INFO | File has been read returning the file
2026-07-07 16:31:21,981 | Pipelinerunner | INFO | Cleaning datafile 14_OmicsGlobalSignatures
2026-07-07 16:31:21,982 | Data Cleaner | INFO | Starting Data Cleaning Process for File Number: 14
2026-07-07 16:31:21,982 | Data Cleaner | INFO | Initial raw dataset shape: (3021, 12)
2026-07-07 16:31:21,987 | Data Cleaner | INFO | Isolating records containing standard 'IsDefaultEntryForModel' flags
2026-07-07 16:31:21,989 | Data Cleaner | INFO | Filtered default profile shape: (1955, 11)
2026-07-07 16:31:21,989 | Data Cleaner | INFO | Saving standard multi-omics profile matrix
2026-07-07 16:31:21,989 | Utils | INFO | Initiating save routine for file: 14_OmicsGlobalSignatures.csv into directory: cleaned_data/non gene expression
2026-07-07 16:31:22,017 | Utils | INFO | Data frame successfully serialized to: C:\Users\Shankar\Desktop\AstraZeneca\code\astrazeneca\CelllineSelector\data\cleaned_data\non gene expression\14_OmicsGlobalSignatures.csv
2026-07-07 16:31:22,017 | Data Cleaner | INFO | File 14 successfully processed and verified.
2026-07-07 16:31:22,154 | Pipelinerunner | INFO | Cleaned and released 14_OmicsGlobalSignatures from memory
2026-07-07 16:31:22,155 | Pipelinerunner | INFO | Cleaning stage complete — all cleaned files persisted to disk
2026-07-07 16:31:22,285 | Pipelinerunner | INFO | Starting the Model Pipeline
2026-07-07 16:31:22,286 | Pipelinerunner | INFO | Model: reading cleaned depmap expression from disk
2026-07-07 16:31:22,286 | Utils | INFO | Reading structured dataset: 2_DepMap_OmicsExpressionAllGenesTPMLogp1Profile.csv from path: cleaned_data/gene expression
2026-07-07 16:31:37,387 | Utils | INFO | Successfully loaded file. Calculated shape: (1479, 19920)
2026-07-07 16:31:37,387 | Pipelinerunner | INFO | Model: preprocessing depmap expression (z-score)
2026-07-07 16:31:37,829 | Preprocessing | INFO | Starting standard scaling transformation (Z-score)
2026-07-07 16:31:39,282 | Preprocessing | INFO | Standard scaling completed successfully.
2026-07-07 16:31:48,112 | Pipelinerunner | INFO | Model: reading cleaned harmonized MS (proteomics) from disk
2026-07-07 16:31:48,112 | Utils | INFO | Reading structured dataset: 4_harmonized_ms_cellline_cleaned.csv from path: cleaned_data/gene expression
2026-07-07 16:31:49,902 | Utils | INFO | Successfully loaded file. Calculated shape: (375, 12559)
2026-07-07 16:31:49,903 | Pipelinerunner | INFO | Model: reading cleaned metabolomics from disk
2026-07-07 16:31:49,903 | Utils | INFO | Reading structured dataset: 12_CCLE_metabolomics_20190502.csv from path: cleaned_data/non gene expression
2026-07-07 16:31:49,947 | Utils | INFO | Successfully loaded file. Calculated shape: (928, 227)
2026-07-07 16:31:49,969 | Preprocessing | INFO | Starting standard scaling transformation (Z-score)
2026-07-07 16:31:49,980 | Preprocessing | INFO | Standard scaling completed successfully.
2026-07-07 16:31:49,986 | Pipelinerunner | INFO | Model: reading cleaned global signatures from disk
2026-07-07 16:31:49,986 | Utils | INFO | Reading structured dataset: 14_OmicsGlobalSignatures.csv from path: cleaned_data/non gene expression
2026-07-07 16:31:50,013 | Utils | INFO | Successfully loaded file. Calculated shape: (1955, 11)
2026-07-07 16:31:50,021 | Preprocessing | INFO | Starting standard scaling transformation (Z-score)
2026-07-07 16:31:50,023 | Preprocessing | INFO | Standard scaling completed successfully.
2026-07-07 16:31:50,024 | Pipelinerunner | INFO | Model: preparing MOFA factors
2026-07-07 16:31:50,024 | Preprocessing | INFO | Starting Multi-Omics MOFA Matrix Construction Step
2026-07-07 16:31:50,024 | Preprocessing | INFO | Dropping ProfileID metadata column from the modeling tracking matrix.
2026-07-07 16:31:50,339 | Preprocessing | INFO | Sorting baseline expression records by ModelID numerical suffix
2026-07-07 16:31:51,083 | Preprocessing | INFO | Master index established with 1479 unique ModelIDs
2026-07-07 16:31:51,083 | Preprocessing | INFO | Aligning multi-omic tracking views across master ModelID mapping space
2026-07-07 16:31:52,059 | Preprocessing | INFO | Dropping non-feature metadata keys from omic dataframes
2026-07-07 16:31:53,269 | Preprocessing | INFO | View shapes -> RNA:(1479, 19918) Prot:(1479, 12558) Metab:(1479, 225) GlobalSig:(1479, 6)
2026-07-07 16:31:53,269 | Preprocessing | INFO | Initializing mofapy2 execution workspace configurations
2026-07-07 16:31:59,877 | Preprocessing | INFO | Building MOFA model graph layers
2026-07-07 16:32:03,585 | Preprocessing | INFO | Running MOFA variational inference optimization loop
2026-07-07 16:56:43,182 | Preprocessing | INFO | Extracting latent space expectation values (Z node)
2026-07-07 16:56:43,214 | Utils | INFO | Initiating save routine for file: multiomincsfactor.csv into directory: mofa_data/multiomincsfactor
2026-07-07 16:56:43,317 | Utils | INFO | Data frame successfully serialized to: C:\Users\Shankar\Desktop\AstraZeneca\code\astrazeneca\CelllineSelector\data\mofa_data\multiomincsfactor\multiomincsfactor.csv
2026-07-07 16:56:43,317 | Preprocessing | INFO | Extracting view-specific feature loading weights (W node) for RNA view
2026-07-07 16:56:43,349 | Preprocessing | INFO | Extracted RNA weight matrix layout shape: (19918, 20)
2026-07-07 16:56:43,350 | Utils | INFO | Initiating save routine for file: rnafactor.csv into directory: mofa_data/rnafactor
2026-07-07 16:56:43,698 | Utils | INFO | Data frame successfully serialized to: C:\Users\Shankar\Desktop\AstraZeneca\code\astrazeneca\CelllineSelector\data\mofa_data\rnafactor\rnafactor.csv
2026-07-07 16:56:43,699 | Preprocessing | INFO | Multi-omics factor and weight extraction run completed successfully.
2026-07-07 16:56:46,618 | Pipelinerunner | INFO | Model: MOFA preparation completed; inputs released
2026-07-07 16:56:46,619 | Pipelinerunner | INFO | Model: training KMeans on MOFA factors
2026-07-07 16:56:46,619 | Training | INFO | Starting KMeans Unsupervised Clustering Routine
2026-07-07 16:56:46,619 | Training | INFO | Target verification complete: Directory C:\Users\Shankar\Desktop\AstraZeneca\code\astrazeneca\CelllineSelector\artifacts already exists.
2026-07-07 16:56:46,621 | Training | INFO | Extracted feature grid array shape for KMeans training: (1479, 20)
2026-07-07 16:56:46,621 | Training | INFO | Running the Kmeans to select the best value of the K
2026-07-07 16:56:46,621 | Training | INFO | Running the Kmeans from 2 to 50
2026-07-07 16:56:52,761 | Training | INFO | Best value of k is 31
2026-07-07 16:56:52,761 | Training | INFO | Best silhouette value of K is 0.16546531243866608
2026-07-07 16:56:52,761 | Training | INFO | Best Inertia value of K is 66010.55650790603
2026-07-07 16:56:52,762 | Training | INFO | Initializing KMeans execution block with K=31
2026-07-07 16:56:52,778 | Training | INFO | Saving serialized KMeans pipeline estimator binary artifact
2026-07-07 16:56:52,779 | Utils | INFO | Attempting to write binary pipeline estimator out to filename: kmeans_model.joblib
2026-07-07 16:56:52,779 | Utils | INFO | Dumping joblib binary payload to path destination: C:\Users\Shankar\Desktop\AstraZeneca\code\astrazeneca\CelllineSelector\models\kmeans_model.joblib
2026-07-07 16:56:52,782 | Utils | INFO | Model saved to location: C:\Users\Shankar\Desktop\AstraZeneca\code\astrazeneca\CelllineSelector\models\kmeans_model.joblib
2026-07-07 16:56:52,783 | Training | INFO | Saving classified cluster label allocations dataframe...
2026-07-07 16:56:52,783 | Utils | INFO | Initiating save routine for file: Kmeansclusters.csv into directory: kmeans_data/kmeans
2026-07-07 16:56:52,787 | Utils | INFO | Data frame successfully serialized to: C:\Users\Shankar\Desktop\AstraZeneca\code\astrazeneca\CelllineSelector\data\kmeans_data\kmeans\Kmeansclusters.csv
2026-07-07 16:56:52,788 | Training | INFO | Calculating evaluation clustering performance metrics
2026-07-07 16:56:52,864 | Training | INFO | Writing statistical cluster validation scores to: C:\Users\Shankar\Desktop\AstraZeneca\code\astrazeneca\CelllineSelector\artifacts\kmeans_metrics.txt
2026-07-07 16:56:52,865 | Training | INFO | Generating raw latent feature distribution scatter plots
2026-07-07 16:56:53,138 | Training | INFO | Initializing UMAP manifold dimension reduction to visualize cluster boundaries
2026-07-07 16:57:05,332 | Training | INFO | Saving UMAP 2D projection scatter plots to: C:\Users\Shankar\Desktop\AstraZeneca\code\astrazeneca\CelllineSelector\artifacts\kmeans_umap_projection.png
2026-07-07 16:57:05,554 | Training | INFO | KMeans model training and diagnostic artifact pipeline run complete.
2026-07-07 16:57:05,554 | Pipelinerunner | INFO | Model: training KNN on MOFA factors
2026-07-07 16:57:05,554 | Training | INFO | Starting KNN Neighborhood Graph Mapping Routine
2026-07-07 16:57:05,554 | Training | INFO | Extracted feature grid array shape for KNN fitting: (1479, 20)
2026-07-07 16:57:05,554 | Training | INFO | Fitting mathematical unsupervised graph structure with K=6
2026-07-07 16:57:05,601 | Training | INFO | Saving serialized KNN graph matrix state block
2026-07-07 16:57:05,601 | Utils | INFO | Attempting to write binary pipeline estimator out to filename: knn_model.joblib
2026-07-07 16:57:05,601 | Utils | INFO | Dumping joblib binary payload to path destination: C:\Users\Shankar\Desktop\AstraZeneca\code\astrazeneca\CelllineSelector\models\knn_model.joblib
2026-07-07 16:57:05,604 | Utils | INFO | Model saved to location: C:\Users\Shankar\Desktop\AstraZeneca\code\astrazeneca\CelllineSelector\models\knn_model.joblib
2026-07-07 16:57:05,605 | Training | INFO | Saving average neighbor neighborhood distance vector records
2026-07-07 16:57:05,606 | Utils | INFO | Initiating save routine for file: KnnDistances.csv into directory: knn_data/knn
2026-07-07 16:57:05,611 | Utils | INFO | Data frame successfully serialized to: C:\Users\Shankar\Desktop\AstraZeneca\code\astrazeneca\CelllineSelector\data\knn_data\knn\KnnDistances.csv
2026-07-07 16:57:05,611 | Training | INFO | Writing global neighborhood closeness baseline scores to: C:\Users\Shankar\Desktop\AstraZeneca\code\astrazeneca\CelllineSelector\artifacts\knn_metrics.txt
2026-07-07 16:57:05,612 | Training | INFO | Plotting neighborhood local density scatter spaces
2026-07-07 16:57:05,956 | Training | INFO | Constructing decision boundary mesh space for 2D geographic region mapping
2026-07-07 16:57:11,877 | Training | INFO | Saving 2D spatial region area contour projection map to: C:\Users\Shankar\Desktop\AstraZeneca\code\astrazeneca\CelllineSelector\artifacts\knn_umap_area_map.png
2026-07-07 16:57:11,877 | Training | INFO | KNN neighbor model training, mapping, and metric logs complete.
2026-07-07 16:57:11,877 | Pipelinerunner | INFO | Model: testing KMeans
2026-07-07 16:57:11,877 | Testing | INFO | Starting KMeans Inference Validation Test
2026-07-07 16:57:11,878 | Testing | INFO | Reading multi-omics latent factor matrix matrix
2026-07-07 16:57:11,878 | Utils | INFO | Reading structured dataset: multiomincsfactor.csv from path: mofa_data/multiomincsfactor
2026-07-07 16:57:11,893 | Utils | INFO | Successfully loaded file. Calculated shape: (1479, 21)
2026-07-07 16:57:11,906 | Testing | INFO | Target match tracking: Located 3 out of 4 requested validation cell lines.
2026-07-07 16:57:11,907 | Testing | INFO | KMeans inference matrix shape: (3, 20)
2026-07-07 16:57:11,907 | Testing | INFO | Loading serialized KMeans pipeline estimator instance
2026-07-07 16:57:11,907 | Utils | INFO | Attempting to load binary pipeline estimator from storage name: kmeans_model.joblib
2026-07-07 16:57:11,918 | Utils | INFO | Model has been successfully loaded from the path
2026-07-07 16:57:11,918 | Testing | INFO | Executing cluster coordinate predictions
2026-07-07 16:57:11,919 | Testing | INFO | Writing KMeans cluster profiles out to: C:\Users\Shankar\Desktop\AstraZeneca\code\astrazeneca\CelllineSelector\artifacts\kmeanstestresults.txt
2026-07-07 16:57:11,920 | Testing | INFO | KMeans inference validation completed successfully.
2026-07-07 16:57:11,922 | Pipelinerunner | INFO | Model: testing KNN
2026-07-07 16:57:11,922 | Testing | INFO | Starting KNN Sister Neighborhood Selection Test
2026-07-07 16:57:11,922 | Testing | INFO | Reading multi-omics latent factor matrix matrix
2026-07-07 16:57:11,922 | Utils | INFO | Reading structured dataset: multiomincsfactor.csv from path: mofa_data/multiomincsfactor
2026-07-07 16:57:11,928 | Utils | INFO | Successfully loaded file. Calculated shape: (1479, 21)
2026-07-07 16:57:11,929 | Testing | INFO | Target match tracking: Located 3 out of 4 requested validation cell lines.
2026-07-07 16:57:11,930 | Testing | INFO | KNN neighbor query coordinates feature shape: (3, 20)
2026-07-07 16:57:11,930 | Testing | INFO | Loading serialized KNN neighbor graph mapping pipeline
2026-07-07 16:57:11,930 | Utils | INFO | Attempting to load binary pipeline estimator from storage name: knn_model.joblib
2026-07-07 16:57:11,940 | Utils | INFO | Model has been successfully loaded from the path
2026-07-07 16:57:11,940 | Testing | INFO | Computing closest neighborhood indices and multi-dimensional distances
2026-07-07 16:57:11,951 | Testing | INFO | Writing alternative neighborhood assignments out to: C:\Users\Shankar\Desktop\AstraZeneca\code\astrazeneca\CelllineSelector\artifacts\knntestresults.txt
2026-07-07 16:57:11,954 | Testing | INFO | KNN neighborhood verification test complete.
2026-07-07 16:57:11,954 | Pipelinerunner | INFO | Model: computing cosine similarity matrix
2026-07-07 16:57:11,954 | Cosine Matrix | INFO | Starting the cosine matrix formation to find similarity
2026-07-07 16:57:11,955 | Cosine Matrix | INFO | (1479, 21)
2026-07-07 16:57:11,955 | Cosine Matrix | INFO | (19918, 20)
2026-07-07 16:57:11,957 | Cosine Matrix | INFO | Starting to get the cosine values
2026-07-07 16:57:12,031 | Cosine Matrix | INFO | Starting to get the cosine values have been determined
2026-07-07 16:57:12,031 | Cosine Matrix | INFO | Creating a dataframe
2026-07-07 16:57:12,116 | Cosine Matrix | INFO | Dataframe has been created
2026-07-07 16:57:12,116 | Cosine Matrix | INFO | (1479, 19918)
2026-07-07 16:57:12,142 | Cosine Matrix | INFO | Saving the raw cosine dataframe
2026-07-07 16:57:12,142 | Utils | INFO | Initiating save routine for file: cosinematrix.csv into directory: cosine_matrix/cosine
2026-07-07 16:57:40,779 | Utils | INFO | Data frame successfully serialized to: C:\Users\Shankar\Desktop\AstraZeneca\code\astrazeneca\CelllineSelector\data\cosine_matrix\cosine\cosinematrix.csv
2026-07-07 16:57:40,779 | Cosine Matrix | INFO | Similarity dataset has been saved successfully returning the file
2026-07-07 16:57:40,953 | Pipelinerunner | INFO | Model: min-max scaling similarity matrix for scoring
2026-07-07 16:57:40,964 | Preprocessing | INFO | Starting MinMax scaling transformation (0-1 range)
2026-07-07 16:57:41,260 | Preprocessing | INFO | MinMax scaling completed successfully
2026-07-07 16:57:45,671 | Utils | INFO | Initiating save routine for file: cosinematrix.csv into directory: scoring/cosine_matrix
2026-07-07 16:59:40,264 | Utils | INFO | Data frame successfully serialized to: C:\Users\Shankar\Desktop\AstraZeneca\code\astrazeneca\CelllineSelector\data\scoring\cosine_matrix\cosinematrix.csv
2026-07-07 16:59:40,642 | Pipelinerunner | INFO | Model pipeline completed successfully
2026-07-07 16:59:40,658 | Pipelinerunner | INFO | Model Pipeline completed successfully
2026-07-07 16:59:40,819 | Pipelinerunner | INFO | Starting the Scoring Pipeline
2026-07-07 16:59:40,820 | Pipelinerunner | INFO | Scoring: reading depmap ModelIDs for master filter
2026-07-07 16:59:40,820 | Utils | INFO | Reading structured dataset: 2_DepMap_OmicsExpressionAllGenesTPMLogp1Profile.csv from path: cleaned_data/gene expression
2026-07-07 16:59:51,385 | Utils | INFO | Successfully loaded file. Calculated shape: (1479, 19920)
2026-07-07 16:59:51,603 | Pipelinerunner | INFO | Scoring: processing hpa_rna
2026-07-07 16:59:51,603 | Utils | INFO | Reading structured dataset: 1_4_hpa_rna_celline.csv from path: cleaned_data/gene expression
2026-07-07 17:00:00,559 | Utils | INFO | Successfully loaded file. Calculated shape: (1206, 20164)
2026-07-07 17:00:02,014 | Preprocessing | INFO | Starting MinMax scaling transformation (0-1 range)
2026-07-07 17:00:02,612 | Preprocessing | INFO | MinMax scaling completed successfully
2026-07-07 17:00:10,814 | Utils | INFO | Initiating save routine for file: 1_4_hpa_rna_celline.csv into directory: scoring/gene expression
2026-07-07 17:01:47,875 | Utils | INFO | Data frame successfully serialized to: C:\Users\Shankar\Desktop\AstraZeneca\code\astrazeneca\CelllineSelector\data\scoring\gene expression\1_4_hpa_rna_celline.csv
2026-07-07 17:01:48,196 | Pipelinerunner | INFO | Scoring: processing depmap expression
2026-07-07 17:01:48,197 | Utils | INFO | Reading structured dataset: 2_DepMap_OmicsExpressionAllGenesTPMLogp1Profile.csv from path: cleaned_data/gene expression
2026-07-07 17:02:03,770 | Utils | INFO | Successfully loaded file. Calculated shape: (1479, 19920)
2026-07-07 17:02:04,247 | Preprocessing | INFO | Starting MinMax scaling transformation (0-1 range)
2026-07-07 17:02:05,348 | Preprocessing | INFO | MinMax scaling completed successfully
2026-07-07 17:02:14,918 | Utils | INFO | Initiating save routine for file: 2_DepMap_OmicsExpressionAllGenesTPMLogp1Profile.csv into directory: scoring/gene expression
2026-07-07 17:04:25,721 | Utils | INFO | Data frame successfully serialized to: C:\Users\Shankar\Desktop\AstraZeneca\code\astrazeneca\CelllineSelector\data\scoring\gene expression\2_DepMap_OmicsExpressionAllGenesTPMLogp1Profile.csv
2026-07-07 17:04:26,099 | Pipelinerunner | INFO | Scoring: processing geoexpression
2026-07-07 17:04:26,099 | Utils | INFO | Reading structured dataset: 3_GEOexpression.csv from path: cleaned_data/gene expression
2026-07-07 17:04:38,080 | Utils | INFO | Successfully loaded file. Calculated shape: (19914, 3268)
2026-07-07 17:04:38,134 | Preprocessing | INFO | Starting MinMax scaling transformation (0-1 range)
2026-07-07 17:04:39,380 | Preprocessing | INFO | MinMax scaling completed successfully
2026-07-07 17:04:39,815 | Utils | INFO | Initiating save routine for file: 3_GEOexpression.csv into directory: scoring/gene expression
2026-07-07 17:06:15,378 | Utils | INFO | Data frame successfully serialized to: C:\Users\Shankar\Desktop\AstraZeneca\code\astrazeneca\CelllineSelector\data\scoring\gene expression\3_GEOexpression.csv
2026-07-07 17:06:15,660 | Pipelinerunner | INFO | Scoring: processing harmonized MS
2026-07-07 17:06:15,660 | Utils | INFO | Reading structured dataset: 4_harmonized_ms_cellline_cleaned.csv from path: cleaned_data/gene expression
2026-07-07 17:06:16,891 | Utils | INFO | Successfully loaded file. Calculated shape: (375, 12559)
2026-07-07 17:06:17,217 | Preprocessing | INFO | Starting MinMax scaling transformation (0-1 range)
2026-07-07 17:06:17,591 | Preprocessing | INFO | MinMax scaling completed successfully
2026-07-07 17:06:20,145 | Utils | INFO | Initiating save routine for file: 4_Harmonized_MS_CCLE_Gygi_subsetted.csv into directory: scoring/gene expression
2026-07-07 17:06:40,949 | Utils | INFO | Data frame successfully serialized to: C:\Users\Shankar\Desktop\AstraZeneca\code\astrazeneca\CelllineSelector\data\scoring\gene expression\4_Harmonized_MS_CCLE_Gygi_subsetted.csv
2026-07-07 17:06:41,192 | Pipelinerunner | INFO | Scoring: passing through 5_OmicsFusionFilteredSupplementary.csv
2026-07-07 17:06:41,193 | Utils | INFO | Reading structured dataset: 5_OmicsFusionFilteredSupplementary.csv from path: cleaned_data/gene properties
2026-07-07 17:06:42,989 | Utils | INFO | Successfully loaded file. Calculated shape: (184237, 31)
2026-07-07 17:06:42,989 | Utils | INFO | Initiating save routine for file: 5_OmicsFusionFilteredSupplementary.csv into directory: scoring/gene properties
2026-07-07 17:06:45,916 | Utils | INFO | Data frame successfully serialized to: C:\Users\Shankar\Desktop\AstraZeneca\code\astrazeneca\CelllineSelector\data\scoring\gene properties\5_OmicsFusionFilteredSupplementary.csv
2026-07-07 17:06:46,073 | Pipelinerunner | INFO | Scoring: passing through 6_OmicsSomaticMutationsProfile.csv
2026-07-07 17:06:46,073 | Utils | INFO | Reading structured dataset: 6_OmicsSomaticMutationsProfile.csv from path: cleaned_data/gene properties
2026-07-07 17:07:02,788 | Utils | INFO | Successfully loaded file. Calculated shape: (1066869, 71)
2026-07-07 17:07:02,789 | Utils | INFO | Initiating save routine for file: 6_OmicsSomaticMutationsProfile.csv into directory: scoring/gene properties
2026-07-07 17:07:37,135 | Utils | INFO | Data frame successfully serialized to: C:\Users\Shankar\Desktop\AstraZeneca\code\astrazeneca\CelllineSelector\data\scoring\gene properties\6_OmicsSomaticMutationsProfile.csv
2026-07-07 17:07:37,369 | Pipelinerunner | INFO | Scoring: passing through 12_CCLE_metabolomics_20190502.csv
2026-07-07 17:07:37,370 | Utils | INFO | Reading structured dataset: 12_CCLE_metabolomics_20190502.csv from path: cleaned_data/non gene expression
2026-07-07 17:07:37,427 | Utils | INFO | Successfully loaded file. Calculated shape: (928, 227)
2026-07-07 17:07:37,427 | Utils | INFO | Initiating save routine for file: 12_CCLE_metabolomics_20190502.csv into directory: scoring/non gene expression
2026-07-07 17:07:37,648 | Utils | INFO | Data frame successfully serialized to: C:\Users\Shankar\Desktop\AstraZeneca\code\astrazeneca\CelllineSelector\data\scoring\non gene expression\12_CCLE_metabolomics_20190502.csv
2026-07-07 17:07:37,843 | Pipelinerunner | INFO | Scoring: passing through 14_OmicsGlobalSignatures.csv
2026-07-07 17:07:37,843 | Utils | INFO | Reading structured dataset: 14_OmicsGlobalSignatures.csv from path: cleaned_data/non gene expression
2026-07-07 17:07:37,854 | Utils | INFO | Successfully loaded file. Calculated shape: (1955, 11)
2026-07-07 17:07:37,854 | Utils | INFO | Initiating save routine for file: 14_OmicsGlobalSignatures.csv into directory: scoring/non gene expression
2026-07-07 17:07:37,869 | Utils | INFO | Data frame successfully serialized to: C:\Users\Shankar\Desktop\AstraZeneca\code\astrazeneca\CelllineSelector\data\scoring\non gene expression\14_OmicsGlobalSignatures.csv
2026-07-07 17:07:38,047 | Pipelinerunner | INFO | Scoring pipeline completed successfully
2026-07-07 17:07:38,056 | Pipelinerunner | INFO | Scoring pipeline completed successfully
2026-07-07 17:07:38,056 | ML Pipeline | INFO | Machine learning flow completed
2026-07-07 17:23:54,952 | ML Pipeline | INFO | Starting the Machine learning flow
2026-07-07 17:23:54,952 | Pipelinerunner | INFO | Starting the pipeline runner
2026-07-07 17:23:54,952 | Pipelinerunner | INFO | Starting cleaning stage (one file at a time to bound memory)
2026-07-07 17:23:54,952 | Pipelinerunner | INFO | Loading raw datafile 1_4_hpa_rna_celline
2026-07-07 17:23:54,953 | Utils | INFO | Attempting to read raw data asset: 1_4_hpa_rna_celline from subfolder: gene expression
2026-07-07 17:24:07,818 | Utils | INFO | File has been read returning the file
2026-07-07 17:24:07,818 | Pipelinerunner | INFO | Cleaning datafile 1_4_hpa_rna_celline
2026-07-07 17:24:07,819 | Data Cleaner | INFO | Starting Data Cleaning Process for File Number: 1
2026-07-07 17:24:07,819 | Data Cleaner | INFO | Initial raw dataset shape: (24315372, 6)
2026-07-07 17:24:08,128 | Data Cleaner | INFO | Reshaping data_df to map Cell lines against Genes
2026-07-07 17:24:30,874 | ML Pipeline | INFO | Starting the Machine learning flow
2026-07-07 17:24:30,874 | Pipelinerunner | INFO | Starting the pipeline runner
2026-07-07 17:24:30,875 | Pipelinerunner | INFO | Starting cleaning stage (one file at a time to bound memory)
2026-07-07 17:24:30,875 | Pipelinerunner | INFO | Loading raw datafile 1_4_hpa_rna_celline
2026-07-07 17:24:30,875 | Utils | INFO | Attempting to read raw data asset: 1_4_hpa_rna_celline from subfolder: gene expression
2026-07-07 17:24:42,641 | Utils | INFO | File has been read returning the file
2026-07-07 17:24:42,641 | Pipelinerunner | INFO | Cleaning datafile 1_4_hpa_rna_celline
2026-07-07 17:24:42,641 | Data Cleaner | INFO | Starting Data Cleaning Process for File Number: 1
2026-07-07 17:24:42,642 | Data Cleaner | INFO | Initial raw dataset shape: (24315372, 6)
2026-07-07 17:24:42,912 | Data Cleaner | INFO | Reshaping data_df to map Cell lines against Genes
2026-07-07 17:24:53,036 | Data Cleaner | INFO | Reshaped DataFrame shape: (1206, 20163)
2026-07-07 17:24:53,150 | Data Cleaner | INFO | Reading nomenclature 9_DepMap_sample_info mapping data
2026-07-07 17:24:53,150 | Utils | INFO | Attempting to read raw data asset: 9_DepMap_sample_info from subfolder: nomenclature
2026-07-07 17:24:53,166 | Utils | INFO | File has been read returning the file
2026-07-07 17:24:53,167 | Data Cleaner | INFO | Executing primary merge via standard cell line names
2026-07-07 17:24:53,181 | Data Cleaner | INFO | Executing fallback merge via stripped cell line names for missing mapping profiles
2026-07-07 17:24:53,208 | Data Cleaner | INFO | Remaining NaN DepMap_IDs: 281
2026-07-07 17:24:53,208 | Data Cleaner | INFO | NaN 'Cell line' entries: 0
2026-07-07 17:24:53,209 | Data Cleaner | INFO | Duplicate values present in DepMap_ID: 280
2026-07-07 17:24:53,209 | Data Cleaner | INFO | Final structured shape before saving: (1206, 20164)
2026-07-07 17:24:53,212 | Data Cleaner | INFO | Saving processed HPA RNA data
2026-07-07 17:24:53,212 | Utils | INFO | Initiating save routine for file: 1_4_hpa_rna_celline.csv into directory: cleaned_data/gene expression
2026-07-07 17:25:09,005 | Utils | INFO | Data frame successfully serialized to: C:\Users\Shankar\Desktop\AstraZeneca\code\astrazeneca\CelllineSelector\data\cleaned_data\gene expression\1_4_hpa_rna_celline.csv
2026-07-07 17:25:09,005 | Data Cleaner | INFO | File 1 successfully processed and verified
2026-07-07 17:25:09,130 | Pipelinerunner | INFO | Cleaned and released 1_4_hpa_rna_celline from memory
2026-07-07 17:25:09,130 | Pipelinerunner | INFO | Loading raw datafile 2_DepMap_OmicsExpressionAllGenesTPMLogp1Profile
2026-07-07 17:25:09,130 | Utils | INFO | Attempting to read raw data asset: 2_DepMap_OmicsExpressionAllGenesTPMLogp1Profile from subfolder: gene expression
2026-07-07 17:25:37,469 | Utils | INFO | File has been read returning the file
2026-07-07 17:25:37,470 | Pipelinerunner | INFO | Cleaning datafile 2_DepMap_OmicsExpressionAllGenesTPMLogp1Profile
2026-07-07 17:25:37,470 | Data Cleaner | INFO | Starting Data Cleaning Process for File Number: 2
2026-07-07 17:25:37,470 | Data Cleaner | INFO | Initial raw dataset shape: (1495, 53962)
2026-07-07 17:25:37,470 | Data Cleaner | INFO | Cleaning and parsing Ensembl IDs from headers
2026-07-07 17:25:37,637 | Data Cleaner | INFO | Ensembl parsed DataFrame shape: (1495, 53962)
2026-07-07 17:25:37,637 | Utils | INFO | Attempting to read raw data asset: mart_export from subfolder: mart_export
2026-07-07 17:25:37,943 | Utils | INFO | File has been read returning the file
2026-07-07 17:25:37,943 | Data Cleaner | INFO | Filtering matrix to track protein coding genes using BioMart specs
2026-07-07 17:25:38,316 | Data Cleaner | INFO | Protein-coding filtered shape: (1495, 19919)
2026-07-07 17:25:38,316 | Data Cleaner | INFO | Mapping profile records to unified ModelIDs
2026-07-07 17:25:38,316 | Utils | INFO | Attempting to read raw data asset: 8_DepMap_OmicsProfiles from subfolder: nomenclature
2026-07-07 17:25:38,324 | Utils | INFO | File has been read returning the file
2026-07-07 17:25:39,310 | Data Cleaner | INFO | Final unique ModelID table shape: (1479, 19920)
2026-07-07 17:25:39,311 | Data Cleaner | INFO | Saving processed DepMap expression data matrix
2026-07-07 17:25:39,311 | Utils | INFO | Initiating save routine for file: 2_DepMap_OmicsExpressionAllGenesTPMLogp1Profile.csv into directory: cleaned_data/gene expression
2026-07-07 17:27:05,661 | Utils | INFO | Data frame successfully serialized to: C:\Users\Shankar\Desktop\AstraZeneca\code\astrazeneca\CelllineSelector\data\cleaned_data\gene expression\2_DepMap_OmicsExpressionAllGenesTPMLogp1Profile.csv
2026-07-07 17:27:05,661 | Data Cleaner | INFO | File 2 successfully processed and verified
2026-07-07 17:27:06,108 | Pipelinerunner | INFO | Cleaned and released 2_DepMap_OmicsExpressionAllGenesTPMLogp1Profile from memory
2026-07-07 17:27:06,109 | Pipelinerunner | INFO | Loading raw datafile 3_GEOexpression
2026-07-07 17:27:06,109 | Utils | INFO | Attempting to read raw data asset: 3_GEOexpression from subfolder: gene expression
2026-07-07 17:27:13,109 | Utils | INFO | File has been read returning the file
2026-07-07 17:27:13,109 | Pipelinerunner | INFO | Cleaning datafile 3_GEOexpression
2026-07-07 17:27:13,109 | Data Cleaner | INFO | Starting Data Cleaning Process for File Number: 3
2026-07-07 17:27:13,109 | Data Cleaner | INFO | Initial raw dataset shape: (19914, 3268)
2026-07-07 17:27:13,110 | Data Cleaner | INFO | Applying element-wise log2 transformation matrix
2026-07-07 17:27:14,199 | Data Cleaner | INFO | Transformed matrix layout shape: (19914, 3268)
2026-07-07 17:27:14,199 | Data Cleaner | INFO | Saving processed GEO expression dataset
2026-07-07 17:27:14,200 | Utils | INFO | Initiating save routine for file: 3_GEOexpression.csv into directory: cleaned_data/gene expression
2026-07-07 17:28:27,976 | Utils | INFO | Data frame successfully serialized to: C:\Users\Shankar\Desktop\AstraZeneca\code\astrazeneca\CelllineSelector\data\cleaned_data\gene expression\3_GEOexpression.csv
2026-07-07 17:28:27,977 | Data Cleaner | INFO | File 3 successfully processed and verified.
2026-07-07 17:28:28,140 | Pipelinerunner | INFO | Cleaned and released 3_GEOexpression from memory
2026-07-07 17:28:28,140 | Pipelinerunner | INFO | Loading raw datafile 4_Harmonized_MS_CCLE_Gygi_subsetted
2026-07-07 17:28:28,140 | Utils | INFO | Attempting to read raw data asset: 4_Harmonized_MS_CCLE_Gygi_subsetted from subfolder: gene expression
2026-07-07 17:28:28,870 | Utils | INFO | File has been read returning the file
2026-07-07 17:28:28,870 | Pipelinerunner | INFO | Cleaning datafile 4_Harmonized_MS_CCLE_Gygi_subsetted
2026-07-07 17:28:28,870 | Data Cleaner | INFO | Starting Data Cleaning Process for File Number: 4
2026-07-07 17:28:28,870 | Data Cleaner | INFO | Initial raw dataset shape: (375, 12559)
2026-07-07 17:28:28,984 | Data Cleaner | INFO | Stripping down complex multi-omic feature string suffixes
2026-07-07 17:28:29,004 | Data Cleaner | INFO | Normalized column headers shape: (375, 12559)
2026-07-07 17:28:29,004 | Data Cleaner | INFO | Saving processed Mass Spec data matrix
2026-07-07 17:28:29,004 | Utils | INFO | Initiating save routine for file: 4_harmonized_ms_cellline_cleaned.csv into directory: cleaned_data/gene expression
2026-07-07 17:28:39,560 | Utils | INFO | Data frame successfully serialized to: C:\Users\Shankar\Desktop\AstraZeneca\code\astrazeneca\CelllineSelector\data\cleaned_data\gene expression\4_harmonized_ms_cellline_cleaned.csv
2026-07-07 17:28:39,560 | Data Cleaner | INFO | File 4 successfully processed and verified.
2026-07-07 17:28:39,671 | Pipelinerunner | INFO | Cleaned and released 4_Harmonized_MS_CCLE_Gygi_subsetted from memory
2026-07-07 17:28:39,671 | Pipelinerunner | INFO | Loading raw datafile 5_OmicsFusionFilteredSupplementary
2026-07-07 17:28:39,671 | Utils | INFO | Attempting to read raw data asset: 5_OmicsFusionFilteredSupplementary from subfolder: gene properties
2026-07-07 17:28:40,379 | Utils | INFO | File has been read returning the file
2026-07-07 17:28:40,379 | Pipelinerunner | INFO | Cleaning datafile 5_OmicsFusionFilteredSupplementary
2026-07-07 17:28:40,380 | Data Cleaner | INFO | Starting Data Cleaning Process for File Number: 5
2026-07-07 17:28:40,380 | Data Cleaner | INFO | Initial raw dataset shape: (184237, 30)
2026-07-07 17:28:40,381 | Data Cleaner | INFO | Parsing combined gene notation elements into component targets
2026-07-07 17:28:41,148 | Data Cleaner | INFO | Parsed fusion records shape: (184237, 31)
2026-07-07 17:28:41,148 | Data Cleaner | INFO | Saving filtered structural fusion matrix
2026-07-07 17:28:41,148 | Utils | INFO | Initiating save routine for file: 5_OmicsFusionFilteredSupplementary.csv into directory: cleaned_data/gene properties
2026-07-07 17:28:42,456 | Utils | INFO | Data frame successfully serialized to: C:\Users\Shankar\Desktop\AstraZeneca\code\astrazeneca\CelllineSelector\data\cleaned_data\gene properties\5_OmicsFusionFilteredSupplementary.csv
2026-07-07 17:28:42,456 | Data Cleaner | INFO | File 5 successfully processed and verified.
2026-07-07 17:28:42,547 | Pipelinerunner | INFO | Cleaned and released 5_OmicsFusionFilteredSupplementary from memory
2026-07-07 17:28:42,547 | Pipelinerunner | INFO | Loading raw datafile 6_OmicsSomaticMutationsProfile
2026-07-07 17:28:42,547 | Utils | INFO | Attempting to read raw data asset: 6_OmicsSomaticMutationsProfile from subfolder: gene properties
2026-07-07 17:28:50,580 | Utils | INFO | File has been read returning the file
2026-07-07 17:28:50,580 | Pipelinerunner | INFO | Cleaning datafile 6_OmicsSomaticMutationsProfile
2026-07-07 17:28:50,580 | Data Cleaner | INFO | Starting Data Cleaning Process for File Number: 6
2026-07-07 17:28:50,581 | Data Cleaner | INFO | Initial raw dataset shape: (1066869, 70)
2026-07-07 17:28:50,581 | Data Cleaner | INFO | Merging somatic mutational vectors to core profile indices
2026-07-07 17:28:50,581 | Utils | INFO | Attempting to read raw data asset: 8_DepMap_OmicsProfiles from subfolder: nomenclature
2026-07-07 17:28:50,588 | Utils | INFO | File has been read returning the file
2026-07-07 17:28:50,805 | Data Cleaner | INFO | ModelID structural duplicates: 1065124
2026-07-07 17:28:52,910 | Data Cleaner | INFO | Total row duplicate signatures: 0
2026-07-07 17:28:52,913 | Data Cleaner | INFO | Null occurrences in ModelID tracking: 152885
2026-07-07 17:28:52,914 | Data Cleaner | INFO | Null occurrences in ProfileID tracking: 0
2026-07-07 17:28:52,914 | Data Cleaner | INFO | Final output shape: (1066869, 71)
2026-07-07 17:28:52,914 | Data Cleaner | INFO | Saving mutation profile configurations
2026-07-07 17:28:52,915 | Utils | INFO | Initiating save routine for file: 6_OmicsSomaticMutationsProfile.csv into directory: cleaned_data/gene properties
2026-07-07 17:29:11,453 | Utils | INFO | Data frame successfully serialized to: C:\Users\Shankar\Desktop\AstraZeneca\code\astrazeneca\CelllineSelector\data\cleaned_data\gene properties\6_OmicsSomaticMutationsProfile.csv
2026-07-07 17:29:11,453 | Data Cleaner | INFO | File 6 successfully processed and verified.
2026-07-07 17:29:11,571 | Pipelinerunner | INFO | Cleaned and released 6_OmicsSomaticMutationsProfile from memory
2026-07-07 17:29:11,571 | Pipelinerunner | INFO | Loading raw datafile 12_CCLE_metabolomics_20190502
2026-07-07 17:29:11,571 | Utils | INFO | Attempting to read raw data asset: 12_CCLE_metabolomics_20190502 from subfolder: non gene expression
2026-07-07 17:29:11,596 | Utils | INFO | File has been read returning the file
2026-07-07 17:29:11,596 | Pipelinerunner | INFO | Cleaning datafile 12_CCLE_metabolomics_20190502
2026-07-07 17:29:11,596 | Data Cleaner | INFO | Starting Data Cleaning Process for File Number: 12
2026-07-07 17:29:11,596 | Data Cleaner | INFO | Initial raw dataset shape: (928, 227)
2026-07-07 17:29:11,598 | Data Cleaner | INFO | Standardized metabolomics shape: (928, 227)
2026-07-07 17:29:11,598 | Data Cleaner | INFO | Saving baseline metabolomics array
2026-07-07 17:29:11,598 | Utils | INFO | Initiating save routine for file: 12_CCLE_metabolomics_20190502.csv into directory: cleaned_data/non gene expression
2026-07-07 17:29:11,713 | Utils | INFO | Data frame successfully serialized to: C:\Users\Shankar\Desktop\AstraZeneca\code\astrazeneca\CelllineSelector\data\cleaned_data\non gene expression\12_CCLE_metabolomics_20190502.csv
2026-07-07 17:29:11,714 | Data Cleaner | INFO | File 12 successfully processed and verified.
2026-07-07 17:29:11,796 | Pipelinerunner | INFO | Cleaned and released 12_CCLE_metabolomics_20190502 from memory
2026-07-07 17:29:11,796 | Pipelinerunner | INFO | Loading raw datafile 14_OmicsGlobalSignatures
2026-07-07 17:29:11,797 | Utils | INFO | Attempting to read raw data asset: 14_OmicsGlobalSignatures from subfolder: non gene expression
2026-07-07 17:29:11,805 | Utils | INFO | File has been read returning the file
2026-07-07 17:29:11,805 | Pipelinerunner | INFO | Cleaning datafile 14_OmicsGlobalSignatures
2026-07-07 17:29:11,805 | Data Cleaner | INFO | Starting Data Cleaning Process for File Number: 14
2026-07-07 17:29:11,805 | Data Cleaner | INFO | Initial raw dataset shape: (3021, 12)
2026-07-07 17:29:11,808 | Data Cleaner | INFO | Isolating records containing standard 'IsDefaultEntryForModel' flags
2026-07-07 17:29:11,809 | Data Cleaner | INFO | Filtered default profile shape: (1955, 11)
2026-07-07 17:29:11,809 | Data Cleaner | INFO | Saving standard multi-omics profile matrix
2026-07-07 17:29:11,809 | Utils | INFO | Initiating save routine for file: 14_OmicsGlobalSignatures.csv into directory: cleaned_data/non gene expression
2026-07-07 17:29:11,819 | Utils | INFO | Data frame successfully serialized to: C:\Users\Shankar\Desktop\AstraZeneca\code\astrazeneca\CelllineSelector\data\cleaned_data\non gene expression\14_OmicsGlobalSignatures.csv
2026-07-07 17:29:11,819 | Data Cleaner | INFO | File 14 successfully processed and verified.
2026-07-07 17:29:11,900 | Pipelinerunner | INFO | Cleaned and released 14_OmicsGlobalSignatures from memory
2026-07-07 17:29:11,900 | Pipelinerunner | INFO | Cleaning stage complete — all cleaned files persisted to disk
2026-07-07 17:29:11,981 | Pipelinerunner | INFO | Starting the Model Pipeline
2026-07-07 17:29:11,981 | Pipelinerunner | INFO | Model: reading cleaned depmap expression from disk
2026-07-07 17:29:11,982 | Utils | INFO | Reading structured dataset: 2_DepMap_OmicsExpressionAllGenesTPMLogp1Profile.csv from path: cleaned_data/gene expression
2026-07-07 17:29:18,634 | Utils | INFO | Successfully loaded file. Calculated shape: (1479, 19920)
2026-07-07 17:29:18,634 | Pipelinerunner | INFO | Model: preprocessing depmap expression (z-score)
2026-07-07 17:29:18,828 | Preprocessing | INFO | Starting standard scaling transformation (Z-score)
2026-07-07 17:29:19,648 | Preprocessing | INFO | Standard scaling completed successfully.
2026-07-07 17:29:26,084 | Pipelinerunner | INFO | Model: reading cleaned harmonized MS (proteomics) from disk
2026-07-07 17:29:26,084 | Utils | INFO | Reading structured dataset: 4_harmonized_ms_cellline_cleaned.csv from path: cleaned_data/gene expression
2026-07-07 17:29:26,991 | Utils | INFO | Successfully loaded file. Calculated shape: (375, 12559)
2026-07-07 17:29:26,991 | Pipelinerunner | INFO | Model: reading cleaned metabolomics from disk
2026-07-07 17:29:26,992 | Utils | INFO | Reading structured dataset: 12_CCLE_metabolomics_20190502.csv from path: cleaned_data/non gene expression
2026-07-07 17:29:27,024 | Utils | INFO | Successfully loaded file. Calculated shape: (928, 227)
2026-07-07 17:29:27,049 | Preprocessing | INFO | Starting standard scaling transformation (Z-score)
2026-07-07 17:29:27,058 | Preprocessing | INFO | Standard scaling completed successfully.
2026-07-07 17:29:27,063 | Pipelinerunner | INFO | Model: reading cleaned global signatures from disk
2026-07-07 17:29:27,063 | Utils | INFO | Reading structured dataset: 14_OmicsGlobalSignatures.csv from path: cleaned_data/non gene expression
2026-07-07 17:29:27,081 | Utils | INFO | Successfully loaded file. Calculated shape: (1955, 11)
2026-07-07 17:29:27,088 | Preprocessing | INFO | Starting standard scaling transformation (Z-score)
2026-07-07 17:29:27,090 | Preprocessing | INFO | Standard scaling completed successfully.
2026-07-07 17:29:27,090 | Pipelinerunner | INFO | Model: preparing MOFA factors
2026-07-07 17:29:27,090 | Preprocessing | INFO | Starting Multi-Omics MOFA Matrix Construction Step
2026-07-07 17:29:27,090 | Preprocessing | INFO | Dropping ProfileID metadata column from the modeling tracking matrix.
2026-07-07 17:29:27,281 | Preprocessing | INFO | Sorting baseline expression records by ModelID numerical suffix
2026-07-07 17:29:27,687 | Preprocessing | INFO | Master index established with 1479 unique ModelIDs
2026-07-07 17:29:27,687 | Preprocessing | INFO | Aligning multi-omic tracking views across master ModelID mapping space
2026-07-07 17:29:28,246 | Preprocessing | INFO | Dropping non-feature metadata keys from omic dataframes
2026-07-07 17:29:28,975 | Preprocessing | INFO | View shapes -> RNA:(1479, 19918) Prot:(1479, 12558) Metab:(1479, 225) GlobalSig:(1479, 6)
2026-07-07 17:29:28,975 | Preprocessing | INFO | Initializing mofapy2 execution workspace configurations
2026-07-07 17:29:32,811 | Preprocessing | INFO | Building MOFA model graph layers
2026-07-07 17:29:37,996 | Preprocessing | INFO | Running MOFA variational inference optimization loop
2026-07-07 17:55:27,339 | Preprocessing | INFO | Extracting latent space expectation values (Z node)
2026-07-07 17:55:27,351 | Utils | INFO | Initiating save routine for file: multiomincsfactor.csv into directory: mofa_data/multiomincsfactor
2026-07-07 17:55:27,389 | Utils | INFO | Data frame successfully serialized to: C:\Users\Shankar\Desktop\AstraZeneca\code\astrazeneca\CelllineSelector\data\mofa_data\multiomincsfactor\multiomincsfactor.csv
2026-07-07 17:55:27,389 | Preprocessing | INFO | Extracting view-specific feature loading weights (W node) for RNA view
2026-07-07 17:55:27,397 | Preprocessing | INFO | Extracted RNA weight matrix layout shape: (19918, 20)
2026-07-07 17:55:27,397 | Utils | INFO | Initiating save routine for file: rnafactor.csv into directory: mofa_data/rnafactor
2026-07-07 17:55:27,722 | Utils | INFO | Data frame successfully serialized to: C:\Users\Shankar\Desktop\AstraZeneca\code\astrazeneca\CelllineSelector\data\mofa_data\rnafactor\rnafactor.csv
2026-07-07 17:55:27,722 | Preprocessing | INFO | Multi-omics factor and weight extraction run completed successfully.
2026-07-07 17:55:28,905 | Pipelinerunner | INFO | Model: MOFA preparation completed; inputs released
2026-07-07 17:55:28,906 | Pipelinerunner | INFO | Model: training KMeans on MOFA factors
2026-07-07 17:55:28,906 | Training | INFO | Starting KMeans Unsupervised Clustering Routine
2026-07-07 17:55:28,906 | Training | INFO | Target verification complete: Directory C:\Users\Shankar\Desktop\AstraZeneca\code\astrazeneca\CelllineSelector\artifacts already exists.
2026-07-07 17:55:28,908 | Training | INFO | Extracted feature grid array shape for KMeans training: (1479, 20)
2026-07-07 17:55:28,908 | Training | INFO | Running the Kmeans to select the best value of the K
2026-07-07 17:55:28,908 | Training | INFO | Running the Kmeans from 2 to 50
2026-07-07 17:55:34,877 | Training | INFO | Best value of k is 31
2026-07-07 17:55:34,878 | Training | INFO | Best silhouette value of K is 0.16546531243866608
2026-07-07 17:55:34,878 | Training | INFO | Best Inertia value of K is 66010.55650790603
2026-07-07 17:55:34,878 | Training | INFO | Initializing KMeans execution block with K=31
2026-07-07 17:55:34,894 | Training | INFO | Saving serialized KMeans pipeline estimator binary artifact
2026-07-07 17:55:34,894 | Utils | INFO | Attempting to write binary pipeline estimator out to filename: kmeans_model.joblib
2026-07-07 17:55:34,894 | Utils | INFO | Dumping joblib binary payload to path destination: C:\Users\Shankar\Desktop\AstraZeneca\code\astrazeneca\CelllineSelector\models\kmeans_model.joblib
2026-07-07 17:55:34,897 | Utils | INFO | Model saved to location: C:\Users\Shankar\Desktop\AstraZeneca\code\astrazeneca\CelllineSelector\models\kmeans_model.joblib
2026-07-07 17:55:34,898 | Training | INFO | Saving classified cluster label allocations dataframe...
2026-07-07 17:55:34,898 | Utils | INFO | Initiating save routine for file: Kmeansclusters.csv into directory: kmeans_data/kmeans
2026-07-07 17:55:34,902 | Utils | INFO | Data frame successfully serialized to: C:\Users\Shankar\Desktop\AstraZeneca\code\astrazeneca\CelllineSelector\data\kmeans_data\kmeans\Kmeansclusters.csv
2026-07-07 17:55:34,902 | Training | INFO | Calculating evaluation clustering performance metrics
2026-07-07 17:55:34,976 | Training | INFO | Writing statistical cluster validation scores to: C:\Users\Shankar\Desktop\AstraZeneca\code\astrazeneca\CelllineSelector\artifacts\kmeans_metrics.txt
2026-07-07 17:55:34,978 | Training | INFO | Generating raw latent feature distribution scatter plots
2026-07-07 17:55:35,251 | Training | INFO | Initializing UMAP manifold dimension reduction to visualize cluster boundaries
2026-07-07 17:55:47,367 | Training | INFO | Saving UMAP 2D projection scatter plots to: C:\Users\Shankar\Desktop\AstraZeneca\code\astrazeneca\CelllineSelector\artifacts\kmeans_umap_projection.png
2026-07-07 17:55:47,609 | Training | INFO | KMeans model training and diagnostic artifact pipeline run complete.
2026-07-07 17:55:47,609 | Pipelinerunner | INFO | Model: training KNN on MOFA factors
2026-07-07 17:55:47,609 | Training | INFO | Starting KNN Neighborhood Graph Mapping Routine
2026-07-07 17:55:47,610 | Training | INFO | Extracted feature grid array shape for KNN fitting: (1479, 20)
2026-07-07 17:55:47,610 | Training | INFO | Fitting mathematical unsupervised graph structure with K=6
2026-07-07 17:55:47,656 | Training | INFO | Saving serialized KNN graph matrix state block
2026-07-07 17:55:47,656 | Utils | INFO | Attempting to write binary pipeline estimator out to filename: knn_model.joblib
2026-07-07 17:55:47,656 | Utils | INFO | Dumping joblib binary payload to path destination: C:\Users\Shankar\Desktop\AstraZeneca\code\astrazeneca\CelllineSelector\models\knn_model.joblib
2026-07-07 17:55:47,658 | Utils | INFO | Model saved to location: C:\Users\Shankar\Desktop\AstraZeneca\code\astrazeneca\CelllineSelector\models\knn_model.joblib
2026-07-07 17:55:47,659 | Training | INFO | Saving average neighbor neighborhood distance vector records
2026-07-07 17:55:47,660 | Utils | INFO | Initiating save routine for file: KnnDistances.csv into directory: knn_data/knn
2026-07-07 17:55:47,665 | Utils | INFO | Data frame successfully serialized to: C:\Users\Shankar\Desktop\AstraZeneca\code\astrazeneca\CelllineSelector\data\knn_data\knn\KnnDistances.csv
2026-07-07 17:55:47,666 | Training | INFO | Writing global neighborhood closeness baseline scores to: C:\Users\Shankar\Desktop\AstraZeneca\code\astrazeneca\CelllineSelector\artifacts\knn_metrics.txt
2026-07-07 17:55:47,667 | Training | INFO | Plotting neighborhood local density scatter spaces
2026-07-07 17:55:48,001 | Training | INFO | Constructing decision boundary mesh space for 2D geographic region mapping
2026-07-07 17:55:54,094 | Training | INFO | Saving 2D spatial region area contour projection map to: C:\Users\Shankar\Desktop\AstraZeneca\code\astrazeneca\CelllineSelector\artifacts\knn_umap_area_map.png
2026-07-07 17:55:54,094 | Training | INFO | KNN neighbor model training, mapping, and metric logs complete.
2026-07-07 17:55:54,094 | Pipelinerunner | INFO | Model: testing KMeans
2026-07-07 17:55:54,095 | Testing | INFO | Starting KMeans Inference Validation Test
2026-07-07 17:55:54,095 | Testing | INFO | Reading multi-omics latent factor matrix matrix
2026-07-07 17:55:54,095 | Utils | INFO | Reading structured dataset: multiomincsfactor.csv from path: mofa_data/multiomincsfactor
2026-07-07 17:55:54,113 | Utils | INFO | Successfully loaded file. Calculated shape: (1479, 21)
2026-07-07 17:55:54,116 | Testing | INFO | Target match tracking: Located 3 out of 4 requested validation cell lines.
2026-07-07 17:55:54,117 | Testing | INFO | KMeans inference matrix shape: (3, 20)
2026-07-07 17:55:54,117 | Testing | INFO | Loading serialized KMeans pipeline estimator instance
2026-07-07 17:55:54,117 | Utils | INFO | Attempting to load binary pipeline estimator from storage name: kmeans_model.joblib
2026-07-07 17:55:54,130 | Utils | INFO | Model has been successfully loaded from the path
2026-07-07 17:55:54,130 | Testing | INFO | Executing cluster coordinate predictions
2026-07-07 17:55:54,131 | Testing | INFO | Writing KMeans cluster profiles out to: C:\Users\Shankar\Desktop\AstraZeneca\code\astrazeneca\CelllineSelector\artifacts\kmeanstestresults.txt
2026-07-07 17:55:54,135 | Testing | INFO | KMeans inference validation completed successfully.
2026-07-07 17:55:54,135 | Pipelinerunner | INFO | Model: testing KNN
2026-07-07 17:55:54,135 | Testing | INFO | Starting KNN Sister Neighborhood Selection Test
2026-07-07 17:55:54,135 | Testing | INFO | Reading multi-omics latent factor matrix matrix
2026-07-07 17:55:54,135 | Utils | INFO | Reading structured dataset: multiomincsfactor.csv from path: mofa_data/multiomincsfactor
2026-07-07 17:55:54,142 | Utils | INFO | Successfully loaded file. Calculated shape: (1479, 21)
2026-07-07 17:55:54,143 | Testing | INFO | Target match tracking: Located 3 out of 4 requested validation cell lines.
2026-07-07 17:55:54,144 | Testing | INFO | KNN neighbor query coordinates feature shape: (3, 20)
2026-07-07 17:55:54,144 | Testing | INFO | Loading serialized KNN neighbor graph mapping pipeline
2026-07-07 17:55:54,144 | Utils | INFO | Attempting to load binary pipeline estimator from storage name: knn_model.joblib
2026-07-07 17:55:54,152 | Utils | INFO | Model has been successfully loaded from the path
2026-07-07 17:55:54,153 | Testing | INFO | Computing closest neighborhood indices and multi-dimensional distances
2026-07-07 17:55:54,166 | Testing | INFO | Writing alternative neighborhood assignments out to: C:\Users\Shankar\Desktop\AstraZeneca\code\astrazeneca\CelllineSelector\artifacts\knntestresults.txt
2026-07-07 17:55:54,168 | Testing | INFO | KNN neighborhood verification test complete.
2026-07-07 17:55:54,168 | Pipelinerunner | INFO | Model: computing cosine similarity matrix
2026-07-07 17:55:54,170 | Cosine Matrix | INFO | Starting the cosine matrix formation to find similarity
2026-07-07 17:55:54,170 | Cosine Matrix | INFO | (1479, 21)
2026-07-07 17:55:54,170 | Cosine Matrix | INFO | (19918, 20)
2026-07-07 17:55:54,171 | Cosine Matrix | INFO | Starting to get the cosine values
2026-07-07 17:55:54,245 | Cosine Matrix | INFO | Starting to get the cosine values have been determined
2026-07-07 17:55:54,245 | Cosine Matrix | INFO | Creating a dataframe
2026-07-07 17:55:54,344 | Cosine Matrix | INFO | Dataframe has been created
2026-07-07 17:55:54,345 | Cosine Matrix | INFO | (1479, 19918)
2026-07-07 17:55:54,371 | Cosine Matrix | INFO | Saving the raw cosine dataframe
2026-07-07 17:55:54,371 | Utils | INFO | Initiating save routine for file: cosinematrix.csv into directory: cosine_matrix/cosine
2026-07-07 17:56:22,351 | Utils | INFO | Data frame successfully serialized to: C:\Users\Shankar\Desktop\AstraZeneca\code\astrazeneca\CelllineSelector\data\cosine_matrix\cosine\cosinematrix.csv
2026-07-07 17:56:22,352 | Cosine Matrix | INFO | Similarity dataset has been saved successfully returning the file
2026-07-07 17:56:22,550 | Pipelinerunner | INFO | Model: min-max scaling similarity matrix for scoring
2026-07-07 17:56:22,559 | Preprocessing | INFO | Starting MinMax scaling transformation (0-1 range)
2026-07-07 17:56:22,871 | Preprocessing | INFO | MinMax scaling completed successfully
2026-07-07 17:56:27,563 | Utils | INFO | Initiating save routine for file: cosinematrix.csv into directory: scoring/cosine_matrix
2026-07-07 17:57:53,629 | Utils | INFO | Data frame successfully serialized to: C:\Users\Shankar\Desktop\AstraZeneca\code\astrazeneca\CelllineSelector\data\scoring\cosine_matrix\cosinematrix.csv
2026-07-07 17:57:53,930 | Pipelinerunner | INFO | Model pipeline completed successfully
2026-07-07 17:57:53,944 | Pipelinerunner | INFO | Model Pipeline completed successfully
2026-07-07 17:57:54,062 | Pipelinerunner | INFO | Starting the Scoring Pipeline
2026-07-07 17:57:54,063 | Pipelinerunner | INFO | Scoring: reading depmap ModelIDs for master filter
2026-07-07 17:57:54,063 | Utils | INFO | Reading structured dataset: 2_DepMap_OmicsExpressionAllGenesTPMLogp1Profile.csv from path: cleaned_data/gene expression
2026-07-07 17:58:00,876 | Utils | INFO | Successfully loaded file. Calculated shape: (1479, 19920)
2026-07-07 17:58:01,021 | Pipelinerunner | INFO | Scoring: processing hpa_rna
2026-07-07 17:58:01,021 | Utils | INFO | Reading structured dataset: 1_4_hpa_rna_celline.csv from path: cleaned_data/gene expression
2026-07-07 17:58:06,225 | Utils | INFO | Successfully loaded file. Calculated shape: (1206, 20164)
2026-07-07 17:58:07,079 | Preprocessing | INFO | Starting MinMax scaling transformation (0-1 range)
2026-07-07 17:58:07,540 | Preprocessing | INFO | MinMax scaling completed successfully
2026-07-07 17:58:12,794 | Utils | INFO | Initiating save routine for file: 1_4_hpa_rna_celline.csv into directory: scoring/gene expression
2026-07-07 17:59:16,828 | Utils | INFO | Data frame successfully serialized to: C:\Users\Shankar\Desktop\AstraZeneca\code\astrazeneca\CelllineSelector\data\scoring\gene expression\1_4_hpa_rna_celline.csv
2026-07-07 17:59:17,049 | Pipelinerunner | INFO | Scoring: processing depmap expression
2026-07-07 17:59:17,050 | Utils | INFO | Reading structured dataset: 2_DepMap_OmicsExpressionAllGenesTPMLogp1Profile.csv from path: cleaned_data/gene expression
2026-07-07 17:59:23,784 | Utils | INFO | Successfully loaded file. Calculated shape: (1479, 19920)
2026-07-07 17:59:24,008 | Preprocessing | INFO | Starting MinMax scaling transformation (0-1 range)
2026-07-07 17:59:24,675 | Preprocessing | INFO | MinMax scaling completed successfully
2026-07-07 17:59:30,844 | Utils | INFO | Initiating save routine for file: 2_DepMap_OmicsExpressionAllGenesTPMLogp1Profile.csv into directory: scoring/gene expression
2026-07-07 18:00:55,788 | Utils | INFO | Data frame successfully serialized to: C:\Users\Shankar\Desktop\AstraZeneca\code\astrazeneca\CelllineSelector\data\scoring\gene expression\2_DepMap_OmicsExpressionAllGenesTPMLogp1Profile.csv
2026-07-07 18:00:56,045 | Pipelinerunner | INFO | Scoring: processing geoexpression
2026-07-07 18:00:56,046 | Utils | INFO | Reading structured dataset: 3_GEOexpression.csv from path: cleaned_data/gene expression
2026-07-07 18:01:03,247 | Utils | INFO | Successfully loaded file. Calculated shape: (19914, 3268)
2026-07-07 18:01:03,287 | Preprocessing | INFO | Starting MinMax scaling transformation (0-1 range)
2026-07-07 18:01:04,133 | Preprocessing | INFO | MinMax scaling completed successfully
2026-07-07 18:01:04,386 | Utils | INFO | Initiating save routine for file: 3_GEOexpression.csv into directory: scoring/gene expression
2026-07-07 18:02:21,675 | Utils | INFO | Data frame successfully serialized to: C:\Users\Shankar\Desktop\AstraZeneca\code\astrazeneca\CelllineSelector\data\scoring\gene expression\3_GEOexpression.csv
2026-07-07 18:02:21,846 | Pipelinerunner | INFO | Scoring: processing harmonized MS
2026-07-07 18:02:21,846 | Utils | INFO | Reading structured dataset: 4_harmonized_ms_cellline_cleaned.csv from path: cleaned_data/gene expression
2026-07-07 18:02:22,617 | Utils | INFO | Successfully loaded file. Calculated shape: (375, 12559)
2026-07-07 18:02:22,794 | Preprocessing | INFO | Starting MinMax scaling transformation (0-1 range)
2026-07-07 18:02:23,002 | Preprocessing | INFO | MinMax scaling completed successfully
2026-07-07 18:02:24,802 | Utils | INFO | Initiating save routine for file: 4_Harmonized_MS_CCLE_Gygi_subsetted.csv into directory: scoring/gene expression
2026-07-07 18:02:36,790 | Utils | INFO | Data frame successfully serialized to: C:\Users\Shankar\Desktop\AstraZeneca\code\astrazeneca\CelllineSelector\data\scoring\gene expression\4_Harmonized_MS_CCLE_Gygi_subsetted.csv
2026-07-07 18:02:36,910 | Pipelinerunner | INFO | Scoring: passing through 5_OmicsFusionFilteredSupplementary.csv
2026-07-07 18:02:36,910 | Utils | INFO | Reading structured dataset: 5_OmicsFusionFilteredSupplementary.csv from path: cleaned_data/gene properties
2026-07-07 18:02:37,723 | Utils | INFO | Successfully loaded file. Calculated shape: (184237, 31)
2026-07-07 18:02:37,724 | Utils | INFO | Initiating save routine for file: 5_OmicsFusionFilteredSupplementary.csv into directory: scoring/gene properties
2026-07-07 18:02:39,081 | Utils | INFO | Data frame successfully serialized to: C:\Users\Shankar\Desktop\AstraZeneca\code\astrazeneca\CelllineSelector\data\scoring\gene properties\5_OmicsFusionFilteredSupplementary.csv
2026-07-07 18:02:39,195 | Pipelinerunner | INFO | Scoring: passing through 6_OmicsSomaticMutationsProfile.csv
2026-07-07 18:02:39,195 | Utils | INFO | Reading structured dataset: 6_OmicsSomaticMutationsProfile.csv from path: cleaned_data/gene properties
2026-07-07 18:02:47,677 | Utils | INFO | Successfully loaded file. Calculated shape: (1066869, 71)
2026-07-07 18:02:47,677 | Utils | INFO | Initiating save routine for file: 6_OmicsSomaticMutationsProfile.csv into directory: scoring/gene properties
2026-07-07 18:03:08,905 | Utils | INFO | Data frame successfully serialized to: C:\Users\Shankar\Desktop\AstraZeneca\code\astrazeneca\CelllineSelector\data\scoring\gene properties\6_OmicsSomaticMutationsProfile.csv
2026-07-07 18:03:09,061 | Pipelinerunner | INFO | Scoring: passing through 12_CCLE_metabolomics_20190502.csv
2026-07-07 18:03:09,061 | Utils | INFO | Reading structured dataset: 12_CCLE_metabolomics_20190502.csv from path: cleaned_data/non gene expression
2026-07-07 18:03:09,087 | Utils | INFO | Successfully loaded file. Calculated shape: (928, 227)
2026-07-07 18:03:09,088 | Utils | INFO | Initiating save routine for file: 12_CCLE_metabolomics_20190502.csv into directory: scoring/non gene expression
2026-07-07 18:03:09,210 | Utils | INFO | Data frame successfully serialized to: C:\Users\Shankar\Desktop\AstraZeneca\code\astrazeneca\CelllineSelector\data\scoring\non gene expression\12_CCLE_metabolomics_20190502.csv
2026-07-07 18:03:09,314 | Pipelinerunner | INFO | Scoring: passing through 14_OmicsGlobalSignatures.csv
2026-07-07 18:03:09,315 | Utils | INFO | Reading structured dataset: 14_OmicsGlobalSignatures.csv from path: cleaned_data/non gene expression
2026-07-07 18:03:09,323 | Utils | INFO | Successfully loaded file. Calculated shape: (1955, 11)
2026-07-07 18:03:09,323 | Utils | INFO | Initiating save routine for file: 14_OmicsGlobalSignatures.csv into directory: scoring/non gene expression
2026-07-07 18:03:09,335 | Utils | INFO | Data frame successfully serialized to: C:\Users\Shankar\Desktop\AstraZeneca\code\astrazeneca\CelllineSelector\data\scoring\non gene expression\14_OmicsGlobalSignatures.csv
2026-07-07 18:03:09,444 | Pipelinerunner | INFO | Scoring pipeline completed successfully
2026-07-07 18:03:09,449 | Pipelinerunner | INFO | Scoring pipeline completed successfully
2026-07-07 18:03:09,449 | ML Pipeline | INFO | Machine learning flow completed
2026-07-07 18:15:07,062 | ML Pipeline | INFO | Starting the Machine learning flow
2026-07-07 18:15:07,063 | Pipelinerunner | INFO | Starting the pipeline runner
2026-07-07 18:15:07,063 | Pipelinerunner | INFO | Starting cleaning stage (one file at a time to bound memory)
2026-07-07 18:15:07,063 | Pipelinerunner | INFO | Loading raw datafile 1_4_hpa_rna_celline
2026-07-07 18:15:07,063 | Utils | INFO | Attempting to read raw data asset: 1_4_hpa_rna_celline from subfolder: gene expression
2026-07-07 18:15:20,106 | Utils | INFO | File has been read returning the file
2026-07-07 18:15:20,107 | Pipelinerunner | INFO | Cleaning datafile 1_4_hpa_rna_celline
2026-07-07 18:15:20,108 | Data Cleaner | INFO | Starting Data Cleaning Process for File Number: 1
2026-07-07 18:15:20,108 | Data Cleaner | INFO | Initial raw dataset shape: (24315372, 6)
2026-07-07 18:15:20,439 | Data Cleaner | INFO | Reshaping data_df to map Cell lines against Genes
2026-07-07 18:15:30,339 | Data Cleaner | INFO | Reshaped DataFrame shape: (1206, 20163)
2026-07-07 18:15:30,777 | Data Cleaner | INFO | Reading nomenclature 9_DepMap_sample_info mapping data
2026-07-07 18:15:30,777 | Utils | INFO | Attempting to read raw data asset: 9_DepMap_sample_info from subfolder: nomenclature
2026-07-07 18:15:30,797 | Utils | INFO | File has been read returning the file
2026-07-07 18:15:30,798 | Data Cleaner | INFO | Executing primary merge via standard cell line names
2026-07-07 18:15:30,821 | Data Cleaner | INFO | Executing fallback merge via stripped cell line names for missing mapping profiles
2026-07-07 18:15:30,848 | Data Cleaner | INFO | Remaining NaN DepMap_IDs: 281
2026-07-07 18:15:30,849 | Data Cleaner | INFO | NaN 'Cell line' entries: 0
2026-07-07 18:15:30,850 | Data Cleaner | INFO | Duplicate values present in DepMap_ID: 280
2026-07-07 18:15:30,850 | Data Cleaner | INFO | Final structured shape before saving: (1206, 20164)
2026-07-07 18:15:30,854 | Data Cleaner | INFO | Saving processed HPA RNA data
2026-07-07 18:15:30,854 | Utils | INFO | Initiating save routine for file: 1_4_hpa_rna_celline.csv into directory: cleaned_data/gene expression
2026-07-07 18:15:47,326 | Utils | INFO | Data frame successfully serialized to: C:\Users\Shankar\Desktop\AstraZeneca\code\astrazeneca\CelllineSelector\data\cleaned_data\gene expression\1_4_hpa_rna_celline.csv
2026-07-07 18:15:47,326 | Data Cleaner | INFO | File 1 successfully processed and verified
2026-07-07 18:15:47,461 | Pipelinerunner | INFO | Cleaned and released 1_4_hpa_rna_celline from memory
2026-07-07 18:15:47,462 | Pipelinerunner | INFO | Loading raw datafile 2_DepMap_OmicsExpressionAllGenesTPMLogp1Profile
2026-07-07 18:15:47,462 | Utils | INFO | Attempting to read raw data asset: 2_DepMap_OmicsExpressionAllGenesTPMLogp1Profile from subfolder: gene expression
2026-07-07 18:16:40,889 | Utils | INFO | File has been read returning the file
2026-07-07 18:16:40,890 | Pipelinerunner | INFO | Cleaning datafile 2_DepMap_OmicsExpressionAllGenesTPMLogp1Profile
2026-07-07 18:16:40,890 | Data Cleaner | INFO | Starting Data Cleaning Process for File Number: 2
2026-07-07 18:16:40,890 | Data Cleaner | INFO | Initial raw dataset shape: (1495, 53962)
2026-07-07 18:16:40,890 | Data Cleaner | INFO | Cleaning and parsing Ensembl IDs from headers
2026-07-07 18:16:41,255 | Data Cleaner | INFO | Ensembl parsed DataFrame shape: (1495, 53962)
2026-07-07 18:16:41,255 | Utils | INFO | Attempting to read raw data asset: mart_export from subfolder: mart_export
2026-07-07 18:16:41,787 | Utils | INFO | File has been read returning the file
2026-07-07 18:16:41,788 | Data Cleaner | INFO | Filtering matrix to track protein coding genes using BioMart specs
2026-07-07 18:16:42,396 | Data Cleaner | INFO | Protein-coding filtered shape: (1495, 19919)
2026-07-07 18:16:42,396 | Data Cleaner | INFO | Mapping profile records to unified ModelIDs
2026-07-07 18:16:42,396 | Utils | INFO | Attempting to read raw data asset: 8_DepMap_OmicsProfiles from subfolder: nomenclature
2026-07-07 18:16:42,410 | Utils | INFO | File has been read returning the file
2026-07-07 18:16:44,101 | Data Cleaner | INFO | Final unique ModelID table shape: (1479, 19920)
2026-07-07 18:16:44,102 | Data Cleaner | INFO | Saving processed DepMap expression data matrix
2026-07-07 18:16:44,102 | Utils | INFO | Initiating save routine for file: 2_DepMap_OmicsExpressionAllGenesTPMLogp1Profile.csv into directory: cleaned_data/gene expression
2026-07-07 18:19:23,650 | Utils | INFO | Data frame successfully serialized to: C:\Users\Shankar\Desktop\AstraZeneca\code\astrazeneca\CelllineSelector\data\cleaned_data\gene expression\2_DepMap_OmicsExpressionAllGenesTPMLogp1Profile.csv
2026-07-07 18:19:23,650 | Data Cleaner | INFO | File 2 successfully processed and verified
2026-07-07 18:19:24,552 | Pipelinerunner | INFO | Cleaned and released 2_DepMap_OmicsExpressionAllGenesTPMLogp1Profile from memory
2026-07-07 18:19:24,552 | Pipelinerunner | INFO | Loading raw datafile 3_GEOexpression
2026-07-07 18:19:24,553 | Utils | INFO | Attempting to read raw data asset: 3_GEOexpression from subfolder: gene expression
2026-07-07 18:19:39,433 | Utils | INFO | File has been read returning the file
2026-07-07 18:19:39,433 | Pipelinerunner | INFO | Cleaning datafile 3_GEOexpression
2026-07-07 18:19:39,433 | Data Cleaner | INFO | Starting Data Cleaning Process for File Number: 3
2026-07-07 18:19:39,434 | Data Cleaner | INFO | Initial raw dataset shape: (19914, 3268)
2026-07-07 18:19:39,434 | Data Cleaner | INFO | Applying element-wise log2 transformation matrix
2026-07-07 18:19:41,774 | Data Cleaner | INFO | Transformed matrix layout shape: (19914, 3268)
2026-07-07 18:19:41,774 | Data Cleaner | INFO | Saving processed GEO expression dataset
2026-07-07 18:19:41,774 | Utils | INFO | Initiating save routine for file: 3_GEOexpression.csv into directory: cleaned_data/gene expression
2026-07-07 18:22:02,638 | Utils | INFO | Data frame successfully serialized to: C:\Users\Shankar\Desktop\AstraZeneca\code\astrazeneca\CelllineSelector\data\cleaned_data\gene expression\3_GEOexpression.csv
2026-07-07 18:22:02,638 | Data Cleaner | INFO | File 3 successfully processed and verified.
2026-07-07 18:22:02,867 | Pipelinerunner | INFO | Cleaned and released 3_GEOexpression from memory
2026-07-07 18:22:02,868 | Pipelinerunner | INFO | Loading raw datafile 4_Harmonized_MS_CCLE_Gygi_subsetted
2026-07-07 18:22:02,868 | Utils | INFO | Attempting to read raw data asset: 4_Harmonized_MS_CCLE_Gygi_subsetted from subfolder: gene expression
2026-07-07 18:22:04,144 | Utils | INFO | File has been read returning the file
2026-07-07 18:22:04,144 | Pipelinerunner | INFO | Cleaning datafile 4_Harmonized_MS_CCLE_Gygi_subsetted
2026-07-07 18:22:04,145 | Data Cleaner | INFO | Starting Data Cleaning Process for File Number: 4
2026-07-07 18:22:04,145 | Data Cleaner | INFO | Initial raw dataset shape: (375, 12559)
2026-07-07 18:22:04,348 | Data Cleaner | INFO | Stripping down complex multi-omic feature string suffixes
2026-07-07 18:22:04,398 | Data Cleaner | INFO | Normalized column headers shape: (375, 12559)
2026-07-07 18:22:04,399 | Data Cleaner | INFO | Saving processed Mass Spec data matrix
2026-07-07 18:22:04,399 | Utils | INFO | Initiating save routine for file: 4_harmonized_ms_cellline_cleaned.csv into directory: cleaned_data/gene expression
2026-07-07 18:22:24,969 | Utils | INFO | Data frame successfully serialized to: C:\Users\Shankar\Desktop\AstraZeneca\code\astrazeneca\CelllineSelector\data\cleaned_data\gene expression\4_harmonized_ms_cellline_cleaned.csv
2026-07-07 18:22:24,970 | Data Cleaner | INFO | File 4 successfully processed and verified.
2026-07-07 18:22:25,158 | Pipelinerunner | INFO | Cleaned and released 4_Harmonized_MS_CCLE_Gygi_subsetted from memory
2026-07-07 18:22:25,159 | Pipelinerunner | INFO | Loading raw datafile 5_OmicsFusionFilteredSupplementary
2026-07-07 18:22:25,159 | Utils | INFO | Attempting to read raw data asset: 5_OmicsFusionFilteredSupplementary from subfolder: gene properties
2026-07-07 18:22:26,444 | Utils | INFO | File has been read returning the file
2026-07-07 18:22:26,444 | Pipelinerunner | INFO | Cleaning datafile 5_OmicsFusionFilteredSupplementary
2026-07-07 18:22:26,444 | Data Cleaner | INFO | Starting Data Cleaning Process for File Number: 5
2026-07-07 18:22:26,446 | Data Cleaner | INFO | Initial raw dataset shape: (184237, 30)
2026-07-07 18:22:26,448 | Data Cleaner | INFO | Parsing combined gene notation elements into component targets
2026-07-07 18:22:27,804 | Data Cleaner | INFO | Parsed fusion records shape: (184237, 31)
2026-07-07 18:22:27,804 | Data Cleaner | INFO | Saving filtered structural fusion matrix
2026-07-07 18:22:27,805 | Utils | INFO | Initiating save routine for file: 5_OmicsFusionFilteredSupplementary.csv into directory: cleaned_data/gene properties
2026-07-07 18:22:30,252 | Utils | INFO | Data frame successfully serialized to: C:\Users\Shankar\Desktop\AstraZeneca\code\astrazeneca\CelllineSelector\data\cleaned_data\gene properties\5_OmicsFusionFilteredSupplementary.csv
2026-07-07 18:22:30,253 | Data Cleaner | INFO | File 5 successfully processed and verified.
2026-07-07 18:22:30,398 | Pipelinerunner | INFO | Cleaned and released 5_OmicsFusionFilteredSupplementary from memory
2026-07-07 18:22:30,398 | Pipelinerunner | INFO | Loading raw datafile 6_OmicsSomaticMutationsProfile
2026-07-07 18:22:30,398 | Utils | INFO | Attempting to read raw data asset: 6_OmicsSomaticMutationsProfile from subfolder: gene properties
2026-07-07 18:22:44,748 | Utils | INFO | File has been read returning the file
2026-07-07 18:22:44,749 | Pipelinerunner | INFO | Cleaning datafile 6_OmicsSomaticMutationsProfile
2026-07-07 18:22:44,749 | Data Cleaner | INFO | Starting Data Cleaning Process for File Number: 6
2026-07-07 18:22:44,749 | Data Cleaner | INFO | Initial raw dataset shape: (1066869, 70)
2026-07-07 18:22:44,750 | Data Cleaner | INFO | Merging somatic mutational vectors to core profile indices
2026-07-07 18:22:44,750 | Utils | INFO | Attempting to read raw data asset: 8_DepMap_OmicsProfiles from subfolder: nomenclature
2026-07-07 18:22:44,765 | Utils | INFO | File has been read returning the file
2026-07-07 18:22:45,156 | Data Cleaner | INFO | ModelID structural duplicates: 1065124
2026-07-07 18:22:49,554 | Data Cleaner | INFO | Total row duplicate signatures: 0
2026-07-07 18:22:49,567 | Data Cleaner | INFO | Null occurrences in ModelID tracking: 152885
2026-07-07 18:22:49,571 | Data Cleaner | INFO | Null occurrences in ProfileID tracking: 0
2026-07-07 18:22:49,571 | Data Cleaner | INFO | Final output shape: (1066869, 71)
2026-07-07 18:22:49,572 | Data Cleaner | INFO | Saving mutation profile configurations
2026-07-07 18:22:49,572 | Utils | INFO | Initiating save routine for file: 6_OmicsSomaticMutationsProfile.csv into directory: cleaned_data/gene properties
2026-07-07 18:23:27,173 | Utils | INFO | Data frame successfully serialized to: C:\Users\Shankar\Desktop\AstraZeneca\code\astrazeneca\CelllineSelector\data\cleaned_data\gene properties\6_OmicsSomaticMutationsProfile.csv
2026-07-07 18:23:27,174 | Data Cleaner | INFO | File 6 successfully processed and verified.
2026-07-07 18:23:27,351 | Pipelinerunner | INFO | Cleaned and released 6_OmicsSomaticMutationsProfile from memory
2026-07-07 18:23:27,351 | Pipelinerunner | INFO | Loading raw datafile 12_CCLE_metabolomics_20190502
2026-07-07 18:23:27,352 | Utils | INFO | Attempting to read raw data asset: 12_CCLE_metabolomics_20190502 from subfolder: non gene expression
2026-07-07 18:23:27,381 | Utils | INFO | File has been read returning the file
2026-07-07 18:23:27,381 | Pipelinerunner | INFO | Cleaning datafile 12_CCLE_metabolomics_20190502
2026-07-07 18:23:27,381 | Data Cleaner | INFO | Starting Data Cleaning Process for File Number: 12
2026-07-07 18:23:27,381 | Data Cleaner | INFO | Initial raw dataset shape: (928, 227)
2026-07-07 18:23:27,383 | Data Cleaner | INFO | Standardized metabolomics shape: (928, 227)
2026-07-07 18:23:27,383 | Data Cleaner | INFO | Saving baseline metabolomics array
2026-07-07 18:23:27,383 | Utils | INFO | Initiating save routine for file: 12_CCLE_metabolomics_20190502.csv into directory: cleaned_data/non gene expression
2026-07-07 18:23:27,561 | Utils | INFO | Data frame successfully serialized to: C:\Users\Shankar\Desktop\AstraZeneca\code\astrazeneca\CelllineSelector\data\cleaned_data\non gene expression\12_CCLE_metabolomics_20190502.csv
2026-07-07 18:23:27,561 | Data Cleaner | INFO | File 12 successfully processed and verified.
2026-07-07 18:23:27,688 | Pipelinerunner | INFO | Cleaned and released 12_CCLE_metabolomics_20190502 from memory
2026-07-07 18:23:27,689 | Pipelinerunner | INFO | Loading raw datafile 14_OmicsGlobalSignatures
2026-07-07 18:23:27,689 | Utils | INFO | Attempting to read raw data asset: 14_OmicsGlobalSignatures from subfolder: non gene expression
2026-07-07 18:23:27,705 | Utils | INFO | File has been read returning the file
2026-07-07 18:23:27,705 | Pipelinerunner | INFO | Cleaning datafile 14_OmicsGlobalSignatures
2026-07-07 18:23:27,705 | Data Cleaner | INFO | Starting Data Cleaning Process for File Number: 14
2026-07-07 18:23:27,706 | Data Cleaner | INFO | Initial raw dataset shape: (3021, 12)
2026-07-07 18:23:27,708 | Data Cleaner | INFO | Isolating records containing standard 'IsDefaultEntryForModel' flags
2026-07-07 18:23:27,714 | Data Cleaner | INFO | Filtered default profile shape: (1955, 11)
2026-07-07 18:23:27,714 | Data Cleaner | INFO | Saving standard multi-omics profile matrix
2026-07-07 18:23:27,714 | Utils | INFO | Initiating save routine for file: 14_OmicsGlobalSignatures.csv into directory: cleaned_data/non gene expression
2026-07-07 18:23:27,725 | Utils | INFO | Data frame successfully serialized to: C:\Users\Shankar\Desktop\AstraZeneca\code\astrazeneca\CelllineSelector\data\cleaned_data\non gene expression\14_OmicsGlobalSignatures.csv
2026-07-07 18:23:27,725 | Data Cleaner | INFO | File 14 successfully processed and verified.
2026-07-07 18:23:27,865 | Pipelinerunner | INFO | Cleaned and released 14_OmicsGlobalSignatures from memory
2026-07-07 18:23:27,866 | Pipelinerunner | INFO | Cleaning stage complete — all cleaned files persisted to disk
2026-07-07 18:23:27,993 | Pipelinerunner | INFO | Starting the Model Pipeline
2026-07-07 18:23:27,994 | Pipelinerunner | INFO | Model: reading cleaned depmap expression from disk
2026-07-07 18:23:27,994 | Utils | INFO | Reading structured dataset: 2_DepMap_OmicsExpressionAllGenesTPMLogp1Profile.csv from path: cleaned_data/gene expression
2026-07-07 18:23:40,508 | Utils | INFO | Successfully loaded file. Calculated shape: (1479, 19920)
2026-07-07 18:23:40,508 | Pipelinerunner | INFO | Model: preprocessing depmap expression (z-score)
2026-07-07 18:23:40,864 | Preprocessing | INFO | Starting standard scaling transformation (Z-score)
2026-07-07 18:23:42,042 | Preprocessing | INFO | Standard scaling completed successfully.
2026-07-07 18:23:52,289 | Pipelinerunner | INFO | Model: reading cleaned harmonized MS (proteomics) from disk
2026-07-07 18:23:52,289 | Utils | INFO | Reading structured dataset: 4_harmonized_ms_cellline_cleaned.csv from path: cleaned_data/gene expression
2026-07-07 18:23:54,146 | Utils | INFO | Successfully loaded file. Calculated shape: (375, 12559)
2026-07-07 18:23:54,146 | Pipelinerunner | INFO | Model: reading cleaned metabolomics from disk
2026-07-07 18:23:54,147 | Utils | INFO | Reading structured dataset: 12_CCLE_metabolomics_20190502.csv from path: cleaned_data/non gene expression
2026-07-07 18:23:54,196 | Utils | INFO | Successfully loaded file. Calculated shape: (928, 227)
2026-07-07 18:23:54,253 | Preprocessing | INFO | Starting standard scaling transformation (Z-score)
2026-07-07 18:23:54,263 | Preprocessing | INFO | Standard scaling completed successfully.
2026-07-07 18:23:54,269 | Pipelinerunner | INFO | Model: reading cleaned global signatures from disk
2026-07-07 18:23:54,269 | Utils | INFO | Reading structured dataset: 14_OmicsGlobalSignatures.csv from path: cleaned_data/non gene expression
2026-07-07 18:23:54,287 | Utils | INFO | Successfully loaded file. Calculated shape: (1955, 11)
2026-07-07 18:23:54,303 | Preprocessing | INFO | Starting standard scaling transformation (Z-score)
2026-07-07 18:23:54,306 | Preprocessing | INFO | Standard scaling completed successfully.
2026-07-07 18:23:54,307 | Pipelinerunner | INFO | Model: preparing MOFA factors
2026-07-07 18:23:54,307 | Preprocessing | INFO | Starting Multi-Omics MOFA Matrix Construction Step
2026-07-07 18:23:54,307 | Preprocessing | INFO | Dropping ProfileID metadata column from the modeling tracking matrix.
2026-07-07 18:23:54,685 | Preprocessing | INFO | Sorting baseline expression records by ModelID numerical suffix
2026-07-07 18:23:55,474 | Preprocessing | INFO | Master index established with 1479 unique ModelIDs
2026-07-07 18:23:55,475 | Preprocessing | INFO | Aligning multi-omic tracking views across master ModelID mapping space
2026-07-07 18:23:56,618 | Preprocessing | INFO | Dropping non-feature metadata keys from omic dataframes
2026-07-07 18:23:57,989 | Preprocessing | INFO | View shapes -> RNA:(1479, 19918) Prot:(1479, 12558) Metab:(1479, 225) GlobalSig:(1479, 6)
2026-07-07 18:23:57,989 | Preprocessing | INFO | Initializing mofapy2 execution workspace configurations
2026-07-07 18:24:05,294 | Preprocessing | INFO | Building MOFA model graph layers
2026-07-07 18:24:09,251 | Preprocessing | INFO | Running MOFA variational inference optimization loop
2026-07-07 18:50:30,071 | Preprocessing | INFO | Extracting latent space expectation values (Z node)
2026-07-07 18:50:30,072 | Utils | INFO | Initiating save routine for file: multiomincsfactor.csv into directory: mofa_data/multiomincsfactor
2026-07-07 18:50:30,150 | Utils | INFO | Data frame successfully serialized to: C:\Users\Shankar\Desktop\AstraZeneca\code\astrazeneca\CelllineSelector\data\mofa_data\multiomincsfactor\multiomincsfactor.csv
2026-07-07 18:50:30,150 | Preprocessing | INFO | Extracting view-specific feature loading weights (W node) for RNA view
2026-07-07 18:50:30,158 | Preprocessing | INFO | Extracted RNA weight matrix layout shape: (19918, 20)
2026-07-07 18:50:30,158 | Utils | INFO | Initiating save routine for file: rnafactor.csv into directory: mofa_data/rnafactor
2026-07-07 18:50:30,644 | Utils | INFO | Data frame successfully serialized to: C:\Users\Shankar\Desktop\AstraZeneca\code\astrazeneca\CelllineSelector\data\mofa_data\rnafactor\rnafactor.csv
2026-07-07 18:50:30,644 | Preprocessing | INFO | Multi-omics factor and weight extraction run completed successfully.
2026-07-07 18:50:31,002 | Pipelinerunner | INFO | Model: MOFA preparation completed; inputs released
2026-07-07 18:50:31,002 | Pipelinerunner | INFO | Model: training KMeans on MOFA factors
2026-07-07 18:50:31,002 | Training | INFO | Starting KMeans Unsupervised Clustering Routine
2026-07-07 18:50:31,003 | Training | INFO | Target verification complete: Directory C:\Users\Shankar\Desktop\AstraZeneca\code\astrazeneca\CelllineSelector\artifacts already exists.
2026-07-07 18:50:31,004 | Training | INFO | Extracted feature grid array shape for KMeans training: (1479, 20)
2026-07-07 18:50:31,004 | Training | INFO | Running the Kmeans to select the best value of the K
2026-07-07 18:50:31,004 | Training | INFO | Running the Kmeans from 2 to 50
2026-07-07 18:50:37,600 | Training | INFO | Best value of k is 31
2026-07-07 18:50:37,600 | Training | INFO | Best silhouette value of K is 0.16546531243866608
2026-07-07 18:50:37,600 | Training | INFO | Best Inertia value of K is 66010.55650790603
2026-07-07 18:50:37,600 | Training | INFO | Initializing KMeans execution block with K=31
2026-07-07 18:50:37,619 | Training | INFO | Saving serialized KMeans pipeline estimator binary artifact
2026-07-07 18:50:37,619 | Utils | INFO | Attempting to write binary pipeline estimator out to filename: kmeans_model.joblib
2026-07-07 18:50:37,620 | Utils | INFO | Dumping joblib binary payload to path destination: C:\Users\Shankar\Desktop\AstraZeneca\code\astrazeneca\CelllineSelector\models\kmeans_model.joblib
2026-07-07 18:50:37,622 | Utils | INFO | Model saved to location: C:\Users\Shankar\Desktop\AstraZeneca\code\astrazeneca\CelllineSelector\models\kmeans_model.joblib
2026-07-07 18:50:37,623 | Training | INFO | Saving classified cluster label allocations dataframe...
2026-07-07 18:50:37,623 | Utils | INFO | Initiating save routine for file: Kmeansclusters.csv into directory: kmeans_data/kmeans
2026-07-07 18:50:37,626 | Utils | INFO | Data frame successfully serialized to: C:\Users\Shankar\Desktop\AstraZeneca\code\astrazeneca\CelllineSelector\data\kmeans_data\kmeans\Kmeansclusters.csv
2026-07-07 18:50:37,626 | Training | INFO | Calculating evaluation clustering performance metrics
2026-07-07 18:50:37,654 | Training | INFO | Writing statistical cluster validation scores to: C:\Users\Shankar\Desktop\AstraZeneca\code\astrazeneca\CelllineSelector\artifacts\kmeans_metrics.txt
2026-07-07 18:50:37,663 | Training | INFO | Generating raw latent feature distribution scatter plots
2026-07-07 18:50:38,078 | Training | INFO | Initializing UMAP manifold dimension reduction to visualize cluster boundaries
2026-07-07 18:50:56,651 | Training | INFO | Saving UMAP 2D projection scatter plots to: C:\Users\Shankar\Desktop\AstraZeneca\code\astrazeneca\CelllineSelector\artifacts\kmeans_umap_projection.png
2026-07-07 18:50:57,018 | Training | INFO | KMeans model training and diagnostic artifact pipeline run complete.
2026-07-07 18:50:57,018 | Pipelinerunner | INFO | Model: training KNN on MOFA factors
2026-07-07 18:50:57,018 | Training | INFO | Starting KNN Neighborhood Graph Mapping Routine
2026-07-07 18:50:57,019 | Training | INFO | Extracted feature grid array shape for KNN fitting: (1479, 20)
2026-07-07 18:50:57,019 | Training | INFO | Fitting mathematical unsupervised graph structure with K=6
2026-07-07 18:50:57,077 | Training | INFO | Saving serialized KNN graph matrix state block
2026-07-07 18:50:57,077 | Utils | INFO | Attempting to write binary pipeline estimator out to filename: knn_model.joblib
2026-07-07 18:50:57,077 | Utils | INFO | Dumping joblib binary payload to path destination: C:\Users\Shankar\Desktop\AstraZeneca\code\astrazeneca\CelllineSelector\models\knn_model.joblib
2026-07-07 18:50:57,080 | Utils | INFO | Model saved to location: C:\Users\Shankar\Desktop\AstraZeneca\code\astrazeneca\CelllineSelector\models\knn_model.joblib
2026-07-07 18:50:57,081 | Training | INFO | Saving average neighbor neighborhood distance vector records
2026-07-07 18:50:57,081 | Utils | INFO | Initiating save routine for file: KnnDistances.csv into directory: knn_data/knn
2026-07-07 18:50:57,087 | Utils | INFO | Data frame successfully serialized to: C:\Users\Shankar\Desktop\AstraZeneca\code\astrazeneca\CelllineSelector\data\knn_data\knn\KnnDistances.csv
2026-07-07 18:50:57,087 | Training | INFO | Writing global neighborhood closeness baseline scores to: C:\Users\Shankar\Desktop\AstraZeneca\code\astrazeneca\CelllineSelector\artifacts\knn_metrics.txt
2026-07-07 18:50:57,088 | Training | INFO | Plotting neighborhood local density scatter spaces
2026-07-07 18:50:57,511 | Training | INFO | Constructing decision boundary mesh space for 2D geographic region mapping
2026-07-07 18:51:07,845 | Training | INFO | Saving 2D spatial region area contour projection map to: C:\Users\Shankar\Desktop\AstraZeneca\code\astrazeneca\CelllineSelector\artifacts\knn_umap_area_map.png
2026-07-07 18:51:07,845 | Training | INFO | KNN neighbor model training, mapping, and metric logs complete.
2026-07-07 18:51:07,845 | Pipelinerunner | INFO | Model: testing KMeans
2026-07-07 18:51:07,845 | Testing | INFO | Starting KMeans Inference Validation Test
2026-07-07 18:51:07,845 | Testing | INFO | Reading multi-omics latent factor matrix matrix
2026-07-07 18:51:07,845 | Utils | INFO | Reading structured dataset: multiomincsfactor.csv from path: mofa_data/multiomincsfactor
2026-07-07 18:51:07,867 | Utils | INFO | Successfully loaded file. Calculated shape: (1479, 21)
2026-07-07 18:51:07,868 | Testing | INFO | Target match tracking: Located 3 out of 4 requested validation cell lines.
2026-07-07 18:51:07,869 | Testing | INFO | KMeans inference matrix shape: (3, 20)
2026-07-07 18:51:07,869 | Testing | INFO | Loading serialized KMeans pipeline estimator instance
2026-07-07 18:51:07,869 | Utils | INFO | Attempting to load binary pipeline estimator from storage name: kmeans_model.joblib
2026-07-07 18:51:07,883 | Utils | INFO | Model has been successfully loaded from the path
2026-07-07 18:51:07,884 | Testing | INFO | Executing cluster coordinate predictions
2026-07-07 18:51:07,886 | Testing | INFO | Writing KMeans cluster profiles out to: C:\Users\Shankar\Desktop\AstraZeneca\code\astrazeneca\CelllineSelector\artifacts\kmeanstestresults.txt
2026-07-07 18:51:07,888 | Testing | INFO | KMeans inference validation completed successfully.
2026-07-07 18:51:07,889 | Pipelinerunner | INFO | Model: testing KNN
2026-07-07 18:51:07,889 | Testing | INFO | Starting KNN Sister Neighborhood Selection Test
2026-07-07 18:51:07,889 | Testing | INFO | Reading multi-omics latent factor matrix matrix
2026-07-07 18:51:07,889 | Utils | INFO | Reading structured dataset: multiomincsfactor.csv from path: mofa_data/multiomincsfactor
2026-07-07 18:51:07,896 | Utils | INFO | Successfully loaded file. Calculated shape: (1479, 21)
2026-07-07 18:51:07,897 | Testing | INFO | Target match tracking: Located 3 out of 4 requested validation cell lines.
2026-07-07 18:51:07,897 | Testing | INFO | KNN neighbor query coordinates feature shape: (3, 20)
2026-07-07 18:51:07,897 | Testing | INFO | Loading serialized KNN neighbor graph mapping pipeline
2026-07-07 18:51:07,898 | Utils | INFO | Attempting to load binary pipeline estimator from storage name: knn_model.joblib
2026-07-07 18:51:07,905 | Utils | INFO | Model has been successfully loaded from the path
2026-07-07 18:51:07,905 | Testing | INFO | Computing closest neighborhood indices and multi-dimensional distances
2026-07-07 18:51:07,921 | Testing | INFO | Writing alternative neighborhood assignments out to: C:\Users\Shankar\Desktop\AstraZeneca\code\astrazeneca\CelllineSelector\artifacts\knntestresults.txt
2026-07-07 18:51:07,924 | Testing | INFO | KNN neighborhood verification test complete.
2026-07-07 18:51:07,924 | Pipelinerunner | INFO | Model: computing cosine similarity matrix
2026-07-07 18:51:07,925 | Cosine Matrix | INFO | Starting the cosine matrix formation to find similarity
2026-07-07 18:51:07,925 | Cosine Matrix | INFO | (1479, 21)
2026-07-07 18:51:07,925 | Cosine Matrix | INFO | (19918, 20)
2026-07-07 18:51:07,926 | Cosine Matrix | INFO | Starting to get the cosine values
2026-07-07 18:51:07,969 | Cosine Matrix | INFO | Starting to get the cosine values have been determined
2026-07-07 18:51:07,969 | Cosine Matrix | INFO | Creating a dataframe
2026-07-07 18:51:08,071 | Cosine Matrix | INFO | Dataframe has been created
2026-07-07 18:51:08,071 | Cosine Matrix | INFO | (1479, 19918)
2026-07-07 18:51:08,113 | Cosine Matrix | INFO | Saving the raw cosine dataframe
2026-07-07 18:51:08,114 | Utils | INFO | Initiating save routine for file: cosinematrix.csv into directory: cosine_matrix/cosine
2026-07-07 18:51:57,479 | Utils | INFO | Data frame successfully serialized to: C:\Users\Shankar\Desktop\AstraZeneca\code\astrazeneca\CelllineSelector\data\cosine_matrix\cosine\cosinematrix.csv
2026-07-07 18:51:57,479 | Cosine Matrix | INFO | Similarity dataset has been saved successfully returning the file
2026-07-07 18:51:57,838 | Pipelinerunner | INFO | Model: min-max scaling similarity matrix for scoring
2026-07-07 18:51:57,846 | Preprocessing | INFO | Starting MinMax scaling transformation (0-1 range)
2026-07-07 18:51:58,350 | Preprocessing | INFO | MinMax scaling completed successfully
2026-07-07 18:52:06,344 | Utils | INFO | Initiating save routine for file: cosinematrix.csv into directory: scoring/cosine_matrix
2026-07-07 18:54:48,337 | Utils | INFO | Data frame successfully serialized to: C:\Users\Shankar\Desktop\AstraZeneca\code\astrazeneca\CelllineSelector\data\scoring\cosine_matrix\cosinematrix.csv
2026-07-07 18:54:48,824 | Pipelinerunner | INFO | Model pipeline completed successfully
2026-07-07 18:54:48,838 | Pipelinerunner | INFO | Model Pipeline completed successfully
2026-07-07 18:54:49,013 | Pipelinerunner | INFO | Starting the Scoring Pipeline
2026-07-07 18:54:49,013 | Pipelinerunner | INFO | Scoring: reading depmap ModelIDs for master filter
2026-07-07 18:54:49,013 | Utils | INFO | Reading structured dataset: 2_DepMap_OmicsExpressionAllGenesTPMLogp1Profile.csv from path: cleaned_data/gene expression
2026-07-07 18:55:01,634 | Utils | INFO | Successfully loaded file. Calculated shape: (1479, 19920)
2026-07-07 18:55:01,829 | Pipelinerunner | INFO | Scoring: processing hpa_rna
2026-07-07 18:55:01,829 | Utils | INFO | Reading structured dataset: 1_4_hpa_rna_celline.csv from path: cleaned_data/gene expression
2026-07-07 18:55:10,912 | Utils | INFO | Successfully loaded file. Calculated shape: (1206, 20164)
2026-07-07 18:55:12,424 | Preprocessing | INFO | Starting MinMax scaling transformation (0-1 range)
2026-07-07 18:55:13,188 | Preprocessing | INFO | MinMax scaling completed successfully
2026-07-07 18:55:21,894 | Utils | INFO | Initiating save routine for file: 1_4_hpa_rna_celline.csv into directory: scoring/gene expression
2026-07-07 18:57:19,511 | Utils | INFO | Data frame successfully serialized to: C:\Users\Shankar\Desktop\AstraZeneca\code\astrazeneca\CelllineSelector\data\scoring\gene expression\1_4_hpa_rna_celline.csv
2026-07-07 18:57:19,857 | Pipelinerunner | INFO | Scoring: processing depmap expression
2026-07-07 18:57:19,858 | Utils | INFO | Reading structured dataset: 2_DepMap_OmicsExpressionAllGenesTPMLogp1Profile.csv from path: cleaned_data/gene expression
2026-07-07 18:57:33,446 | Utils | INFO | Successfully loaded file. Calculated shape: (1479, 19920)
2026-07-07 18:57:33,875 | Preprocessing | INFO | Starting MinMax scaling transformation (0-1 range)
2026-07-07 18:57:34,818 | Preprocessing | INFO | MinMax scaling completed successfully
2026-07-07 18:57:44,604 | Utils | INFO | Initiating save routine for file: 2_DepMap_OmicsExpressionAllGenesTPMLogp1Profile.csv into directory: scoring/gene expression
2026-07-07 19:00:19,302 | Utils | INFO | Data frame successfully serialized to: C:\Users\Shankar\Desktop\AstraZeneca\code\astrazeneca\CelllineSelector\data\scoring\gene expression\2_DepMap_OmicsExpressionAllGenesTPMLogp1Profile.csv
2026-07-07 19:00:19,648 | Pipelinerunner | INFO | Scoring: processing geoexpression
2026-07-07 19:00:19,649 | Utils | INFO | Reading structured dataset: 3_GEOexpression.csv from path: cleaned_data/gene expression
2026-07-07 19:00:32,098 | Utils | INFO | Successfully loaded file. Calculated shape: (19914, 3268)
2026-07-07 19:00:32,151 | Preprocessing | INFO | Starting MinMax scaling transformation (0-1 range)
2026-07-07 19:00:33,344 | Preprocessing | INFO | MinMax scaling completed successfully
2026-07-07 19:00:33,749 | Utils | INFO | Initiating save routine for file: 3_GEOexpression.csv into directory: scoring/gene expression
2026-07-07 19:02:59,328 | Utils | INFO | Data frame successfully serialized to: C:\Users\Shankar\Desktop\AstraZeneca\code\astrazeneca\CelllineSelector\data\scoring\gene expression\3_GEOexpression.csv
2026-07-07 19:02:59,588 | Pipelinerunner | INFO | Scoring: processing harmonized MS
2026-07-07 19:02:59,588 | Utils | INFO | Reading structured dataset: 4_harmonized_ms_cellline_cleaned.csv from path: cleaned_data/gene expression
2026-07-07 19:03:00,840 | Utils | INFO | Successfully loaded file. Calculated shape: (375, 12559)
2026-07-07 19:03:01,236 | Preprocessing | INFO | Starting MinMax scaling transformation (0-1 range)
2026-07-07 19:03:01,671 | Preprocessing | INFO | MinMax scaling completed successfully
2026-07-07 19:03:04,250 | Utils | INFO | Initiating save routine for file: 4_Harmonized_MS_CCLE_Gygi_subsetted.csv into directory: scoring/gene expression
2026-07-07 19:03:25,483 | Utils | INFO | Data frame successfully serialized to: C:\Users\Shankar\Desktop\AstraZeneca\code\astrazeneca\CelllineSelector\data\scoring\gene expression\4_Harmonized_MS_CCLE_Gygi_subsetted.csv
2026-07-07 19:03:25,702 | Pipelinerunner | INFO | Scoring: passing through 5_OmicsFusionFilteredSupplementary.csv
2026-07-07 19:03:25,702 | Utils | INFO | Reading structured dataset: 5_OmicsFusionFilteredSupplementary.csv from path: cleaned_data/gene properties
2026-07-07 19:03:27,118 | Utils | INFO | Successfully loaded file. Calculated shape: (184237, 31)
2026-07-07 19:03:27,118 | Utils | INFO | Initiating save routine for file: 5_OmicsFusionFilteredSupplementary.csv into directory: scoring/gene properties
2026-07-07 19:03:29,631 | Utils | INFO | Data frame successfully serialized to: C:\Users\Shankar\Desktop\AstraZeneca\code\astrazeneca\CelllineSelector\data\scoring\gene properties\5_OmicsFusionFilteredSupplementary.csv
2026-07-07 19:03:29,821 | Pipelinerunner | INFO | Scoring: passing through 6_OmicsSomaticMutationsProfile.csv
2026-07-07 19:03:29,821 | Utils | INFO | Reading structured dataset: 6_OmicsSomaticMutationsProfile.csv from path: cleaned_data/gene properties
2026-07-07 19:03:45,028 | Utils | INFO | Successfully loaded file. Calculated shape: (1066869, 71)
2026-07-07 19:03:45,028 | Utils | INFO | Initiating save routine for file: 6_OmicsSomaticMutationsProfile.csv into directory: scoring/gene properties
2026-07-07 19:04:26,770 | Utils | INFO | Data frame successfully serialized to: C:\Users\Shankar\Desktop\AstraZeneca\code\astrazeneca\CelllineSelector\data\scoring\gene properties\6_OmicsSomaticMutationsProfile.csv
2026-07-07 19:04:26,939 | Pipelinerunner | INFO | Scoring: passing through 12_CCLE_metabolomics_20190502.csv
2026-07-07 19:04:26,939 | Utils | INFO | Reading structured dataset: 12_CCLE_metabolomics_20190502.csv from path: cleaned_data/non gene expression
2026-07-07 19:04:26,982 | Utils | INFO | Successfully loaded file. Calculated shape: (928, 227)
2026-07-07 19:04:26,982 | Utils | INFO | Initiating save routine for file: 12_CCLE_metabolomics_20190502.csv into directory: scoring/non gene expression
2026-07-07 19:04:27,230 | Utils | INFO | Data frame successfully serialized to: C:\Users\Shankar\Desktop\AstraZeneca\code\astrazeneca\CelllineSelector\data\scoring\non gene expression\12_CCLE_metabolomics_20190502.csv
2026-07-07 19:04:27,392 | Pipelinerunner | INFO | Scoring: passing through 14_OmicsGlobalSignatures.csv
2026-07-07 19:04:27,393 | Utils | INFO | Reading structured dataset: 14_OmicsGlobalSignatures.csv from path: cleaned_data/non gene expression
2026-07-07 19:04:27,404 | Utils | INFO | Successfully loaded file. Calculated shape: (1955, 11)
2026-07-07 19:04:27,405 | Utils | INFO | Initiating save routine for file: 14_OmicsGlobalSignatures.csv into directory: scoring/non gene expression
2026-07-07 19:04:27,421 | Utils | INFO | Data frame successfully serialized to: C:\Users\Shankar\Desktop\AstraZeneca\code\astrazeneca\CelllineSelector\data\scoring\non gene expression\14_OmicsGlobalSignatures.csv
2026-07-07 19:04:27,609 | Pipelinerunner | INFO | Scoring pipeline completed successfully
2026-07-07 19:04:27,619 | Pipelinerunner | INFO | Scoring pipeline completed successfully
2026-07-07 19:04:27,620 | ML Pipeline | INFO | Machine learning flow completed
2026-07-07 22:32:27,546 | ML Pipeline | INFO | Starting the Machine learning flow
2026-07-07 22:32:27,548 | Pipelinerunner | INFO | Starting the pipeline runner
2026-07-07 22:32:27,548 | Pipelinerunner | INFO | Starting cleaning stage (one file at a time to bound memory)
2026-07-07 22:32:27,548 | Pipelinerunner | INFO | Loading raw datafile 1_4_hpa_rna_celline
2026-07-07 22:32:27,548 | Utils | INFO | Attempting to read raw data asset: 1_4_hpa_rna_celline from subfolder: gene expression
2026-07-07 22:32:39,254 | Utils | INFO | File has been read returning the file
2026-07-07 22:32:39,255 | Pipelinerunner | INFO | Cleaning datafile 1_4_hpa_rna_celline
2026-07-07 22:32:39,255 | Data Cleaner | INFO | Starting Data Cleaning Process for File Number: 1
2026-07-07 22:32:39,255 | Data Cleaner | INFO | Initial raw dataset shape: (24315372, 6)
2026-07-07 22:32:39,580 | Data Cleaner | INFO | Reshaping data_df to map Cell lines against Genes
2026-07-07 22:32:49,423 | Data Cleaner | INFO | Reshaped DataFrame shape: (1206, 20163)
2026-07-07 22:32:49,598 | Data Cleaner | INFO | Reading nomenclature 9_DepMap_sample_info mapping data
2026-07-07 22:32:49,599 | Utils | INFO | Attempting to read raw data asset: 9_DepMap_sample_info from subfolder: nomenclature
2026-07-07 22:32:49,626 | Utils | INFO | File has been read returning the file
2026-07-07 22:32:49,628 | Data Cleaner | INFO | Executing primary merge via standard cell line names
2026-07-07 22:32:49,644 | Data Cleaner | INFO | Executing fallback merge via stripped cell line names for missing mapping profiles
2026-07-07 22:32:49,673 | Data Cleaner | INFO | Remaining NaN DepMap_IDs: 281
2026-07-07 22:32:49,674 | Data Cleaner | INFO | NaN 'Cell line' entries: 0
2026-07-07 22:32:49,674 | Data Cleaner | INFO | Duplicate values present in DepMap_ID: 280
2026-07-07 22:32:49,674 | Data Cleaner | INFO | Final structured shape before saving: (1206, 20164)
2026-07-07 22:32:49,678 | Data Cleaner | INFO | Saving processed HPA RNA data
2026-07-07 22:32:49,678 | Utils | INFO | Initiating save routine for file: 1_4_hpa_rna_celline.csv into directory: cleaned_data/gene expression
2026-07-07 22:33:05,394 | Utils | INFO | Data frame successfully serialized to: C:\Users\Shankar\Desktop\AstraZeneca\code\astrazeneca\CelllineSelector\data\cleaned_data\gene expression\1_4_hpa_rna_celline.csv
2026-07-07 22:33:05,395 | Data Cleaner | INFO | File 1 successfully processed and verified
2026-07-07 22:33:05,537 | Pipelinerunner | INFO | Cleaned and released 1_4_hpa_rna_celline from memory
2026-07-07 22:33:05,538 | Pipelinerunner | INFO | Loading raw datafile 2_DepMap_OmicsExpressionAllGenesTPMLogp1Profile
2026-07-07 22:33:05,538 | Utils | INFO | Attempting to read raw data asset: 2_DepMap_OmicsExpressionAllGenesTPMLogp1Profile from subfolder: gene expression
2026-07-07 22:33:33,550 | Utils | INFO | File has been read returning the file
2026-07-07 22:33:33,551 | Pipelinerunner | INFO | Cleaning datafile 2_DepMap_OmicsExpressionAllGenesTPMLogp1Profile
2026-07-07 22:33:33,551 | Data Cleaner | INFO | Starting Data Cleaning Process for File Number: 2
2026-07-07 22:33:33,551 | Data Cleaner | INFO | Initial raw dataset shape: (1495, 53962)
2026-07-07 22:33:33,552 | Data Cleaner | INFO | Cleaning and parsing Ensembl IDs from headers
2026-07-07 22:33:33,718 | Data Cleaner | INFO | Ensembl parsed DataFrame shape: (1495, 53962)
2026-07-07 22:33:33,719 | Utils | INFO | Attempting to read raw data asset: mart_export from subfolder: mart_export
2026-07-07 22:33:34,015 | Utils | INFO | File has been read returning the file
2026-07-07 22:33:34,015 | Data Cleaner | INFO | Filtering matrix to track protein coding genes using BioMart specs
2026-07-07 22:33:34,404 | Data Cleaner | INFO | Protein-coding filtered shape: (1495, 19919)
2026-07-07 22:33:34,404 | Data Cleaner | INFO | Mapping profile records to unified ModelIDs
2026-07-07 22:33:34,404 | Utils | INFO | Attempting to read raw data asset: 8_DepMap_OmicsProfiles from subfolder: nomenclature
2026-07-07 22:33:34,426 | Utils | INFO | File has been read returning the file
2026-07-07 22:33:35,392 | Data Cleaner | INFO | Final unique ModelID table shape: (1479, 19920)
2026-07-07 22:33:35,392 | Data Cleaner | INFO | Saving processed DepMap expression data matrix
2026-07-07 22:33:35,393 | Utils | INFO | Initiating save routine for file: 2_DepMap_OmicsExpressionAllGenesTPMLogp1Profile.csv into directory: cleaned_data/gene expression
2026-07-07 22:35:00,433 | Utils | INFO | Data frame successfully serialized to: C:\Users\Shankar\Desktop\AstraZeneca\code\astrazeneca\CelllineSelector\data\cleaned_data\gene expression\2_DepMap_OmicsExpressionAllGenesTPMLogp1Profile.csv
2026-07-07 22:35:00,433 | Data Cleaner | INFO | File 2 successfully processed and verified
2026-07-07 22:35:00,850 | Pipelinerunner | INFO | Cleaned and released 2_DepMap_OmicsExpressionAllGenesTPMLogp1Profile from memory
2026-07-07 22:35:00,851 | Pipelinerunner | INFO | Loading raw datafile 3_GEOexpression
2026-07-07 22:35:00,851 | Utils | INFO | Attempting to read raw data asset: 3_GEOexpression from subfolder: gene expression
2026-07-07 22:35:08,096 | Utils | INFO | File has been read returning the file
2026-07-07 22:35:08,097 | Pipelinerunner | INFO | Cleaning datafile 3_GEOexpression
2026-07-07 22:35:08,097 | Data Cleaner | INFO | Starting Data Cleaning Process for File Number: 3
2026-07-07 22:35:08,097 | Data Cleaner | INFO | Initial raw dataset shape: (19914, 3268)
2026-07-07 22:35:08,097 | Data Cleaner | INFO | Applying element-wise log2 transformation matrix
2026-07-07 22:35:09,142 | Data Cleaner | INFO | Transformed matrix layout shape: (19914, 3268)
2026-07-07 22:35:09,142 | Data Cleaner | INFO | Saving processed GEO expression dataset
2026-07-07 22:35:09,142 | Utils | INFO | Initiating save routine for file: 3_GEOexpression.csv into directory: cleaned_data/gene expression
2026-07-07 22:36:21,603 | Utils | INFO | Data frame successfully serialized to: C:\Users\Shankar\Desktop\AstraZeneca\code\astrazeneca\CelllineSelector\data\cleaned_data\gene expression\3_GEOexpression.csv
2026-07-07 22:36:21,603 | Data Cleaner | INFO | File 3 successfully processed and verified.
2026-07-07 22:36:21,763 | Pipelinerunner | INFO | Cleaned and released 3_GEOexpression from memory
2026-07-07 22:36:21,764 | Pipelinerunner | INFO | Loading raw datafile 4_Harmonized_MS_CCLE_Gygi_subsetted
2026-07-07 22:36:21,764 | Utils | INFO | Attempting to read raw data asset: 4_Harmonized_MS_CCLE_Gygi_subsetted from subfolder: gene expression
2026-07-07 22:36:22,504 | Utils | INFO | File has been read returning the file
2026-07-07 22:36:22,504 | Pipelinerunner | INFO | Cleaning datafile 4_Harmonized_MS_CCLE_Gygi_subsetted
2026-07-07 22:36:22,504 | Data Cleaner | INFO | Starting Data Cleaning Process for File Number: 4
2026-07-07 22:36:22,505 | Data Cleaner | INFO | Initial raw dataset shape: (375, 12559)
2026-07-07 22:36:22,618 | Data Cleaner | INFO | Stripping down complex multi-omic feature string suffixes
2026-07-07 22:36:22,638 | Data Cleaner | INFO | Normalized column headers shape: (375, 12559)
2026-07-07 22:36:22,638 | Data Cleaner | INFO | Saving processed Mass Spec data matrix
2026-07-07 22:36:22,638 | Utils | INFO | Initiating save routine for file: 4_harmonized_ms_cellline_cleaned.csv into directory: cleaned_data/gene expression
2026-07-07 22:36:32,904 | Utils | INFO | Data frame successfully serialized to: C:\Users\Shankar\Desktop\AstraZeneca\code\astrazeneca\CelllineSelector\data\cleaned_data\gene expression\4_harmonized_ms_cellline_cleaned.csv
2026-07-07 22:36:32,904 | Data Cleaner | INFO | File 4 successfully processed and verified.
2026-07-07 22:36:33,015 | Pipelinerunner | INFO | Cleaned and released 4_Harmonized_MS_CCLE_Gygi_subsetted from memory
2026-07-07 22:36:33,016 | Pipelinerunner | INFO | Loading raw datafile 5_OmicsFusionFilteredSupplementary
2026-07-07 22:36:33,016 | Utils | INFO | Attempting to read raw data asset: 5_OmicsFusionFilteredSupplementary from subfolder: gene properties
2026-07-07 22:36:33,729 | Utils | INFO | File has been read returning the file
2026-07-07 22:36:33,729 | Pipelinerunner | INFO | Cleaning datafile 5_OmicsFusionFilteredSupplementary
2026-07-07 22:36:33,729 | Data Cleaner | INFO | Starting Data Cleaning Process for File Number: 5
2026-07-07 22:36:33,729 | Data Cleaner | INFO | Initial raw dataset shape: (184237, 30)
2026-07-07 22:36:33,731 | Data Cleaner | INFO | Parsing combined gene notation elements into component targets
2026-07-07 22:36:34,475 | Data Cleaner | INFO | Parsed fusion records shape: (184237, 31)
2026-07-07 22:36:34,475 | Data Cleaner | INFO | Saving filtered structural fusion matrix
2026-07-07 22:36:34,475 | Utils | INFO | Initiating save routine for file: 5_OmicsFusionFilteredSupplementary.csv into directory: cleaned_data/gene properties
2026-07-07 22:36:35,811 | Utils | INFO | Data frame successfully serialized to: C:\Users\Shankar\Desktop\AstraZeneca\code\astrazeneca\CelllineSelector\data\cleaned_data\gene properties\5_OmicsFusionFilteredSupplementary.csv
2026-07-07 22:36:35,811 | Data Cleaner | INFO | File 5 successfully processed and verified.
2026-07-07 22:36:35,900 | Pipelinerunner | INFO | Cleaned and released 5_OmicsFusionFilteredSupplementary from memory
2026-07-07 22:36:35,900 | Pipelinerunner | INFO | Loading raw datafile 6_OmicsSomaticMutationsProfile
2026-07-07 22:36:35,900 | Utils | INFO | Attempting to read raw data asset: 6_OmicsSomaticMutationsProfile from subfolder: gene properties
2026-07-07 22:36:43,767 | Utils | INFO | File has been read returning the file
2026-07-07 22:36:43,767 | Pipelinerunner | INFO | Cleaning datafile 6_OmicsSomaticMutationsProfile
2026-07-07 22:36:43,767 | Data Cleaner | INFO | Starting Data Cleaning Process for File Number: 6
2026-07-07 22:36:43,767 | Data Cleaner | INFO | Initial raw dataset shape: (1066869, 70)
2026-07-07 22:36:43,767 | Data Cleaner | INFO | Merging somatic mutational vectors to core profile indices
2026-07-07 22:36:43,767 | Utils | INFO | Attempting to read raw data asset: 8_DepMap_OmicsProfiles from subfolder: nomenclature
2026-07-07 22:36:43,774 | Utils | INFO | File has been read returning the file
2026-07-07 22:36:43,996 | Data Cleaner | INFO | ModelID structural duplicates: 1065124
2026-07-07 22:36:46,143 | Data Cleaner | INFO | Total row duplicate signatures: 0
2026-07-07 22:36:46,146 | Data Cleaner | INFO | Null occurrences in ModelID tracking: 152885
2026-07-07 22:36:46,147 | Data Cleaner | INFO | Null occurrences in ProfileID tracking: 0
2026-07-07 22:36:46,147 | Data Cleaner | INFO | Final output shape: (1066869, 71)
2026-07-07 22:36:46,147 | Data Cleaner | INFO | Saving mutation profile configurations
2026-07-07 22:36:46,147 | Utils | INFO | Initiating save routine for file: 6_OmicsSomaticMutationsProfile.csv into directory: cleaned_data/gene properties
2026-07-07 22:37:04,447 | Utils | INFO | Data frame successfully serialized to: C:\Users\Shankar\Desktop\AstraZeneca\code\astrazeneca\CelllineSelector\data\cleaned_data\gene properties\6_OmicsSomaticMutationsProfile.csv
2026-07-07 22:37:04,448 | Data Cleaner | INFO | File 6 successfully processed and verified.
2026-07-07 22:37:04,549 | Pipelinerunner | INFO | Cleaned and released 6_OmicsSomaticMutationsProfile from memory
2026-07-07 22:37:04,549 | Pipelinerunner | INFO | Loading raw datafile 12_CCLE_metabolomics_20190502
2026-07-07 22:37:04,549 | Utils | INFO | Attempting to read raw data asset: 12_CCLE_metabolomics_20190502 from subfolder: non gene expression
2026-07-07 22:37:04,590 | Utils | INFO | File has been read returning the file
2026-07-07 22:37:04,590 | Pipelinerunner | INFO | Cleaning datafile 12_CCLE_metabolomics_20190502
2026-07-07 22:37:04,590 | Data Cleaner | INFO | Starting Data Cleaning Process for File Number: 12
2026-07-07 22:37:04,590 | Data Cleaner | INFO | Initial raw dataset shape: (928, 227)
2026-07-07 22:37:04,591 | Data Cleaner | INFO | Standardized metabolomics shape: (928, 227)
2026-07-07 22:37:04,591 | Data Cleaner | INFO | Saving baseline metabolomics array
2026-07-07 22:37:04,591 | Utils | INFO | Initiating save routine for file: 12_CCLE_metabolomics_20190502.csv into directory: cleaned_data/non gene expression
2026-07-07 22:37:04,705 | Utils | INFO | Data frame successfully serialized to: C:\Users\Shankar\Desktop\AstraZeneca\code\astrazeneca\CelllineSelector\data\cleaned_data\non gene expression\12_CCLE_metabolomics_20190502.csv
2026-07-07 22:37:04,705 | Data Cleaner | INFO | File 12 successfully processed and verified.
2026-07-07 22:37:04,785 | Pipelinerunner | INFO | Cleaned and released 12_CCLE_metabolomics_20190502 from memory
2026-07-07 22:37:04,785 | Pipelinerunner | INFO | Loading raw datafile 14_OmicsGlobalSignatures
2026-07-07 22:37:04,785 | Utils | INFO | Attempting to read raw data asset: 14_OmicsGlobalSignatures from subfolder: non gene expression
2026-07-07 22:37:04,808 | Utils | INFO | File has been read returning the file
2026-07-07 22:37:04,809 | Pipelinerunner | INFO | Cleaning datafile 14_OmicsGlobalSignatures
2026-07-07 22:37:04,809 | Data Cleaner | INFO | Starting Data Cleaning Process for File Number: 14
2026-07-07 22:37:04,809 | Data Cleaner | INFO | Initial raw dataset shape: (3021, 12)
2026-07-07 22:37:04,811 | Data Cleaner | INFO | Isolating records containing standard 'IsDefaultEntryForModel' flags
2026-07-07 22:37:04,813 | Data Cleaner | INFO | Filtered default profile shape: (1955, 11)
2026-07-07 22:37:04,813 | Data Cleaner | INFO | Saving standard multi-omics profile matrix
2026-07-07 22:37:04,813 | Utils | INFO | Initiating save routine for file: 14_OmicsGlobalSignatures.csv into directory: cleaned_data/non gene expression
2026-07-07 22:37:04,823 | Utils | INFO | Data frame successfully serialized to: C:\Users\Shankar\Desktop\AstraZeneca\code\astrazeneca\CelllineSelector\data\cleaned_data\non gene expression\14_OmicsGlobalSignatures.csv
2026-07-07 22:37:04,823 | Data Cleaner | INFO | File 14 successfully processed and verified.
2026-07-07 22:37:04,903 | Pipelinerunner | INFO | Cleaned and released 14_OmicsGlobalSignatures from memory
2026-07-07 22:37:04,903 | Pipelinerunner | INFO | Cleaning stage complete — all cleaned files persisted to disk
2026-07-07 22:37:04,984 | Pipelinerunner | INFO | Starting the Model Pipeline
2026-07-07 22:37:04,984 | Pipelinerunner | INFO | Model: reading cleaned depmap expression from disk
2026-07-07 22:37:04,984 | Utils | INFO | Reading structured dataset: 2_DepMap_OmicsExpressionAllGenesTPMLogp1Profile.csv from path: cleaned_data/gene expression
2026-07-07 22:37:11,635 | Utils | INFO | Successfully loaded file. Calculated shape: (1479, 19920)
2026-07-07 22:37:11,635 | Pipelinerunner | INFO | Model: preprocessing depmap expression (z-score)
2026-07-07 22:37:11,817 | Preprocessing | INFO | Starting standard scaling transformation (Z-score)
2026-07-07 22:37:12,655 | Preprocessing | INFO | Standard scaling completed successfully.
2026-07-07 22:37:20,212 | Pipelinerunner | INFO | Model: reading cleaned harmonized MS (proteomics) from disk
2026-07-07 22:37:20,213 | Utils | INFO | Reading structured dataset: 4_harmonized_ms_cellline_cleaned.csv from path: cleaned_data/gene expression
2026-07-07 22:37:22,148 | Utils | INFO | Successfully loaded file. Calculated shape: (375, 12559)
2026-07-07 22:37:22,148 | Pipelinerunner | INFO | Model: reading cleaned metabolomics from disk
2026-07-07 22:37:22,148 | Utils | INFO | Reading structured dataset: 12_CCLE_metabolomics_20190502.csv from path: cleaned_data/non gene expression
2026-07-07 22:37:22,191 | Utils | INFO | Successfully loaded file. Calculated shape: (928, 227)
2026-07-07 22:37:22,233 | Preprocessing | INFO | Starting standard scaling transformation (Z-score)
2026-07-07 22:37:22,248 | Preprocessing | INFO | Standard scaling completed successfully.
2026-07-07 22:37:22,254 | Pipelinerunner | INFO | Model: reading cleaned global signatures from disk
2026-07-07 22:37:22,254 | Utils | INFO | Reading structured dataset: 14_OmicsGlobalSignatures.csv from path: cleaned_data/non gene expression
2026-07-07 22:37:22,278 | Utils | INFO | Successfully loaded file. Calculated shape: (1955, 11)
2026-07-07 22:37:22,287 | Preprocessing | INFO | Starting standard scaling transformation (Z-score)
2026-07-07 22:37:22,291 | Preprocessing | INFO | Standard scaling completed successfully.
2026-07-07 22:37:22,291 | Pipelinerunner | INFO | Model: preparing MOFA factors
2026-07-07 22:37:22,292 | Preprocessing | INFO | Starting Multi-Omics MOFA Matrix Construction Step
2026-07-07 22:37:22,292 | Preprocessing | INFO | Dropping ProfileID metadata column from the modeling tracking matrix.
2026-07-07 22:37:22,584 | Preprocessing | INFO | Sorting baseline expression records by ModelID numerical suffix
2026-07-07 22:37:23,480 | Preprocessing | INFO | Master index established with 1479 unique ModelIDs
2026-07-07 22:37:23,480 | Preprocessing | INFO | Aligning multi-omic tracking views across master ModelID mapping space
2026-07-07 22:37:24,559 | Preprocessing | INFO | Dropping non-feature metadata keys from omic dataframes
2026-07-07 22:37:26,142 | Preprocessing | INFO | View shapes -> RNA:(1479, 19918) Prot:(1479, 12558) Metab:(1479, 225) GlobalSig:(1479, 6)
2026-07-07 22:37:26,142 | Preprocessing | INFO | Initializing mofapy2 execution workspace configurations
2026-07-07 22:37:32,215 | Preprocessing | INFO | Building MOFA model graph layers
2026-07-07 22:37:35,594 | Preprocessing | INFO | Running MOFA variational inference optimization loop
2026-07-07 23:09:43,962 | Preprocessing | INFO | Extracting latent space expectation values (Z node)
2026-07-07 23:09:44,000 | Utils | INFO | Initiating save routine for file: multiomincsfactor.csv into directory: mofa_data/multiomincsfactor
2026-07-07 23:09:44,150 | Utils | INFO | Data frame successfully serialized to: C:\Users\Shankar\Desktop\AstraZeneca\code\astrazeneca\CelllineSelector\data\mofa_data\multiomincsfactor\multiomincsfactor.csv
2026-07-07 23:09:44,151 | Preprocessing | INFO | Extracting view-specific feature loading weights (W node) for RNA view
2026-07-07 23:09:44,193 | Preprocessing | INFO | Extracted RNA weight matrix layout shape: (19918, 20)
2026-07-07 23:09:44,193 | Utils | INFO | Initiating save routine for file: rnafactor.csv into directory: mofa_data/rnafactor
2026-07-07 23:09:44,751 | Utils | INFO | Data frame successfully serialized to: C:\Users\Shankar\Desktop\AstraZeneca\code\astrazeneca\CelllineSelector\data\mofa_data\rnafactor\rnafactor.csv
2026-07-07 23:09:44,751 | Preprocessing | INFO | Multi-omics factor and weight extraction run completed successfully.
2026-07-07 23:09:48,911 | Pipelinerunner | INFO | Model: MOFA preparation completed; inputs released
2026-07-07 23:09:48,912 | Pipelinerunner | INFO | Model: training KMeans on MOFA factors
2026-07-07 23:09:48,912 | Training | INFO | Starting KMeans Unsupervised Clustering Routine
2026-07-07 23:09:48,914 | Training | INFO | Target verification complete: Directory C:\Users\Shankar\Desktop\AstraZeneca\code\astrazeneca\CelllineSelector\artifacts already exists.
2026-07-07 23:09:48,915 | Training | INFO | Extracted feature grid array shape for KMeans training: (1479, 20)
2026-07-07 23:09:48,916 | Training | INFO | Running the Kmeans to select the best value of the K
2026-07-07 23:09:48,916 | Training | INFO | Running the Kmeans from 2 to 50
2026-07-07 23:09:55,007 | Training | INFO | Best value of k is 31
2026-07-07 23:09:55,007 | Training | INFO | Best silhouette value of K is 0.16546531243866608
2026-07-07 23:09:55,008 | Training | INFO | Best Inertia value of K is 66010.55650790603
2026-07-07 23:09:55,008 | Training | INFO | Initializing KMeans execution block with K=31
2026-07-07 23:09:55,024 | Training | INFO | Saving serialized KMeans pipeline estimator binary artifact
2026-07-07 23:09:55,024 | Utils | INFO | Attempting to write binary pipeline estimator out to filename: kmeans_model.joblib
2026-07-07 23:09:55,025 | Utils | INFO | Dumping joblib binary payload to path destination: C:\Users\Shankar\Desktop\AstraZeneca\code\astrazeneca\CelllineSelector\models\kmeans_model.joblib
2026-07-07 23:09:55,027 | Utils | INFO | Model saved to location: C:\Users\Shankar\Desktop\AstraZeneca\code\astrazeneca\CelllineSelector\models\kmeans_model.joblib
2026-07-07 23:09:55,028 | Training | INFO | Saving classified cluster label allocations dataframe...
2026-07-07 23:09:55,028 | Utils | INFO | Initiating save routine for file: Kmeansclusters.csv into directory: kmeans_data/kmeans
2026-07-07 23:09:55,031 | Utils | INFO | Data frame successfully serialized to: C:\Users\Shankar\Desktop\AstraZeneca\code\astrazeneca\CelllineSelector\data\kmeans_data\kmeans\Kmeansclusters.csv
2026-07-07 23:09:55,031 | Training | INFO | Calculating evaluation clustering performance metrics
2026-07-07 23:09:55,060 | Training | INFO | Writing statistical cluster validation scores to: C:\Users\Shankar\Desktop\AstraZeneca\code\astrazeneca\CelllineSelector\artifacts\kmeans_metrics.txt
2026-07-07 23:09:55,061 | Training | INFO | Generating raw latent feature distribution scatter plots
2026-07-07 23:09:55,500 | Training | INFO | Initializing UMAP manifold dimension reduction to visualize cluster boundaries
2026-07-07 23:10:14,718 | Training | INFO | Saving UMAP 2D projection scatter plots to: C:\Users\Shankar\Desktop\AstraZeneca\code\astrazeneca\CelllineSelector\artifacts\kmeans_umap_projection.png
2026-07-07 23:10:15,082 | Training | INFO | KMeans model training and diagnostic artifact pipeline run complete.
2026-07-07 23:10:15,083 | Pipelinerunner | INFO | Model: training KNN on MOFA factors
2026-07-07 23:10:15,083 | Training | INFO | Starting KNN Neighborhood Graph Mapping Routine
2026-07-07 23:10:15,085 | Training | INFO | Extracted feature grid array shape for KNN fitting: (1479, 20)
2026-07-07 23:10:15,085 | Training | INFO | Running Kmeans to find the best value of K
2026-07-07 23:10:17,772 | Training | INFO | Fitting mathematical unsupervised graph structure with K=6
2026-07-07 23:10:17,820 | Training | INFO | Saving serialized KNN graph matrix state block
2026-07-07 23:10:17,821 | Utils | INFO | Attempting to write binary pipeline estimator out to filename: knn_model.joblib
2026-07-07 23:10:17,821 | Utils | INFO | Dumping joblib binary payload to path destination: C:\Users\Shankar\Desktop\AstraZeneca\code\astrazeneca\CelllineSelector\models\knn_model.joblib
2026-07-07 23:10:17,823 | Utils | INFO | Model saved to location: C:\Users\Shankar\Desktop\AstraZeneca\code\astrazeneca\CelllineSelector\models\knn_model.joblib
2026-07-07 23:10:17,824 | Training | INFO | Saving average neighbor neighborhood distance vector records
2026-07-07 23:10:17,824 | Utils | INFO | Initiating save routine for file: KnnDistances.csv into directory: knn_data/knn
2026-07-07 23:10:17,830 | Utils | INFO | Data frame successfully serialized to: C:\Users\Shankar\Desktop\AstraZeneca\code\astrazeneca\CelllineSelector\data\knn_data\knn\KnnDistances.csv
2026-07-07 23:10:17,830 | Training | INFO | Writing global neighborhood closeness baseline scores to: C:\Users\Shankar\Desktop\AstraZeneca\code\astrazeneca\CelllineSelector\artifacts\knn_metrics.txt
2026-07-07 23:10:17,831 | Training | INFO | Plotting neighborhood local density scatter spaces
2026-07-07 23:10:18,330 | Training | INFO | Constructing decision boundary mesh space for 2D geographic region mapping
2026-07-07 23:10:27,911 | Training | INFO | Saving 2D spatial region area contour projection map to: C:\Users\Shankar\Desktop\AstraZeneca\code\astrazeneca\CelllineSelector\artifacts\knn_umap_area_map.png
2026-07-07 23:10:27,912 | Training | INFO | KNN neighbor model training, mapping, and metric logs complete.
2026-07-07 23:10:27,912 | Pipelinerunner | INFO | Model: testing KMeans
2026-07-07 23:10:27,912 | Testing | INFO | Starting KMeans Inference Validation Test
2026-07-07 23:10:27,913 | Testing | INFO | Reading multi-omics latent factor matrix matrix
2026-07-07 23:10:27,913 | Utils | INFO | Reading structured dataset: multiomincsfactor.csv from path: mofa_data/multiomincsfactor
2026-07-07 23:10:27,930 | Utils | INFO | Successfully loaded file. Calculated shape: (1479, 21)
2026-07-07 23:10:27,948 | Testing | INFO | Target match tracking: Located 3 out of 4 requested validation cell lines.
2026-07-07 23:10:27,949 | Testing | INFO | KMeans inference matrix shape: (3, 20)
2026-07-07 23:10:27,949 | Testing | INFO | Loading serialized KMeans pipeline estimator instance
2026-07-07 23:10:27,949 | Utils | INFO | Attempting to load binary pipeline estimator from storage name: kmeans_model.joblib
2026-07-07 23:10:27,968 | Utils | INFO | Model has been successfully loaded from the path
2026-07-07 23:10:27,968 | Testing | INFO | Executing cluster coordinate predictions
2026-07-07 23:10:27,970 | Testing | INFO | Writing KMeans cluster profiles out to: C:\Users\Shankar\Desktop\AstraZeneca\code\astrazeneca\CelllineSelector\artifacts\kmeanstestresults.txt
2026-07-07 23:10:27,972 | Testing | INFO | KMeans inference validation completed successfully.
2026-07-07 23:10:27,972 | Pipelinerunner | INFO | Model: testing KNN
2026-07-07 23:10:27,972 | Testing | INFO | Starting KNN Sister Neighborhood Selection Test
2026-07-07 23:10:27,973 | Testing | INFO | Reading multi-omics latent factor matrix matrix
2026-07-07 23:10:27,973 | Utils | INFO | Reading structured dataset: multiomincsfactor.csv from path: mofa_data/multiomincsfactor
2026-07-07 23:10:27,980 | Utils | INFO | Successfully loaded file. Calculated shape: (1479, 21)
2026-07-07 23:10:27,981 | Testing | INFO | Target match tracking: Located 3 out of 4 requested validation cell lines.
2026-07-07 23:10:27,982 | Testing | INFO | KNN neighbor query coordinates feature shape: (3, 20)
2026-07-07 23:10:27,982 | Testing | INFO | Loading serialized KNN neighbor graph mapping pipeline
2026-07-07 23:10:27,982 | Utils | INFO | Attempting to load binary pipeline estimator from storage name: knn_model.joblib
2026-07-07 23:10:27,989 | Utils | INFO | Model has been successfully loaded from the path
2026-07-07 23:10:27,990 | Testing | INFO | Computing closest neighborhood indices and multi-dimensional distances
2026-07-07 23:10:28,006 | Testing | INFO | Writing alternative neighborhood assignments out to: C:\Users\Shankar\Desktop\AstraZeneca\code\astrazeneca\CelllineSelector\artifacts\knntestresults.txt
2026-07-07 23:10:28,008 | Testing | INFO | KNN neighborhood verification test complete.
2026-07-07 23:10:28,009 | Pipelinerunner | INFO | Model: computing cosine similarity matrix
2026-07-07 23:10:28,009 | Cosine Matrix | INFO | Starting the cosine matrix formation to find similarity
2026-07-07 23:10:28,009 | Cosine Matrix | INFO | (1479, 21)
2026-07-07 23:10:28,010 | Cosine Matrix | INFO | (19918, 20)
2026-07-07 23:10:28,012 | Cosine Matrix | INFO | Starting to get the cosine values
2026-07-07 23:10:28,060 | Cosine Matrix | INFO | Starting to get the cosine values have been determined
2026-07-07 23:10:28,061 | Cosine Matrix | INFO | Creating a dataframe
2026-07-07 23:10:28,196 | Cosine Matrix | INFO | Dataframe has been created
2026-07-07 23:10:28,197 | Cosine Matrix | INFO | (1479, 19918)
2026-07-07 23:10:28,247 | Cosine Matrix | INFO | Saving the raw cosine dataframe
2026-07-07 23:10:28,247 | Utils | INFO | Initiating save routine for file: cosinematrix.csv into directory: cosine_matrix/cosine
2026-07-07 23:11:15,460 | Utils | INFO | Data frame successfully serialized to: C:\Users\Shankar\Desktop\AstraZeneca\code\astrazeneca\CelllineSelector\data\cosine_matrix\cosine\cosinematrix.csv
2026-07-07 23:11:15,460 | Cosine Matrix | INFO | Similarity dataset has been saved successfully returning the file
2026-07-07 23:11:15,814 | Pipelinerunner | INFO | Model: min-max scaling similarity matrix for scoring
2026-07-07 23:11:15,841 | Preprocessing | INFO | Starting MinMax scaling transformation (0-1 range)
2026-07-07 23:11:16,334 | Preprocessing | INFO | MinMax scaling completed successfully
2026-07-07 23:11:23,445 | Utils | INFO | Initiating save routine for file: cosinematrix.csv into directory: scoring/cosine_matrix
2026-07-07 23:13:53,875 | Utils | INFO | Data frame successfully serialized to: C:\Users\Shankar\Desktop\AstraZeneca\code\astrazeneca\CelllineSelector\data\scoring\cosine_matrix\cosinematrix.csv
2026-07-07 23:13:54,373 | Pipelinerunner | INFO | Model pipeline completed successfully
2026-07-07 23:13:54,388 | Pipelinerunner | INFO | Model Pipeline completed successfully
2026-07-07 23:13:54,588 | Pipelinerunner | INFO | Starting the Scoring Pipeline
2026-07-07 23:13:54,589 | Pipelinerunner | INFO | Scoring: reading depmap ModelIDs for master filter
2026-07-07 23:13:54,589 | Utils | INFO | Reading structured dataset: 2_DepMap_OmicsExpressionAllGenesTPMLogp1Profile.csv from path: cleaned_data/gene expression
2026-07-07 23:14:07,169 | Utils | INFO | Successfully loaded file. Calculated shape: (1479, 19920)
2026-07-07 23:14:07,428 | Pipelinerunner | INFO | Scoring: processing hpa_rna
2026-07-07 23:14:07,429 | Utils | INFO | Reading structured dataset: 1_4_hpa_rna_celline.csv from path: cleaned_data/gene expression
2026-07-07 23:14:17,098 | Utils | INFO | Successfully loaded file. Calculated shape: (1206, 20164)
2026-07-07 23:14:18,608 | Preprocessing | INFO | Starting MinMax scaling transformation (0-1 range)
2026-07-07 23:14:19,277 | Preprocessing | INFO | MinMax scaling completed successfully
2026-07-07 23:14:27,822 | Utils | INFO | Initiating save routine for file: 1_4_hpa_rna_celline.csv into directory: scoring/gene expression
2026-07-07 23:16:35,201 | Utils | INFO | Data frame successfully serialized to: C:\Users\Shankar\Desktop\AstraZeneca\code\astrazeneca\CelllineSelector\data\scoring\gene expression\1_4_hpa_rna_celline.csv
2026-07-07 23:16:35,641 | Pipelinerunner | INFO | Scoring: processing depmap expression
2026-07-07 23:16:35,642 | Utils | INFO | Reading structured dataset: 2_DepMap_OmicsExpressionAllGenesTPMLogp1Profile.csv from path: cleaned_data/gene expression
2026-07-07 23:16:49,401 | Utils | INFO | Successfully loaded file. Calculated shape: (1479, 19920)
2026-07-07 23:16:49,929 | Preprocessing | INFO | Starting MinMax scaling transformation (0-1 range)
2026-07-07 23:16:51,031 | Preprocessing | INFO | MinMax scaling completed successfully
2026-07-07 23:16:59,280 | Utils | INFO | Initiating save routine for file: 2_DepMap_OmicsExpressionAllGenesTPMLogp1Profile.csv into directory: scoring/gene expression
2026-07-07 23:19:46,322 | Utils | INFO | Data frame successfully serialized to: C:\Users\Shankar\Desktop\AstraZeneca\code\astrazeneca\CelllineSelector\data\scoring\gene expression\2_DepMap_OmicsExpressionAllGenesTPMLogp1Profile.csv
2026-07-07 23:19:46,838 | Pipelinerunner | INFO | Scoring: processing geoexpression
2026-07-07 23:19:46,838 | Utils | INFO | Reading structured dataset: 3_GEOexpression.csv from path: cleaned_data/gene expression
2026-07-07 23:19:59,685 | Utils | INFO | Successfully loaded file. Calculated shape: (19914, 3268)
2026-07-07 23:19:59,743 | Preprocessing | INFO | Starting MinMax scaling transformation (0-1 range)
2026-07-07 23:20:01,013 | Preprocessing | INFO | MinMax scaling completed successfully
2026-07-07 23:20:01,471 | Utils | INFO | Initiating save routine for file: 3_GEOexpression.csv into directory: scoring/gene expression
2026-07-07 23:22:32,519 | Utils | INFO | Data frame successfully serialized to: C:\Users\Shankar\Desktop\AstraZeneca\code\astrazeneca\CelllineSelector\data\scoring\gene expression\3_GEOexpression.csv
2026-07-07 23:22:32,873 | Pipelinerunner | INFO | Scoring: processing harmonized MS
2026-07-07 23:22:32,874 | Utils | INFO | Reading structured dataset: 4_harmonized_ms_cellline_cleaned.csv from path: cleaned_data/gene expression
2026-07-07 23:22:34,349 | Utils | INFO | Successfully loaded file. Calculated shape: (375, 12559)
2026-07-07 23:22:34,693 | Preprocessing | INFO | Starting MinMax scaling transformation (0-1 range)
2026-07-07 23:22:35,056 | Preprocessing | INFO | MinMax scaling completed successfully
2026-07-07 23:22:37,613 | Utils | INFO | Initiating save routine for file: 4_Harmonized_MS_CCLE_Gygi_subsetted.csv into directory: scoring/gene expression
2026-07-07 23:23:00,323 | Utils | INFO | Data frame successfully serialized to: C:\Users\Shankar\Desktop\AstraZeneca\code\astrazeneca\CelllineSelector\data\scoring\gene expression\4_Harmonized_MS_CCLE_Gygi_subsetted.csv
2026-07-07 23:23:00,563 | Pipelinerunner | INFO | Scoring: passing through 5_OmicsFusionFilteredSupplementary.csv
2026-07-07 23:23:00,563 | Utils | INFO | Reading structured dataset: 5_OmicsFusionFilteredSupplementary.csv from path: cleaned_data/gene properties
2026-07-07 23:23:01,943 | Utils | INFO | Successfully loaded file. Calculated shape: (184237, 31)
2026-07-07 23:23:01,943 | Utils | INFO | Initiating save routine for file: 5_OmicsFusionFilteredSupplementary.csv into directory: scoring/gene properties
2026-07-07 23:23:04,977 | Utils | INFO | Data frame successfully serialized to: C:\Users\Shankar\Desktop\AstraZeneca\code\astrazeneca\CelllineSelector\data\scoring\gene properties\5_OmicsFusionFilteredSupplementary.csv
2026-07-07 23:23:05,179 | Pipelinerunner | INFO | Scoring: passing through 6_OmicsSomaticMutationsProfile.csv
2026-07-07 23:23:05,179 | Utils | INFO | Reading structured dataset: 6_OmicsSomaticMutationsProfile.csv from path: cleaned_data/gene properties
2026-07-07 23:23:19,723 | Utils | INFO | Successfully loaded file. Calculated shape: (1066869, 71)
2026-07-07 23:23:19,724 | Utils | INFO | Initiating save routine for file: 6_OmicsSomaticMutationsProfile.csv into directory: scoring/gene properties
2026-07-07 23:23:59,988 | Utils | INFO | Data frame successfully serialized to: C:\Users\Shankar\Desktop\AstraZeneca\code\astrazeneca\CelllineSelector\data\scoring\gene properties\6_OmicsSomaticMutationsProfile.csv
2026-07-07 23:24:00,249 | Pipelinerunner | INFO | Scoring: passing through 12_CCLE_metabolomics_20190502.csv
2026-07-07 23:24:00,249 | Utils | INFO | Reading structured dataset: 12_CCLE_metabolomics_20190502.csv from path: cleaned_data/non gene expression
2026-07-07 23:24:00,284 | Utils | INFO | Successfully loaded file. Calculated shape: (928, 227)
2026-07-07 23:24:00,284 | Utils | INFO | Initiating save routine for file: 12_CCLE_metabolomics_20190502.csv into directory: scoring/non gene expression
2026-07-07 23:24:00,542 | Utils | INFO | Data frame successfully serialized to: C:\Users\Shankar\Desktop\AstraZeneca\code\astrazeneca\CelllineSelector\data\scoring\non gene expression\12_CCLE_metabolomics_20190502.csv
2026-07-07 23:24:00,719 | Pipelinerunner | INFO | Scoring: passing through 14_OmicsGlobalSignatures.csv
2026-07-07 23:24:00,720 | Utils | INFO | Reading structured dataset: 14_OmicsGlobalSignatures.csv from path: cleaned_data/non gene expression
2026-07-07 23:24:00,733 | Utils | INFO | Successfully loaded file. Calculated shape: (1955, 11)
2026-07-07 23:24:00,734 | Utils | INFO | Initiating save routine for file: 14_OmicsGlobalSignatures.csv into directory: scoring/non gene expression
2026-07-07 23:24:00,752 | Utils | INFO | Data frame successfully serialized to: C:\Users\Shankar\Desktop\AstraZeneca\code\astrazeneca\CelllineSelector\data\scoring\non gene expression\14_OmicsGlobalSignatures.csv
2026-07-07 23:24:00,942 | Pipelinerunner | INFO | Scoring pipeline completed successfully
2026-07-07 23:24:00,950 | Pipelinerunner | INFO | Scoring pipeline completed successfully
2026-07-07 23:24:00,950 | ML Pipeline | INFO | Machine learning flow completed
2026-07-08 23:24:55,738 | ML Pipeline | INFO | Starting the Machine learning flow
2026-07-08 23:24:55,738 | Pipelinerunner | INFO | Starting the pipeline runner
2026-07-08 23:24:55,739 | Pipelinerunner | INFO | Starting cleaning stage (one file at a time to bound memory)
2026-07-08 23:24:55,739 | Pipelinerunner | INFO | Loading raw datafile 1_4_hpa_rna_celline
2026-07-08 23:24:55,740 | Utils | INFO | Attempting to read raw data asset: 1_4_hpa_rna_celline from subfolder: gene expression
2026-07-08 23:25:15,779 | Utils | INFO | File has been read returning the file
2026-07-08 23:25:15,792 | Pipelinerunner | INFO | Cleaning datafile 1_4_hpa_rna_celline
2026-07-08 23:25:15,793 | Data Cleaner | INFO | Starting Data Cleaning Process for File Number: 1
2026-07-08 23:25:15,793 | Data Cleaner | INFO | Initial raw dataset shape: (24315372, 6)
2026-07-08 23:25:16,473 | Data Cleaner | INFO | Reshaping data_df to map Cell lines against Genes
2026-07-08 23:25:35,521 | Data Cleaner | INFO | Reshaped DataFrame shape: (1206, 20163)
2026-07-08 23:25:36,376 | Data Cleaner | INFO | Reading nomenclature 9_DepMap_sample_info mapping data
2026-07-08 23:25:36,376 | Utils | INFO | Attempting to read raw data asset: 9_DepMap_sample_info from subfolder: nomenclature
2026-07-08 23:25:36,422 | Utils | INFO | File has been read returning the file
2026-07-08 23:25:36,425 | Utils | INFO | Attempting to read raw data asset: 11_hpa_rna_celline_description from subfolder: nomenclature
2026-07-08 23:25:36,426 | Utils | ERROR | Failed to save data matrix asset to disk structure: Data file 11_hpa_rna_celline_description.csv doesnt exists
2026-07-08 23:25:36,426 | Data Cleaner | ERROR | The pipeline failed in the Data Cleaner execution for file 1 with error: hpa_rna_celline_description_df is null
2026-07-08 23:25:36,426 | Pipelinerunner | ERROR | The pipeline failed in the cleaning stage with error: hpa_rna_celline_description_df is null
2026-07-08 23:25:36,426 | Pipelinerunner | ERROR | The pipeline failed in the pipelinerunner run with error: hpa_rna_celline_description_df is null
2026-07-08 23:25:36,426 | ML Pipeline | ERROR | The pipeline failed in the model run with error: hpa_rna_celline_description_df is null
2026-07-08 23:45:45,041 | ML Pipeline | INFO | Starting the Machine learning flow
2026-07-08 23:45:45,042 | Pipelinerunner | INFO | Starting the pipeline runner
2026-07-08 23:45:45,042 | Pipelinerunner | INFO | Starting cleaning stage (one file at a time to bound memory)
2026-07-08 23:45:45,042 | Pipelinerunner | INFO | Loading raw datafile 1_4_hpa_rna_celline
2026-07-08 23:45:45,042 | Utils | INFO | Attempting to read raw data asset: 1_4_hpa_rna_celline from subfolder: gene expression
2026-07-08 23:45:57,630 | Utils | INFO | File has been read returning the file
2026-07-08 23:45:57,633 | Pipelinerunner | INFO | Cleaning datafile 1_4_hpa_rna_celline
2026-07-08 23:45:57,633 | Data Cleaner | INFO | Starting Data Cleaning Process for File Number: 1
2026-07-08 23:45:57,633 | Data Cleaner | INFO | Initial raw dataset shape: (24315372, 6)
2026-07-08 23:45:58,004 | Data Cleaner | INFO | Reshaping data_df to map Cell lines against Genes
2026-07-08 23:46:07,788 | Data Cleaner | INFO | Reshaped DataFrame shape: (1206, 20163)
2026-07-08 23:46:08,529 | Data Cleaner | INFO | Reading nomenclature 9_DepMap_sample_info mapping data
2026-07-08 23:46:08,530 | Utils | INFO | Attempting to read raw data asset: 9_DepMap_sample_info from subfolder: nomenclature
2026-07-08 23:46:08,556 | Utils | INFO | File has been read returning the file
2026-07-08 23:46:08,558 | Utils | INFO | Attempting to read raw data asset: 11_hpa_rna_celline_description from subfolder: nomenclature
2026-07-08 23:46:08,584 | Utils | INFO | File has been read returning the file
2026-07-08 23:46:08,584 | Data Cleaner | ERROR | The pipeline failed in the Data Cleaner execution for file 1 with error: ('Cell line', 'Cellosaurus ID')
2026-07-08 23:46:08,584 | Pipelinerunner | ERROR | The pipeline failed in the cleaning stage with error: ('Cell line', 'Cellosaurus ID')
2026-07-08 23:46:08,585 | Pipelinerunner | ERROR | The pipeline failed in the pipelinerunner run with error: ('Cell line', 'Cellosaurus ID')
2026-07-08 23:46:08,585 | ML Pipeline | ERROR | The pipeline failed in the model run with error: ('Cell line', 'Cellosaurus ID')
2026-07-08 23:50:59,369 | ML Pipeline | INFO | Starting the Machine learning flow
2026-07-08 23:50:59,369 | Pipelinerunner | INFO | Starting the pipeline runner
2026-07-08 23:50:59,369 | Pipelinerunner | INFO | Starting cleaning stage (one file at a time to bound memory)
2026-07-08 23:50:59,369 | Pipelinerunner | INFO | Loading raw datafile 1_4_hpa_rna_celline
2026-07-08 23:50:59,369 | Utils | INFO | Attempting to read raw data asset: 1_4_hpa_rna_celline from subfolder: gene expression
2026-07-08 23:51:14,514 | Utils | INFO | File has been read returning the file
2026-07-08 23:51:14,514 | Pipelinerunner | INFO | Cleaning datafile 1_4_hpa_rna_celline
2026-07-08 23:51:14,515 | Data Cleaner | INFO | Starting Data Cleaning Process for File Number: 1
2026-07-08 23:51:14,515 | Data Cleaner | INFO | Initial raw dataset shape: (24315372, 6)
2026-07-08 23:51:14,850 | Data Cleaner | INFO | Reshaping data_df to map Cell lines against Genes
2026-07-08 23:51:30,773 | Data Cleaner | INFO | Reshaped DataFrame shape: (1206, 20163)
2026-07-08 23:51:30,998 | Data Cleaner | INFO | Reading nomenclature 9_DepMap_sample_info mapping data
2026-07-08 23:51:30,998 | Utils | INFO | Attempting to read raw data asset: 9_DepMap_sample_info from subfolder: nomenclature
2026-07-08 23:51:31,023 | Utils | INFO | File has been read returning the file
2026-07-08 23:51:31,027 | Utils | INFO | Attempting to read raw data asset: 11_hpa_rna_celline_description from subfolder: nomenclature
2026-07-08 23:51:31,036 | Utils | INFO | File has been read returning the file
2026-07-08 23:51:31,039 | Data Cleaner | INFO | Executing primary merge via standard cell line names
2026-07-08 23:51:31,059 | Data Cleaner | INFO | Executing Secondary merge to determine model id
2026-07-08 23:51:31,103 | Data Cleaner | INFO | Remaining NaN DepMap_IDs: 94
2026-07-08 23:51:31,104 | Data Cleaner | INFO | NaN 'Cell line' entries: 0
2026-07-08 23:51:31,105 | Data Cleaner | INFO | Duplicate values present in DepMap_ID: 247
2026-07-08 23:51:31,105 | Data Cleaner | INFO | Final structured shape before saving: (1375, 20165)
2026-07-08 23:51:31,134 | Data Cleaner | INFO | Saving processed HPA RNA data
2026-07-08 23:51:31,134 | Utils | INFO | Initiating save routine for file: 1_4_hpa_rna_celline.csv into directory: cleaned_data/gene expression
2026-07-08 23:51:54,355 | Utils | INFO | Data frame successfully serialized to: C:\Users\Shankar\Desktop\AstraZeneca\code\astrazeneca\CelllineSelector\data\cleaned_data\gene expression\1_4_hpa_rna_celline.csv
2026-07-08 23:51:54,355 | Data Cleaner | INFO | File 1 successfully processed and verified
2026-07-08 23:51:54,464 | Pipelinerunner | INFO | Cleaned and released 1_4_hpa_rna_celline from memory
2026-07-08 23:51:54,464 | Pipelinerunner | INFO | Loading raw datafile 2_DepMap_OmicsExpressionAllGenesTPMLogp1Profile
2026-07-08 23:51:54,464 | Utils | INFO | Attempting to read raw data asset: 2_DepMap_OmicsExpressionAllGenesTPMLogp1Profile from subfolder: gene expression
2026-07-08 23:52:40,689 | Utils | INFO | File has been read returning the file
2026-07-08 23:52:40,689 | Pipelinerunner | INFO | Cleaning datafile 2_DepMap_OmicsExpressionAllGenesTPMLogp1Profile
2026-07-08 23:52:40,689 | Data Cleaner | INFO | Starting Data Cleaning Process for File Number: 2
2026-07-08 23:52:40,689 | Data Cleaner | INFO | Initial raw dataset shape: (1495, 53962)
2026-07-08 23:52:40,690 | Data Cleaner | INFO | Cleaning and parsing Ensembl IDs from headers
2026-07-08 23:52:41,080 | Data Cleaner | INFO | Ensembl parsed DataFrame shape: (1495, 53962)
2026-07-08 23:52:41,081 | Utils | INFO | Attempting to read raw data asset: mart_export from subfolder: mart_export
2026-07-08 23:52:41,596 | Utils | INFO | File has been read returning the file
2026-07-08 23:52:41,597 | Data Cleaner | INFO | Filtering matrix to track protein coding genes using BioMart specs
2026-07-08 23:52:42,248 | Data Cleaner | INFO | Protein-coding filtered shape: (1495, 19919)
2026-07-08 23:52:42,248 | Data Cleaner | INFO | Mapping profile records to unified ModelIDs
2026-07-08 23:52:42,249 | Utils | INFO | Attempting to read raw data asset: 8_DepMap_OmicsProfiles from subfolder: nomenclature
2026-07-08 23:52:42,279 | Utils | INFO | File has been read returning the file
2026-07-08 23:52:44,372 | Data Cleaner | INFO | Final unique ModelID table shape: (1479, 19920)
2026-07-08 23:52:44,373 | Data Cleaner | INFO | Saving processed DepMap expression data matrix
2026-07-08 23:52:44,373 | Utils | INFO | Initiating save routine for file: 2_DepMap_OmicsExpressionAllGenesTPMLogp1Profile.csv into directory: cleaned_data/gene expression
2026-07-08 23:55:41,844 | Utils | INFO | Data frame successfully serialized to: C:\Users\Shankar\Desktop\AstraZeneca\code\astrazeneca\CelllineSelector\data\cleaned_data\gene expression\2_DepMap_OmicsExpressionAllGenesTPMLogp1Profile.csv
2026-07-08 23:55:41,848 | Data Cleaner | INFO | File 2 successfully processed and verified
2026-07-08 23:55:42,921 | Pipelinerunner | INFO | Cleaned and released 2_DepMap_OmicsExpressionAllGenesTPMLogp1Profile from memory
2026-07-08 23:55:42,921 | Pipelinerunner | INFO | Loading raw datafile 3_GEOexpression
2026-07-08 23:55:42,922 | Utils | INFO | Attempting to read raw data asset: 3_GEOexpression from subfolder: gene expression
2026-07-08 23:55:55,373 | Utils | INFO | File has been read returning the file
2026-07-08 23:55:55,373 | Pipelinerunner | INFO | Cleaning datafile 3_GEOexpression
2026-07-08 23:55:55,374 | Data Cleaner | INFO | Starting Data Cleaning Process for File Number: 3
2026-07-08 23:55:55,374 | Data Cleaner | INFO | Initial raw dataset shape: (19914, 3268)
2026-07-08 23:55:55,374 | Data Cleaner | INFO | Applying element-wise log2 transformation matrix
2026-07-08 23:55:57,400 | Data Cleaner | INFO | Transformed matrix layout shape: (19914, 3268)
2026-07-08 23:55:57,401 | Data Cleaner | INFO | Saving processed GEO expression dataset
2026-07-08 23:55:57,401 | Utils | INFO | Initiating save routine for file: 3_GEOexpression.csv into directory: cleaned_data/gene expression
2026-07-08 23:58:24,040 | Utils | INFO | Data frame successfully serialized to: C:\Users\Shankar\Desktop\AstraZeneca\code\astrazeneca\CelllineSelector\data\cleaned_data\gene expression\3_GEOexpression.csv
2026-07-08 23:58:24,040 | Data Cleaner | INFO | File 3 successfully processed and verified.
2026-07-08 23:58:24,332 | Pipelinerunner | INFO | Cleaned and released 3_GEOexpression from memory
2026-07-08 23:58:24,332 | Pipelinerunner | INFO | Loading raw datafile 4_Harmonized_MS_CCLE_Gygi_subsetted
2026-07-08 23:58:24,333 | Utils | INFO | Attempting to read raw data asset: 4_Harmonized_MS_CCLE_Gygi_subsetted from subfolder: gene expression
2026-07-08 23:58:25,806 | Utils | INFO | File has been read returning the file
2026-07-08 23:58:25,806 | Pipelinerunner | INFO | Cleaning datafile 4_Harmonized_MS_CCLE_Gygi_subsetted
2026-07-08 23:58:25,806 | Data Cleaner | INFO | Starting Data Cleaning Process for File Number: 4
2026-07-08 23:58:25,807 | Data Cleaner | INFO | Initial raw dataset shape: (375, 12559)
2026-07-08 23:58:26,018 | Data Cleaner | INFO | Stripping down complex multi-omic feature string suffixes
2026-07-08 23:58:26,066 | Data Cleaner | INFO | Normalized column headers shape: (375, 12559)
2026-07-08 23:58:26,066 | Data Cleaner | INFO | Saving processed Mass Spec data matrix
2026-07-08 23:58:26,066 | Utils | INFO | Initiating save routine for file: 4_harmonized_ms_cellline_cleaned.csv into directory: cleaned_data/gene expression
2026-07-08 23:58:47,766 | Utils | INFO | Data frame successfully serialized to: C:\Users\Shankar\Desktop\AstraZeneca\code\astrazeneca\CelllineSelector\data\cleaned_data\gene expression\4_harmonized_ms_cellline_cleaned.csv
2026-07-08 23:58:47,766 | Data Cleaner | INFO | File 4 successfully processed and verified.
2026-07-08 23:58:47,980 | Pipelinerunner | INFO | Cleaned and released 4_Harmonized_MS_CCLE_Gygi_subsetted from memory
2026-07-08 23:58:47,980 | Pipelinerunner | INFO | Loading raw datafile 5_OmicsFusionFilteredSupplementary
2026-07-08 23:58:47,981 | Utils | INFO | Attempting to read raw data asset: 5_OmicsFusionFilteredSupplementary from subfolder: gene properties
2026-07-08 23:58:49,422 | Utils | INFO | File has been read returning the file
2026-07-08 23:58:49,423 | Pipelinerunner | INFO | Cleaning datafile 5_OmicsFusionFilteredSupplementary
2026-07-08 23:58:49,423 | Data Cleaner | INFO | Starting Data Cleaning Process for File Number: 5
2026-07-08 23:58:49,423 | Data Cleaner | INFO | Initial raw dataset shape: (184237, 30)
2026-07-08 23:58:49,444 | Data Cleaner | INFO | Parsing combined gene notation elements into component targets
2026-07-08 23:58:50,761 | Data Cleaner | INFO | Parsed fusion records shape: (184237, 31)
2026-07-08 23:58:50,761 | Data Cleaner | INFO | Saving filtered structural fusion matrix
2026-07-08 23:58:50,762 | Utils | INFO | Initiating save routine for file: 5_OmicsFusionFilteredSupplementary.csv into directory: cleaned_data/gene properties
2026-07-08 23:58:53,833 | Utils | INFO | Data frame successfully serialized to: C:\Users\Shankar\Desktop\AstraZeneca\code\astrazeneca\CelllineSelector\data\cleaned_data\gene properties\5_OmicsFusionFilteredSupplementary.csv
2026-07-08 23:58:53,834 | Data Cleaner | INFO | File 5 successfully processed and verified.
2026-07-08 23:58:53,997 | Pipelinerunner | INFO | Cleaned and released 5_OmicsFusionFilteredSupplementary from memory
2026-07-08 23:58:53,998 | Pipelinerunner | INFO | Loading raw datafile 6_OmicsSomaticMutationsProfile
2026-07-08 23:58:53,998 | Utils | INFO | Attempting to read raw data asset: 6_OmicsSomaticMutationsProfile from subfolder: gene properties
2026-07-08 23:59:07,593 | Utils | INFO | File has been read returning the file
2026-07-08 23:59:07,594 | Pipelinerunner | INFO | Cleaning datafile 6_OmicsSomaticMutationsProfile
2026-07-08 23:59:07,594 | Data Cleaner | INFO | Starting Data Cleaning Process for File Number: 6
2026-07-08 23:59:07,594 | Data Cleaner | INFO | Initial raw dataset shape: (1066869, 70)
2026-07-08 23:59:07,595 | Data Cleaner | INFO | Merging somatic mutational vectors to core profile indices
2026-07-08 23:59:07,595 | Utils | INFO | Attempting to read raw data asset: 8_DepMap_OmicsProfiles from subfolder: nomenclature
2026-07-08 23:59:07,609 | Utils | INFO | File has been read returning the file
2026-07-08 23:59:07,979 | Data Cleaner | INFO | ModelID structural duplicates: 1065124
2026-07-08 23:59:11,836 | Data Cleaner | INFO | Total row duplicate signatures: 0
2026-07-08 23:59:11,848 | Data Cleaner | INFO | Null occurrences in ModelID tracking: 152885
2026-07-08 23:59:11,851 | Data Cleaner | INFO | Null occurrences in ProfileID tracking: 0
2026-07-08 23:59:11,852 | Data Cleaner | INFO | Final output shape: (1066869, 71)
2026-07-08 23:59:11,852 | Data Cleaner | INFO | Saving mutation profile configurations
2026-07-08 23:59:11,852 | Utils | INFO | Initiating save routine for file: 6_OmicsSomaticMutationsProfile.csv into directory: cleaned_data/gene properties
2026-07-08 23:59:50,273 | Utils | INFO | Data frame successfully serialized to: C:\Users\Shankar\Desktop\AstraZeneca\code\astrazeneca\CelllineSelector\data\cleaned_data\gene properties\6_OmicsSomaticMutationsProfile.csv
2026-07-08 23:59:50,273 | Data Cleaner | INFO | File 6 successfully processed and verified.
2026-07-08 23:59:50,525 | Pipelinerunner | INFO | Cleaned and released 6_OmicsSomaticMutationsProfile from memory
2026-07-08 23:59:50,525 | Pipelinerunner | INFO | Loading raw datafile 12_CCLE_metabolomics_20190502
2026-07-08 23:59:50,526 | Utils | INFO | Attempting to read raw data asset: 12_CCLE_metabolomics_20190502 from subfolder: non gene expression
2026-07-08 23:59:50,573 | Utils | INFO | File has been read returning the file
2026-07-08 23:59:50,573 | Pipelinerunner | INFO | Cleaning datafile 12_CCLE_metabolomics_20190502
2026-07-08 23:59:50,573 | Data Cleaner | INFO | Starting Data Cleaning Process for File Number: 12
2026-07-08 23:59:50,574 | Data Cleaner | INFO | Initial raw dataset shape: (928, 227)
2026-07-08 23:59:50,575 | Data Cleaner | INFO | Standardized metabolomics shape: (928, 227)
2026-07-08 23:59:50,575 | Data Cleaner | INFO | Saving baseline metabolomics array
2026-07-08 23:59:50,575 | Utils | INFO | Initiating save routine for file: 12_CCLE_metabolomics_20190502.csv into directory: cleaned_data/non gene expression
2026-07-08 23:59:50,820 | Utils | INFO | Data frame successfully serialized to: C:\Users\Shankar\Desktop\AstraZeneca\code\astrazeneca\CelllineSelector\data\cleaned_data\non gene expression\12_CCLE_metabolomics_20190502.csv
2026-07-08 23:59:50,820 | Data Cleaner | INFO | File 12 successfully processed and verified.
2026-07-08 23:59:50,962 | Pipelinerunner | INFO | Cleaned and released 12_CCLE_metabolomics_20190502 from memory
2026-07-08 23:59:50,962 | Pipelinerunner | INFO | Loading raw datafile 14_OmicsGlobalSignatures
2026-07-08 23:59:50,962 | Utils | INFO | Attempting to read raw data asset: 14_OmicsGlobalSignatures from subfolder: non gene expression
2026-07-08 23:59:50,992 | Utils | INFO | File has been read returning the file
2026-07-08 23:59:50,992 | Pipelinerunner | INFO | Cleaning datafile 14_OmicsGlobalSignatures
2026-07-08 23:59:50,993 | Data Cleaner | INFO | Starting Data Cleaning Process for File Number: 14
2026-07-08 23:59:50,993 | Data Cleaner | INFO | Initial raw dataset shape: (3021, 12)
2026-07-08 23:59:51,001 | Data Cleaner | INFO | Isolating records containing standard 'IsDefaultEntryForModel' flags
2026-07-08 23:59:51,010 | Data Cleaner | INFO | Filtered default profile shape: (1955, 11)
2026-07-08 23:59:51,010 | Data Cleaner | INFO | Saving standard multi-omics profile matrix
2026-07-08 23:59:51,010 | Utils | INFO | Initiating save routine for file: 14_OmicsGlobalSignatures.csv into directory: cleaned_data/non gene expression
2026-07-08 23:59:51,024 | Utils | INFO | Data frame successfully serialized to: C:\Users\Shankar\Desktop\AstraZeneca\code\astrazeneca\CelllineSelector\data\cleaned_data\non gene expression\14_OmicsGlobalSignatures.csv
2026-07-08 23:59:51,024 | Data Cleaner | INFO | File 14 successfully processed and verified.
2026-07-08 23:59:51,173 | Pipelinerunner | INFO | Cleaned and released 14_OmicsGlobalSignatures from memory
2026-07-08 23:59:51,173 | Pipelinerunner | INFO | Cleaning stage complete — all cleaned files persisted to disk
2026-07-08 23:59:51,318 | Pipelinerunner | INFO | Starting the Model Pipeline
2026-07-08 23:59:51,319 | Pipelinerunner | INFO | Model: reading cleaned depmap expression from disk
2026-07-08 23:59:51,319 | Utils | INFO | Reading structured dataset: 2_DepMap_OmicsExpressionAllGenesTPMLogp1Profile.csv from path: cleaned_data/gene expression
2026-07-09 00:00:03,858 | Utils | INFO | Successfully loaded file. Calculated shape: (1479, 19920)
2026-07-09 00:00:03,858 | Pipelinerunner | INFO | Model: preprocessing depmap expression (z-score)
2026-07-09 00:00:04,311 | Preprocessing | INFO | Starting standard scaling transformation (Z-score)
2026-07-09 00:00:05,829 | Preprocessing | INFO | Standard scaling completed successfully.
2026-07-09 00:00:14,494 | Pipelinerunner | INFO | Model: reading cleaned harmonized MS (proteomics) from disk
2026-07-09 00:00:14,494 | Utils | INFO | Reading structured dataset: 4_harmonized_ms_cellline_cleaned.csv from path: cleaned_data/gene expression
2026-07-09 00:00:16,174 | Utils | INFO | Successfully loaded file. Calculated shape: (375, 12559)
2026-07-09 00:00:16,175 | Pipelinerunner | INFO | Model: reading cleaned metabolomics from disk
2026-07-09 00:00:16,175 | Utils | INFO | Reading structured dataset: 12_CCLE_metabolomics_20190502.csv from path: cleaned_data/non gene expression
2026-07-09 00:00:16,235 | Utils | INFO | Successfully loaded file. Calculated shape: (928, 227)
2026-07-09 00:00:16,286 | Preprocessing | INFO | Starting standard scaling transformation (Z-score)
2026-07-09 00:00:16,302 | Preprocessing | INFO | Standard scaling completed successfully.
2026-07-09 00:00:16,315 | Pipelinerunner | INFO | Model: reading cleaned global signatures from disk
2026-07-09 00:00:16,315 | Utils | INFO | Reading structured dataset: 14_OmicsGlobalSignatures.csv from path: cleaned_data/non gene expression
2026-07-09 00:00:16,343 | Utils | INFO | Successfully loaded file. Calculated shape: (1955, 11)
2026-07-09 00:00:16,359 | Preprocessing | INFO | Starting standard scaling transformation (Z-score)
2026-07-09 00:00:16,363 | Preprocessing | INFO | Standard scaling completed successfully.
2026-07-09 00:00:16,363 | Pipelinerunner | INFO | Model: preparing MOFA factors
2026-07-09 00:00:16,363 | Preprocessing | INFO | Starting Multi-Omics MOFA Matrix Construction Step
2026-07-09 00:00:16,364 | Preprocessing | INFO | Dropping ProfileID metadata column from the modeling tracking matrix.
2026-07-09 00:00:16,763 | Preprocessing | INFO | Sorting baseline expression records by ModelID numerical suffix
2026-07-09 00:00:17,545 | Preprocessing | INFO | Master index established with 1479 unique ModelIDs
2026-07-09 00:00:17,545 | Preprocessing | INFO | Aligning multi-omic tracking views across master ModelID mapping space
2026-07-09 00:00:18,715 | Preprocessing | INFO | Dropping non-feature metadata keys from omic dataframes
2026-07-09 00:00:20,367 | Preprocessing | INFO | View shapes -> RNA:(1479, 19918) Prot:(1479, 12558) Metab:(1479, 225) GlobalSig:(1479, 6)
2026-07-09 00:00:20,368 | Preprocessing | INFO | Initializing mofapy2 execution workspace configurations
2026-07-09 00:00:27,446 | Preprocessing | INFO | Building MOFA model graph layers
2026-07-09 00:00:31,160 | Preprocessing | INFO | Running MOFA variational inference optimization loop
2026-07-09 00:30:21,278 | Preprocessing | INFO | Extracting latent space expectation values (Z node)
2026-07-09 00:30:21,325 | Utils | INFO | Initiating save routine for file: multiomincsfactor.csv into directory: mofa_data/multiomincsfactor
2026-07-09 00:30:21,505 | Utils | INFO | Data frame successfully serialized to: C:\Users\Shankar\Desktop\AstraZeneca\code\astrazeneca\CelllineSelector\data\mofa_data\multiomincsfactor\multiomincsfactor.csv
2026-07-09 00:30:21,506 | Preprocessing | INFO | Extracting view-specific feature loading weights (W node) for RNA view
2026-07-09 00:30:21,553 | Preprocessing | INFO | Extracted RNA weight matrix layout shape: (19918, 20)
2026-07-09 00:30:21,554 | Utils | INFO | Initiating save routine for file: rnafactor.csv into directory: mofa_data/rnafactor
2026-07-09 00:30:22,170 | Utils | INFO | Data frame successfully serialized to: C:\Users\Shankar\Desktop\AstraZeneca\code\astrazeneca\CelllineSelector\data\mofa_data\rnafactor\rnafactor.csv
2026-07-09 00:30:22,171 | Preprocessing | INFO | Multi-omics factor and weight extraction run completed successfully.
2026-07-09 00:30:26,562 | Pipelinerunner | INFO | Model: MOFA preparation completed; inputs released
2026-07-09 00:30:26,563 | Pipelinerunner | INFO | Model: training KMeans on MOFA factors
2026-07-09 00:30:26,563 | Training | INFO | Starting KMeans Unsupervised Clustering Routine
2026-07-09 00:30:26,565 | Training | INFO | Target verification complete: Directory C:\Users\Shankar\Desktop\AstraZeneca\code\astrazeneca\CelllineSelector\artifacts already exists.
2026-07-09 00:30:26,568 | Training | INFO | Extracted feature grid array shape for KMeans training: (1479, 20)
2026-07-09 00:30:26,568 | Training | INFO | Running the Kmeans to select the best value of the K
2026-07-09 00:30:26,568 | Training | INFO | Running the Kmeans from 2 to 50
2026-07-09 00:30:34,993 | Training | INFO | Best value of k is 31
2026-07-09 00:30:34,993 | Training | INFO | Best silhouette value of K is 0.16546531243866608
2026-07-09 00:30:34,993 | Training | INFO | Best Inertia value of K is 66010.55650790603
2026-07-09 00:30:34,993 | Training | INFO | Initializing KMeans execution block with K=31
2026-07-09 00:30:35,007 | Training | INFO | Saving serialized KMeans pipeline estimator binary artifact
2026-07-09 00:30:35,008 | Utils | INFO | Attempting to write binary pipeline estimator out to filename: kmeans_model.joblib
2026-07-09 00:30:35,008 | Utils | INFO | Dumping joblib binary payload to path destination: C:\Users\Shankar\Desktop\AstraZeneca\code\astrazeneca\CelllineSelector\models\kmeans_model.joblib
2026-07-09 00:30:35,011 | Utils | INFO | Model saved to location: C:\Users\Shankar\Desktop\AstraZeneca\code\astrazeneca\CelllineSelector\models\kmeans_model.joblib
2026-07-09 00:30:35,012 | Training | INFO | Saving classified cluster label allocations dataframe...
2026-07-09 00:30:35,013 | Utils | INFO | Initiating save routine for file: Kmeansclusters.csv into directory: kmeans_data/kmeans
2026-07-09 00:30:35,017 | Utils | INFO | Data frame successfully serialized to: C:\Users\Shankar\Desktop\AstraZeneca\code\astrazeneca\CelllineSelector\data\kmeans_data\kmeans\Kmeansclusters.csv
2026-07-09 00:30:35,017 | Training | INFO | Calculating evaluation clustering performance metrics
2026-07-09 00:30:35,069 | Training | INFO | Writing statistical cluster validation scores to: C:\Users\Shankar\Desktop\AstraZeneca\code\astrazeneca\CelllineSelector\artifacts\kmeans_metrics.txt
2026-07-09 00:30:35,070 | Training | INFO | Generating raw latent feature distribution scatter plots
2026-07-09 00:30:35,584 | Training | INFO | Initializing UMAP manifold dimension reduction to visualize cluster boundaries
2026-07-09 00:30:56,163 | Training | INFO | Saving UMAP 2D projection scatter plots to: C:\Users\Shankar\Desktop\AstraZeneca\code\astrazeneca\CelllineSelector\artifacts\kmeans_umap_projection.png
2026-07-09 00:30:56,528 | Training | INFO | KMeans model training and diagnostic artifact pipeline run complete.
2026-07-09 00:30:56,528 | Pipelinerunner | INFO | Model: training KNN on MOFA factors
2026-07-09 00:30:56,528 | Training | INFO | Starting KNN Neighborhood Graph Mapping Routine
2026-07-09 00:30:56,530 | Training | INFO | Extracted feature grid array shape for KNN fitting: (1479, 20)
2026-07-09 00:30:56,530 | Training | INFO | Running Kmeans to find the best value of K
2026-07-09 00:30:59,747 | Training | INFO | Fitting mathematical unsupervised graph structure with K=6
2026-07-09 00:30:59,800 | Training | INFO | Saving serialized KNN graph matrix state block
2026-07-09 00:30:59,800 | Utils | INFO | Attempting to write binary pipeline estimator out to filename: knn_model.joblib
2026-07-09 00:30:59,800 | Utils | INFO | Dumping joblib binary payload to path destination: C:\Users\Shankar\Desktop\AstraZeneca\code\astrazeneca\CelllineSelector\models\knn_model.joblib
2026-07-09 00:30:59,803 | Utils | INFO | Model saved to location: C:\Users\Shankar\Desktop\AstraZeneca\code\astrazeneca\CelllineSelector\models\knn_model.joblib
2026-07-09 00:30:59,804 | Training | INFO | Saving average neighbor neighborhood distance vector records
2026-07-09 00:30:59,804 | Utils | INFO | Initiating save routine for file: KnnDistances.csv into directory: knn_data/knn
2026-07-09 00:30:59,811 | Utils | INFO | Data frame successfully serialized to: C:\Users\Shankar\Desktop\AstraZeneca\code\astrazeneca\CelllineSelector\data\knn_data\knn\KnnDistances.csv
2026-07-09 00:30:59,811 | Training | INFO | Writing global neighborhood closeness baseline scores to: C:\Users\Shankar\Desktop\AstraZeneca\code\astrazeneca\CelllineSelector\artifacts\knn_metrics.txt
2026-07-09 00:30:59,813 | Training | INFO | Plotting neighborhood local density scatter spaces
2026-07-09 00:31:00,477 | Training | INFO | Constructing decision boundary mesh space for 2D geographic region mapping
2026-07-09 00:31:10,533 | Training | INFO | Saving 2D spatial region area contour projection map to: C:\Users\Shankar\Desktop\AstraZeneca\code\astrazeneca\CelllineSelector\artifacts\knn_umap_area_map.png
2026-07-09 00:31:10,534 | Training | INFO | KNN neighbor model training, mapping, and metric logs complete.
2026-07-09 00:31:10,534 | Pipelinerunner | INFO | Model: testing KMeans
2026-07-09 00:31:10,534 | Testing | INFO | Starting KMeans Inference Validation Test
2026-07-09 00:31:10,534 | Testing | INFO | Reading multi-omics latent factor matrix matrix
2026-07-09 00:31:10,535 | Utils | INFO | Reading structured dataset: multiomincsfactor.csv from path: mofa_data/multiomincsfactor
2026-07-09 00:31:10,559 | Utils | INFO | Successfully loaded file. Calculated shape: (1479, 21)
2026-07-09 00:31:10,575 | Testing | INFO | Target match tracking: Located 3 out of 4 requested validation cell lines.
2026-07-09 00:31:10,576 | Testing | INFO | KMeans inference matrix shape: (3, 20)
2026-07-09 00:31:10,577 | Testing | INFO | Loading serialized KMeans pipeline estimator instance
2026-07-09 00:31:10,577 | Utils | INFO | Attempting to load binary pipeline estimator from storage name: kmeans_model.joblib
2026-07-09 00:31:10,597 | Utils | INFO | Model has been successfully loaded from the path
2026-07-09 00:31:10,597 | Testing | INFO | Executing cluster coordinate predictions
2026-07-09 00:31:10,600 | Testing | INFO | Writing KMeans cluster profiles out to: C:\Users\Shankar\Desktop\AstraZeneca\code\astrazeneca\CelllineSelector\artifacts\kmeanstestresults.txt
2026-07-09 00:31:10,604 | Testing | INFO | KMeans inference validation completed successfully.
2026-07-09 00:31:10,604 | Pipelinerunner | INFO | Model: testing KNN
2026-07-09 00:31:10,604 | Testing | INFO | Starting KNN Sister Neighborhood Selection Test
2026-07-09 00:31:10,604 | Testing | INFO | Reading multi-omics latent factor matrix matrix
2026-07-09 00:31:10,604 | Utils | INFO | Reading structured dataset: multiomincsfactor.csv from path: mofa_data/multiomincsfactor
2026-07-09 00:31:10,618 | Utils | INFO | Successfully loaded file. Calculated shape: (1479, 21)
2026-07-09 00:31:10,620 | Testing | INFO | Target match tracking: Located 3 out of 4 requested validation cell lines.
2026-07-09 00:31:10,621 | Testing | INFO | KNN neighbor query coordinates feature shape: (3, 20)
2026-07-09 00:31:10,622 | Testing | INFO | Loading serialized KNN neighbor graph mapping pipeline
2026-07-09 00:31:10,622 | Utils | INFO | Attempting to load binary pipeline estimator from storage name: knn_model.joblib
2026-07-09 00:31:10,633 | Utils | INFO | Model has been successfully loaded from the path
2026-07-09 00:31:10,633 | Testing | INFO | Computing closest neighborhood indices and multi-dimensional distances
2026-07-09 00:31:10,650 | Testing | INFO | Writing alternative neighborhood assignments out to: C:\Users\Shankar\Desktop\AstraZeneca\code\astrazeneca\CelllineSelector\artifacts\knntestresults.txt
2026-07-09 00:31:10,653 | Testing | INFO | KNN neighborhood verification test complete.
2026-07-09 00:31:10,654 | Pipelinerunner | INFO | Model: computing cosine similarity matrix
2026-07-09 00:31:10,654 | Cosine Matrix | INFO | Starting the cosine matrix formation to find similarity
2026-07-09 00:31:10,654 | Cosine Matrix | INFO | (1479, 21)
2026-07-09 00:31:10,654 | Cosine Matrix | INFO | (19918, 20)
2026-07-09 00:31:10,658 | Cosine Matrix | INFO | Starting to get the cosine values
2026-07-09 00:31:10,719 | Cosine Matrix | INFO | Starting to get the cosine values have been determined
2026-07-09 00:31:10,719 | Cosine Matrix | INFO | Creating a dataframe
2026-07-09 00:31:10,882 | Cosine Matrix | INFO | Dataframe has been created
2026-07-09 00:31:10,882 | Cosine Matrix | INFO | (1479, 19918)
2026-07-09 00:31:10,928 | Cosine Matrix | INFO | Saving the raw cosine dataframe
2026-07-09 00:31:10,928 | Utils | INFO | Initiating save routine for file: cosinematrix.csv into directory: cosine_matrix/cosine
2026-07-09 00:32:03,643 | Utils | INFO | Data frame successfully serialized to: C:\Users\Shankar\Desktop\AstraZeneca\code\astrazeneca\CelllineSelector\data\cosine_matrix\cosine\cosinematrix.csv
2026-07-09 00:32:03,644 | Cosine Matrix | INFO | Similarity dataset has been saved successfully returning the file
2026-07-09 00:32:04,065 | Pipelinerunner | INFO | Model: min-max scaling similarity matrix for scoring
2026-07-09 00:32:04,088 | Preprocessing | INFO | Starting MinMax scaling transformation (0-1 range)
2026-07-09 00:32:04,594 | Preprocessing | INFO | MinMax scaling completed successfully
2026-07-09 00:32:12,160 | Utils | INFO | Initiating save routine for file: cosinematrix.csv into directory: scoring/cosine_matrix
2026-07-09 00:35:02,500 | Utils | INFO | Data frame successfully serialized to: C:\Users\Shankar\Desktop\AstraZeneca\code\astrazeneca\CelllineSelector\data\scoring\cosine_matrix\cosinematrix.csv
2026-07-09 00:35:03,049 | Pipelinerunner | INFO | Model pipeline completed successfully
2026-07-09 00:35:03,063 | Pipelinerunner | INFO | Model Pipeline completed successfully
2026-07-09 00:35:03,273 | Pipelinerunner | INFO | Starting the Scoring Pipeline
2026-07-09 00:35:03,274 | Pipelinerunner | INFO | Scoring: reading depmap ModelIDs for master filter
2026-07-09 00:35:03,274 | Utils | INFO | Reading structured dataset: 2_DepMap_OmicsExpressionAllGenesTPMLogp1Profile.csv from path: cleaned_data/gene expression
2026-07-09 00:35:17,121 | Utils | INFO | Successfully loaded file. Calculated shape: (1479, 19920)
2026-07-09 00:35:17,389 | Pipelinerunner | INFO | Scoring: processing hpa_rna
2026-07-09 00:35:17,390 | Utils | INFO | Reading structured dataset: 1_4_hpa_rna_celline.csv from path: cleaned_data/gene expression
2026-07-09 00:35:29,318 | Utils | INFO | Successfully loaded file. Calculated shape: (1375, 20165)
2026-07-09 00:35:31,031 | Preprocessing | INFO | Starting MinMax scaling transformation (0-1 range)
2026-07-09 00:35:31,973 | Preprocessing | INFO | MinMax scaling completed successfully
2026-07-09 00:35:40,079 | Utils | INFO | Initiating save routine for file: 1_4_hpa_rna_celline.csv into directory: scoring/gene expression
2026-07-09 00:38:20,464 | Utils | INFO | Data frame successfully serialized to: C:\Users\Shankar\Desktop\AstraZeneca\code\astrazeneca\CelllineSelector\data\scoring\gene expression\1_4_hpa_rna_celline.csv
2026-07-09 00:38:21,061 | Pipelinerunner | INFO | Scoring: processing depmap expression
2026-07-09 00:38:21,062 | Utils | INFO | Reading structured dataset: 2_DepMap_OmicsExpressionAllGenesTPMLogp1Profile.csv from path: cleaned_data/gene expression
2026-07-09 00:38:35,304 | Utils | INFO | Successfully loaded file. Calculated shape: (1479, 19920)
2026-07-09 00:38:35,837 | Preprocessing | INFO | Starting MinMax scaling transformation (0-1 range)
2026-07-09 00:38:36,866 | Preprocessing | INFO | MinMax scaling completed successfully
2026-07-09 00:38:45,113 | Utils | INFO | Initiating save routine for file: 2_DepMap_OmicsExpressionAllGenesTPMLogp1Profile.csv into directory: scoring/gene expression
2026-07-09 00:41:38,967 | Utils | INFO | Data frame successfully serialized to: C:\Users\Shankar\Desktop\AstraZeneca\code\astrazeneca\CelllineSelector\data\scoring\gene expression\2_DepMap_OmicsExpressionAllGenesTPMLogp1Profile.csv
2026-07-09 00:41:39,486 | Pipelinerunner | INFO | Scoring: processing geoexpression
2026-07-09 00:41:39,487 | Utils | INFO | Reading structured dataset: 3_GEOexpression.csv from path: cleaned_data/gene expression
2026-07-09 00:41:52,403 | Utils | INFO | Successfully loaded file. Calculated shape: (19914, 3268)
2026-07-09 00:41:52,456 | Preprocessing | INFO | Starting MinMax scaling transformation (0-1 range)
2026-07-09 00:41:54,652 | Preprocessing | INFO | MinMax scaling completed successfully
2026-07-09 00:41:55,047 | Utils | INFO | Initiating save routine for file: 3_GEOexpression.csv into directory: scoring/gene expression
2026-07-09 00:43:34,250 | Utils | INFO | Data frame successfully serialized to: C:\Users\Shankar\Desktop\AstraZeneca\code\astrazeneca\CelllineSelector\data\scoring\gene expression\3_GEOexpression.csv
2026-07-09 00:43:34,442 | Pipelinerunner | INFO | Scoring: processing harmonized MS
2026-07-09 00:43:34,443 | Utils | INFO | Reading structured dataset: 4_harmonized_ms_cellline_cleaned.csv from path: cleaned_data/gene expression
2026-07-09 00:43:35,309 | Utils | INFO | Successfully loaded file. Calculated shape: (375, 12559)
2026-07-09 00:43:35,567 | Preprocessing | INFO | Starting MinMax scaling transformation (0-1 range)
2026-07-09 00:43:35,787 | Preprocessing | INFO | MinMax scaling completed successfully
2026-07-09 00:43:37,351 | Utils | INFO | Initiating save routine for file: 4_Harmonized_MS_CCLE_Gygi_subsetted.csv into directory: scoring/gene expression
2026-07-09 00:43:49,310 | Utils | INFO | Data frame successfully serialized to: C:\Users\Shankar\Desktop\AstraZeneca\code\astrazeneca\CelllineSelector\data\scoring\gene expression\4_Harmonized_MS_CCLE_Gygi_subsetted.csv
2026-07-09 00:43:49,450 | Pipelinerunner | INFO | Scoring: passing through 5_OmicsFusionFilteredSupplementary.csv
2026-07-09 00:43:49,450 | Utils | INFO | Reading structured dataset: 5_OmicsFusionFilteredSupplementary.csv from path: cleaned_data/gene properties
2026-07-09 00:43:50,477 | Utils | INFO | Successfully loaded file. Calculated shape: (184237, 31)
2026-07-09 00:43:50,478 | Utils | INFO | Initiating save routine for file: 5_OmicsFusionFilteredSupplementary.csv into directory: scoring/gene properties
2026-07-09 00:43:52,010 | Utils | INFO | Data frame successfully serialized to: C:\Users\Shankar\Desktop\AstraZeneca\code\astrazeneca\CelllineSelector\data\scoring\gene properties\5_OmicsFusionFilteredSupplementary.csv
2026-07-09 00:43:52,139 | Pipelinerunner | INFO | Scoring: passing through 6_OmicsSomaticMutationsProfile.csv
2026-07-09 00:43:52,139 | Utils | INFO | Reading structured dataset: 6_OmicsSomaticMutationsProfile.csv from path: cleaned_data/gene properties
2026-07-09 00:44:00,968 | Utils | INFO | Successfully loaded file. Calculated shape: (1066869, 71)
2026-07-09 00:44:00,969 | Utils | INFO | Initiating save routine for file: 6_OmicsSomaticMutationsProfile.csv into directory: scoring/gene properties
2026-07-09 00:44:19,781 | Utils | INFO | Data frame successfully serialized to: C:\Users\Shankar\Desktop\AstraZeneca\code\astrazeneca\CelllineSelector\data\scoring\gene properties\6_OmicsSomaticMutationsProfile.csv
2026-07-09 00:44:19,945 | Pipelinerunner | INFO | Scoring: passing through 12_CCLE_metabolomics_20190502.csv
2026-07-09 00:44:19,945 | Utils | INFO | Reading structured dataset: 12_CCLE_metabolomics_20190502.csv from path: cleaned_data/non gene expression
2026-07-09 00:44:19,973 | Utils | INFO | Successfully loaded file. Calculated shape: (928, 227)
2026-07-09 00:44:19,973 | Utils | INFO | Initiating save routine for file: 12_CCLE_metabolomics_20190502.csv into directory: scoring/non gene expression
2026-07-09 00:44:20,121 | Utils | INFO | Data frame successfully serialized to: C:\Users\Shankar\Desktop\AstraZeneca\code\astrazeneca\CelllineSelector\data\scoring\non gene expression\12_CCLE_metabolomics_20190502.csv
2026-07-09 00:44:20,244 | Pipelinerunner | INFO | Scoring: passing through 14_OmicsGlobalSignatures.csv
2026-07-09 00:44:20,244 | Utils | INFO | Reading structured dataset: 14_OmicsGlobalSignatures.csv from path: cleaned_data/non gene expression
2026-07-09 00:44:20,254 | Utils | INFO | Successfully loaded file. Calculated shape: (1955, 11)
2026-07-09 00:44:20,254 | Utils | INFO | Initiating save routine for file: 14_OmicsGlobalSignatures.csv into directory: scoring/non gene expression
2026-07-09 00:44:20,268 | Utils | INFO | Data frame successfully serialized to: C:\Users\Shankar\Desktop\AstraZeneca\code\astrazeneca\CelllineSelector\data\scoring\non gene expression\14_OmicsGlobalSignatures.csv
2026-07-09 00:44:20,385 | Pipelinerunner | INFO | Scoring pipeline completed successfully
2026-07-09 00:44:20,505 | Pipelinerunner | INFO | Scoring pipeline completed successfully
2026-07-09 00:44:20,505 | ML Pipeline | INFO | Machine learning flow completed
2026-07-09 05:35:59,518 | LookupTable | INFO | Starting lookup-table construction
2026-07-09 05:35:59,519 | LookupTable | INFO | === Stage 1: Building master_lookup ===
2026-07-09 05:35:59,519 | LookupTable | INFO | Reading nomenclature source files for master lookup
2026-07-09 05:35:59,519 | Utils | INFO | Attempting to read raw data asset: 8_DepMap_OmicsProfiles from subfolder: nomenclature
2026-07-09 05:35:59,561 | Utils | INFO | File has been read returning the file
2026-07-09 05:35:59,561 | Utils | INFO | Attempting to read raw data asset: 9_DepMap_sample_info from subfolder: nomenclature
2026-07-09 05:35:59,579 | Utils | INFO | File has been read returning the file
2026-07-09 05:35:59,579 | Utils | INFO | Attempting to read raw data asset: 10_GEOInfo from subfolder: nomenclature
2026-07-09 05:35:59,601 | Utils | INFO | File has been read returning the file
2026-07-09 05:35:59,602 | Utils | INFO | Attempting to read raw data asset: 7_cellosaurus from subfolder: nomenclature
2026-07-09 05:36:00,352 | Utils | INFO | File has been read returning the file
2026-07-09 05:36:00,353 | LookupTable | INFO | Loaded 8_DepMap_OmicsProfiles: shape=(3830, 5)
2026-07-09 05:36:00,353 | LookupTable | INFO | Loaded 9_DepMap_sample_info: shape=(1840, 29)
2026-07-09 05:36:00,353 | LookupTable | INFO | Loaded 10_GEOInfo: shape=(3267, 23)
2026-07-09 05:36:00,353 | LookupTable | INFO | Loaded 7_cellosaurus: shape=(152231, 17)
2026-07-09 05:36:00,353 | LookupTable | INFO | Establishing anchor set from RNA-profiled ACH- codes
2026-07-09 05:36:00,366 | LookupTable | INFO | Anchor ACH- codes: 1479 unique (dropped 16 duplicate PR- per ACH-)
2026-07-09 05:36:00,366 | LookupTable | INFO | Attaching sample_info identity columns (names, CVCL, disease, lineage)
2026-07-09 05:36:00,371 | LookupTable | INFO | Master frame after identity merge: shape=(1479, 8)
2026-07-09 05:36:00,372 | LookupTable | INFO | Missing cell_line_name: 114 | Missing CVCL_ID: 80
2026-07-09 05:36:00,372 | LookupTable | INFO | Building ACH- -> name map from Cellosaurus cross-references
2026-07-09 05:36:04,431 | LookupTable | INFO | ACH- codes found in Cellosaurus cross-references: 1907
2026-07-09 05:36:04,431 | LookupTable | INFO | Resolving display names via priority chain (sample_info -> CCLE_Name -> Cellosaurus -> stripped -> ACH_ID)
2026-07-09 05:36:04,470 | LookupTable | INFO | Name resolution complete: resolved=1438 | anonymous (name == ACH_ID)=41
2026-07-09 05:36:04,470 | LookupTable | INFO | Selecting and renaming final master columns
2026-07-09 05:36:04,471 | LookupTable | INFO | Back-filling missing CVCL IDs from Cellosaurus name maps
2026-07-09 05:36:04,749 | LookupTable | INFO | CVCL back-fill: missing before=80 -> after=45 (recovered 35)
2026-07-09 05:36:04,749 | LookupTable | INFO | Attaching GSM IDs via GSM -> CVCL -> ACH bridge
2026-07-09 05:36:04,770 | LookupTable | INFO | GSM attachment: with GSM IDs=523 | without=956
2026-07-09 05:36:04,771 | LookupTable | INFO | master_lookup final shape: (1479, 10)
2026-07-09 05:36:04,771 | LookupTable | INFO | Saving artifact 'master_lookup' (shape=(1479, 10)) to subfolder 'master'
2026-07-09 05:36:04,771 | LookupTable | INFO | Output directory does not exist, creating: C:\Users\Shankar\Desktop\AstraZeneca\code\astrazeneca\CelllineSelector\data\lookup\master
2026-07-09 05:36:04,775 | LookupTable | INFO | Column 'GSM_IDs' holds list values; stringifying for CSV export
2026-07-09 05:36:04,782 | LookupTable | INFO | Successfully saved 'master_lookup' to: C:\Users\Shankar\Desktop\AstraZeneca\code\astrazeneca\CelllineSelector\data\lookup\master\master_lookup.csv
2026-07-09 05:36:04,782 | LookupTable | INFO | Stage 1 (master_lookup) completed successfully
2026-07-09 05:36:04,806 | LookupTable | INFO | === Stage 2: Building gene_ensg_map ===
2026-07-09 05:36:04,806 | LookupTable | INFO | Reading mart_export for protein-coding gene filter
2026-07-09 05:36:04,806 | Utils | INFO | Attempting to read raw data asset: mart_export from subfolder: mart_export
2026-07-09 05:36:05,028 | Utils | INFO | File has been read returning the file
2026-07-09 05:36:05,056 | LookupTable | INFO | Protein-coding ENSG IDs in mart: 23272
2026-07-09 05:36:05,056 | LookupTable | INFO | Reading File 2 header only (nrows=0) from: C:\Users\Shankar\Desktop\AstraZeneca\code\astrazeneca\CelllineSelector\data\raw\gene expression\2_DepMap_OmicsExpressionAllGenesTPMLogp1Profile.csv
2026-07-09 05:36:06,497 | LookupTable | INFO | File 2 column count: 53962
2026-07-09 05:36:06,497 | LookupTable | INFO | Parsing 'SYMBOL (ENSGID)' headers and filtering to protein-coding
2026-07-09 05:36:06,535 | LookupTable | INFO | Primary symbol->ENSG mappings built: 19896
2026-07-09 05:36:06,535 | LookupTable | INFO | Identifying File 2 ENSG IDs missing from the primary map
2026-07-09 05:36:06,564 | LookupTable | INFO | ENSG IDs in File 2 missing from primary map: 33643
2026-07-09 05:36:06,564 | Utils | INFO | Attempting to read raw data asset: mart_export from subfolder: mart_export
2026-07-09 05:36:06,780 | Utils | INFO | File has been read returning the file
2026-07-09 05:36:06,780 | LookupTable | INFO | Resolving missing ENSG IDs via secondary mart gene names
2026-07-09 05:36:06,820 | LookupTable | INFO | Resolved via secondary mart: 1
2026-07-09 05:36:06,825 | LookupTable | INFO | Kept as-is (symbol == ensg): 33642
2026-07-09 05:36:06,834 | LookupTable | INFO | gene_ensg_map final rows: 53539
2026-07-09 05:36:06,834 | LookupTable | INFO | Saving artifact 'gene_ensg_map' (shape=(53539, 2)) to subfolder 'gene_maps'
2026-07-09 05:36:06,835 | LookupTable | INFO | Output directory does not exist, creating: C:\Users\Shankar\Desktop\AstraZeneca\code\astrazeneca\CelllineSelector\data\lookup\gene_maps
2026-07-09 05:36:06,873 | LookupTable | INFO | Successfully saved 'gene_ensg_map' to: C:\Users\Shankar\Desktop\AstraZeneca\code\astrazeneca\CelllineSelector\data\lookup\gene_maps\gene_ensg_map.csv
2026-07-09 05:36:06,874 | LookupTable | INFO | Stage 2 (gene_ensg_map) completed successfully
2026-07-09 05:36:06,911 | LookupTable | INFO | === Stage 3: Building gene_protein_map ===
2026-07-09 05:36:06,912 | LookupTable | INFO | Reading File 4 header only (nrows=0) from: C:\Users\Shankar\Desktop\AstraZeneca\code\astrazeneca\CelllineSelector\data\raw\gene expression\4_Harmonized_MS_CCLE_Gygi_subsetted.csv
2026-07-09 05:36:07,209 | LookupTable | INFO | File 4 column count: 12559
2026-07-09 05:36:07,251 | LookupTable | INFO | Parsing 'UNIPROT (GENE)' headers and resolving each to ENSG
2026-07-09 05:36:07,275 | LookupTable | INFO | gene_protein_map rows: 12559 | resolved via alias table: 11
2026-07-09 05:36:07,276 | LookupTable | INFO | Proteins with ENSG: 12405 | without ENSG: 154
2026-07-09 05:36:07,276 | LookupTable | INFO | Saving artifact 'gene_protein_map' (shape=(12559, 3)) to subfolder 'gene_maps'
2026-07-09 05:36:07,293 | LookupTable | INFO | Successfully saved 'gene_protein_map' to: C:\Users\Shankar\Desktop\AstraZeneca\code\astrazeneca\CelllineSelector\data\lookup\gene_maps\gene_protein_map.csv
2026-07-09 05:36:07,293 | LookupTable | INFO | Stage 3 (gene_protein_map) completed successfully
2026-07-09 05:36:07,300 | LookupTable | INFO | All three lookup artifacts built and saved successfully
2026-07-09 14:11:42,169 | LookupTable | INFO | Starting lookup-table construction
2026-07-09 14:11:42,170 | LookupTable | INFO | Building master_lookup
2026-07-09 14:11:42,170 | LookupTable | INFO | Reading nomenclature source files for master lookup
2026-07-09 14:11:42,171 | Utils | INFO | Attempting to read raw data asset: 8_DepMap_OmicsProfiles from subfolder: nomenclature
2026-07-09 14:11:42,218 | Utils | INFO | File has been read returning the file
2026-07-09 14:11:42,219 | Utils | INFO | Attempting to read raw data asset: 9_DepMap_sample_info from subfolder: nomenclature
2026-07-09 14:11:42,253 | Utils | INFO | File has been read returning the file
2026-07-09 14:11:42,254 | Utils | INFO | Attempting to read raw data asset: 10_GEOInfo from subfolder: nomenclature
2026-07-09 14:11:42,309 | Utils | INFO | File has been read returning the file
2026-07-09 14:11:42,309 | Utils | INFO | Attempting to read raw data asset: 7_cellosaurus from subfolder: nomenclature
2026-07-09 14:11:43,187 | Utils | INFO | File has been read returning the file
2026-07-09 14:11:43,187 | LookupTable | INFO | Loaded 8_DepMap_OmicsProfiles: shape=(3830, 5)
2026-07-09 14:11:43,187 | LookupTable | INFO | Loaded 9_DepMap_sample_info: shape=(1840, 29)
2026-07-09 14:11:43,187 | LookupTable | INFO | Loaded 10_GEOInfo: shape=(3267, 23)
2026-07-09 14:11:43,188 | LookupTable | INFO | Loaded 7_cellosaurus: shape=(152231, 17)
2026-07-09 14:11:43,188 | LookupTable | INFO | Establishing anchor set from RNA-profiled ACH- codes
2026-07-09 14:11:43,219 | LookupTable | INFO | Anchor ACH- codes: 1479 unique (dropped 16 duplicate PR- per ACH-)
2026-07-09 14:11:43,219 | LookupTable | INFO | Attaching sample_info identity columns (names, CVCL, disease, lineage)
2026-07-09 14:11:43,225 | LookupTable | INFO | Master frame after identity merge: shape=(1479, 8)
2026-07-09 14:11:43,227 | LookupTable | INFO | Missing cell_line_name: 114 | Missing CVCL_ID: 80
2026-07-09 14:11:43,227 | LookupTable | INFO | Building ACH- -> name map from Cellosaurus cross-references
2026-07-09 14:11:51,030 | LookupTable | INFO | ACH- codes found in Cellosaurus cross-references: 1907
2026-07-09 14:11:51,030 | LookupTable | INFO | Resolving display names via priority chain (sample_info -> CCLE_Name -> Cellosaurus -> stripped -> ACH_ID)
2026-07-09 14:11:51,130 | LookupTable | INFO | Name resolution complete: resolved=1438 | anonymous (name == ACH_ID)=41
2026-07-09 14:11:51,130 | LookupTable | INFO | Selecting and renaming final master columns
2026-07-09 14:11:51,132 | LookupTable | INFO | Back-filling missing CVCL IDs from Cellosaurus name maps
2026-07-09 14:11:51,552 | LookupTable | INFO | CVCL back-fill: missing before=80 -> after=45 (recovered 35)
2026-07-09 14:11:51,552 | LookupTable | INFO | Attaching GSM IDs via GSM to CVCL for ACH bridge
2026-07-09 14:11:51,589 | LookupTable | INFO | GSM attachment: with GSM IDs=523 | without=956
2026-07-09 14:11:51,589 | LookupTable | INFO | master_lookup final shape: (1479, 10)
2026-07-09 14:11:51,590 | LookupTable | INFO | Saving artifact 'master_lookup' (shape=(1479, 10)) to subfolder 'master'
2026-07-09 14:11:51,593 | LookupTable | INFO | Column 'GSM_IDs' holds list values; stringifying for CSV export
2026-07-09 14:11:51,602 | LookupTable | INFO | Successfully saved 'master_lookup' to: C:\Users\Shankar\Desktop\AstraZeneca\code\astrazeneca\CelllineSelector\data\lookup\master\master_lookup.csv
2026-07-09 14:11:51,602 | LookupTable | INFO | Stage 1 (master_lookup) completed successfully
2026-07-09 14:11:51,608 | LookupTable | INFO | Building gene_ensg_map
2026-07-09 14:11:51,608 | LookupTable | INFO | Reading mart_export for protein-coding gene filter
2026-07-09 14:11:51,608 | Utils | INFO | Attempting to read raw data asset: mart_export from subfolder: mart_export
2026-07-09 14:11:51,878 | Utils | INFO | File has been read returning the file
2026-07-09 14:11:51,929 | LookupTable | INFO | Protein-coding ENSG IDs in mart: 23272
2026-07-09 14:11:51,929 | LookupTable | INFO | Reading File 2 header only (nrows=0) from: C:\Users\Shankar\Desktop\AstraZeneca\code\astrazeneca\CelllineSelector\data\raw\gene expression\2_DepMap_OmicsExpressionAllGenesTPMLogp1Profile.csv
2026-07-09 14:11:53,737 | LookupTable | INFO | File 2 column count: 53962
2026-07-09 14:11:53,737 | LookupTable | INFO | Parsing 'SYMBOL (ENSGID)' headers and filtering to protein-coding
2026-07-09 14:11:53,800 | LookupTable | INFO | Primary symbol to ENSG mappings built: 19896
2026-07-09 14:11:53,800 | LookupTable | INFO | Identifying File 2 ENSG IDs missing from the primary map
2026-07-09 14:11:53,863 | LookupTable | INFO | ENSG IDs in File 2 missing from primary map: 33643
2026-07-09 14:11:53,864 | Utils | INFO | Attempting to read raw data asset: mart_export from subfolder: mart_export
2026-07-09 14:11:54,118 | Utils | INFO | File has been read returning the file
2026-07-09 14:11:54,118 | LookupTable | INFO | Resolving missing ENSG IDs via secondary mart gene names
2026-07-09 14:11:54,172 | LookupTable | INFO | Resolved via secondary mart: 1
2026-07-09 14:11:54,179 | LookupTable | INFO | Kept as-is (symbol == ensg): 33642
2026-07-09 14:11:54,191 | LookupTable | INFO | gene_ensg_map final rows: 53539
2026-07-09 14:11:54,191 | LookupTable | INFO | Saving artifact 'gene_ensg_map' (shape=(53539, 2)) to subfolder 'gene_maps'
2026-07-09 14:11:54,241 | LookupTable | INFO | Successfully saved 'gene_ensg_map' to: C:\Users\Shankar\Desktop\AstraZeneca\code\astrazeneca\CelllineSelector\data\lookup\gene_maps\gene_ensg_map.csv
2026-07-09 14:11:54,241 | LookupTable | INFO | Stage 2 (gene_ensg_map) completed successfully
2026-07-09 14:11:54,265 | LookupTable | INFO | Building gene_protein_map
2026-07-09 14:11:54,266 | LookupTable | INFO | Reading File 4 header only (nrows=0) from: C:\Users\Shankar\Desktop\AstraZeneca\code\astrazeneca\CelllineSelector\data\raw\gene expression\4_Harmonized_MS_CCLE_Gygi_subsetted.csv
2026-07-09 14:11:54,605 | LookupTable | INFO | File 4 column count: 12559
2026-07-09 14:11:54,692 | LookupTable | INFO | Parsing 'UNIPROT (GENE)' headers and resolving each to ENSG
2026-07-09 14:11:54,751 | LookupTable | INFO | gene_protein_map rows: 12559 | resolved via alias table: 11
2026-07-09 14:11:54,752 | LookupTable | INFO | Proteins with ENSG: 12405 | without ENSG: 154
2026-07-09 14:11:54,752 | LookupTable | INFO | Saving artifact 'gene_protein_map' (shape=(12559, 3)) to subfolder 'gene_maps'
2026-07-09 14:11:54,767 | LookupTable | INFO | Successfully saved 'gene_protein_map' to: C:\Users\Shankar\Desktop\AstraZeneca\code\astrazeneca\CelllineSelector\data\lookup\gene_maps\gene_protein_map.csv
2026-07-09 14:11:54,767 | LookupTable | INFO | Stage 3 (gene_protein_map) completed successfully
2026-07-09 14:11:54,773 | LookupTable | INFO | All three lookup artifacts built and saved successfully
2026-07-09 14:20:25,393 | LookupTable | INFO | Starting lookup-table construction
2026-07-09 14:20:25,393 | LookupTable | INFO | Building master_lookup
2026-07-09 14:20:25,394 | LookupTable | INFO | Reading nomenclature source files for master lookup
2026-07-09 14:20:25,394 | Utils | INFO | Attempting to read raw data asset: 8_DepMap_OmicsProfiles from subfolder: nomenclature
2026-07-09 14:20:25,405 | Utils | INFO | File has been read returning the file
2026-07-09 14:20:25,406 | Utils | INFO | Attempting to read raw data asset: 9_DepMap_sample_info from subfolder: nomenclature
2026-07-09 14:20:25,425 | Utils | INFO | File has been read returning the file
2026-07-09 14:20:25,425 | Utils | INFO | Attempting to read raw data asset: 10_GEOInfo from subfolder: nomenclature
2026-07-09 14:20:25,442 | Utils | INFO | File has been read returning the file
2026-07-09 14:20:25,443 | Utils | INFO | Attempting to read raw data asset: 7_cellosaurus from subfolder: nomenclature
2026-07-09 14:20:26,327 | Utils | INFO | File has been read returning the file
2026-07-09 14:20:26,327 | LookupTable | INFO | Loaded 8_DepMap_OmicsProfiles: shape=(3830, 5)
2026-07-09 14:20:26,327 | LookupTable | INFO | Loaded 9_DepMap_sample_info: shape=(1840, 29)
2026-07-09 14:20:26,328 | LookupTable | INFO | Loaded 10_GEOInfo: shape=(3267, 23)
2026-07-09 14:20:26,328 | LookupTable | INFO | Loaded 7_cellosaurus: shape=(152231, 17)
2026-07-09 14:20:26,328 | LookupTable | INFO | Establishing anchor set from RNA-profiled ACH- codes
2026-07-09 14:20:26,333 | LookupTable | INFO | Anchor ACH- codes: 1479 unique (dropped 16 duplicate PR- per ACH-)
2026-07-09 14:20:26,333 | LookupTable | INFO | Attaching sample_info identity columns (names, CVCL, disease, lineage)
2026-07-09 14:20:26,337 | LookupTable | INFO | Master frame after identity merge: shape=(1479, 8)
2026-07-09 14:20:26,338 | LookupTable | INFO | Missing cell_line_name: 114 | Missing CVCL_ID: 80
2026-07-09 14:20:26,338 | LookupTable | INFO | Building ACH- -> name map from Cellosaurus cross-references
2026-07-09 14:20:34,250 | LookupTable | INFO | ACH- codes found in Cellosaurus cross-references: 1907
2026-07-09 14:20:34,250 | LookupTable | INFO | Resolving display names via priority chain (sample_info -> CCLE_Name -> Cellosaurus -> stripped -> ACH_ID)
2026-07-09 14:20:34,370 | LookupTable | INFO | Name resolution complete: resolved=1438 | anonymous (name == ACH_ID)=41
2026-07-09 14:20:34,370 | LookupTable | INFO | Selecting and renaming final master columns
2026-07-09 14:20:34,371 | LookupTable | INFO | Back-filling missing CVCL IDs from Cellosaurus name maps
2026-07-09 14:20:34,818 | LookupTable | INFO | CVCL back-fill: missing before=80 -> after=45 (recovered 35)
2026-07-09 14:20:34,818 | LookupTable | INFO | Attaching GSM IDs via GSM to CVCL for ACH bridge
2026-07-09 14:20:34,857 | LookupTable | INFO | GSM attachment: with GSM IDs=523 | without=956
2026-07-09 14:20:34,857 | LookupTable | INFO | master_lookup final shape: (1479, 10)
2026-07-09 14:20:34,857 | LookupTable | INFO | Saving artifact 'master_lookup' (shape=(1479, 10)) to subfolder 'master'
2026-07-09 14:20:34,861 | LookupTable | INFO | Column 'GSM_IDs' holds list values; stringifying for CSV export
2026-07-09 14:20:34,869 | LookupTable | INFO | Successfully saved 'master_lookup' to: C:\Users\Shankar\Desktop\AstraZeneca\code\astrazeneca\CelllineSelector\data\lookup\master\master_lookup.csv
2026-07-09 14:20:34,870 | LookupTable | INFO | Stage 1 (master_lookup) completed successfully
2026-07-09 14:20:34,876 | LookupTable | INFO | Building gene_ensg_map
2026-07-09 14:20:34,876 | LookupTable | INFO | Reading mart_export for protein-coding gene filter
2026-07-09 14:20:34,876 | Utils | INFO | Attempting to read raw data asset: mart_export from subfolder: mart_export
2026-07-09 14:20:35,148 | Utils | INFO | File has been read returning the file
2026-07-09 14:20:35,198 | LookupTable | INFO | Protein-coding ENSG IDs in mart: 23272
2026-07-09 14:20:35,198 | LookupTable | INFO | Reading File 2 header only (nrows=0) from: C:\Users\Shankar\Desktop\AstraZeneca\code\astrazeneca\CelllineSelector\data\raw\gene expression\2_DepMap_OmicsExpressionAllGenesTPMLogp1Profile.csv
2026-07-09 14:20:37,057 | LookupTable | INFO | File 2 column count: 53962
2026-07-09 14:20:37,058 | LookupTable | INFO | Parsing 'SYMBOL (ENSGID)' headers and filtering to protein-coding
2026-07-09 14:20:37,123 | LookupTable | INFO | Primary symbol to ENSG mappings built: 19896
2026-07-09 14:20:37,123 | LookupTable | INFO | gene_ensg_map final rows: 19896
2026-07-09 14:20:37,123 | LookupTable | INFO | Saving artifact 'gene_ensg_map' (shape=(19896, 2)) to subfolder 'gene_maps'
2026-07-09 14:20:37,142 | LookupTable | INFO | Successfully saved 'gene_ensg_map' to: C:\Users\Shankar\Desktop\AstraZeneca\code\astrazeneca\CelllineSelector\data\lookup\gene_maps\gene_ensg_map.csv
2026-07-09 14:20:37,142 | LookupTable | INFO | Stage 2 (gene_ensg_map) completed successfully
2026-07-09 14:20:37,165 | LookupTable | INFO | Building gene_protein_map
2026-07-09 14:20:37,166 | LookupTable | INFO | Reading File 4 header only (nrows=0) from: C:\Users\Shankar\Desktop\AstraZeneca\code\astrazeneca\CelllineSelector\data\raw\gene expression\4_Harmonized_MS_CCLE_Gygi_subsetted.csv
2026-07-09 14:20:37,514 | LookupTable | INFO | File 4 column count: 12559
2026-07-09 14:20:37,549 | LookupTable | INFO | Parsing 'UNIPROT (GENE)' headers and resolving each to ENSG
2026-07-09 14:20:37,607 | LookupTable | INFO | gene_protein_map rows: 12559 | resolved via alias table: 11
2026-07-09 14:20:37,608 | LookupTable | INFO | Proteins with ENSG: 12405 | without ENSG: 154
2026-07-09 14:20:37,608 | LookupTable | INFO | Saving artifact 'gene_protein_map' (shape=(12559, 3)) to subfolder 'gene_maps'
2026-07-09 14:20:37,624 | LookupTable | INFO | Successfully saved 'gene_protein_map' to: C:\Users\Shankar\Desktop\AstraZeneca\code\astrazeneca\CelllineSelector\data\lookup\gene_maps\gene_protein_map.csv
2026-07-09 14:20:37,624 | LookupTable | INFO | Stage 3 (gene_protein_map) completed successfully
2026-07-09 14:20:37,628 | LookupTable | INFO | All three lookup artifacts built and saved successfully
2026-07-09 15:14:19,233 | LookupTable | INFO | Starting lookup-table construction
2026-07-09 15:14:19,233 | LookupTable | INFO | Building master_lookup
2026-07-09 15:14:19,234 | LookupTable | INFO | Reading nomenclature source files for master lookup
2026-07-09 15:14:19,234 | Utils | INFO | Attempting to read raw data asset: 8_DepMap_OmicsProfiles from subfolder: nomenclature
2026-07-09 15:14:19,257 | Utils | INFO | File has been read returning the file
2026-07-09 15:14:19,257 | Utils | INFO | Attempting to read raw data asset: 9_DepMap_sample_info from subfolder: nomenclature
2026-07-09 15:14:19,271 | Utils | INFO | File has been read returning the file
2026-07-09 15:14:19,272 | Utils | INFO | Attempting to read raw data asset: 10_GEOInfo from subfolder: nomenclature
2026-07-09 15:14:19,304 | Utils | INFO | File has been read returning the file
2026-07-09 15:14:19,305 | Utils | INFO | Attempting to read raw data asset: 7_cellosaurus from subfolder: nomenclature
2026-07-09 15:14:20,151 | Utils | INFO | File has been read returning the file
2026-07-09 15:14:20,151 | LookupTable | INFO | Loaded 8_DepMap_OmicsProfiles: shape=(3830, 5)
2026-07-09 15:14:20,151 | LookupTable | INFO | Loaded 9_DepMap_sample_info: shape=(1840, 29)
2026-07-09 15:14:20,152 | LookupTable | INFO | Loaded 10_GEOInfo: shape=(3267, 23)
2026-07-09 15:14:20,152 | LookupTable | INFO | Loaded 7_cellosaurus: shape=(152231, 17)
2026-07-09 15:14:20,152 | LookupTable | INFO | Establishing anchor set from RNA-profiled ACH- codes
2026-07-09 15:14:20,165 | LookupTable | INFO | Anchor ACH- codes: 1479 unique (dropped 16 duplicate PR- per ACH-)
2026-07-09 15:14:20,165 | LookupTable | INFO | Attaching sample_info identity columns (names, CVCL, disease, lineage)
2026-07-09 15:14:20,171 | LookupTable | INFO | Master frame after identity merge: shape=(1479, 8)
2026-07-09 15:14:20,172 | LookupTable | INFO | Missing cell_line_name: 114 | Missing CVCL_ID: 80
2026-07-09 15:14:20,172 | LookupTable | INFO | Building ACH- -> name map from Cellosaurus cross-references
2026-07-09 15:14:27,951 | LookupTable | INFO | ACH- codes found in Cellosaurus cross-references: 1907
2026-07-09 15:14:27,952 | LookupTable | INFO | Resolving display names via priority chain (sample_info -> CCLE_Name -> Cellosaurus -> stripped -> ACH_ID)
2026-07-09 15:14:28,051 | LookupTable | INFO | Name resolution complete: resolved=1438 | anonymous (name == ACH_ID)=41
2026-07-09 15:14:28,051 | LookupTable | INFO | Selecting and renaming final master columns
2026-07-09 15:14:28,053 | LookupTable | INFO | Back-filling missing CVCL IDs from Cellosaurus name maps
2026-07-09 15:14:28,474 | LookupTable | INFO | CVCL back-fill: missing before=80 -> after=45 (recovered 35)
2026-07-09 15:14:28,474 | LookupTable | INFO | Attaching GSM IDs via GSM to CVCL for ACH bridge
2026-07-09 15:14:28,529 | LookupTable | INFO | GSM attachment: with GSM IDs=523 | without=956
2026-07-09 15:14:28,529 | LookupTable | INFO | master_lookup final shape: (1479, 10)
2026-07-09 15:14:28,530 | LookupTable | INFO | Saving artifact 'master_lookup' (shape=(1479, 10)) to subfolder 'master'
2026-07-09 15:14:28,533 | LookupTable | INFO | Column 'GSM_IDs' holds list values; stringifying for CSV export
2026-07-09 15:14:28,544 | LookupTable | INFO | Successfully saved 'master_lookup' to: C:\Users\Shankar\Desktop\AstraZeneca\code\astrazeneca\CelllineSelector\data\lookup\master\master_lookup.csv
2026-07-09 15:14:28,544 | LookupTable | INFO | Stage 1 (master_lookup) completed successfully
2026-07-09 15:14:28,552 | LookupTable | INFO | Building gene_ensg_map
2026-07-09 15:14:28,552 | LookupTable | INFO | Reading mart_export for protein-coding gene filter
2026-07-09 15:14:28,552 | Utils | INFO | Attempting to read raw data asset: mart_export from subfolder: mart_export
2026-07-09 15:14:28,812 | Utils | INFO | File has been read returning the file
2026-07-09 15:14:28,875 | LookupTable | INFO | Protein-coding ENSG IDs in mart: 23272
2026-07-09 15:14:28,876 | LookupTable | INFO | Reading File 2 header only (nrows=0) from: C:\Users\Shankar\Desktop\AstraZeneca\code\astrazeneca\CelllineSelector\data\raw\gene expression\2_DepMap_OmicsExpressionAllGenesTPMLogp1Profile.csv
2026-07-09 15:14:30,668 | LookupTable | INFO | File 2 column count: 53962
2026-07-09 15:14:30,668 | LookupTable | INFO | Parsing 'SYMBOL (ENSGID)' headers and filtering to protein-coding
2026-07-09 15:14:30,738 | LookupTable | INFO | Primary symbol to ENSG mappings built: 19896
2026-07-09 15:14:30,744 | LookupTable | ERROR | The pipeline failed while building gene_ensg_map with error: 'DataFrame' object has no attribute 'dropduplicate'
2026-07-09 15:14:30,744 | LookupTable | ERROR | The pipeline failed in the lookup-table construction with error: 'DataFrame' object has no attribute 'dropduplicate'
2026-07-09 15:14:52,803 | LookupTable | INFO | Starting lookup-table construction
2026-07-09 15:14:52,803 | LookupTable | INFO | Building master_lookup
2026-07-09 15:14:52,803 | LookupTable | INFO | Reading nomenclature source files for master lookup
2026-07-09 15:14:52,803 | Utils | INFO | Attempting to read raw data asset: 8_DepMap_OmicsProfiles from subfolder: nomenclature
2026-07-09 15:14:52,815 | Utils | INFO | File has been read returning the file
2026-07-09 15:14:52,816 | Utils | INFO | Attempting to read raw data asset: 9_DepMap_sample_info from subfolder: nomenclature
2026-07-09 15:14:52,831 | Utils | INFO | File has been read returning the file
2026-07-09 15:14:52,832 | Utils | INFO | Attempting to read raw data asset: 10_GEOInfo from subfolder: nomenclature
2026-07-09 15:14:52,851 | Utils | INFO | File has been read returning the file
2026-07-09 15:14:52,851 | Utils | INFO | Attempting to read raw data asset: 7_cellosaurus from subfolder: nomenclature
2026-07-09 15:14:53,755 | Utils | INFO | File has been read returning the file
2026-07-09 15:14:53,756 | LookupTable | INFO | Loaded 8_DepMap_OmicsProfiles: shape=(3830, 5)
2026-07-09 15:14:53,756 | LookupTable | INFO | Loaded 9_DepMap_sample_info: shape=(1840, 29)
2026-07-09 15:14:53,756 | LookupTable | INFO | Loaded 10_GEOInfo: shape=(3267, 23)
2026-07-09 15:14:53,756 | LookupTable | INFO | Loaded 7_cellosaurus: shape=(152231, 17)
2026-07-09 15:14:53,756 | LookupTable | INFO | Establishing anchor set from RNA-profiled ACH- codes
2026-07-09 15:14:53,760 | LookupTable | INFO | Anchor ACH- codes: 1479 unique (dropped 16 duplicate PR- per ACH-)
2026-07-09 15:14:53,760 | LookupTable | INFO | Attaching sample_info identity columns (names, CVCL, disease, lineage)
2026-07-09 15:14:53,764 | LookupTable | INFO | Master frame after identity merge: shape=(1479, 8)
2026-07-09 15:14:53,764 | LookupTable | INFO | Missing cell_line_name: 114 | Missing CVCL_ID: 80
2026-07-09 15:14:53,764 | LookupTable | INFO | Building ACH- -> name map from Cellosaurus cross-references
2026-07-09 15:15:01,685 | LookupTable | INFO | ACH- codes found in Cellosaurus cross-references: 1907
2026-07-09 15:15:01,685 | LookupTable | INFO | Resolving display names via priority chain (sample_info -> CCLE_Name -> Cellosaurus -> stripped -> ACH_ID)
2026-07-09 15:15:01,781 | LookupTable | INFO | Name resolution complete: resolved=1438 | anonymous (name == ACH_ID)=41
2026-07-09 15:15:01,781 | LookupTable | INFO | Selecting and renaming final master columns
2026-07-09 15:15:01,782 | LookupTable | INFO | Back-filling missing CVCL IDs from Cellosaurus name maps
2026-07-09 15:15:02,215 | LookupTable | INFO | CVCL back-fill: missing before=80 -> after=45 (recovered 35)
2026-07-09 15:15:02,215 | LookupTable | INFO | Attaching GSM IDs via GSM to CVCL for ACH bridge
2026-07-09 15:15:02,246 | LookupTable | INFO | GSM attachment: with GSM IDs=523 | without=956
2026-07-09 15:15:02,247 | LookupTable | INFO | master_lookup final shape: (1479, 10)
2026-07-09 15:15:02,247 | LookupTable | INFO | Saving artifact 'master_lookup' (shape=(1479, 10)) to subfolder 'master'
2026-07-09 15:15:02,252 | LookupTable | INFO | Column 'GSM_IDs' holds list values; stringifying for CSV export
2026-07-09 15:15:02,260 | LookupTable | INFO | Successfully saved 'master_lookup' to: C:\Users\Shankar\Desktop\AstraZeneca\code\astrazeneca\CelllineSelector\data\lookup\master\master_lookup.csv
2026-07-09 15:15:02,260 | LookupTable | INFO | Stage 1 (master_lookup) completed successfully
2026-07-09 15:15:02,267 | LookupTable | INFO | Building gene_ensg_map
2026-07-09 15:15:02,267 | LookupTable | INFO | Reading mart_export for protein-coding gene filter
2026-07-09 15:15:02,268 | Utils | INFO | Attempting to read raw data asset: mart_export from subfolder: mart_export
2026-07-09 15:15:02,528 | Utils | INFO | File has been read returning the file
2026-07-09 15:15:02,572 | LookupTable | INFO | Protein-coding ENSG IDs in mart: 23272
2026-07-09 15:15:02,573 | LookupTable | INFO | Reading File 2 header only (nrows=0) from: C:\Users\Shankar\Desktop\AstraZeneca\code\astrazeneca\CelllineSelector\data\raw\gene expression\2_DepMap_OmicsExpressionAllGenesTPMLogp1Profile.csv
2026-07-09 15:15:04,387 | LookupTable | INFO | File 2 column count: 53962
2026-07-09 15:15:04,388 | LookupTable | INFO | Parsing 'SYMBOL (ENSGID)' headers and filtering to protein-coding
2026-07-09 15:15:04,453 | LookupTable | INFO | Primary symbol to ENSG mappings built: 19896
2026-07-09 15:15:04,458 | LookupTable | ERROR | The pipeline failed while building gene_ensg_map with error: 'DataFrame' object has no attribute 'dropduplicates'
2026-07-09 15:15:04,459 | LookupTable | ERROR | The pipeline failed in the lookup-table construction with error: 'DataFrame' object has no attribute 'dropduplicates'
2026-07-09 15:15:14,603 | LookupTable | INFO | Starting lookup-table construction
2026-07-09 15:15:14,603 | LookupTable | INFO | Building master_lookup
2026-07-09 15:15:14,603 | LookupTable | INFO | Reading nomenclature source files for master lookup
2026-07-09 15:15:14,603 | Utils | INFO | Attempting to read raw data asset: 8_DepMap_OmicsProfiles from subfolder: nomenclature
2026-07-09 15:15:14,616 | Utils | INFO | File has been read returning the file
2026-07-09 15:15:14,616 | Utils | INFO | Attempting to read raw data asset: 9_DepMap_sample_info from subfolder: nomenclature
2026-07-09 15:15:14,631 | Utils | INFO | File has been read returning the file
2026-07-09 15:15:14,631 | Utils | INFO | Attempting to read raw data asset: 10_GEOInfo from subfolder: nomenclature
2026-07-09 15:15:14,653 | Utils | INFO | File has been read returning the file
2026-07-09 15:15:14,653 | Utils | INFO | Attempting to read raw data asset: 7_cellosaurus from subfolder: nomenclature
2026-07-09 15:15:15,590 | Utils | INFO | File has been read returning the file
2026-07-09 15:15:15,590 | LookupTable | INFO | Loaded 8_DepMap_OmicsProfiles: shape=(3830, 5)
2026-07-09 15:15:15,590 | LookupTable | INFO | Loaded 9_DepMap_sample_info: shape=(1840, 29)
2026-07-09 15:15:15,590 | LookupTable | INFO | Loaded 10_GEOInfo: shape=(3267, 23)
2026-07-09 15:15:15,591 | LookupTable | INFO | Loaded 7_cellosaurus: shape=(152231, 17)
2026-07-09 15:15:15,591 | LookupTable | INFO | Establishing anchor set from RNA-profiled ACH- codes
2026-07-09 15:15:15,597 | LookupTable | INFO | Anchor ACH- codes: 1479 unique (dropped 16 duplicate PR- per ACH-)
2026-07-09 15:15:15,597 | LookupTable | INFO | Attaching sample_info identity columns (names, CVCL, disease, lineage)
2026-07-09 15:15:15,601 | LookupTable | INFO | Master frame after identity merge: shape=(1479, 8)
2026-07-09 15:15:15,601 | LookupTable | INFO | Missing cell_line_name: 114 | Missing CVCL_ID: 80
2026-07-09 15:15:15,601 | LookupTable | INFO | Building ACH- -> name map from Cellosaurus cross-references
2026-07-09 15:15:23,422 | LookupTable | INFO | ACH- codes found in Cellosaurus cross-references: 1907
2026-07-09 15:15:23,422 | LookupTable | INFO | Resolving display names via priority chain (sample_info -> CCLE_Name -> Cellosaurus -> stripped -> ACH_ID)
2026-07-09 15:15:23,518 | LookupTable | INFO | Name resolution complete: resolved=1438 | anonymous (name == ACH_ID)=41
2026-07-09 15:15:23,518 | LookupTable | INFO | Selecting and renaming final master columns
2026-07-09 15:15:23,519 | LookupTable | INFO | Back-filling missing CVCL IDs from Cellosaurus name maps
2026-07-09 15:15:23,939 | LookupTable | INFO | CVCL back-fill: missing before=80 -> after=45 (recovered 35)
2026-07-09 15:15:23,939 | LookupTable | INFO | Attaching GSM IDs via GSM to CVCL for ACH bridge
2026-07-09 15:15:23,969 | LookupTable | INFO | GSM attachment: with GSM IDs=523 | without=956
2026-07-09 15:15:23,970 | LookupTable | INFO | master_lookup final shape: (1479, 10)
2026-07-09 15:15:23,970 | LookupTable | INFO | Saving artifact 'master_lookup' (shape=(1479, 10)) to subfolder 'master'
2026-07-09 15:15:23,974 | LookupTable | INFO | Column 'GSM_IDs' holds list values; stringifying for CSV export
2026-07-09 15:15:23,981 | LookupTable | INFO | Successfully saved 'master_lookup' to: C:\Users\Shankar\Desktop\AstraZeneca\code\astrazeneca\CelllineSelector\data\lookup\master\master_lookup.csv
2026-07-09 15:15:23,981 | LookupTable | INFO | Stage 1 (master_lookup) completed successfully
2026-07-09 15:15:23,989 | LookupTable | INFO | Building gene_ensg_map
2026-07-09 15:15:23,989 | LookupTable | INFO | Reading mart_export for protein-coding gene filter
2026-07-09 15:15:23,989 | Utils | INFO | Attempting to read raw data asset: mart_export from subfolder: mart_export
2026-07-09 15:15:24,245 | Utils | INFO | File has been read returning the file
2026-07-09 15:15:24,293 | LookupTable | INFO | Protein-coding ENSG IDs in mart: 23272
2026-07-09 15:15:24,293 | LookupTable | INFO | Reading File 2 header only (nrows=0) from: C:\Users\Shankar\Desktop\AstraZeneca\code\astrazeneca\CelllineSelector\data\raw\gene expression\2_DepMap_OmicsExpressionAllGenesTPMLogp1Profile.csv
2026-07-09 15:15:26,123 | LookupTable | INFO | File 2 column count: 53962
2026-07-09 15:15:26,123 | LookupTable | INFO | Parsing 'SYMBOL (ENSGID)' headers and filtering to protein-coding
2026-07-09 15:15:26,187 | LookupTable | INFO | Primary symbol to ENSG mappings built: 19896
2026-07-09 15:15:26,214 | LookupTable | INFO | gene_ensg_map final rows: 19907
2026-07-09 15:15:26,214 | LookupTable | INFO | Saving artifact 'gene_ensg_map' (shape=(19907, 2)) to subfolder 'gene_maps'
2026-07-09 15:15:26,232 | LookupTable | INFO | Successfully saved 'gene_ensg_map' to: C:\Users\Shankar\Desktop\AstraZeneca\code\astrazeneca\CelllineSelector\data\lookup\gene_maps\gene_ensg_map.csv
2026-07-09 15:15:26,233 | LookupTable | INFO | Stage 2 (gene_ensg_map) completed successfully
2026-07-09 15:15:26,257 | LookupTable | INFO | Building gene_protein_map
2026-07-09 15:15:26,257 | LookupTable | INFO | Reading File 4 header only (nrows=0) from: C:\Users\Shankar\Desktop\AstraZeneca\code\astrazeneca\CelllineSelector\data\raw\gene expression\4_Harmonized_MS_CCLE_Gygi_subsetted.csv
2026-07-09 15:15:26,598 | LookupTable | INFO | File 4 column count: 12559
2026-07-09 15:15:26,630 | LookupTable | INFO | Parsing 'UNIPROT (GENE)' headers and resolving each to ENSG
2026-07-09 15:15:26,689 | LookupTable | INFO | gene_protein_map rows: 12559 | resolved via alias table: 11
2026-07-09 15:15:26,690 | LookupTable | INFO | Proteins with ENSG: 12408 | without ENSG: 151
2026-07-09 15:15:26,690 | LookupTable | INFO | Saving artifact 'gene_protein_map' (shape=(12559, 3)) to subfolder 'gene_maps'
2026-07-09 15:15:26,708 | LookupTable | INFO | Successfully saved 'gene_protein_map' to: C:\Users\Shankar\Desktop\AstraZeneca\code\astrazeneca\CelllineSelector\data\lookup\gene_maps\gene_protein_map.csv
2026-07-09 15:15:26,708 | LookupTable | INFO | Stage 3 (gene_protein_map) completed successfully
2026-07-09 15:15:26,713 | LookupTable | INFO | All three lookup artifacts built and saved successfully
2026-07-10 06:55:52,048 | ML Pipeline | INFO | Starting the Machine learning flow
2026-07-10 06:55:52,049 | Pipelinerunner | INFO | Starting the pipeline runner
2026-07-10 06:55:52,049 | Pipelinerunner | INFO | Starting cleaning stage (one file at a time to bound memory)
2026-07-10 06:55:52,049 | Pipelinerunner | INFO | Loading raw datafile 1_4_hpa_rna_celline
2026-07-10 06:55:52,049 | Utils | INFO | Attempting to read raw data asset: 1_4_hpa_rna_celline from subfolder: gene expression
2026-07-10 06:56:05,137 | Utils | INFO | File has been read returning the file
2026-07-10 06:56:05,138 | Pipelinerunner | INFO | Cleaning datafile 1_4_hpa_rna_celline
2026-07-10 06:56:05,138 | Data Cleaner | INFO | Starting Data Cleaning Process for File Number: 1
2026-07-10 06:56:05,138 | Data Cleaner | INFO | Initial raw dataset shape: (24315372, 6)
2026-07-10 06:56:05,457 | Data Cleaner | INFO | Reshaping data_df to map Cell lines against Genes
2026-07-10 06:56:14,985 | Data Cleaner | ERROR | The pipeline failed in the Data Cleaner execution for file 1 with error: Unable to allocate 186. MiB for an array with shape (24315372,) and data type int64
2026-07-10 06:56:14,986 | Pipelinerunner | ERROR | The pipeline failed in the cleaning stage with error: Unable to allocate 186. MiB for an array with shape (24315372,) and data type int64
2026-07-10 06:56:14,986 | Pipelinerunner | ERROR | The pipeline failed in the pipelinerunner run with error: Unable to allocate 186. MiB for an array with shape (24315372,) and data type int64
2026-07-10 06:56:14,986 | ML Pipeline | ERROR | The pipeline failed in the model run with error: Unable to allocate 186. MiB for an array with shape (24315372,) and data type int64
2026-07-10 06:57:29,177 | ML Pipeline | INFO | Starting the Machine learning flow
2026-07-10 06:57:29,177 | Pipelinerunner | INFO | Starting the pipeline runner
2026-07-10 06:57:29,177 | Pipelinerunner | INFO | Starting cleaning stage (one file at a time to bound memory)
2026-07-10 06:57:29,177 | Pipelinerunner | INFO | Loading raw datafile 1_4_hpa_rna_celline
2026-07-10 06:57:29,177 | Utils | INFO | Attempting to read raw data asset: 1_4_hpa_rna_celline from subfolder: gene expression
2026-07-10 06:57:40,977 | Utils | INFO | File has been read returning the file
2026-07-10 06:57:40,978 | Pipelinerunner | INFO | Cleaning datafile 1_4_hpa_rna_celline
2026-07-10 06:57:40,978 | Data Cleaner | INFO | Starting Data Cleaning Process for File Number: 1
2026-07-10 06:57:40,978 | Data Cleaner | INFO | Initial raw dataset shape: (24315372, 6)
2026-07-10 06:57:41,265 | Data Cleaner | INFO | Reshaping data_df to map Cell lines against Genes
2026-07-10 06:57:51,730 | Data Cleaner | INFO | Reshaped DataFrame shape: (1206, 20163)
2026-07-10 06:57:51,905 | Data Cleaner | INFO | Reading nomenclature 9_DepMap_sample_info mapping data
2026-07-10 06:57:51,905 | Utils | INFO | Attempting to read raw data asset: 9_DepMap_sample_info from subfolder: nomenclature
2026-07-10 06:57:51,940 | Utils | INFO | File has been read returning the file
2026-07-10 06:57:51,942 | Utils | INFO | Attempting to read raw data asset: 11_hpa_rna_celline_description from subfolder: nomenclature
2026-07-10 06:57:51,956 | Utils | INFO | File has been read returning the file
2026-07-10 06:57:51,958 | Data Cleaner | INFO | Executing primary merge via standard cell line names
2026-07-10 06:57:51,972 | Data Cleaner | INFO | Executing Secondary merge to determine model id
2026-07-10 06:57:52,010 | Data Cleaner | INFO | Remaining NaN DepMap_IDs: 94
2026-07-10 06:57:52,011 | Data Cleaner | INFO | NaN 'Cell line' entries: 0
2026-07-10 06:57:52,011 | Data Cleaner | INFO | Duplicate values present in DepMap_ID: 247
2026-07-10 06:57:52,012 | Data Cleaner | INFO | Final structured shape before saving: (1375, 20165)
2026-07-10 06:57:52,025 | Data Cleaner | INFO | Saving processed HPA RNA data
2026-07-10 06:57:52,025 | Utils | INFO | Initiating save routine for file: 1_4_hpa_rna_celline.csv into directory: cleaned_data/gene expression
2026-07-10 06:58:10,671 | Utils | INFO | Data frame successfully serialized to: C:\Users\Shankar\Desktop\AstraZeneca\code\astrazeneca\CelllineSelector\data\cleaned_data\gene expression\1_4_hpa_rna_celline.csv
2026-07-10 06:58:10,672 | Data Cleaner | INFO | File 1 successfully processed and verified
2026-07-10 06:58:10,791 | Pipelinerunner | INFO | Cleaned and released 1_4_hpa_rna_celline from memory
2026-07-10 06:58:10,791 | Pipelinerunner | INFO | Loading raw datafile 2_DepMap_OmicsExpressionAllGenesTPMLogp1Profile
2026-07-10 06:58:10,792 | Utils | INFO | Attempting to read raw data asset: 2_DepMap_OmicsExpressionAllGenesTPMLogp1Profile from subfolder: gene expression
2026-07-10 06:58:38,999 | Utils | INFO | File has been read returning the file
2026-07-10 06:58:39,000 | Pipelinerunner | INFO | Cleaning datafile 2_DepMap_OmicsExpressionAllGenesTPMLogp1Profile
2026-07-10 06:58:39,000 | Data Cleaner | INFO | Starting Data Cleaning Process for File Number: 2
2026-07-10 06:58:39,000 | Data Cleaner | INFO | Initial raw dataset shape: (1495, 53962)
2026-07-10 06:58:39,000 | Data Cleaner | INFO | Cleaning and parsing Ensembl IDs from headers
2026-07-10 06:58:39,175 | Data Cleaner | INFO | Ensembl parsed DataFrame shape: (1495, 53962)
2026-07-10 06:58:39,175 | Utils | INFO | Attempting to read raw data asset: mart_export from subfolder: mart_export
2026-07-10 06:58:39,495 | Utils | INFO | File has been read returning the file
2026-07-10 06:58:39,495 | Data Cleaner | INFO | Filtering matrix to track protein coding genes using BioMart specs
2026-07-10 06:58:39,854 | Data Cleaner | INFO | Protein-coding filtered shape: (1495, 19919)
2026-07-10 06:58:39,854 | Data Cleaner | INFO | Mapping profile records to unified ModelIDs
2026-07-10 06:58:39,854 | Utils | INFO | Attempting to read raw data asset: 8_DepMap_OmicsProfiles from subfolder: nomenclature
2026-07-10 06:58:39,883 | Utils | INFO | File has been read returning the file
2026-07-10 06:58:40,949 | Data Cleaner | INFO | Final unique ModelID table shape: (1479, 19920)
2026-07-10 06:58:40,949 | Data Cleaner | INFO | Saving processed DepMap expression data matrix
2026-07-10 06:58:40,949 | Utils | INFO | Initiating save routine for file: 2_DepMap_OmicsExpressionAllGenesTPMLogp1Profile.csv into directory: cleaned_data/gene expression
2026-07-10 07:00:11,213 | Utils | INFO | Data frame successfully serialized to: C:\Users\Shankar\Desktop\AstraZeneca\code\astrazeneca\CelllineSelector\data\cleaned_data\gene expression\2_DepMap_OmicsExpressionAllGenesTPMLogp1Profile.csv
2026-07-10 07:00:11,213 | Data Cleaner | INFO | File 2 successfully processed and verified
2026-07-10 07:00:11,679 | Pipelinerunner | INFO | Cleaned and released 2_DepMap_OmicsExpressionAllGenesTPMLogp1Profile from memory
2026-07-10 07:00:11,680 | Pipelinerunner | INFO | Loading raw datafile 3_GEOexpression
2026-07-10 07:00:11,680 | Utils | INFO | Attempting to read raw data asset: 3_GEOexpression from subfolder: gene expression
2026-07-10 07:00:19,057 | Utils | INFO | File has been read returning the file
2026-07-10 07:00:19,058 | Pipelinerunner | INFO | Cleaning datafile 3_GEOexpression
2026-07-10 07:00:19,058 | Data Cleaner | INFO | Starting Data Cleaning Process for File Number: 3
2026-07-10 07:00:19,058 | Data Cleaner | INFO | Initial raw dataset shape: (19914, 3268)
2026-07-10 07:00:19,058 | Data Cleaner | INFO | Applying element-wise log2 transformation matrix
2026-07-10 07:00:20,129 | Data Cleaner | INFO | Transformed matrix layout shape: (19914, 3268)
2026-07-10 07:00:20,129 | Data Cleaner | INFO | Saving processed GEO expression dataset
2026-07-10 07:00:20,129 | Utils | INFO | Initiating save routine for file: 3_GEOexpression.csv into directory: cleaned_data/gene expression
2026-07-10 07:01:36,546 | Utils | INFO | Data frame successfully serialized to: C:\Users\Shankar\Desktop\AstraZeneca\code\astrazeneca\CelllineSelector\data\cleaned_data\gene expression\3_GEOexpression.csv
2026-07-10 07:01:36,546 | Data Cleaner | INFO | File 3 successfully processed and verified.
2026-07-10 07:01:36,719 | Pipelinerunner | INFO | Cleaned and released 3_GEOexpression from memory
2026-07-10 07:01:36,719 | Pipelinerunner | INFO | Loading raw datafile 4_Harmonized_MS_CCLE_Gygi_subsetted
2026-07-10 07:01:36,719 | Utils | INFO | Attempting to read raw data asset: 4_Harmonized_MS_CCLE_Gygi_subsetted from subfolder: gene expression
2026-07-10 07:01:37,497 | Utils | INFO | File has been read returning the file
2026-07-10 07:01:37,498 | Pipelinerunner | INFO | Cleaning datafile 4_Harmonized_MS_CCLE_Gygi_subsetted
2026-07-10 07:01:37,498 | Data Cleaner | INFO | Starting Data Cleaning Process for File Number: 4
2026-07-10 07:01:37,498 | Data Cleaner | INFO | Initial raw dataset shape: (375, 12559)
2026-07-10 07:01:37,622 | Data Cleaner | INFO | Stripping down complex multi-omic feature string suffixes
2026-07-10 07:01:37,642 | Data Cleaner | INFO | Normalized column headers shape: (375, 12559)
2026-07-10 07:01:37,642 | Data Cleaner | INFO | Saving processed Mass Spec data matrix
2026-07-10 07:01:37,642 | Utils | INFO | Initiating save routine for file: 4_harmonized_ms_cellline_cleaned.csv into directory: cleaned_data/gene expression
2026-07-10 07:01:49,099 | Utils | INFO | Data frame successfully serialized to: C:\Users\Shankar\Desktop\AstraZeneca\code\astrazeneca\CelllineSelector\data\cleaned_data\gene expression\4_harmonized_ms_cellline_cleaned.csv
2026-07-10 07:01:49,099 | Data Cleaner | INFO | File 4 successfully processed and verified.
2026-07-10 07:01:49,277 | Pipelinerunner | INFO | Cleaned and released 4_Harmonized_MS_CCLE_Gygi_subsetted from memory
2026-07-10 07:01:49,279 | Pipelinerunner | INFO | Loading raw datafile 5_OmicsFusionFilteredSupplementary
2026-07-10 07:01:49,279 | Utils | INFO | Attempting to read raw data asset: 5_OmicsFusionFilteredSupplementary from subfolder: gene properties
2026-07-10 07:01:50,391 | Utils | INFO | File has been read returning the file
2026-07-10 07:01:50,391 | Pipelinerunner | INFO | Cleaning datafile 5_OmicsFusionFilteredSupplementary
2026-07-10 07:01:50,391 | Data Cleaner | INFO | Starting Data Cleaning Process for File Number: 5
2026-07-10 07:01:50,392 | Data Cleaner | INFO | Initial raw dataset shape: (184237, 30)
2026-07-10 07:01:50,393 | Data Cleaner | INFO | Parsing combined gene notation elements into component targets
2026-07-10 07:01:51,325 | Data Cleaner | INFO | Parsed fusion records shape: (184237, 31)
2026-07-10 07:01:51,325 | Data Cleaner | INFO | Saving filtered structural fusion matrix
2026-07-10 07:01:51,326 | Utils | INFO | Initiating save routine for file: 5_OmicsFusionFilteredSupplementary.csv into directory: cleaned_data/gene properties
2026-07-10 07:01:52,840 | Utils | INFO | Data frame successfully serialized to: C:\Users\Shankar\Desktop\AstraZeneca\code\astrazeneca\CelllineSelector\data\cleaned_data\gene properties\5_OmicsFusionFilteredSupplementary.csv
2026-07-10 07:01:52,840 | Data Cleaner | INFO | File 5 successfully processed and verified.
2026-07-10 07:01:52,956 | Pipelinerunner | INFO | Cleaned and released 5_OmicsFusionFilteredSupplementary from memory
2026-07-10 07:01:52,956 | Pipelinerunner | INFO | Loading raw datafile 6_OmicsSomaticMutationsProfile
2026-07-10 07:01:52,956 | Utils | INFO | Attempting to read raw data asset: 6_OmicsSomaticMutationsProfile from subfolder: gene properties
2026-07-10 07:02:01,974 | Utils | INFO | File has been read returning the file
2026-07-10 07:02:01,974 | Pipelinerunner | INFO | Cleaning datafile 6_OmicsSomaticMutationsProfile
2026-07-10 07:02:01,974 | Data Cleaner | INFO | Starting Data Cleaning Process for File Number: 6
2026-07-10 07:02:01,974 | Data Cleaner | INFO | Initial raw dataset shape: (1066869, 70)
2026-07-10 07:02:01,975 | Data Cleaner | INFO | Merging somatic mutational vectors to core profile indices
2026-07-10 07:02:01,975 | Utils | INFO | Attempting to read raw data asset: 8_DepMap_OmicsProfiles from subfolder: nomenclature
2026-07-10 07:02:01,982 | Utils | INFO | File has been read returning the file
2026-07-10 07:02:02,213 | Data Cleaner | INFO | ModelID structural duplicates: 1065124
2026-07-10 07:02:04,546 | Data Cleaner | INFO | Total row duplicate signatures: 0
2026-07-10 07:02:04,551 | Data Cleaner | INFO | Null occurrences in ModelID tracking: 152885
2026-07-10 07:02:04,553 | Data Cleaner | INFO | Null occurrences in ProfileID tracking: 0
2026-07-10 07:02:04,553 | Data Cleaner | INFO | Final output shape: (1066869, 71)
2026-07-10 07:02:04,553 | Data Cleaner | INFO | Saving mutation profile configurations
2026-07-10 07:02:04,553 | Utils | INFO | Initiating save routine for file: 6_OmicsSomaticMutationsProfile.csv into directory: cleaned_data/gene properties
2026-07-10 07:02:25,888 | Utils | INFO | Data frame successfully serialized to: C:\Users\Shankar\Desktop\AstraZeneca\code\astrazeneca\CelllineSelector\data\cleaned_data\gene properties\6_OmicsSomaticMutationsProfile.csv
2026-07-10 07:02:25,888 | Data Cleaner | INFO | File 6 successfully processed and verified.
2026-07-10 07:02:26,021 | Pipelinerunner | INFO | Cleaned and released 6_OmicsSomaticMutationsProfile from memory
2026-07-10 07:02:26,021 | Pipelinerunner | INFO | Loading raw datafile 12_CCLE_metabolomics_20190502
2026-07-10 07:02:26,021 | Utils | INFO | Attempting to read raw data asset: 12_CCLE_metabolomics_20190502 from subfolder: non gene expression
2026-07-10 07:02:26,055 | Utils | INFO | File has been read returning the file
2026-07-10 07:02:26,055 | Pipelinerunner | INFO | Cleaning datafile 12_CCLE_metabolomics_20190502
2026-07-10 07:02:26,055 | Data Cleaner | INFO | Starting Data Cleaning Process for File Number: 12
2026-07-10 07:02:26,055 | Data Cleaner | INFO | Initial raw dataset shape: (928, 227)
2026-07-10 07:02:26,057 | Data Cleaner | INFO | Standardized metabolomics shape: (928, 227)
2026-07-10 07:02:26,057 | Data Cleaner | INFO | Saving baseline metabolomics array
2026-07-10 07:02:26,057 | Utils | INFO | Initiating save routine for file: 12_CCLE_metabolomics_20190502.csv into directory: cleaned_data/non gene expression
2026-07-10 07:02:26,190 | Utils | INFO | Data frame successfully serialized to: C:\Users\Shankar\Desktop\AstraZeneca\code\astrazeneca\CelllineSelector\data\cleaned_data\non gene expression\12_CCLE_metabolomics_20190502.csv
2026-07-10 07:02:26,191 | Data Cleaner | INFO | File 12 successfully processed and verified.
2026-07-10 07:02:26,311 | Pipelinerunner | INFO | Cleaned and released 12_CCLE_metabolomics_20190502 from memory
2026-07-10 07:02:26,312 | Pipelinerunner | INFO | Loading raw datafile 14_OmicsGlobalSignatures
2026-07-10 07:02:26,312 | Utils | INFO | Attempting to read raw data asset: 14_OmicsGlobalSignatures from subfolder: non gene expression
2026-07-10 07:02:26,333 | Utils | INFO | File has been read returning the file
2026-07-10 07:02:26,334 | Pipelinerunner | INFO | Cleaning datafile 14_OmicsGlobalSignatures
2026-07-10 07:02:26,334 | Data Cleaner | INFO | Starting Data Cleaning Process for File Number: 14
2026-07-10 07:02:26,334 | Data Cleaner | INFO | Initial raw dataset shape: (3021, 12)
2026-07-10 07:02:26,342 | Data Cleaner | INFO | Isolating records containing standard 'IsDefaultEntryForModel' flags
2026-07-10 07:02:26,344 | Data Cleaner | INFO | Filtered default profile shape: (1955, 11)
2026-07-10 07:02:26,344 | Data Cleaner | INFO | Saving standard multi-omics profile matrix
2026-07-10 07:02:26,344 | Utils | INFO | Initiating save routine for file: 14_OmicsGlobalSignatures.csv into directory: cleaned_data/non gene expression
2026-07-10 07:02:26,356 | Utils | INFO | Data frame successfully serialized to: C:\Users\Shankar\Desktop\AstraZeneca\code\astrazeneca\CelllineSelector\data\cleaned_data\non gene expression\14_OmicsGlobalSignatures.csv
2026-07-10 07:02:26,356 | Data Cleaner | INFO | File 14 successfully processed and verified.
2026-07-10 07:02:26,461 | Pipelinerunner | INFO | Cleaned and released 14_OmicsGlobalSignatures from memory
2026-07-10 07:02:26,462 | Pipelinerunner | INFO | Cleaning stage complete — all cleaned files persisted to disk
2026-07-10 07:02:26,561 | Pipelinerunner | INFO | Starting the Model Pipeline
2026-07-10 07:02:26,561 | Pipelinerunner | INFO | Model: reading cleaned depmap expression from disk
2026-07-10 07:02:26,561 | Utils | INFO | Reading structured dataset: 2_DepMap_OmicsExpressionAllGenesTPMLogp1Profile.csv from path: cleaned_data/gene expression
2026-07-10 07:02:33,717 | Utils | INFO | Successfully loaded file. Calculated shape: (1479, 19920)
2026-07-10 07:02:33,717 | Pipelinerunner | INFO | Model: preprocessing depmap expression (z-score)
2026-07-10 07:02:33,924 | Preprocessing | INFO | Starting standard scaling transformation (Z-score)
2026-07-10 07:02:34,821 | Preprocessing | INFO | Standard scaling completed successfully.
2026-07-10 07:02:40,609 | Pipelinerunner | INFO | Model: reading cleaned harmonized MS (proteomics) from disk
2026-07-10 07:02:40,609 | Utils | INFO | Reading structured dataset: 4_harmonized_ms_cellline_cleaned.csv from path: cleaned_data/gene expression
2026-07-10 07:02:41,524 | Utils | INFO | Successfully loaded file. Calculated shape: (375, 12559)
2026-07-10 07:02:41,525 | Pipelinerunner | INFO | Model: reading cleaned metabolomics from disk
2026-07-10 07:02:41,525 | Utils | INFO | Reading structured dataset: 12_CCLE_metabolomics_20190502.csv from path: cleaned_data/non gene expression
2026-07-10 07:02:41,564 | Utils | INFO | Successfully loaded file. Calculated shape: (928, 227)
2026-07-10 07:02:41,582 | Preprocessing | INFO | Starting standard scaling transformation (Z-score)
2026-07-10 07:02:41,592 | Preprocessing | INFO | Standard scaling completed successfully.
2026-07-10 07:02:41,595 | Pipelinerunner | INFO | Model: reading cleaned global signatures from disk
2026-07-10 07:02:41,596 | Utils | INFO | Reading structured dataset: 14_OmicsGlobalSignatures.csv from path: cleaned_data/non gene expression
2026-07-10 07:02:41,611 | Utils | INFO | Successfully loaded file. Calculated shape: (1955, 11)
2026-07-10 07:02:41,619 | Preprocessing | INFO | Starting standard scaling transformation (Z-score)
2026-07-10 07:02:41,622 | Preprocessing | INFO | Standard scaling completed successfully.
2026-07-10 07:02:41,622 | Pipelinerunner | INFO | Model: preparing MOFA factors
2026-07-10 07:02:41,622 | Preprocessing | INFO | Starting Multi-Omics MOFA Matrix Construction Step
2026-07-10 07:02:41,623 | Preprocessing | INFO | Dropping ProfileID metadata column from the modeling tracking matrix.
2026-07-10 07:02:41,849 | Preprocessing | INFO | Sorting baseline expression records by ModelID numerical suffix
2026-07-10 07:02:42,271 | Preprocessing | INFO | Master index established with 1479 unique ModelIDs
2026-07-10 07:02:42,271 | Preprocessing | INFO | Aligning multi-omic tracking views across master ModelID mapping space
2026-07-10 07:02:42,850 | Preprocessing | INFO | Dropping non-feature metadata keys from omic dataframes
2026-07-10 07:02:43,650 | Preprocessing | INFO | View shapes -> RNA:(1479, 19918) Prot:(1479, 12558) Metab:(1479, 225) GlobalSig:(1479, 6)
2026-07-10 07:02:43,650 | Preprocessing | INFO | Initializing mofapy2 execution workspace configurations
2026-07-10 07:02:47,535 | Preprocessing | INFO | Building MOFA model graph layers
2026-07-10 07:02:52,735 | Preprocessing | INFO | Running MOFA variational inference optimization loop
2026-07-10 07:27:37,773 | Preprocessing | INFO | Extracting latent space expectation values (Z node)
2026-07-10 07:27:37,774 | Utils | INFO | Initiating save routine for file: multiomincsfactor.csv into directory: mofa_data/multiomincsfactor
2026-07-10 07:27:37,818 | Utils | INFO | Data frame successfully serialized to: C:\Users\Shankar\Desktop\AstraZeneca\code\astrazeneca\CelllineSelector\data\mofa_data\multiomincsfactor\multiomincsfactor.csv
2026-07-10 07:27:37,819 | Preprocessing | INFO | Extracting view-specific feature loading weights (W node) for RNA view
2026-07-10 07:27:37,824 | Preprocessing | INFO | Extracted RNA weight matrix layout shape: (19918, 20)
2026-07-10 07:27:37,825 | Utils | INFO | Initiating save routine for file: rnafactor.csv into directory: mofa_data/rnafactor
2026-07-10 07:27:38,142 | Utils | INFO | Data frame successfully serialized to: C:\Users\Shankar\Desktop\AstraZeneca\code\astrazeneca\CelllineSelector\data\mofa_data\rnafactor\rnafactor.csv
2026-07-10 07:27:38,143 | Preprocessing | INFO | Multi-omics factor and weight extraction run completed successfully.
2026-07-10 07:27:38,358 | Pipelinerunner | INFO | Model: MOFA preparation completed; inputs released
2026-07-10 07:27:38,358 | Pipelinerunner | INFO | Model: training KMeans on MOFA factors
2026-07-10 07:27:38,358 | Training | INFO | Starting KMeans Unsupervised Clustering Routine
2026-07-10 07:27:38,359 | Training | INFO | Target verification complete: Directory C:\Users\Shankar\Desktop\AstraZeneca\code\astrazeneca\CelllineSelector\artifacts already exists.
2026-07-10 07:27:38,360 | Training | INFO | Extracted feature grid array shape for KMeans training: (1479, 20)
2026-07-10 07:27:38,360 | Training | INFO | Running the Kmeans to select the best value of the K
2026-07-10 07:27:38,360 | Training | INFO | Running the Kmeans from 2 to 50
2026-07-10 07:27:44,711 | Training | INFO | Best value of k is 31
2026-07-10 07:27:44,712 | Training | INFO | Best silhouette value of K is 0.16546531243866608
2026-07-10 07:27:44,712 | Training | INFO | Best Inertia value of K is 66010.55650790603
2026-07-10 07:27:44,712 | Training | INFO | Initializing KMeans execution block with K=31
2026-07-10 07:27:44,724 | Training | INFO | Saving serialized KMeans pipeline estimator binary artifact
2026-07-10 07:27:44,725 | Utils | INFO | Attempting to write binary pipeline estimator out to filename: kmeans_model.joblib
2026-07-10 07:27:44,725 | Utils | INFO | Dumping joblib binary payload to path destination: C:\Users\Shankar\Desktop\AstraZeneca\code\astrazeneca\CelllineSelector\models\kmeans_model.joblib
2026-07-10 07:27:44,728 | Utils | INFO | Model saved to location: C:\Users\Shankar\Desktop\AstraZeneca\code\astrazeneca\CelllineSelector\models\kmeans_model.joblib
2026-07-10 07:27:44,730 | Training | INFO | Saving classified cluster label allocations dataframe...
2026-07-10 07:27:44,730 | Utils | INFO | Initiating save routine for file: Kmeansclusters.csv into directory: kmeans_data/kmeans
2026-07-10 07:27:44,734 | Utils | INFO | Data frame successfully serialized to: C:\Users\Shankar\Desktop\AstraZeneca\code\astrazeneca\CelllineSelector\data\kmeans_data\kmeans\Kmeansclusters.csv
2026-07-10 07:27:44,735 | Training | INFO | Calculating evaluation clustering performance metrics
2026-07-10 07:27:44,791 | Training | INFO | Writing statistical cluster validation scores to: C:\Users\Shankar\Desktop\AstraZeneca\code\astrazeneca\CelllineSelector\artifacts\kmeans_metrics.txt
2026-07-10 07:27:44,792 | Training | INFO | Generating raw latent feature distribution scatter plots
2026-07-10 07:27:45,056 | Training | INFO | Initializing UMAP manifold dimension reduction to visualize cluster boundaries
2026-07-10 07:27:58,048 | Training | INFO | Saving UMAP 2D projection scatter plots to: C:\Users\Shankar\Desktop\AstraZeneca\code\astrazeneca\CelllineSelector\artifacts\kmeans_umap_projection.png
2026-07-10 07:27:58,279 | Training | INFO | KMeans model training and diagnostic artifact pipeline run complete.
2026-07-10 07:27:58,279 | Pipelinerunner | INFO | Model: training KNN on MOFA factors
2026-07-10 07:27:58,279 | Training | INFO | Starting KNN Neighborhood Graph Mapping Routine
2026-07-10 07:27:58,281 | Training | INFO | Extracted feature grid array shape for KNN fitting: (1479, 20)
2026-07-10 07:27:58,281 | Training | INFO | Running Kmeans to find the best value of K
2026-07-10 07:28:00,494 | Training | INFO | Fitting mathematical unsupervised graph structure with K=6
2026-07-10 07:28:00,533 | Training | INFO | Saving serialized KNN graph matrix state block
2026-07-10 07:28:00,534 | Utils | INFO | Attempting to write binary pipeline estimator out to filename: knn_model.joblib
2026-07-10 07:28:00,534 | Utils | INFO | Dumping joblib binary payload to path destination: C:\Users\Shankar\Desktop\AstraZeneca\code\astrazeneca\CelllineSelector\models\knn_model.joblib
2026-07-10 07:28:00,536 | Utils | INFO | Model saved to location: C:\Users\Shankar\Desktop\AstraZeneca\code\astrazeneca\CelllineSelector\models\knn_model.joblib
2026-07-10 07:28:00,538 | Training | INFO | Saving average neighbor neighborhood distance vector records
2026-07-10 07:28:00,538 | Utils | INFO | Initiating save routine for file: KnnDistances.csv into directory: knn_data/knn
2026-07-10 07:28:00,545 | Utils | INFO | Data frame successfully serialized to: C:\Users\Shankar\Desktop\AstraZeneca\code\astrazeneca\CelllineSelector\data\knn_data\knn\KnnDistances.csv
2026-07-10 07:28:00,545 | Training | INFO | Writing global neighborhood closeness baseline scores to: C:\Users\Shankar\Desktop\AstraZeneca\code\astrazeneca\CelllineSelector\artifacts\knn_metrics.txt
2026-07-10 07:28:00,546 | Training | INFO | Plotting neighborhood local density scatter spaces
2026-07-10 07:28:00,902 | Training | INFO | Constructing decision boundary mesh space for 2D geographic region mapping
2026-07-10 07:28:06,977 | Training | INFO | Saving 2D spatial region area contour projection map to: C:\Users\Shankar\Desktop\AstraZeneca\code\astrazeneca\CelllineSelector\artifacts\knn_umap_area_map.png
2026-07-10 07:28:06,977 | Training | INFO | KNN neighbor model training, mapping, and metric logs complete.
2026-07-10 07:28:06,977 | Pipelinerunner | INFO | Model: testing KMeans
2026-07-10 07:28:06,977 | Testing | INFO | Starting KMeans Inference Validation Test
2026-07-10 07:28:06,979 | Testing | INFO | Reading multi-omics latent factor matrix matrix
2026-07-10 07:28:06,979 | Utils | INFO | Reading structured dataset: multiomincsfactor.csv from path: mofa_data/multiomincsfactor
2026-07-10 07:28:06,993 | Utils | INFO | Successfully loaded file. Calculated shape: (1479, 21)
2026-07-10 07:28:06,995 | Testing | INFO | Target match tracking: Located 3 out of 4 requested validation cell lines.
2026-07-10 07:28:06,995 | Testing | INFO | KMeans inference matrix shape: (3, 20)
2026-07-10 07:28:06,996 | Testing | INFO | Loading serialized KMeans pipeline estimator instance
2026-07-10 07:28:06,996 | Utils | INFO | Attempting to load binary pipeline estimator from storage name: kmeans_model.joblib
2026-07-10 07:28:07,007 | Utils | INFO | Model has been successfully loaded from the path
2026-07-10 07:28:07,007 | Testing | INFO | Executing cluster coordinate predictions
2026-07-10 07:28:07,008 | Testing | INFO | Writing KMeans cluster profiles out to: C:\Users\Shankar\Desktop\AstraZeneca\code\astrazeneca\CelllineSelector\artifacts\kmeanstestresults.txt
2026-07-10 07:28:07,010 | Testing | INFO | KMeans inference validation completed successfully.
2026-07-10 07:28:07,010 | Pipelinerunner | INFO | Model: testing KNN
2026-07-10 07:28:07,010 | Testing | INFO | Starting KNN Sister Neighborhood Selection Test
2026-07-10 07:28:07,010 | Testing | INFO | Reading multi-omics latent factor matrix matrix
2026-07-10 07:28:07,010 | Utils | INFO | Reading structured dataset: multiomincsfactor.csv from path: mofa_data/multiomincsfactor
2026-07-10 07:28:07,017 | Utils | INFO | Successfully loaded file. Calculated shape: (1479, 21)
2026-07-10 07:28:07,018 | Testing | INFO | Target match tracking: Located 3 out of 4 requested validation cell lines.
2026-07-10 07:28:07,018 | Testing | INFO | KNN neighbor query coordinates feature shape: (3, 20)
2026-07-10 07:28:07,019 | Testing | INFO | Loading serialized KNN neighbor graph mapping pipeline
2026-07-10 07:28:07,019 | Utils | INFO | Attempting to load binary pipeline estimator from storage name: knn_model.joblib
2026-07-10 07:28:07,029 | Utils | INFO | Model has been successfully loaded from the path
2026-07-10 07:28:07,029 | Testing | INFO | Computing closest neighborhood indices and multi-dimensional distances
2026-07-10 07:28:07,043 | Testing | INFO | Writing alternative neighborhood assignments out to: C:\Users\Shankar\Desktop\AstraZeneca\code\astrazeneca\CelllineSelector\artifacts\knntestresults.txt
2026-07-10 07:28:07,045 | Testing | INFO | KNN neighborhood verification test complete.
2026-07-10 07:28:07,046 | Pipelinerunner | INFO | Model: computing cosine similarity matrix
2026-07-10 07:28:07,046 | Cosine Matrix | INFO | Starting the cosine matrix formation to find similarity
2026-07-10 07:28:07,046 | Cosine Matrix | INFO | (1479, 21)
2026-07-10 07:28:07,046 | Cosine Matrix | INFO | (19918, 20)
2026-07-10 07:28:07,047 | Cosine Matrix | INFO | Starting to get the cosine values
2026-07-10 07:28:07,120 | Cosine Matrix | INFO | Starting to get the cosine values have been determined
2026-07-10 07:28:07,120 | Cosine Matrix | INFO | Creating a dataframe
2026-07-10 07:28:07,217 | Cosine Matrix | INFO | Dataframe has been created
2026-07-10 07:28:07,217 | Cosine Matrix | INFO | (1479, 19918)
2026-07-10 07:28:07,238 | Cosine Matrix | INFO | Saving the raw cosine dataframe
2026-07-10 07:28:07,238 | Utils | INFO | Initiating save routine for file: cosinematrix.csv into directory: cosine_matrix/cosine
2026-07-10 07:28:35,840 | Utils | INFO | Data frame successfully serialized to: C:\Users\Shankar\Desktop\AstraZeneca\code\astrazeneca\CelllineSelector\data\cosine_matrix\cosine\cosinematrix.csv
2026-07-10 07:28:35,840 | Cosine Matrix | INFO | Similarity dataset has been saved successfully returning the file
2026-07-10 07:28:36,050 | Pipelinerunner | INFO | Model: min-max scaling similarity matrix for scoring
2026-07-10 07:28:36,061 | Preprocessing | INFO | Starting MinMax scaling transformation (0-1 range)
2026-07-10 07:28:36,366 | Preprocessing | INFO | MinMax scaling completed successfully
2026-07-10 07:28:41,087 | Utils | INFO | Initiating save routine for file: cosinematrix.csv into directory: scoring/cosine_matrix
2026-07-10 07:30:11,373 | Utils | INFO | Data frame successfully serialized to: C:\Users\Shankar\Desktop\AstraZeneca\code\astrazeneca\CelllineSelector\data\scoring\cosine_matrix\cosinematrix.csv
2026-07-10 07:30:11,712 | Pipelinerunner | INFO | Model pipeline completed successfully
2026-07-10 07:30:11,728 | Pipelinerunner | INFO | Model Pipeline completed successfully
2026-07-10 07:30:11,852 | Pipelinerunner | INFO | Starting the Scoring Pipeline
2026-07-10 07:30:11,853 | Pipelinerunner | INFO | Scoring: reading depmap ModelIDs for master filter
2026-07-10 07:30:11,853 | Utils | INFO | Reading structured dataset: 2_DepMap_OmicsExpressionAllGenesTPMLogp1Profile.csv from path: cleaned_data/gene expression
2026-07-10 07:30:18,671 | Utils | INFO | Successfully loaded file. Calculated shape: (1479, 19920)
2026-07-10 07:30:18,858 | Pipelinerunner | INFO | Scoring: processing hpa_rna
2026-07-10 07:30:18,859 | Utils | INFO | Reading structured dataset: 1_4_hpa_rna_celline.csv from path: cleaned_data/gene expression
2026-07-10 07:30:24,627 | Utils | INFO | Successfully loaded file. Calculated shape: (1375, 20165)
2026-07-10 07:30:25,564 | Preprocessing | INFO | Starting MinMax scaling transformation (0-1 range)
2026-07-10 07:30:26,177 | Preprocessing | INFO | MinMax scaling completed successfully
2026-07-10 07:30:31,737 | Utils | INFO | Initiating save routine for file: 1_4_hpa_rna_celline.csv into directory: scoring/gene expression
2026-07-10 07:31:55,090 | Utils | INFO | Data frame successfully serialized to: C:\Users\Shankar\Desktop\AstraZeneca\code\astrazeneca\CelllineSelector\data\scoring\gene expression\1_4_hpa_rna_celline.csv
2026-07-10 07:31:55,407 | Pipelinerunner | INFO | Scoring: processing depmap expression
2026-07-10 07:31:55,408 | Utils | INFO | Reading structured dataset: 2_DepMap_OmicsExpressionAllGenesTPMLogp1Profile.csv from path: cleaned_data/gene expression
2026-07-10 07:32:02,136 | Utils | INFO | Successfully loaded file. Calculated shape: (1479, 19920)
2026-07-10 07:32:02,365 | Preprocessing | INFO | Starting MinMax scaling transformation (0-1 range)
2026-07-10 07:32:02,920 | Preprocessing | INFO | MinMax scaling completed successfully
2026-07-10 07:32:08,691 | Utils | INFO | Initiating save routine for file: 2_DepMap_OmicsExpressionAllGenesTPMLogp1Profile.csv into directory: scoring/gene expression
2026-07-10 07:33:39,285 | Utils | INFO | Data frame successfully serialized to: C:\Users\Shankar\Desktop\AstraZeneca\code\astrazeneca\CelllineSelector\data\scoring\gene expression\2_DepMap_OmicsExpressionAllGenesTPMLogp1Profile.csv
2026-07-10 07:33:39,594 | Pipelinerunner | INFO | Scoring: processing geoexpression
2026-07-10 07:33:39,594 | Utils | INFO | Reading structured dataset: 3_GEOexpression.csv from path: cleaned_data/gene expression
2026-07-10 07:33:46,944 | Utils | INFO | Successfully loaded file. Calculated shape: (19914, 3268)
2026-07-10 07:33:46,967 | Preprocessing | INFO | Starting MinMax scaling transformation (0-1 range)
2026-07-10 07:33:47,911 | Preprocessing | INFO | MinMax scaling completed successfully
2026-07-10 07:33:48,176 | Utils | INFO | Initiating save routine for file: 3_GEOexpression.csv into directory: scoring/gene expression
2026-07-10 07:35:09,624 | Utils | INFO | Data frame successfully serialized to: C:\Users\Shankar\Desktop\AstraZeneca\code\astrazeneca\CelllineSelector\data\scoring\gene expression\3_GEOexpression.csv
2026-07-10 07:35:09,818 | Pipelinerunner | INFO | Scoring: processing harmonized MS
2026-07-10 07:35:09,819 | Utils | INFO | Reading structured dataset: 4_harmonized_ms_cellline_cleaned.csv from path: cleaned_data/gene expression
2026-07-10 07:35:10,592 | Utils | INFO | Successfully loaded file. Calculated shape: (375, 12559)
2026-07-10 07:35:10,798 | Preprocessing | INFO | Starting MinMax scaling transformation (0-1 range)
2026-07-10 07:35:11,004 | Preprocessing | INFO | MinMax scaling completed successfully
2026-07-10 07:35:12,507 | Utils | INFO | Initiating save routine for file: 4_Harmonized_MS_CCLE_Gygi_subsetted.csv into directory: scoring/gene expression
2026-07-10 07:35:25,150 | Utils | INFO | Data frame successfully serialized to: C:\Users\Shankar\Desktop\AstraZeneca\code\astrazeneca\CelllineSelector\data\scoring\gene expression\4_Harmonized_MS_CCLE_Gygi_subsetted.csv
2026-07-10 07:35:25,279 | Pipelinerunner | INFO | Scoring: passing through 5_OmicsFusionFilteredSupplementary.csv
2026-07-10 07:35:25,280 | Utils | INFO | Reading structured dataset: 5_OmicsFusionFilteredSupplementary.csv from path: cleaned_data/gene properties
2026-07-10 07:35:26,109 | Utils | INFO | Successfully loaded file. Calculated shape: (184237, 31)
2026-07-10 07:35:26,109 | Utils | INFO | Initiating save routine for file: 5_OmicsFusionFilteredSupplementary.csv into directory: scoring/gene properties
2026-07-10 07:35:27,573 | Utils | INFO | Data frame successfully serialized to: C:\Users\Shankar\Desktop\AstraZeneca\code\astrazeneca\CelllineSelector\data\scoring\gene properties\5_OmicsFusionFilteredSupplementary.csv
2026-07-10 07:35:27,696 | Pipelinerunner | INFO | Scoring: passing through 6_OmicsSomaticMutationsProfile.csv
2026-07-10 07:35:27,696 | Utils | INFO | Reading structured dataset: 6_OmicsSomaticMutationsProfile.csv from path: cleaned_data/gene properties
2026-07-10 07:35:36,383 | Utils | INFO | Successfully loaded file. Calculated shape: (1066869, 71)
2026-07-10 07:35:36,383 | Utils | INFO | Initiating save routine for file: 6_OmicsSomaticMutationsProfile.csv into directory: scoring/gene properties
2026-07-10 07:35:55,792 | Utils | INFO | Data frame successfully serialized to: C:\Users\Shankar\Desktop\AstraZeneca\code\astrazeneca\CelllineSelector\data\scoring\gene properties\6_OmicsSomaticMutationsProfile.csv
2026-07-10 07:35:55,941 | Pipelinerunner | INFO | Scoring: passing through 12_CCLE_metabolomics_20190502.csv
2026-07-10 07:35:55,942 | Utils | INFO | Reading structured dataset: 12_CCLE_metabolomics_20190502.csv from path: cleaned_data/non gene expression
2026-07-10 07:35:55,979 | Utils | INFO | Successfully loaded file. Calculated shape: (928, 227)
2026-07-10 07:35:55,979 | Utils | INFO | Initiating save routine for file: 12_CCLE_metabolomics_20190502.csv into directory: scoring/non gene expression
2026-07-10 07:35:56,104 | Utils | INFO | Data frame successfully serialized to: C:\Users\Shankar\Desktop\AstraZeneca\code\astrazeneca\CelllineSelector\data\scoring\non gene expression\12_CCLE_metabolomics_20190502.csv
2026-07-10 07:35:56,224 | Pipelinerunner | INFO | Scoring: passing through 14_OmicsGlobalSignatures.csv
2026-07-10 07:35:56,224 | Utils | INFO | Reading structured dataset: 14_OmicsGlobalSignatures.csv from path: cleaned_data/non gene expression
2026-07-10 07:35:56,247 | Utils | INFO | Successfully loaded file. Calculated shape: (1955, 11)
2026-07-10 07:35:56,247 | Utils | INFO | Initiating save routine for file: 14_OmicsGlobalSignatures.csv into directory: scoring/non gene expression
2026-07-10 07:35:56,259 | Utils | INFO | Data frame successfully serialized to: C:\Users\Shankar\Desktop\AstraZeneca\code\astrazeneca\CelllineSelector\data\scoring\non gene expression\14_OmicsGlobalSignatures.csv
2026-07-10 07:35:56,398 | Pipelinerunner | INFO | Starting to build the look up table
2026-07-10 07:35:56,398 | LookupTable | INFO | Starting lookup-table construction
2026-07-10 07:35:56,399 | LookupTable | INFO | Building master_lookup
2026-07-10 07:35:56,399 | LookupTable | INFO | Reading nomenclature source files for master lookup
2026-07-10 07:35:56,399 | Utils | INFO | Attempting to read raw data asset: 8_DepMap_OmicsProfiles from subfolder: nomenclature
2026-07-10 07:35:56,421 | Utils | INFO | File has been read returning the file
2026-07-10 07:35:56,422 | Utils | INFO | Attempting to read raw data asset: 9_DepMap_sample_info from subfolder: nomenclature
2026-07-10 07:35:56,447 | Utils | INFO | File has been read returning the file
2026-07-10 07:35:56,447 | Utils | INFO | Attempting to read raw data asset: 10_GEOInfo from subfolder: nomenclature
2026-07-10 07:35:56,477 | Utils | INFO | File has been read returning the file
2026-07-10 07:35:56,477 | Utils | INFO | Attempting to read raw data asset: 7_cellosaurus from subfolder: nomenclature
2026-07-10 07:35:57,417 | Utils | INFO | File has been read returning the file
2026-07-10 07:35:57,418 | LookupTable | INFO | Loaded 8_DepMap_OmicsProfiles: shape=(3830, 5)
2026-07-10 07:35:57,418 | LookupTable | INFO | Loaded 9_DepMap_sample_info: shape=(1840, 29)
2026-07-10 07:35:57,418 | LookupTable | INFO | Loaded 10_GEOInfo: shape=(3267, 23)
2026-07-10 07:35:57,418 | LookupTable | INFO | Loaded 7_cellosaurus: shape=(152231, 17)
2026-07-10 07:35:57,418 | LookupTable | INFO | Establishing anchor set from RNA-profiled ACH- codes
2026-07-10 07:35:57,421 | LookupTable | INFO | Anchor ACH- codes: 1479 unique (dropped 16 duplicate PR- per ACH-)
2026-07-10 07:35:57,421 | LookupTable | INFO | Attaching sample_info identity columns (names, CVCL, disease, lineage)
2026-07-10 07:35:57,425 | LookupTable | INFO | Master frame after identity merge: shape=(1479, 8)
2026-07-10 07:35:57,425 | LookupTable | INFO | Missing cell_line_name: 114 | Missing CVCL_ID: 80
2026-07-10 07:35:57,426 | LookupTable | INFO | Building ACH- -> name map from Cellosaurus cross-references
2026-07-10 07:36:05,155 | LookupTable | INFO | ACH- codes found in Cellosaurus cross-references: 1907
2026-07-10 07:36:05,156 | LookupTable | INFO | Resolving display names via priority chain (sample_info -> CCLE_Name -> Cellosaurus -> stripped -> ACH_ID)
2026-07-10 07:36:05,260 | LookupTable | INFO | Name resolution complete: resolved=1438 | anonymous (name == ACH_ID)=41
2026-07-10 07:36:05,261 | LookupTable | INFO | Selecting and renaming final master columns
2026-07-10 07:36:05,262 | LookupTable | INFO | Back-filling missing CVCL IDs from Cellosaurus name maps
2026-07-10 07:36:05,685 | LookupTable | INFO | CVCL back-fill: missing before=80 -> after=45 (recovered 35)
2026-07-10 07:36:05,686 | LookupTable | INFO | Attaching GSM IDs via GSM to CVCL for ACH bridge
2026-07-10 07:36:05,719 | LookupTable | INFO | GSM attachment: with GSM IDs=523 | without=956
2026-07-10 07:36:05,720 | LookupTable | INFO | master_lookup final shape: (1479, 10)
2026-07-10 07:36:05,720 | LookupTable | INFO | Saving artifact 'master_lookup' (shape=(1479, 10)) to subfolder 'master'
2026-07-10 07:36:05,724 | LookupTable | INFO | Column 'GSM_IDs' holds list values; stringifying for CSV export
2026-07-10 07:36:05,731 | LookupTable | INFO | Successfully saved 'master_lookup' to: C:\Users\Shankar\Desktop\AstraZeneca\code\astrazeneca\CelllineSelector\data\lookup\master\master_lookup.csv
2026-07-10 07:36:05,732 | LookupTable | INFO | Stage 1 (master_lookup) completed successfully
2026-07-10 07:36:05,737 | LookupTable | INFO | Building gene_ensg_map
2026-07-10 07:36:05,737 | LookupTable | INFO | Reading mart_export for protein-coding gene filter
2026-07-10 07:36:05,738 | Utils | INFO | Attempting to read raw data asset: mart_export from subfolder: mart_export
2026-07-10 07:36:06,022 | Utils | INFO | File has been read returning the file
2026-07-10 07:36:06,071 | LookupTable | INFO | Protein-coding ENSG IDs in mart: 23272
2026-07-10 07:36:06,071 | LookupTable | INFO | Reading File 2 header only (nrows=0) from: C:\Users\Shankar\Desktop\AstraZeneca\code\astrazeneca\CelllineSelector\data\raw\gene expression\2_DepMap_OmicsExpressionAllGenesTPMLogp1Profile.csv
2026-07-10 07:36:08,499 | LookupTable | INFO | File 2 column count: 53962
2026-07-10 07:36:08,499 | LookupTable | INFO | Parsing 'SYMBOL (ENSGID)' headers and filtering to protein-coding
2026-07-10 07:36:08,570 | LookupTable | INFO | Primary symbol to ENSG mappings built: 19896
2026-07-10 07:36:08,583 | LookupTable | INFO | gene_ensg_map final rows: 19907
2026-07-10 07:36:08,583 | LookupTable | INFO | Saving artifact 'gene_ensg_map' (shape=(19907, 2)) to subfolder 'gene_maps'
2026-07-10 07:36:08,601 | LookupTable | INFO | Successfully saved 'gene_ensg_map' to: C:\Users\Shankar\Desktop\AstraZeneca\code\astrazeneca\CelllineSelector\data\lookup\gene_maps\gene_ensg_map.csv
2026-07-10 07:36:08,601 | LookupTable | INFO | Stage 2 (gene_ensg_map) completed successfully
2026-07-10 07:36:08,616 | LookupTable | INFO | Building gene_protein_map
2026-07-10 07:36:08,616 | LookupTable | INFO | Reading File 4 header only (nrows=0) from: C:\Users\Shankar\Desktop\AstraZeneca\code\astrazeneca\CelllineSelector\data\raw\gene expression\4_Harmonized_MS_CCLE_Gygi_subsetted.csv
2026-07-10 07:36:09,141 | LookupTable | INFO | File 4 column count: 12559
2026-07-10 07:36:09,175 | LookupTable | INFO | Parsing 'UNIPROT (GENE)' headers and resolving each to ENSG
2026-07-10 07:36:09,205 | LookupTable | INFO | gene_protein_map rows: 12559 | resolved via alias table: 11
2026-07-10 07:36:09,206 | LookupTable | INFO | Proteins with ENSG: 12408 | without ENSG: 151
2026-07-10 07:36:09,207 | LookupTable | INFO | Saving artifact 'gene_protein_map' (shape=(12559, 3)) to subfolder 'gene_maps'
2026-07-10 07:36:09,225 | LookupTable | INFO | Successfully saved 'gene_protein_map' to: C:\Users\Shankar\Desktop\AstraZeneca\code\astrazeneca\CelllineSelector\data\lookup\gene_maps\gene_protein_map.csv
2026-07-10 07:36:09,225 | LookupTable | INFO | Stage 3 (gene_protein_map) completed successfully
2026-07-10 07:36:09,232 | LookupTable | INFO | All three lookup artifacts built and saved successfully
2026-07-10 07:36:09,232 | Pipelinerunner | INFO | Look up table has been built successfully
2026-07-10 07:36:09,232 | Pipelinerunner | INFO | Scoring pipeline completed successfully
2026-07-10 07:36:09,238 | Pipelinerunner | INFO | Scoring pipeline completed successfully
2026-07-10 07:36:09,238 | ML Pipeline | INFO | Machine learning flow completed
2026-07-11 03:14:55,794 | ML Pipeline | INFO | Starting the Machine learning flow
2026-07-11 03:14:55,794 | Pipelinerunner | INFO | Starting the pipeline runner
2026-07-11 03:14:55,794 | Pipelinerunner | INFO | Starting cleaning stage (one file at a time to bound memory)
2026-07-11 03:14:55,795 | Pipelinerunner | INFO | Loading raw datafile 1_4_hpa_rna_celline
2026-07-11 03:14:55,795 | Utils | INFO | Attempting to read raw data asset: 1_4_hpa_rna_celline from subfolder: gene expression
2026-07-11 03:15:08,062 | Utils | INFO | File has been read returning the file
2026-07-11 03:15:08,062 | Pipelinerunner | INFO | Cleaning datafile 1_4_hpa_rna_celline
2026-07-11 03:15:08,062 | Data Cleaner | INFO | Starting Data Cleaning Process for File Number: 1
2026-07-11 03:15:08,062 | Data Cleaner | INFO | Initial raw dataset shape: (24315372, 6)
2026-07-11 03:15:08,348 | Data Cleaner | INFO | Reshaping data_df to map Cell lines against Genes
2026-07-11 03:15:19,235 | Data Cleaner | INFO | Reshaped DataFrame shape: (1206, 20163)
2026-07-11 03:15:19,674 | Data Cleaner | INFO | Reading nomenclature 9_DepMap_sample_info mapping data
2026-07-11 03:15:19,675 | Utils | INFO | Attempting to read raw data asset: 9_DepMap_sample_info from subfolder: nomenclature
2026-07-11 03:15:19,708 | Utils | INFO | File has been read returning the file
2026-07-11 03:15:19,711 | Utils | INFO | Attempting to read raw data asset: 11_hpa_rna_celline_description from subfolder: nomenclature
2026-07-11 03:15:19,725 | Utils | INFO | File has been read returning the file
2026-07-11 03:15:19,726 | Data Cleaner | INFO | Executing primary merge via standard cell line names
2026-07-11 03:15:19,744 | Data Cleaner | INFO | Executing Secondary merge to determine model id
2026-07-11 03:15:19,784 | Data Cleaner | INFO | Remaining NaN DepMap_IDs: 94
2026-07-11 03:15:19,785 | Data Cleaner | INFO | NaN 'Cell line' entries: 0
2026-07-11 03:15:19,786 | Data Cleaner | INFO | Duplicate values present in DepMap_ID: 247
2026-07-11 03:15:19,787 | Data Cleaner | INFO | Final structured shape before saving: (1375, 20165)
2026-07-11 03:15:19,800 | Data Cleaner | INFO | Saving processed HPA RNA data
2026-07-11 03:15:19,801 | Utils | INFO | Initiating save routine for file: 1_4_hpa_rna_celline.csv into directory: cleaned_data/gene expression
2026-07-11 03:15:38,926 | Utils | INFO | Data frame successfully serialized to: C:\Users\Shankar\Desktop\AstraZeneca\code\astrazeneca\CelllineSelector\data\cleaned_data\gene expression\1_4_hpa_rna_celline.csv
2026-07-11 03:15:38,926 | Data Cleaner | INFO | File 1 successfully processed and verified
2026-07-11 03:15:39,051 | Pipelinerunner | INFO | Cleaned and released 1_4_hpa_rna_celline from memory
2026-07-11 03:15:39,051 | Pipelinerunner | INFO | Loading raw datafile 2_DepMap_OmicsExpressionAllGenesTPMLogp1Profile
2026-07-11 03:15:39,051 | Utils | INFO | Attempting to read raw data asset: 2_DepMap_OmicsExpressionAllGenesTPMLogp1Profile from subfolder: gene expression
2026-07-11 03:16:08,165 | Utils | INFO | File has been read returning the file
2026-07-11 03:16:08,166 | Pipelinerunner | INFO | Cleaning datafile 2_DepMap_OmicsExpressionAllGenesTPMLogp1Profile
2026-07-11 03:16:08,166 | Data Cleaner | INFO | Starting Data Cleaning Process for File Number: 2
2026-07-11 03:16:08,166 | Data Cleaner | INFO | Initial raw dataset shape: (1495, 53962)
2026-07-11 03:16:08,166 | Data Cleaner | INFO | Cleaning and parsing Ensembl IDs from headers
2026-07-11 03:16:08,338 | Data Cleaner | INFO | Ensembl parsed DataFrame shape: (1495, 53962)
2026-07-11 03:16:08,339 | Utils | INFO | Attempting to read raw data asset: mart_export from subfolder: mart_export
2026-07-11 03:16:08,672 | Utils | INFO | File has been read returning the file
2026-07-11 03:16:08,672 | Data Cleaner | INFO | Filtering matrix to track protein coding genes using BioMart specs
2026-07-11 03:16:09,046 | Data Cleaner | INFO | Protein-coding filtered shape: (1495, 19919)
2026-07-11 03:16:09,047 | Data Cleaner | INFO | Mapping profile records to unified ModelIDs
2026-07-11 03:16:09,047 | Utils | INFO | Attempting to read raw data asset: 8_DepMap_OmicsProfiles from subfolder: nomenclature
2026-07-11 03:16:09,068 | Utils | INFO | File has been read returning the file
2026-07-11 03:16:10,182 | Data Cleaner | INFO | Final unique ModelID table shape: (1479, 19920)
2026-07-11 03:16:10,182 | Data Cleaner | INFO | Saving processed DepMap expression data matrix
2026-07-11 03:16:10,182 | Utils | INFO | Initiating save routine for file: 2_DepMap_OmicsExpressionAllGenesTPMLogp1Profile.csv into directory: cleaned_data/gene expression
2026-07-11 03:17:41,573 | Utils | INFO | Data frame successfully serialized to: C:\Users\Shankar\Desktop\AstraZeneca\code\astrazeneca\CelllineSelector\data\cleaned_data\gene expression\2_DepMap_OmicsExpressionAllGenesTPMLogp1Profile.csv
2026-07-11 03:17:41,573 | Data Cleaner | INFO | File 2 successfully processed and verified
2026-07-11 03:17:42,056 | Pipelinerunner | INFO | Cleaned and released 2_DepMap_OmicsExpressionAllGenesTPMLogp1Profile from memory
2026-07-11 03:17:42,057 | Pipelinerunner | INFO | Loading raw datafile 3_GEOexpression
2026-07-11 03:17:42,057 | Utils | INFO | Attempting to read raw data asset: 3_GEOexpression from subfolder: gene expression
2026-07-11 03:17:49,482 | Utils | INFO | File has been read returning the file
2026-07-11 03:17:49,483 | Pipelinerunner | INFO | Cleaning datafile 3_GEOexpression
2026-07-11 03:17:49,483 | Data Cleaner | INFO | Starting Data Cleaning Process for File Number: 3
2026-07-11 03:17:49,483 | Data Cleaner | INFO | Initial raw dataset shape: (19914, 3268)
2026-07-11 03:17:49,483 | Data Cleaner | INFO | Applying element-wise log2 transformation matrix
2026-07-11 03:17:50,652 | Data Cleaner | INFO | Transformed matrix layout shape: (19914, 3268)
2026-07-11 03:17:50,652 | Data Cleaner | INFO | Saving processed GEO expression dataset
2026-07-11 03:17:50,653 | Utils | INFO | Initiating save routine for file: 3_GEOexpression.csv into directory: cleaned_data/gene expression
2026-07-11 03:19:08,602 | Utils | INFO | Data frame successfully serialized to: C:\Users\Shankar\Desktop\AstraZeneca\code\astrazeneca\CelllineSelector\data\cleaned_data\gene expression\3_GEOexpression.csv
2026-07-11 03:19:08,602 | Data Cleaner | INFO | File 3 successfully processed and verified.
2026-07-11 03:19:08,786 | Pipelinerunner | INFO | Cleaned and released 3_GEOexpression from memory
2026-07-11 03:19:08,787 | Pipelinerunner | INFO | Loading raw datafile 4_Harmonized_MS_CCLE_Gygi_subsetted
2026-07-11 03:19:08,787 | Utils | INFO | Attempting to read raw data asset: 4_Harmonized_MS_CCLE_Gygi_subsetted from subfolder: gene expression
2026-07-11 03:19:09,557 | Utils | INFO | File has been read returning the file
2026-07-11 03:19:09,557 | Pipelinerunner | INFO | Cleaning datafile 4_Harmonized_MS_CCLE_Gygi_subsetted
2026-07-11 03:19:09,557 | Data Cleaner | INFO | Starting Data Cleaning Process for File Number: 4
2026-07-11 03:19:09,557 | Data Cleaner | INFO | Initial raw dataset shape: (375, 12559)
2026-07-11 03:19:09,689 | Data Cleaner | INFO | Stripping down complex multi-omic feature string suffixes
2026-07-11 03:19:09,707 | Data Cleaner | INFO | Normalized column headers shape: (375, 12559)
2026-07-11 03:19:09,707 | Data Cleaner | INFO | Saving processed Mass Spec data matrix
2026-07-11 03:19:09,708 | Utils | INFO | Initiating save routine for file: 4_harmonized_ms_cellline_cleaned.csv into directory: cleaned_data/gene expression
2026-07-11 03:19:20,776 | Utils | INFO | Data frame successfully serialized to: C:\Users\Shankar\Desktop\AstraZeneca\code\astrazeneca\CelllineSelector\data\cleaned_data\gene expression\4_harmonized_ms_cellline_cleaned.csv
2026-07-11 03:19:20,776 | Data Cleaner | INFO | File 4 successfully processed and verified.
2026-07-11 03:19:20,910 | Pipelinerunner | INFO | Cleaned and released 4_Harmonized_MS_CCLE_Gygi_subsetted from memory
2026-07-11 03:19:20,910 | Pipelinerunner | INFO | Loading raw datafile 5_OmicsFusionFilteredSupplementary
2026-07-11 03:19:20,910 | Utils | INFO | Attempting to read raw data asset: 5_OmicsFusionFilteredSupplementary from subfolder: gene properties
2026-07-11 03:19:21,678 | Utils | INFO | File has been read returning the file
2026-07-11 03:19:21,678 | Pipelinerunner | INFO | Cleaning datafile 5_OmicsFusionFilteredSupplementary
2026-07-11 03:19:21,678 | Data Cleaner | INFO | Starting Data Cleaning Process for File Number: 5
2026-07-11 03:19:21,678 | Data Cleaner | INFO | Initial raw dataset shape: (184237, 30)
2026-07-11 03:19:21,680 | Data Cleaner | INFO | Parsing combined gene notation elements into component targets
2026-07-11 03:19:22,544 | Data Cleaner | INFO | Parsed fusion records shape: (184237, 31)
2026-07-11 03:19:22,545 | Data Cleaner | INFO | Saving filtered structural fusion matrix
2026-07-11 03:19:22,545 | Utils | INFO | Initiating save routine for file: 5_OmicsFusionFilteredSupplementary.csv into directory: cleaned_data/gene properties
2026-07-11 03:19:23,986 | Utils | INFO | Data frame successfully serialized to: C:\Users\Shankar\Desktop\AstraZeneca\code\astrazeneca\CelllineSelector\data\cleaned_data\gene properties\5_OmicsFusionFilteredSupplementary.csv
2026-07-11 03:19:23,987 | Data Cleaner | INFO | File 5 successfully processed and verified.
2026-07-11 03:19:24,090 | Pipelinerunner | INFO | Cleaned and released 5_OmicsFusionFilteredSupplementary from memory
2026-07-11 03:19:24,090 | Pipelinerunner | INFO | Loading raw datafile 6_OmicsSomaticMutationsProfile
2026-07-11 03:19:24,090 | Utils | INFO | Attempting to read raw data asset: 6_OmicsSomaticMutationsProfile from subfolder: gene properties
2026-07-11 03:19:32,345 | Utils | INFO | File has been read returning the file
2026-07-11 03:19:32,345 | Pipelinerunner | INFO | Cleaning datafile 6_OmicsSomaticMutationsProfile
2026-07-11 03:19:32,346 | Data Cleaner | INFO | Starting Data Cleaning Process for File Number: 6
2026-07-11 03:19:32,346 | Data Cleaner | INFO | Initial raw dataset shape: (1066869, 70)
2026-07-11 03:19:32,346 | Data Cleaner | INFO | Merging somatic mutational vectors to core profile indices
2026-07-11 03:19:32,346 | Utils | INFO | Attempting to read raw data asset: 8_DepMap_OmicsProfiles from subfolder: nomenclature
2026-07-11 03:19:32,371 | Utils | INFO | File has been read returning the file
2026-07-11 03:19:32,601 | Data Cleaner | INFO | ModelID structural duplicates: 1065124
2026-07-11 03:19:35,058 | Data Cleaner | INFO | Total row duplicate signatures: 0
2026-07-11 03:19:35,065 | Data Cleaner | INFO | Null occurrences in ModelID tracking: 152885
2026-07-11 03:19:35,067 | Data Cleaner | INFO | Null occurrences in ProfileID tracking: 0
2026-07-11 03:19:35,067 | Data Cleaner | INFO | Final output shape: (1066869, 71)
2026-07-11 03:19:35,067 | Data Cleaner | INFO | Saving mutation profile configurations
2026-07-11 03:19:35,067 | Utils | INFO | Initiating save routine for file: 6_OmicsSomaticMutationsProfile.csv into directory: cleaned_data/gene properties
2026-07-11 03:19:54,343 | Utils | INFO | Data frame successfully serialized to: C:\Users\Shankar\Desktop\AstraZeneca\code\astrazeneca\CelllineSelector\data\cleaned_data\gene properties\6_OmicsSomaticMutationsProfile.csv
2026-07-11 03:19:54,343 | Data Cleaner | INFO | File 6 successfully processed and verified.
2026-07-11 03:19:54,488 | Pipelinerunner | INFO | Cleaned and released 6_OmicsSomaticMutationsProfile from memory
2026-07-11 03:19:54,488 | Pipelinerunner | INFO | Loading raw datafile 12_CCLE_metabolomics_20190502
2026-07-11 03:19:54,489 | Utils | INFO | Attempting to read raw data asset: 12_CCLE_metabolomics_20190502 from subfolder: non gene expression
2026-07-11 03:19:54,526 | Utils | INFO | File has been read returning the file
2026-07-11 03:19:54,526 | Pipelinerunner | INFO | Cleaning datafile 12_CCLE_metabolomics_20190502
2026-07-11 03:19:54,526 | Data Cleaner | INFO | Starting Data Cleaning Process for File Number: 12
2026-07-11 03:19:54,526 | Data Cleaner | INFO | Initial raw dataset shape: (928, 227)
2026-07-11 03:19:54,528 | Data Cleaner | INFO | Standardized metabolomics shape: (928, 227)
2026-07-11 03:19:54,528 | Data Cleaner | INFO | Saving baseline metabolomics array
2026-07-11 03:19:54,528 | Utils | INFO | Initiating save routine for file: 12_CCLE_metabolomics_20190502.csv into directory: cleaned_data/non gene expression
2026-07-11 03:19:54,658 | Utils | INFO | Data frame successfully serialized to: C:\Users\Shankar\Desktop\AstraZeneca\code\astrazeneca\CelllineSelector\data\cleaned_data\non gene expression\12_CCLE_metabolomics_20190502.csv
2026-07-11 03:19:54,658 | Data Cleaner | INFO | File 12 successfully processed and verified.
2026-07-11 03:19:54,766 | Pipelinerunner | INFO | Cleaned and released 12_CCLE_metabolomics_20190502 from memory
2026-07-11 03:19:54,767 | Pipelinerunner | INFO | Loading raw datafile 14_OmicsGlobalSignatures
2026-07-11 03:19:54,767 | Utils | INFO | Attempting to read raw data asset: 14_OmicsGlobalSignatures from subfolder: non gene expression
2026-07-11 03:19:54,793 | Utils | INFO | File has been read returning the file
2026-07-11 03:19:54,793 | Pipelinerunner | INFO | Cleaning datafile 14_OmicsGlobalSignatures
2026-07-11 03:19:54,793 | Data Cleaner | INFO | Starting Data Cleaning Process for File Number: 14
2026-07-11 03:19:54,794 | Data Cleaner | INFO | Initial raw dataset shape: (3021, 12)
2026-07-11 03:19:54,803 | Data Cleaner | INFO | Isolating records containing standard 'IsDefaultEntryForModel' flags
2026-07-11 03:19:54,805 | Data Cleaner | INFO | Filtered default profile shape: (1955, 11)
2026-07-11 03:19:54,806 | Data Cleaner | INFO | Saving standard multi-omics profile matrix
2026-07-11 03:19:54,806 | Utils | INFO | Initiating save routine for file: 14_OmicsGlobalSignatures.csv into directory: cleaned_data/non gene expression
2026-07-11 03:19:54,817 | Utils | INFO | Data frame successfully serialized to: C:\Users\Shankar\Desktop\AstraZeneca\code\astrazeneca\CelllineSelector\data\cleaned_data\non gene expression\14_OmicsGlobalSignatures.csv
2026-07-11 03:19:54,817 | Data Cleaner | INFO | File 14 successfully processed and verified.
2026-07-11 03:19:54,924 | Pipelinerunner | INFO | Cleaned and released 14_OmicsGlobalSignatures from memory
2026-07-11 03:19:54,924 | Pipelinerunner | INFO | Cleaning stage complete — all cleaned files persisted to disk
2026-07-11 03:19:55,021 | Pipelinerunner | INFO | Starting the Model Pipeline
2026-07-11 03:19:55,021 | Pipelinerunner | INFO | Model: reading cleaned depmap expression from disk
2026-07-11 03:19:55,021 | Utils | INFO | Reading structured dataset: 2_DepMap_OmicsExpressionAllGenesTPMLogp1Profile.csv from path: cleaned_data/gene expression
2026-07-11 03:20:01,781 | Utils | INFO | Successfully loaded file. Calculated shape: (1479, 19920)
2026-07-11 03:20:01,781 | Pipelinerunner | INFO | Model: preprocessing depmap expression (z-score)
2026-07-11 03:20:02,005 | Preprocessing | INFO | Starting standard scaling transformation (Z-score)
2026-07-11 03:20:02,886 | Preprocessing | INFO | Standard scaling completed successfully.
2026-07-11 03:20:08,864 | Pipelinerunner | INFO | Model: reading cleaned harmonized MS (proteomics) from disk
2026-07-11 03:20:08,864 | Utils | INFO | Reading structured dataset: 4_harmonized_ms_cellline_cleaned.csv from path: cleaned_data/gene expression
2026-07-11 03:20:09,769 | Utils | INFO | Successfully loaded file. Calculated shape: (375, 12559)
2026-07-11 03:20:09,770 | Pipelinerunner | INFO | Model: reading cleaned metabolomics from disk
2026-07-11 03:20:09,770 | Utils | INFO | Reading structured dataset: 12_CCLE_metabolomics_20190502.csv from path: cleaned_data/non gene expression
2026-07-11 03:20:09,800 | Utils | INFO | Successfully loaded file. Calculated shape: (928, 227)
2026-07-11 03:20:09,821 | Preprocessing | INFO | Starting standard scaling transformation (Z-score)
2026-07-11 03:20:09,829 | Preprocessing | INFO | Standard scaling completed successfully.
2026-07-11 03:20:09,834 | Pipelinerunner | INFO | Model: reading cleaned global signatures from disk
2026-07-11 03:20:09,834 | Utils | INFO | Reading structured dataset: 14_OmicsGlobalSignatures.csv from path: cleaned_data/non gene expression
2026-07-11 03:20:09,849 | Utils | INFO | Successfully loaded file. Calculated shape: (1955, 11)
2026-07-11 03:20:09,858 | Preprocessing | INFO | Starting standard scaling transformation (Z-score)
2026-07-11 03:20:09,861 | Preprocessing | INFO | Standard scaling completed successfully.
2026-07-11 03:20:09,861 | Pipelinerunner | INFO | Model: preparing MOFA factors
2026-07-11 03:20:09,861 | Preprocessing | INFO | Starting Multi-Omics MOFA Matrix Construction Step
2026-07-11 03:20:09,861 | Preprocessing | INFO | Dropping ProfileID metadata column from the modeling tracking matrix.
2026-07-11 03:20:10,063 | Preprocessing | INFO | Sorting baseline expression records by ModelID numerical suffix
2026-07-11 03:20:10,514 | Preprocessing | INFO | Master index established with 1479 unique ModelIDs
2026-07-11 03:20:10,515 | Preprocessing | INFO | Aligning multi-omic tracking views across master ModelID mapping space
2026-07-11 03:20:11,105 | Preprocessing | INFO | Dropping non-feature metadata keys from omic dataframes
2026-07-11 03:20:11,870 | Preprocessing | INFO | View shapes -> RNA:(1479, 19918) Prot:(1479, 12558) Metab:(1479, 225) GlobalSig:(1479, 6)
2026-07-11 03:20:11,871 | Preprocessing | INFO | Initializing mofapy2 execution workspace configurations
2026-07-11 03:20:15,614 | Preprocessing | INFO | Building MOFA model graph layers
2026-07-11 03:20:20,654 | Preprocessing | INFO | Running MOFA variational inference optimization loop
2026-07-11 03:45:55,132 | Preprocessing | INFO | Extracting latent space expectation values (Z node)
2026-07-11 03:45:55,163 | Utils | INFO | Initiating save routine for file: multiomincsfactor.csv into directory: mofa_data/multiomincsfactor
2026-07-11 03:45:55,239 | Utils | INFO | Data frame successfully serialized to: C:\Users\Shankar\Desktop\AstraZeneca\code\astrazeneca\CelllineSelector\data\mofa_data\multiomincsfactor\multiomincsfactor.csv
2026-07-11 03:45:55,239 | Preprocessing | INFO | Extracting view-specific feature loading weights (W node) for RNA view
2026-07-11 03:45:55,288 | Preprocessing | INFO | Extracted RNA weight matrix layout shape: (19918, 20)
2026-07-11 03:45:55,289 | Utils | INFO | Initiating save routine for file: rnafactor.csv into directory: mofa_data/rnafactor
2026-07-11 03:45:55,658 | Utils | INFO | Data frame successfully serialized to: C:\Users\Shankar\Desktop\AstraZeneca\code\astrazeneca\CelllineSelector\data\mofa_data\rnafactor\rnafactor.csv
2026-07-11 03:45:55,658 | Preprocessing | INFO | Multi-omics factor and weight extraction run completed successfully.
2026-07-11 03:45:58,749 | Pipelinerunner | INFO | Model: MOFA preparation completed; inputs released
2026-07-11 03:45:58,750 | Pipelinerunner | INFO | Model: training KMeans on MOFA factors
2026-07-11 03:45:58,750 | Training | INFO | Starting KMeans Unsupervised Clustering Routine
2026-07-11 03:45:58,751 | Training | INFO | Target verification complete: Directory C:\Users\Shankar\Desktop\AstraZeneca\code\astrazeneca\CelllineSelector\artifacts already exists.
2026-07-11 03:45:58,753 | Training | INFO | Extracted feature grid array shape for KMeans training: (1479, 20)
2026-07-11 03:45:58,753 | Training | INFO | Running the Kmeans to select the best value of the K
2026-07-11 03:45:58,753 | Training | INFO | Running the Kmeans from 2 to 50
2026-07-11 03:46:06,135 | Training | INFO | Best value of k is 31
2026-07-11 03:46:06,135 | Training | INFO | Best silhouette value of K is 0.16546531243866608
2026-07-11 03:46:06,135 | Training | INFO | Best Inertia value of K is 66010.55650790603
2026-07-11 03:46:06,135 | Training | INFO | Initializing KMeans execution block with K=31
2026-07-11 03:46:06,149 | Training | INFO | Saving serialized KMeans pipeline estimator binary artifact
2026-07-11 03:46:06,149 | Utils | INFO | Attempting to write binary pipeline estimator out to filename: kmeans_model.joblib
2026-07-11 03:46:06,150 | Utils | INFO | Dumping joblib binary payload to path destination: C:\Users\Shankar\Desktop\AstraZeneca\code\astrazeneca\CelllineSelector\models\kmeans_model.joblib
2026-07-11 03:46:06,153 | Utils | INFO | Model saved to location: C:\Users\Shankar\Desktop\AstraZeneca\code\astrazeneca\CelllineSelector\models\kmeans_model.joblib
2026-07-11 03:46:06,154 | Training | INFO | Saving classified cluster label allocations dataframe...
2026-07-11 03:46:06,155 | Utils | INFO | Initiating save routine for file: Kmeansclusters.csv into directory: kmeans_data/kmeans
2026-07-11 03:46:06,159 | Utils | INFO | Data frame successfully serialized to: C:\Users\Shankar\Desktop\AstraZeneca\code\astrazeneca\CelllineSelector\data\kmeans_data\kmeans\Kmeansclusters.csv
2026-07-11 03:46:06,159 | Training | INFO | Calculating evaluation clustering performance metrics
2026-07-11 03:46:06,237 | Training | INFO | Writing statistical cluster validation scores to: C:\Users\Shankar\Desktop\AstraZeneca\code\astrazeneca\CelllineSelector\artifacts\kmeans_metrics.txt
2026-07-11 03:46:06,239 | Training | INFO | Generating raw latent feature distribution scatter plots
2026-07-11 03:46:06,519 | Training | INFO | Initializing UMAP manifold dimension reduction to visualize cluster boundaries
2026-07-11 03:46:19,135 | Training | INFO | Saving UMAP 2D projection scatter plots to: C:\Users\Shankar\Desktop\AstraZeneca\code\astrazeneca\CelllineSelector\artifacts\kmeans_umap_projection.png
2026-07-11 03:46:19,380 | Training | INFO | KMeans model training and diagnostic artifact pipeline run complete.
2026-07-11 03:46:19,380 | Pipelinerunner | INFO | Model: training KNN on MOFA factors
2026-07-11 03:46:19,380 | Training | INFO | Starting KNN Neighborhood Graph Mapping Routine
2026-07-11 03:46:19,381 | Training | INFO | Extracted feature grid array shape for KNN fitting: (1479, 20)
2026-07-11 03:46:19,381 | Training | INFO | Running Kmeans to find the best value of K
2026-07-11 03:46:21,989 | Training | INFO | Fitting mathematical unsupervised graph structure with K=6
2026-07-11 03:46:22,029 | Training | INFO | Saving serialized KNN graph matrix state block
2026-07-11 03:46:22,029 | Utils | INFO | Attempting to write binary pipeline estimator out to filename: knn_model.joblib
2026-07-11 03:46:22,030 | Utils | INFO | Dumping joblib binary payload to path destination: C:\Users\Shankar\Desktop\AstraZeneca\code\astrazeneca\CelllineSelector\models\knn_model.joblib
2026-07-11 03:46:22,032 | Utils | INFO | Model saved to location: C:\Users\Shankar\Desktop\AstraZeneca\code\astrazeneca\CelllineSelector\models\knn_model.joblib
2026-07-11 03:46:22,033 | Training | INFO | Saving average neighbor neighborhood distance vector records
2026-07-11 03:46:22,033 | Utils | INFO | Initiating save routine for file: KnnDistances.csv into directory: knn_data/knn
2026-07-11 03:46:22,039 | Utils | INFO | Data frame successfully serialized to: C:\Users\Shankar\Desktop\AstraZeneca\code\astrazeneca\CelllineSelector\data\knn_data\knn\KnnDistances.csv
2026-07-11 03:46:22,039 | Training | INFO | Writing global neighborhood closeness baseline scores to: C:\Users\Shankar\Desktop\AstraZeneca\code\astrazeneca\CelllineSelector\artifacts\knn_metrics.txt
2026-07-11 03:46:22,040 | Training | INFO | Plotting neighborhood local density scatter spaces
2026-07-11 03:46:22,439 | Training | INFO | Constructing decision boundary mesh space for 2D geographic region mapping
2026-07-11 03:46:28,447 | Training | INFO | Saving 2D spatial region area contour projection map to: C:\Users\Shankar\Desktop\AstraZeneca\code\astrazeneca\CelllineSelector\artifacts\knn_umap_area_map.png
2026-07-11 03:46:28,447 | Training | INFO | KNN neighbor model training, mapping, and metric logs complete.
2026-07-11 03:46:28,447 | Pipelinerunner | INFO | Model: testing KMeans
2026-07-11 03:46:28,447 | Testing | INFO | Starting KMeans Inference Validation Test
2026-07-11 03:46:28,448 | Testing | INFO | Reading multi-omics latent factor matrix matrix
2026-07-11 03:46:28,448 | Utils | INFO | Reading structured dataset: multiomincsfactor.csv from path: mofa_data/multiomincsfactor
2026-07-11 03:46:28,464 | Utils | INFO | Successfully loaded file. Calculated shape: (1479, 21)
2026-07-11 03:46:28,484 | Testing | INFO | Target match tracking: Located 3 out of 4 requested validation cell lines.
2026-07-11 03:46:28,485 | Testing | INFO | KMeans inference matrix shape: (3, 20)
2026-07-11 03:46:28,485 | Testing | INFO | Loading serialized KMeans pipeline estimator instance
2026-07-11 03:46:28,485 | Utils | INFO | Attempting to load binary pipeline estimator from storage name: kmeans_model.joblib
2026-07-11 03:46:28,496 | Utils | INFO | Model has been successfully loaded from the path
2026-07-11 03:46:28,496 | Testing | INFO | Executing cluster coordinate predictions
2026-07-11 03:46:28,497 | Testing | INFO | Writing KMeans cluster profiles out to: C:\Users\Shankar\Desktop\AstraZeneca\code\astrazeneca\CelllineSelector\artifacts\kmeanstestresults.txt
2026-07-11 03:46:28,499 | Testing | INFO | KMeans inference validation completed successfully.
2026-07-11 03:46:28,499 | Pipelinerunner | INFO | Model: testing KNN
2026-07-11 03:46:28,499 | Testing | INFO | Starting KNN Sister Neighborhood Selection Test
2026-07-11 03:46:28,499 | Testing | INFO | Reading multi-omics latent factor matrix matrix
2026-07-11 03:46:28,499 | Utils | INFO | Reading structured dataset: multiomincsfactor.csv from path: mofa_data/multiomincsfactor
2026-07-11 03:46:28,506 | Utils | INFO | Successfully loaded file. Calculated shape: (1479, 21)
2026-07-11 03:46:28,508 | Testing | INFO | Target match tracking: Located 3 out of 4 requested validation cell lines.
2026-07-11 03:46:28,508 | Testing | INFO | KNN neighbor query coordinates feature shape: (3, 20)
2026-07-11 03:46:28,509 | Testing | INFO | Loading serialized KNN neighbor graph mapping pipeline
2026-07-11 03:46:28,509 | Utils | INFO | Attempting to load binary pipeline estimator from storage name: knn_model.joblib
2026-07-11 03:46:28,516 | Utils | INFO | Model has been successfully loaded from the path
2026-07-11 03:46:28,516 | Testing | INFO | Computing closest neighborhood indices and multi-dimensional distances
2026-07-11 03:46:28,531 | Testing | INFO | Writing alternative neighborhood assignments out to: C:\Users\Shankar\Desktop\AstraZeneca\code\astrazeneca\CelllineSelector\artifacts\knntestresults.txt
2026-07-11 03:46:28,534 | Testing | INFO | KNN neighborhood verification test complete.
2026-07-11 03:46:28,534 | Pipelinerunner | INFO | Model: computing cosine similarity matrix
2026-07-11 03:46:28,535 | Cosine Matrix | INFO | Starting the cosine matrix formation to find similarity
2026-07-11 03:46:28,535 | Cosine Matrix | INFO | (1479, 21)
2026-07-11 03:46:28,535 | Cosine Matrix | INFO | (19918, 20)
2026-07-11 03:46:28,537 | Cosine Matrix | INFO | Starting to get the cosine values
2026-07-11 03:46:28,615 | Cosine Matrix | INFO | Starting to get the cosine values have been determined
2026-07-11 03:46:28,615 | Cosine Matrix | INFO | Creating a dataframe
2026-07-11 03:46:28,713 | Cosine Matrix | INFO | Dataframe has been created
2026-07-11 03:46:28,714 | Cosine Matrix | INFO | (1479, 19918)
2026-07-11 03:46:28,736 | Cosine Matrix | INFO | Saving the raw cosine dataframe
2026-07-11 03:46:28,737 | Utils | INFO | Initiating save routine for file: cosinematrix.csv into directory: cosine_matrix/cosine
2026-07-11 03:46:59,686 | Utils | INFO | Data frame successfully serialized to: C:\Users\Shankar\Desktop\AstraZeneca\code\astrazeneca\CelllineSelector\data\cosine_matrix\cosine\cosinematrix.csv
2026-07-11 03:46:59,687 | Cosine Matrix | INFO | Similarity dataset has been saved successfully returning the file
2026-07-11 03:46:59,946 | Pipelinerunner | INFO | Model: min-max scaling similarity matrix for scoring
2026-07-11 03:46:59,960 | Preprocessing | INFO | Starting MinMax scaling transformation (0-1 range)
2026-07-11 03:47:00,279 | Preprocessing | INFO | MinMax scaling completed successfully
2026-07-11 03:47:05,640 | Utils | INFO | Initiating save routine for file: cosinematrix.csv into directory: scoring/cosine_matrix
2026-07-11 03:48:35,631 | Utils | INFO | Data frame successfully serialized to: C:\Users\Shankar\Desktop\AstraZeneca\code\astrazeneca\CelllineSelector\data\scoring\cosine_matrix\cosinematrix.csv
2026-07-11 03:48:35,934 | Pipelinerunner | INFO | Model pipeline completed successfully
2026-07-11 03:48:35,947 | Pipelinerunner | INFO | Model Pipeline completed successfully
2026-07-11 03:48:36,059 | Pipelinerunner | INFO | Starting the Scoring Pipeline
2026-07-11 03:48:36,059 | Pipelinerunner | INFO | Scoring: reading depmap ModelIDs for master filter
2026-07-11 03:48:36,059 | Utils | INFO | Reading structured dataset: 2_DepMap_OmicsExpressionAllGenesTPMLogp1Profile.csv from path: cleaned_data/gene expression
2026-07-11 03:48:42,974 | Utils | INFO | Successfully loaded file. Calculated shape: (1479, 19920)
2026-07-11 03:48:43,125 | Pipelinerunner | INFO | Scoring: processing hpa_rna
2026-07-11 03:48:43,125 | Utils | INFO | Reading structured dataset: 1_4_hpa_rna_celline.csv from path: cleaned_data/gene expression
2026-07-11 03:48:49,217 | Utils | INFO | Successfully loaded file. Calculated shape: (1375, 20165)
2026-07-11 03:48:50,167 | Preprocessing | INFO | Starting MinMax scaling transformation (0-1 range)
2026-07-11 03:48:50,733 | Preprocessing | INFO | MinMax scaling completed successfully
2026-07-11 03:48:56,610 | Utils | INFO | Initiating save routine for file: 1_4_hpa_rna_celline.csv into directory: scoring/gene expression
2026-07-11 03:50:29,067 | Utils | INFO | Data frame successfully serialized to: C:\Users\Shankar\Desktop\AstraZeneca\code\astrazeneca\CelllineSelector\data\scoring\gene expression\1_4_hpa_rna_celline.csv
2026-07-11 03:50:29,665 | Pipelinerunner | INFO | Scoring: processing depmap expression
2026-07-11 03:50:29,666 | Utils | INFO | Reading structured dataset: 2_DepMap_OmicsExpressionAllGenesTPMLogp1Profile.csv from path: cleaned_data/gene expression
2026-07-11 03:50:39,382 | Utils | INFO | Successfully loaded file. Calculated shape: (1479, 19920)
2026-07-11 03:50:39,666 | Preprocessing | INFO | Starting MinMax scaling transformation (0-1 range)
2026-07-11 03:50:40,305 | Preprocessing | INFO | MinMax scaling completed successfully
2026-07-11 03:50:46,504 | Utils | INFO | Initiating save routine for file: 2_DepMap_OmicsExpressionAllGenesTPMLogp1Profile.csv into directory: scoring/gene expression
2026-07-11 03:52:17,192 | Utils | INFO | Data frame successfully serialized to: C:\Users\Shankar\Desktop\AstraZeneca\code\astrazeneca\CelllineSelector\data\scoring\gene expression\2_DepMap_OmicsExpressionAllGenesTPMLogp1Profile.csv
2026-07-11 03:52:17,534 | Pipelinerunner | INFO | Scoring: processing geoexpression
2026-07-11 03:52:17,535 | Utils | INFO | Reading structured dataset: 3_GEOexpression.csv from path: cleaned_data/gene expression
2026-07-11 03:52:25,406 | Utils | INFO | Successfully loaded file. Calculated shape: (19914, 3268)
2026-07-11 03:52:25,428 | Preprocessing | INFO | Starting MinMax scaling transformation (0-1 range)
2026-07-11 03:52:26,385 | Preprocessing | INFO | MinMax scaling completed successfully
2026-07-11 03:52:26,668 | Utils | INFO | Initiating save routine for file: 3_GEOexpression.csv into directory: scoring/gene expression
2026-07-11 03:53:49,310 | Utils | INFO | Data frame successfully serialized to: C:\Users\Shankar\Desktop\AstraZeneca\code\astrazeneca\CelllineSelector\data\scoring\gene expression\3_GEOexpression.csv
2026-07-11 03:53:49,535 | Pipelinerunner | INFO | Scoring: processing harmonized MS
2026-07-11 03:53:49,535 | Utils | INFO | Reading structured dataset: 4_harmonized_ms_cellline_cleaned.csv from path: cleaned_data/gene expression
2026-07-11 03:53:50,347 | Utils | INFO | Successfully loaded file. Calculated shape: (375, 12559)
2026-07-11 03:53:50,583 | Preprocessing | INFO | Starting MinMax scaling transformation (0-1 range)
2026-07-11 03:53:50,791 | Preprocessing | INFO | MinMax scaling completed successfully
2026-07-11 03:53:52,306 | Utils | INFO | Initiating save routine for file: 4_Harmonized_MS_CCLE_Gygi_subsetted.csv into directory: scoring/gene expression
2026-07-11 03:54:04,752 | Utils | INFO | Data frame successfully serialized to: C:\Users\Shankar\Desktop\AstraZeneca\code\astrazeneca\CelllineSelector\data\scoring\gene expression\4_Harmonized_MS_CCLE_Gygi_subsetted.csv
2026-07-11 03:54:04,889 | Pipelinerunner | INFO | Scoring: passing through 5_OmicsFusionFilteredSupplementary.csv
2026-07-11 03:54:04,890 | Utils | INFO | Reading structured dataset: 5_OmicsFusionFilteredSupplementary.csv from path: cleaned_data/gene properties
2026-07-11 03:54:05,707 | Utils | INFO | Successfully loaded file. Calculated shape: (184237, 31)
2026-07-11 03:54:05,708 | Utils | INFO | Initiating save routine for file: 5_OmicsFusionFilteredSupplementary.csv into directory: scoring/gene properties
2026-07-11 03:54:07,104 | Utils | INFO | Data frame successfully serialized to: C:\Users\Shankar\Desktop\AstraZeneca\code\astrazeneca\CelllineSelector\data\scoring\gene properties\5_OmicsFusionFilteredSupplementary.csv
2026-07-11 03:54:07,224 | Pipelinerunner | INFO | Scoring: passing through 6_OmicsSomaticMutationsProfile.csv
2026-07-11 03:54:07,224 | Utils | INFO | Reading structured dataset: 6_OmicsSomaticMutationsProfile.csv from path: cleaned_data/gene properties
2026-07-11 03:54:15,824 | Utils | INFO | Successfully loaded file. Calculated shape: (1066869, 71)
2026-07-11 03:54:15,824 | Utils | INFO | Initiating save routine for file: 6_OmicsSomaticMutationsProfile.csv into directory: scoring/gene properties
2026-07-11 03:54:35,423 | Utils | INFO | Data frame successfully serialized to: C:\Users\Shankar\Desktop\AstraZeneca\code\astrazeneca\CelllineSelector\data\scoring\gene properties\6_OmicsSomaticMutationsProfile.csv
2026-07-11 03:54:35,575 | Pipelinerunner | INFO | Scoring: passing through 12_CCLE_metabolomics_20190502.csv
2026-07-11 03:54:35,575 | Utils | INFO | Reading structured dataset: 12_CCLE_metabolomics_20190502.csv from path: cleaned_data/non gene expression
2026-07-11 03:54:35,624 | Utils | INFO | Successfully loaded file. Calculated shape: (928, 227)
2026-07-11 03:54:35,625 | Utils | INFO | Initiating save routine for file: 12_CCLE_metabolomics_20190502.csv into directory: scoring/non gene expression
2026-07-11 03:54:35,747 | Utils | INFO | Data frame successfully serialized to: C:\Users\Shankar\Desktop\AstraZeneca\code\astrazeneca\CelllineSelector\data\scoring\non gene expression\12_CCLE_metabolomics_20190502.csv
2026-07-11 03:54:35,861 | Pipelinerunner | INFO | Scoring: passing through 14_OmicsGlobalSignatures.csv
2026-07-11 03:54:35,861 | Utils | INFO | Reading structured dataset: 14_OmicsGlobalSignatures.csv from path: cleaned_data/non gene expression
2026-07-11 03:54:35,887 | Utils | INFO | Successfully loaded file. Calculated shape: (1955, 11)
2026-07-11 03:54:35,887 | Utils | INFO | Initiating save routine for file: 14_OmicsGlobalSignatures.csv into directory: scoring/non gene expression
2026-07-11 03:54:35,898 | Utils | INFO | Data frame successfully serialized to: C:\Users\Shankar\Desktop\AstraZeneca\code\astrazeneca\CelllineSelector\data\scoring\non gene expression\14_OmicsGlobalSignatures.csv
2026-07-11 03:54:36,013 | Pipelinerunner | INFO | Starting to build the look up table
2026-07-11 03:54:36,013 | LookupTable | INFO | Starting lookup-table construction
2026-07-11 03:54:36,014 | LookupTable | INFO | Building master_lookup
2026-07-11 03:54:36,014 | LookupTable | INFO | Reading nomenclature source files for master lookup
2026-07-11 03:54:36,014 | Utils | INFO | Attempting to read raw data asset: 8_DepMap_OmicsProfiles from subfolder: nomenclature
2026-07-11 03:54:36,033 | Utils | INFO | File has been read returning the file
2026-07-11 03:54:36,033 | Utils | INFO | Attempting to read raw data asset: 9_DepMap_sample_info from subfolder: nomenclature
2026-07-11 03:54:36,061 | Utils | INFO | File has been read returning the file
2026-07-11 03:54:36,061 | Utils | INFO | Attempting to read raw data asset: 10_GEOInfo from subfolder: nomenclature
2026-07-11 03:54:36,104 | Utils | INFO | File has been read returning the file
2026-07-11 03:54:36,104 | Utils | INFO | Attempting to read raw data asset: 7_cellosaurus from subfolder: nomenclature
2026-07-11 03:54:37,027 | Utils | INFO | File has been read returning the file
2026-07-11 03:54:37,027 | LookupTable | INFO | Loaded 8_DepMap_OmicsProfiles: shape=(3830, 5)
2026-07-11 03:54:37,027 | LookupTable | INFO | Loaded 9_DepMap_sample_info: shape=(1840, 29)
2026-07-11 03:54:37,027 | LookupTable | INFO | Loaded 10_GEOInfo: shape=(3267, 23)
2026-07-11 03:54:37,028 | LookupTable | INFO | Loaded 7_cellosaurus: shape=(152231, 17)
2026-07-11 03:54:37,028 | LookupTable | INFO | Establishing anchor set from RNA-profiled ACH- codes
2026-07-11 03:54:37,055 | LookupTable | INFO | Anchor ACH- codes: 1479 unique (dropped 16 duplicate PR- per ACH-)
2026-07-11 03:54:37,056 | LookupTable | INFO | Attaching sample_info identity columns (names, CVCL, disease, lineage)
2026-07-11 03:54:37,068 | LookupTable | INFO | Master frame after identity merge: shape=(1479, 8)
2026-07-11 03:54:37,069 | LookupTable | INFO | Missing cell_line_name: 114 | Missing CVCL_ID: 80
2026-07-11 03:54:37,069 | LookupTable | INFO | Building ACH- -> name map from Cellosaurus cross-references
2026-07-11 03:54:44,762 | LookupTable | INFO | ACH- codes found in Cellosaurus cross-references: 1907
2026-07-11 03:54:44,763 | LookupTable | INFO | Resolving display names via priority chain (sample_info -> CCLE_Name -> Cellosaurus -> stripped -> ACH_ID)
2026-07-11 03:54:44,865 | LookupTable | INFO | Name resolution complete: resolved=1438 | anonymous (name == ACH_ID)=41
2026-07-11 03:54:44,866 | LookupTable | INFO | Selecting and renaming final master columns
2026-07-11 03:54:44,868 | LookupTable | INFO | Back-filling missing CVCL IDs from Cellosaurus name maps
2026-07-11 03:54:45,291 | LookupTable | INFO | CVCL back-fill: missing before=80 -> after=45 (recovered 35)
2026-07-11 03:54:45,292 | LookupTable | INFO | Attaching GSM IDs via GSM to CVCL for ACH bridge
2026-07-11 03:54:45,339 | LookupTable | INFO | GSM attachment: with GSM IDs=523 | without=956
2026-07-11 03:54:45,340 | LookupTable | INFO | master_lookup final shape: (1479, 10)
2026-07-11 03:54:45,340 | LookupTable | INFO | Saving artifact 'master_lookup' (shape=(1479, 10)) to subfolder 'master'
2026-07-11 03:54:45,344 | LookupTable | INFO | Column 'GSM_IDs' holds list values; stringifying for CSV export
2026-07-11 03:54:45,352 | LookupTable | INFO | Successfully saved 'master_lookup' to: C:\Users\Shankar\Desktop\AstraZeneca\code\astrazeneca\CelllineSelector\data\lookup\master\master_lookup.csv
2026-07-11 03:54:45,352 | LookupTable | INFO | Stage 1 (master_lookup) completed successfully
2026-07-11 03:54:45,358 | LookupTable | INFO | Building gene_ensg_map
2026-07-11 03:54:45,358 | LookupTable | INFO | Reading mart_export for protein-coding gene filter
2026-07-11 03:54:45,359 | Utils | INFO | Attempting to read raw data asset: mart_export from subfolder: mart_export
2026-07-11 03:54:45,656 | Utils | INFO | File has been read returning the file
2026-07-11 03:54:45,716 | LookupTable | INFO | Protein-coding ENSG IDs in mart: 23272
2026-07-11 03:54:45,716 | LookupTable | INFO | Reading File 2 header only (nrows=0) from: C:\Users\Shankar\Desktop\AstraZeneca\code\astrazeneca\CelllineSelector\data\raw\gene expression\2_DepMap_OmicsExpressionAllGenesTPMLogp1Profile.csv
2026-07-11 03:54:48,230 | LookupTable | INFO | File 2 column count: 53962
2026-07-11 03:54:48,230 | LookupTable | INFO | Parsing 'SYMBOL (ENSGID)' headers and filtering to protein-coding
2026-07-11 03:54:48,304 | LookupTable | INFO | Primary symbol to ENSG mappings built: 19896
2026-07-11 03:54:48,313 | LookupTable | INFO | gene_ensg_map final rows: 19907
2026-07-11 03:54:48,313 | LookupTable | INFO | Saving artifact 'gene_ensg_map' (shape=(19907, 2)) to subfolder 'gene_maps'
2026-07-11 03:54:48,336 | LookupTable | INFO | Successfully saved 'gene_ensg_map' to: C:\Users\Shankar\Desktop\AstraZeneca\code\astrazeneca\CelllineSelector\data\lookup\gene_maps\gene_ensg_map.csv
2026-07-11 03:54:48,336 | LookupTable | INFO | Stage 2 (gene_ensg_map) completed successfully
2026-07-11 03:54:48,351 | LookupTable | INFO | Building gene_protein_map
2026-07-11 03:54:48,352 | LookupTable | INFO | Reading File 4 header only (nrows=0) from: C:\Users\Shankar\Desktop\AstraZeneca\code\astrazeneca\CelllineSelector\data\raw\gene expression\4_Harmonized_MS_CCLE_Gygi_subsetted.csv
2026-07-11 03:54:48,926 | LookupTable | INFO | File 4 column count: 12559
2026-07-11 03:54:48,962 | LookupTable | INFO | Parsing 'UNIPROT (GENE)' headers and resolving each to ENSG
2026-07-11 03:54:48,999 | LookupTable | INFO | gene_protein_map rows: 12559 | resolved via alias table: 11
2026-07-11 03:54:49,000 | LookupTable | INFO | Proteins with ENSG: 12408 | without ENSG: 151
2026-07-11 03:54:49,000 | LookupTable | INFO | Saving artifact 'gene_protein_map' (shape=(12559, 3)) to subfolder 'gene_maps'
2026-07-11 03:54:49,020 | LookupTable | INFO | Successfully saved 'gene_protein_map' to: C:\Users\Shankar\Desktop\AstraZeneca\code\astrazeneca\CelllineSelector\data\lookup\gene_maps\gene_protein_map.csv
2026-07-11 03:54:49,020 | LookupTable | INFO | Stage 3 (gene_protein_map) completed successfully
2026-07-11 03:54:49,026 | LookupTable | INFO | All three lookup artifacts built and saved successfully
2026-07-11 03:54:49,026 | Pipelinerunner | INFO | Look up table has been built successfully
2026-07-11 03:54:49,026 | Pipelinerunner | INFO | Scoring pipeline completed successfully
2026-07-11 03:54:49,032 | Pipelinerunner | INFO | Scoring pipeline completed successfully
2026-07-11 03:54:49,032 | ML Pipeline | INFO | Machine learning flow completed
2026-07-11 03:58:17,346 | Utils | INFO | Reading structured dataset: master_lookup.csv from path: lookup/master
2026-07-11 03:58:17,406 | Utils | INFO | Successfully loaded file. Calculated shape: (1479, 10)
2026-07-11 03:58:17,420 | Utils | INFO | Reading structured dataset: gene_ensg_map.csv from path: lookup/gene_maps
2026-07-11 03:58:17,461 | Utils | INFO | Successfully loaded file. Calculated shape: (19907, 2)
2026-07-11 03:58:17,465 | Utils | INFO | Reading structured dataset: gene_protein_map.csv from path: lookup/gene_maps
2026-07-11 03:58:17,506 | Utils | INFO | Successfully loaded file. Calculated shape: (12559, 3)
2026-07-11 03:58:17,510 | Utils | INFO | Reading structured dataset: 2_DepMap_OmicsExpressionAllGenesTPMLogp1Profile.csv from path: scoring/gene expression
2026-07-11 03:58:24,490 | Utils | INFO | Successfully loaded file. Calculated shape: (1479, 19920)
2026-07-11 03:58:24,550 | Utils | INFO | Reading structured dataset: 1_4_hpa_rna_celline.csv from path: scoring/gene expression
2026-07-11 03:58:29,919 | Utils | INFO | Successfully loaded file. Calculated shape: (1145, 20165)
2026-07-11 03:58:30,201 | Utils | INFO | Reading structured dataset: 4_Harmonized_MS_CCLE_Gygi_subsetted.csv from path: scoring/gene expression
2026-07-11 03:58:30,960 | Utils | INFO | Successfully loaded file. Calculated shape: (375, 12559)
2026-07-11 03:58:30,984 | Utils | INFO | Reading structured dataset: cosinematrix.csv from path: scoring/cosine_matrix
2026-07-11 03:58:37,939 | Utils | INFO | Successfully loaded file. Calculated shape: (1479, 19919)
2026-07-11 03:58:38,094 | Utils | INFO | Reading structured dataset: gene_ensg_map.csv from path: lookup/gene_maps
2026-07-11 03:58:38,113 | Utils | INFO | Successfully loaded file. Calculated shape: (19907, 2)
2026-07-11 03:58:38,115 | Utils | INFO | Reading structured dataset: gene_protein_map.csv from path: lookup/gene_maps
2026-07-11 03:58:38,129 | Utils | INFO | Successfully loaded file. Calculated shape: (12559, 3)
2026-07-11 03:58:38,132 | Utils | INFO | Reading structured dataset: 2_DepMap_OmicsExpressionAllGenesTPMLogp1Profile.csv from path: scoring/gene expression
2026-07-11 03:58:44,733 | Utils | INFO | Successfully loaded file. Calculated shape: (1479, 19920)
2026-07-11 03:58:44,794 | Utils | INFO | Reading structured dataset: 1_4_hpa_rna_celline.csv from path: scoring/gene expression
2026-07-11 03:58:50,113 | Utils | INFO | Successfully loaded file. Calculated shape: (1145, 20165)
2026-07-11 03:58:50,386 | Utils | INFO | Reading structured dataset: 4_Harmonized_MS_CCLE_Gygi_subsetted.csv from path: scoring/gene expression
2026-07-11 03:58:51,273 | Utils | INFO | Successfully loaded file. Calculated shape: (375, 12559)
2026-07-11 03:58:51,296 | Utils | INFO | Reading structured dataset: cosinematrix.csv from path: scoring/cosine_matrix
2026-07-11 03:58:58,047 | Utils | INFO | Successfully loaded file. Calculated shape: (1479, 19919)
2026-07-11 03:58:58,956 | Utils | INFO | Reading structured dataset: 5_OmicsFusionFilteredSupplementary.csv from path: scoring/gene properties
2026-07-11 03:58:59,769 | Utils | INFO | Successfully loaded file. Calculated shape: (184237, 31)
2026-07-11 03:58:59,971 | Utils | INFO | Reading structured dataset: 6_OmicsSomaticMutationsProfile.csv from path: scoring/gene properties
2026-07-11 03:59:08,667 | Utils | INFO | Successfully loaded file. Calculated shape: (1066869, 71)
2026-07-11 03:59:09,484 | Utils | INFO | Reading structured dataset: 5_OmicsFusionFilteredSupplementary.csv from path: scoring/gene properties
2026-07-11 03:59:10,380 | Utils | INFO | Successfully loaded file. Calculated shape: (184237, 31)
2026-07-11 03:59:10,477 | Utils | INFO | Reading structured dataset: 6_OmicsSomaticMutationsProfile.csv from path: scoring/gene properties
2026-07-11 03:59:18,799 | Utils | INFO | Successfully loaded file. Calculated shape: (1066869, 71)
2026-07-11 03:59:19,433 | Utils | INFO | Reading structured dataset: multiomincsfactor.csv from path: mofa_data/multiomincsfactor
2026-07-11 03:59:19,442 | Utils | INFO | Successfully loaded file. Calculated shape: (1479, 21)
2026-07-11 03:59:19,443 | Utils | INFO | Attempting to load binary pipeline estimator from storage name: kmeans_model.joblib
2026-07-11 03:59:19,665 | Utils | INFO | Model has been successfully loaded from the path
2026-07-11 03:59:32,533 | Utils | INFO | Reading structured dataset: multiomincsfactor.csv from path: mofa_data/multiomincsfactor
2026-07-11 03:59:32,540 | Utils | INFO | Successfully loaded file. Calculated shape: (1479, 21)
2026-07-11 03:59:32,542 | Utils | INFO | Attempting to load binary pipeline estimator from storage name: knn_model.joblib
2026-07-11 03:59:32,543 | Utils | INFO | Model has been successfully loaded from the path
2026-07-11 03:59:32,868 | Utils | INFO | Reading structured dataset: master_lookup.csv from path: lookup/master
2026-07-11 03:59:32,875 | Utils | INFO | Successfully loaded file. Calculated shape: (1479, 10)
2026-07-11 03:59:32,880 | Utils | INFO | Reading structured dataset: master_lookup.csv from path: lookup/master
2026-07-11 03:59:32,886 | Utils | INFO | Successfully loaded file. Calculated shape: (1479, 10)
2026-07-11 03:59:32,891 | Utils | INFO | Initiating save routine for file: final_top10_df.csv into directory: test/top10
2026-07-11 03:59:32,891 | Utils | INFO | Creating missing directory destination structure: C:\Users\Shankar\Desktop\AstraZeneca\code\astrazeneca\CelllineSelector\data\test\top10
2026-07-11 03:59:32,896 | Utils | INFO | Data frame successfully serialized to: C:\Users\Shankar\Desktop\AstraZeneca\code\astrazeneca\CelllineSelector\data\test\top10\final_top10_df.csv
2026-07-11 03:59:32,896 | Utils | INFO | Initiating save routine for file: alternative_top_10.csv into directory: test/top10
2026-07-11 03:59:32,898 | Utils | INFO | Data frame successfully serialized to: C:\Users\Shankar\Desktop\AstraZeneca\code\astrazeneca\CelllineSelector\data\test\top10\alternative_top_10.csv
2026-07-11 03:59:32,899 | Utils | INFO | Initiating save routine for file: fusion_reference_df.csv into directory: test/top10
2026-07-11 03:59:32,899 | Utils | ERROR | Failed to save data matrix asset to disk structure: Provided dataframe reference is empty or undefined.
2026-07-11 03:59:32,899 | Utils | INFO | Initiating save routine for file: mutation_reference_df.csv into directory: test/top10
2026-07-11 03:59:32,899 | Utils | ERROR | Failed to save data matrix asset to disk structure: Provided dataframe reference is empty or undefined.
2026-07-11 03:59:32,899 | Utils | INFO | Initiating save routine for file: scored_df.csv into directory: test/top10
2026-07-11 03:59:32,902 | Utils | INFO | Data frame successfully serialized to: C:\Users\Shankar\Desktop\AstraZeneca\code\astrazeneca\CelllineSelector\data\test\top10\scored_df.csv
2026-07-11 04:56:28,926 | Utils | INFO | Reading structured dataset: gene_ensg_map.csv from path: lookup/gene_maps
2026-07-11 04:56:29,000 | Utils | INFO | Successfully loaded file. Calculated shape: (19907, 2)
2026-07-11 04:56:29,030 | Utils | INFO | Reading structured dataset: gene_protein_map.csv from path: lookup/gene_maps
2026-07-11 04:56:29,060 | Utils | INFO | Successfully loaded file. Calculated shape: (12559, 3)
2026-07-11 04:56:29,063 | Utils | INFO | Reading structured dataset: 2_DepMap_OmicsExpressionAllGenesTPMLogp1Profile.csv from path: scoring/gene expression
2026-07-11 04:56:36,025 | Utils | INFO | Successfully loaded file. Calculated shape: (1479, 19920)
2026-07-11 04:56:36,108 | Utils | INFO | Reading structured dataset: 1_4_hpa_rna_celline.csv from path: scoring/gene expression
2026-07-11 04:56:41,341 | Utils | INFO | Successfully loaded file. Calculated shape: (1145, 20165)
2026-07-11 04:56:41,606 | Utils | INFO | Reading structured dataset: 4_Harmonized_MS_CCLE_Gygi_subsetted.csv from path: scoring/gene expression
2026-07-11 04:56:42,362 | Utils | INFO | Successfully loaded file. Calculated shape: (375, 12559)
2026-07-11 04:56:42,386 | Utils | INFO | Reading structured dataset: cosinematrix.csv from path: scoring/cosine_matrix
2026-07-11 04:56:49,498 | Utils | INFO | Successfully loaded file. Calculated shape: (1479, 19919)
2026-07-11 04:56:49,707 | Utils | INFO | Reading structured dataset: gene_ensg_map.csv from path: lookup/gene_maps
2026-07-11 04:56:49,725 | Utils | INFO | Successfully loaded file. Calculated shape: (19907, 2)
2026-07-11 04:56:49,727 | Utils | INFO | Reading structured dataset: gene_protein_map.csv from path: lookup/gene_maps
2026-07-11 04:56:49,743 | Utils | INFO | Successfully loaded file. Calculated shape: (12559, 3)
2026-07-11 04:56:49,748 | Utils | INFO | Reading structured dataset: 2_DepMap_OmicsExpressionAllGenesTPMLogp1Profile.csv from path: scoring/gene expression
2026-07-11 04:56:56,609 | Utils | INFO | Successfully loaded file. Calculated shape: (1479, 19920)
2026-07-11 04:56:56,672 | Utils | INFO | Reading structured dataset: 1_4_hpa_rna_celline.csv from path: scoring/gene expression
2026-07-11 04:57:01,787 | Utils | INFO | Successfully loaded file. Calculated shape: (1145, 20165)
2026-07-11 04:57:02,028 | Utils | INFO | Reading structured dataset: 4_Harmonized_MS_CCLE_Gygi_subsetted.csv from path: scoring/gene expression
2026-07-11 04:57:02,858 | Utils | INFO | Successfully loaded file. Calculated shape: (375, 12559)
2026-07-11 04:57:02,880 | Utils | INFO | Reading structured dataset: cosinematrix.csv from path: scoring/cosine_matrix
2026-07-11 04:57:10,226 | Utils | INFO | Successfully loaded file. Calculated shape: (1479, 19919)
2026-07-11 05:08:05,317 | Utils | INFO | Reading structured dataset: gene_ensg_map.csv from path: lookup/gene_maps
2026-07-11 05:08:05,373 | Utils | INFO | Successfully loaded file. Calculated shape: (19907, 2)
2026-07-11 05:08:05,401 | Utils | INFO | Reading structured dataset: gene_protein_map.csv from path: lookup/gene_maps
2026-07-11 05:08:05,426 | Utils | INFO | Successfully loaded file. Calculated shape: (12559, 3)
2026-07-11 05:08:05,429 | Utils | INFO | Reading structured dataset: 2_DepMap_OmicsExpressionAllGenesTPMLogp1Profile.csv from path: scoring/gene expression
2026-07-11 05:08:19,188 | Utils | INFO | Successfully loaded file. Calculated shape: (1479, 19920)
2026-07-11 05:08:19,280 | Utils | INFO | Reading structured dataset: 1_4_hpa_rna_celline.csv from path: scoring/gene expression
2026-07-11 05:08:29,532 | Utils | INFO | Successfully loaded file. Calculated shape: (1145, 20165)
2026-07-11 05:08:30,084 | Utils | INFO | Reading structured dataset: 4_Harmonized_MS_CCLE_Gygi_subsetted.csv from path: scoring/gene expression
2026-07-11 05:08:31,602 | Utils | INFO | Successfully loaded file. Calculated shape: (375, 12559)
2026-07-11 05:08:31,633 | Utils | INFO | Reading structured dataset: cosinematrix.csv from path: scoring/cosine_matrix
2026-07-11 05:08:45,776 | Utils | INFO | Successfully loaded file. Calculated shape: (1479, 19919)
2026-07-11 05:08:46,139 | Utils | INFO | Reading structured dataset: gene_ensg_map.csv from path: lookup/gene_maps
2026-07-11 05:08:46,169 | Utils | INFO | Successfully loaded file. Calculated shape: (19907, 2)
2026-07-11 05:08:46,172 | Utils | INFO | Reading structured dataset: gene_protein_map.csv from path: lookup/gene_maps
2026-07-11 05:08:46,198 | Utils | INFO | Successfully loaded file. Calculated shape: (12559, 3)
2026-07-11 05:08:46,213 | Utils | INFO | Reading structured dataset: 2_DepMap_OmicsExpressionAllGenesTPMLogp1Profile.csv from path: scoring/gene expression
2026-07-11 05:08:54,224 | Utils | INFO | Successfully loaded file. Calculated shape: (1479, 19920)
2026-07-11 05:08:54,294 | Utils | INFO | Reading structured dataset: 1_4_hpa_rna_celline.csv from path: scoring/gene expression
2026-07-11 05:08:59,403 | Utils | INFO | Successfully loaded file. Calculated shape: (1145, 20165)
2026-07-11 05:08:59,660 | Utils | INFO | Reading structured dataset: 4_Harmonized_MS_CCLE_Gygi_subsetted.csv from path: scoring/gene expression
2026-07-11 05:09:00,529 | Utils | INFO | Successfully loaded file. Calculated shape: (375, 12559)
2026-07-11 05:09:00,555 | Utils | INFO | Reading structured dataset: cosinematrix.csv from path: scoring/cosine_matrix
2026-07-11 05:09:07,427 | Utils | INFO | Successfully loaded file. Calculated shape: (1479, 19919)
2026-07-11 05:09:08,725 | Utils | INFO | Reading structured dataset: 5_OmicsFusionFilteredSupplementary.csv from path: scoring/gene properties
2026-07-11 05:09:09,579 | Utils | INFO | Successfully loaded file. Calculated shape: (184237, 31)
2026-07-11 05:09:09,768 | Utils | INFO | Reading structured dataset: 6_OmicsSomaticMutationsProfile.csv from path: scoring/gene properties
2026-07-11 05:09:18,185 | Utils | INFO | Successfully loaded file. Calculated shape: (1066869, 71)
2026-07-11 05:09:18,974 | Utils | INFO | Reading structured dataset: 5_OmicsFusionFilteredSupplementary.csv from path: scoring/gene properties
2026-07-11 05:09:19,926 | Utils | INFO | Successfully loaded file. Calculated shape: (184237, 31)
2026-07-11 05:09:20,040 | Utils | INFO | Reading structured dataset: 6_OmicsSomaticMutationsProfile.csv from path: scoring/gene properties
2026-07-11 05:09:28,616 | Utils | INFO | Successfully loaded file. Calculated shape: (1066869, 71)
2026-07-11 05:09:29,266 | Utils | INFO | Reading structured dataset: multiomincsfactor.csv from path: mofa_data/multiomincsfactor
2026-07-11 05:09:29,289 | Utils | INFO | Successfully loaded file. Calculated shape: (1479, 21)
2026-07-11 05:09:29,290 | Utils | INFO | Attempting to load binary pipeline estimator from storage name: kmeans_model.joblib
2026-07-11 05:09:29,729 | Utils | INFO | Model has been successfully loaded from the path
2026-07-11 05:09:43,090 | Utils | INFO | Reading structured dataset: multiomincsfactor.csv from path: mofa_data/multiomincsfactor
2026-07-11 05:09:43,099 | Utils | INFO | Successfully loaded file. Calculated shape: (1479, 21)
2026-07-11 05:09:43,099 | Utils | INFO | Attempting to load binary pipeline estimator from storage name: knn_model.joblib
2026-07-11 05:09:43,107 | Utils | INFO | Model has been successfully loaded from the path
2026-07-11 05:09:43,282 | Utils | INFO | Reading structured dataset: master_lookup.csv from path: lookup/master
2026-07-11 05:09:43,424 | Utils | INFO | Successfully loaded file. Calculated shape: (1479, 10)
2026-07-11 05:09:43,431 | Utils | INFO | Reading structured dataset: master_lookup.csv from path: lookup/master
2026-07-11 05:09:43,438 | Utils | INFO | Successfully loaded file. Calculated shape: (1479, 10)
2026-07-11 05:09:43,445 | Utils | INFO | Initiating save routine for file: final_top10_df.csv into directory: test/top10
2026-07-11 05:09:43,451 | Utils | INFO | Data frame successfully serialized to: C:\Users\Shankar\Desktop\AstraZeneca\code\astrazeneca\CelllineSelector\data\test\top10\final_top10_df.csv
2026-07-11 05:09:43,452 | Utils | INFO | Initiating save routine for file: alternative_top_10.csv into directory: test/top10
2026-07-11 05:09:43,457 | Utils | INFO | Data frame successfully serialized to: C:\Users\Shankar\Desktop\AstraZeneca\code\astrazeneca\CelllineSelector\data\test\top10\alternative_top_10.csv
2026-07-11 05:09:43,457 | Utils | INFO | Initiating save routine for file: fusion_reference_df.csv into directory: test/top10
2026-07-11 05:09:43,458 | Utils | ERROR | Failed to save data matrix asset to disk structure: Provided dataframe reference is empty or undefined.
2026-07-11 05:09:43,458 | Utils | INFO | Initiating save routine for file: mutation_reference_df.csv into directory: test/top10
2026-07-11 05:09:43,463 | Utils | INFO | Data frame successfully serialized to: C:\Users\Shankar\Desktop\AstraZeneca\code\astrazeneca\CelllineSelector\data\test\top10\mutation_reference_df.csv
2026-07-11 05:09:43,463 | Utils | INFO | Initiating save routine for file: scored_df.csv into directory: test/top10
2026-07-11 05:09:43,505 | Utils | INFO | Data frame successfully serialized to: C:\Users\Shankar\Desktop\AstraZeneca\code\astrazeneca\CelllineSelector\data\test\top10\scored_df.csv
2026-07-11 05:45:18,555 | Utils | INFO | Reading structured dataset: gene_ensg_map.csv from path: lookup/gene_maps
2026-07-11 05:45:18,630 | Utils | INFO | Successfully loaded file. Calculated shape: (19907, 2)
2026-07-11 05:45:18,703 | Utils | INFO | Reading structured dataset: gene_protein_map.csv from path: lookup/gene_maps
2026-07-11 05:45:18,734 | Utils | INFO | Successfully loaded file. Calculated shape: (12559, 3)
2026-07-11 05:45:18,739 | Utils | INFO | Reading structured dataset: 2_DepMap_OmicsExpressionAllGenesTPMLogp1Profile.csv from path: scoring/gene expression
2026-07-11 05:45:27,840 | Utils | INFO | Successfully loaded file. Calculated shape: (1479, 19920)
2026-07-11 05:45:27,968 | Utils | INFO | Reading structured dataset: 1_4_hpa_rna_celline.csv from path: scoring/gene expression
2026-07-11 05:45:39,684 | Utils | INFO | Successfully loaded file. Calculated shape: (1145, 20165)
2026-07-11 05:45:40,162 | Utils | INFO | Reading structured dataset: 4_Harmonized_MS_CCLE_Gygi_subsetted.csv from path: scoring/gene expression
2026-07-11 05:45:41,807 | Utils | INFO | Successfully loaded file. Calculated shape: (375, 12559)
2026-07-11 05:45:41,848 | Utils | INFO | Reading structured dataset: cosinematrix.csv from path: scoring/cosine_matrix
2026-07-11 05:45:55,868 | Utils | INFO | Successfully loaded file. Calculated shape: (1479, 19919)
2026-07-11 05:45:56,186 | Utils | INFO | Reading structured dataset: gene_ensg_map.csv from path: lookup/gene_maps
2026-07-11 05:45:56,209 | Utils | INFO | Successfully loaded file. Calculated shape: (19907, 2)
2026-07-11 05:45:56,212 | Utils | INFO | Reading structured dataset: gene_protein_map.csv from path: lookup/gene_maps
2026-07-11 05:45:56,237 | Utils | INFO | Successfully loaded file. Calculated shape: (12559, 3)
2026-07-11 05:45:56,244 | Utils | INFO | Reading structured dataset: 2_DepMap_OmicsExpressionAllGenesTPMLogp1Profile.csv from path: scoring/gene expression
2026-07-11 05:46:09,624 | Utils | INFO | Successfully loaded file. Calculated shape: (1479, 19920)
2026-07-11 05:46:09,741 | Utils | INFO | Reading structured dataset: 1_4_hpa_rna_celline.csv from path: scoring/gene expression
2026-07-11 05:46:17,667 | Utils | INFO | Successfully loaded file. Calculated shape: (1145, 20165)
2026-07-11 05:46:17,943 | Utils | INFO | Reading structured dataset: 4_Harmonized_MS_CCLE_Gygi_subsetted.csv from path: scoring/gene expression
2026-07-11 05:46:18,872 | Utils | INFO | Successfully loaded file. Calculated shape: (375, 12559)
2026-07-11 05:46:18,897 | Utils | INFO | Reading structured dataset: cosinematrix.csv from path: scoring/cosine_matrix
2026-07-11 05:46:25,947 | Utils | INFO | Successfully loaded file. Calculated shape: (1479, 19919)
2026-07-11 05:46:27,086 | Utils | INFO | Reading structured dataset: 5_OmicsFusionFilteredSupplementary.csv from path: scoring/gene properties
2026-07-11 05:46:28,079 | Utils | INFO | Successfully loaded file. Calculated shape: (184237, 31)
2026-07-11 05:46:28,287 | Utils | INFO | Reading structured dataset: 6_OmicsSomaticMutationsProfile.csv from path: scoring/gene properties
2026-07-11 05:46:36,756 | Utils | INFO | Successfully loaded file. Calculated shape: (1066869, 71)
2026-07-11 05:46:37,555 | Utils | INFO | Reading structured dataset: 5_OmicsFusionFilteredSupplementary.csv from path: scoring/gene properties
2026-07-11 05:46:38,483 | Utils | INFO | Successfully loaded file. Calculated shape: (184237, 31)
2026-07-11 05:46:38,584 | Utils | INFO | Reading structured dataset: 6_OmicsSomaticMutationsProfile.csv from path: scoring/gene properties
2026-07-11 05:46:47,572 | Utils | INFO | Successfully loaded file. Calculated shape: (1066869, 71)
2026-07-11 05:46:48,342 | Utils | INFO | Reading structured dataset: multiomincsfactor.csv from path: mofa_data/multiomincsfactor
2026-07-11 05:46:48,353 | Utils | INFO | Successfully loaded file. Calculated shape: (1479, 21)
2026-07-11 05:46:48,354 | Utils | INFO | Attempting to load binary pipeline estimator from storage name: kmeans_model.joblib
2026-07-11 05:46:48,395 | Utils | INFO | Model has been successfully loaded from the path
2026-07-11 05:47:01,091 | Utils | INFO | Reading structured dataset: multiomincsfactor.csv from path: mofa_data/multiomincsfactor
2026-07-11 05:47:01,099 | Utils | INFO | Successfully loaded file. Calculated shape: (1479, 21)
2026-07-11 05:47:01,099 | Utils | INFO | Attempting to load binary pipeline estimator from storage name: knn_model.joblib
2026-07-11 05:47:01,100 | Utils | INFO | Model has been successfully loaded from the path
2026-07-11 05:47:01,264 | Utils | INFO | Reading structured dataset: master_lookup.csv from path: lookup/master
2026-07-11 05:47:01,368 | Utils | INFO | Successfully loaded file. Calculated shape: (1479, 10)
2026-07-11 05:47:01,373 | Utils | INFO | Reading structured dataset: master_lookup.csv from path: lookup/master
2026-07-11 05:47:01,379 | Utils | INFO | Successfully loaded file. Calculated shape: (1479, 10)
2026-07-11 05:47:01,385 | Utils | INFO | Initiating save routine for file: final_top10_df.csv into directory: test/top10
2026-07-11 05:47:01,390 | Utils | INFO | Data frame successfully serialized to: C:\Users\Shankar\Desktop\AstraZeneca\code\astrazeneca\CelllineSelector\data\test\top10\final_top10_df.csv
2026-07-11 05:47:01,390 | Utils | INFO | Initiating save routine for file: alternative_top_10.csv into directory: test/top10
2026-07-11 05:47:01,392 | Utils | INFO | Data frame successfully serialized to: C:\Users\Shankar\Desktop\AstraZeneca\code\astrazeneca\CelllineSelector\data\test\top10\alternative_top_10.csv
2026-07-11 05:47:01,392 | Utils | INFO | Initiating save routine for file: fusion_reference_df.csv into directory: test/top10
2026-07-11 05:47:01,392 | Utils | ERROR | Failed to save data matrix asset to disk structure: Provided dataframe reference is empty or undefined.
2026-07-11 05:47:01,392 | Utils | INFO | Initiating save routine for file: mutation_reference_df.csv into directory: test/top10
2026-07-11 05:47:01,394 | Utils | INFO | Data frame successfully serialized to: C:\Users\Shankar\Desktop\AstraZeneca\code\astrazeneca\CelllineSelector\data\test\top10\mutation_reference_df.csv
2026-07-11 05:47:01,394 | Utils | INFO | Initiating save routine for file: scored_df.csv into directory: test/top10
2026-07-11 05:47:01,421 | Utils | INFO | Data frame successfully serialized to: C:\Users\Shankar\Desktop\AstraZeneca\code\astrazeneca\CelllineSelector\data\test\top10\scored_df.csv
2026-07-11 10:46:15,700 | Utils | INFO | Reading structured dataset: gene_ensg_map.csv from path: lookup/gene_maps
2026-07-11 10:46:15,769 | Utils | INFO | Successfully loaded file. Calculated shape: (19907, 2)
2026-07-11 10:46:15,781 | Utils | INFO | Reading structured dataset: gene_protein_map.csv from path: lookup/gene_maps
2026-07-11 10:46:15,810 | Utils | INFO | Successfully loaded file. Calculated shape: (12559, 3)
2026-07-11 10:46:15,812 | Utils | INFO | Reading structured dataset: 2_DepMap_OmicsExpressionAllGenesTPMLogp1Profile.csv from path: scoring/gene expression
2026-07-11 10:46:22,696 | Utils | INFO | Successfully loaded file. Calculated shape: (1479, 19920)
2026-07-11 10:46:22,766 | Utils | INFO | Reading structured dataset: 1_4_hpa_rna_celline.csv from path: scoring/gene expression
2026-07-11 10:46:28,208 | Utils | INFO | Successfully loaded file. Calculated shape: (1145, 20165)
2026-07-11 10:46:28,486 | Utils | INFO | Reading structured dataset: 4_Harmonized_MS_CCLE_Gygi_subsetted.csv from path: scoring/gene expression
2026-07-11 10:46:29,285 | Utils | INFO | Successfully loaded file. Calculated shape: (375, 12559)
2026-07-11 10:46:29,311 | Utils | INFO | Reading structured dataset: cosinematrix.csv from path: scoring/cosine_matrix
2026-07-11 10:46:36,536 | Utils | INFO | Successfully loaded file. Calculated shape: (1479, 19919)
2026-07-11 10:46:36,724 | Utils | INFO | Reading structured dataset: gene_ensg_map.csv from path: lookup/gene_maps
2026-07-11 10:46:36,743 | Utils | INFO | Successfully loaded file. Calculated shape: (19907, 2)
2026-07-11 10:46:36,745 | Utils | INFO | Reading structured dataset: gene_protein_map.csv from path: lookup/gene_maps
2026-07-11 10:46:36,760 | Utils | INFO | Successfully loaded file. Calculated shape: (12559, 3)
2026-07-11 10:46:36,764 | Utils | INFO | Reading structured dataset: 2_DepMap_OmicsExpressionAllGenesTPMLogp1Profile.csv from path: scoring/gene expression
2026-07-11 10:46:43,674 | Utils | INFO | Successfully loaded file. Calculated shape: (1479, 19920)
2026-07-11 10:46:43,741 | Utils | INFO | Reading structured dataset: 1_4_hpa_rna_celline.csv from path: scoring/gene expression
2026-07-11 10:46:49,480 | Utils | INFO | Successfully loaded file. Calculated shape: (1145, 20165)
2026-07-11 10:46:49,768 | Utils | INFO | Reading structured dataset: 4_Harmonized_MS_CCLE_Gygi_subsetted.csv from path: scoring/gene expression
2026-07-11 10:46:50,656 | Utils | INFO | Successfully loaded file. Calculated shape: (375, 12559)
2026-07-11 10:46:50,682 | Utils | INFO | Reading structured dataset: cosinematrix.csv from path: scoring/cosine_matrix
2026-07-11 10:46:57,818 | Utils | INFO | Successfully loaded file. Calculated shape: (1479, 19919)
2026-07-11 10:46:59,006 | Utils | INFO | Reading structured dataset: 5_OmicsFusionFilteredSupplementary.csv from path: scoring/gene properties
2026-07-11 10:46:59,894 | Utils | INFO | Successfully loaded file. Calculated shape: (184237, 31)
2026-07-11 10:47:00,143 | Utils | INFO | Reading structured dataset: 6_OmicsSomaticMutationsProfile.csv from path: scoring/gene properties
2026-07-11 10:47:08,990 | Utils | INFO | Successfully loaded file. Calculated shape: (1066869, 71)
2026-07-11 10:47:09,865 | Utils | INFO | Reading structured dataset: 5_OmicsFusionFilteredSupplementary.csv from path: scoring/gene properties
2026-07-11 10:47:10,802 | Utils | INFO | Successfully loaded file. Calculated shape: (184237, 31)
2026-07-11 10:47:10,913 | Utils | INFO | Reading structured dataset: 6_OmicsSomaticMutationsProfile.csv from path: scoring/gene properties
2026-07-11 10:47:19,277 | Utils | INFO | Successfully loaded file. Calculated shape: (1066869, 71)
2026-07-11 10:54:45,260 | Utils | INFO | Reading structured dataset: gene_ensg_map.csv from path: lookup/gene_maps
2026-07-11 10:54:45,299 | Utils | INFO | Successfully loaded file. Calculated shape: (19907, 2)
2026-07-11 10:54:45,329 | Utils | INFO | Reading structured dataset: gene_protein_map.csv from path: lookup/gene_maps
2026-07-11 10:54:45,348 | Utils | INFO | Successfully loaded file. Calculated shape: (12559, 3)
2026-07-11 10:54:45,350 | Utils | INFO | Reading structured dataset: 2_DepMap_OmicsExpressionAllGenesTPMLogp1Profile.csv from path: scoring/gene expression
2026-07-11 10:54:58,224 | Utils | INFO | Successfully loaded file. Calculated shape: (1479, 19920)
2026-07-11 10:54:58,376 | Utils | INFO | Reading structured dataset: 1_4_hpa_rna_celline.csv from path: scoring/gene expression
2026-07-11 10:55:08,883 | Utils | INFO | Successfully loaded file. Calculated shape: (1145, 20165)
2026-07-11 10:55:09,382 | Utils | INFO | Reading structured dataset: 4_Harmonized_MS_CCLE_Gygi_subsetted.csv from path: scoring/gene expression
2026-07-11 10:55:10,892 | Utils | INFO | Successfully loaded file. Calculated shape: (375, 12559)
2026-07-11 10:55:10,960 | Utils | INFO | Reading structured dataset: cosinematrix.csv from path: scoring/cosine_matrix
2026-07-11 10:55:21,841 | Utils | INFO | Successfully loaded file. Calculated shape: (1479, 19919)
2026-07-11 10:55:22,052 | Utils | INFO | Reading structured dataset: gene_ensg_map.csv from path: lookup/gene_maps
2026-07-11 10:55:22,071 | Utils | INFO | Successfully loaded file. Calculated shape: (19907, 2)
2026-07-11 10:55:22,073 | Utils | INFO | Reading structured dataset: gene_protein_map.csv from path: lookup/gene_maps
2026-07-11 10:55:22,087 | Utils | INFO | Successfully loaded file. Calculated shape: (12559, 3)
2026-07-11 10:55:22,091 | Utils | INFO | Reading structured dataset: 2_DepMap_OmicsExpressionAllGenesTPMLogp1Profile.csv from path: scoring/gene expression
2026-07-11 10:55:28,835 | Utils | INFO | Successfully loaded file. Calculated shape: (1479, 19920)
2026-07-11 10:55:28,903 | Utils | INFO | Reading structured dataset: 1_4_hpa_rna_celline.csv from path: scoring/gene expression
2026-07-11 10:55:34,290 | Utils | INFO | Successfully loaded file. Calculated shape: (1145, 20165)
2026-07-11 10:55:34,576 | Utils | INFO | Reading structured dataset: 4_Harmonized_MS_CCLE_Gygi_subsetted.csv from path: scoring/gene expression
2026-07-11 10:55:35,458 | Utils | INFO | Successfully loaded file. Calculated shape: (375, 12559)
2026-07-11 10:55:35,480 | Utils | INFO | Reading structured dataset: cosinematrix.csv from path: scoring/cosine_matrix
2026-07-11 10:55:42,420 | Utils | INFO | Successfully loaded file. Calculated shape: (1479, 19919)
2026-07-11 10:55:43,499 | Utils | INFO | Reading structured dataset: 5_OmicsFusionFilteredSupplementary.csv from path: scoring/gene properties
2026-07-11 10:55:44,305 | Utils | INFO | Successfully loaded file. Calculated shape: (184237, 31)
2026-07-11 10:55:44,532 | Utils | INFO | Reading structured dataset: 6_OmicsSomaticMutationsProfile.csv from path: scoring/gene properties
2026-07-11 10:55:52,711 | Utils | INFO | Successfully loaded file. Calculated shape: (1066869, 71)
2026-07-11 10:55:53,343 | Utils | INFO | Reading structured dataset: 5_OmicsFusionFilteredSupplementary.csv from path: scoring/gene properties
2026-07-11 10:55:54,234 | Utils | INFO | Successfully loaded file. Calculated shape: (184237, 31)
2026-07-11 10:55:54,329 | Utils | INFO | Reading structured dataset: 6_OmicsSomaticMutationsProfile.csv from path: scoring/gene properties
2026-07-11 10:56:02,513 | Utils | INFO | Successfully loaded file. Calculated shape: (1066869, 71)
2026-07-11 11:01:45,478 | Utils | INFO | Initiating save routine for file: top10_explanation.csv into directory: test/top10
2026-07-11 11:01:45,572 | Utils | INFO | Data frame successfully serialized to: C:\Users\Shankar\Desktop\AstraZeneca\code\astrazeneca\CelllineSelector\data\test\top10\top10_explanation.csv
2026-07-11 11:01:45,581 | Utils | INFO | Reading structured dataset: multiomincsfactor.csv from path: mofa_data/multiomincsfactor
2026-07-11 11:01:45,677 | Utils | INFO | Successfully loaded file. Calculated shape: (1479, 21)
2026-07-11 11:01:45,683 | Utils | INFO | Attempting to load binary pipeline estimator from storage name: kmeans_model.joblib
2026-07-11 11:01:46,851 | Utils | INFO | Model has been successfully loaded from the path
2026-07-11 11:02:06,228 | Utils | INFO | Reading structured dataset: multiomincsfactor.csv from path: mofa_data/multiomincsfactor
2026-07-11 11:02:06,238 | Utils | INFO | Successfully loaded file. Calculated shape: (1479, 21)
2026-07-11 11:02:06,239 | Utils | INFO | Attempting to load binary pipeline estimator from storage name: knn_model.joblib
2026-07-11 11:02:06,248 | Utils | INFO | Model has been successfully loaded from the path
2026-07-11 11:02:06,461 | Utils | INFO | Reading structured dataset: master_lookup.csv from path: lookup/master
2026-07-11 11:02:06,591 | Utils | INFO | Successfully loaded file. Calculated shape: (1479, 10)
2026-07-11 11:02:06,602 | Utils | INFO | Reading structured dataset: master_lookup.csv from path: lookup/master
2026-07-11 11:02:06,607 | Utils | INFO | Successfully loaded file. Calculated shape: (1479, 10)
2026-07-11 11:02:06,614 | Utils | INFO | Initiating save routine for file: final_top10_df.csv into directory: test/top10
2026-07-11 11:02:06,617 | Utils | INFO | Data frame successfully serialized to: C:\Users\Shankar\Desktop\AstraZeneca\code\astrazeneca\CelllineSelector\data\test\top10\final_top10_df.csv
2026-07-11 11:02:06,617 | Utils | INFO | Initiating save routine for file: alternative_top_10.csv into directory: test/top10
2026-07-11 11:02:06,619 | Utils | INFO | Data frame successfully serialized to: C:\Users\Shankar\Desktop\AstraZeneca\code\astrazeneca\CelllineSelector\data\test\top10\alternative_top_10.csv
2026-07-11 11:02:06,619 | Utils | INFO | Initiating save routine for file: fusion_reference_df.csv into directory: test/top10
2026-07-11 11:02:06,620 | Utils | ERROR | Failed to save data matrix asset to disk structure: Provided dataframe reference is empty or undefined.
2026-07-11 11:02:06,620 | Utils | INFO | Initiating save routine for file: mutation_reference_df.csv into directory: test/top10
2026-07-11 11:02:06,624 | Utils | INFO | Data frame successfully serialized to: C:\Users\Shankar\Desktop\AstraZeneca\code\astrazeneca\CelllineSelector\data\test\top10\mutation_reference_df.csv
2026-07-11 17:05:20,211 | Utils | INFO | Reading structured dataset: gene_ensg_map.csv from path: lookup/gene_maps
2026-07-11 17:05:20,277 | Utils | INFO | Successfully loaded file. Calculated shape: (19907, 2)
2026-07-11 17:05:20,291 | Utils | INFO | Reading structured dataset: gene_protein_map.csv from path: lookup/gene_maps
2026-07-11 17:05:20,316 | Utils | INFO | Successfully loaded file. Calculated shape: (12559, 3)
2026-07-11 17:05:20,318 | Utils | INFO | Reading structured dataset: 2_DepMap_OmicsExpressionAllGenesTPMLogp1Profile.csv from path: scoring/gene expression
2026-07-11 17:05:27,160 | Utils | INFO | Successfully loaded file. Calculated shape: (1479, 19920)
2026-07-11 17:05:27,241 | Utils | INFO | Reading structured dataset: 1_4_hpa_rna_celline.csv from path: scoring/gene expression
2026-07-11 17:05:32,914 | Utils | INFO | Successfully loaded file. Calculated shape: (1145, 20165)
2026-07-11 17:05:33,222 | Utils | INFO | Reading structured dataset: 4_Harmonized_MS_CCLE_Gygi_subsetted.csv from path: scoring/gene expression
2026-07-11 17:05:34,034 | Utils | INFO | Successfully loaded file. Calculated shape: (375, 12559)
2026-07-11 17:05:34,061 | Utils | INFO | Reading structured dataset: cosinematrix.csv from path: scoring/cosine_matrix
2026-07-11 17:05:41,256 | Utils | INFO | Successfully loaded file. Calculated shape: (1479, 19919)
2026-07-11 17:05:41,449 | Utils | INFO | Reading structured dataset: gene_ensg_map.csv from path: lookup/gene_maps
2026-07-11 17:05:41,467 | Utils | INFO | Successfully loaded file. Calculated shape: (19907, 2)
2026-07-11 17:05:41,469 | Utils | INFO | Reading structured dataset: gene_protein_map.csv from path: lookup/gene_maps
2026-07-11 17:05:41,485 | Utils | INFO | Successfully loaded file. Calculated shape: (12559, 3)
2026-07-11 17:05:41,489 | Utils | INFO | Reading structured dataset: 2_DepMap_OmicsExpressionAllGenesTPMLogp1Profile.csv from path: scoring/gene expression
2026-07-11 17:05:48,445 | Utils | INFO | Successfully loaded file. Calculated shape: (1479, 19920)
2026-07-11 17:05:48,508 | Utils | INFO | Reading structured dataset: 1_4_hpa_rna_celline.csv from path: scoring/gene expression
2026-07-11 17:05:53,737 | Utils | INFO | Successfully loaded file. Calculated shape: (1145, 20165)
2026-07-11 17:05:54,001 | Utils | INFO | Reading structured dataset: 4_Harmonized_MS_CCLE_Gygi_subsetted.csv from path: scoring/gene expression
2026-07-11 17:05:54,888 | Utils | INFO | Successfully loaded file. Calculated shape: (375, 12559)
2026-07-11 17:05:54,912 | Utils | INFO | Reading structured dataset: cosinematrix.csv from path: scoring/cosine_matrix
2026-07-11 17:06:01,947 | Utils | INFO | Successfully loaded file. Calculated shape: (1479, 19919)
2026-07-11 17:06:03,131 | Utils | INFO | Reading structured dataset: 5_OmicsFusionFilteredSupplementary.csv from path: scoring/gene properties
2026-07-11 17:06:04,008 | Utils | INFO | Successfully loaded file. Calculated shape: (184237, 31)
2026-07-11 17:06:04,231 | Utils | INFO | Reading structured dataset: 6_OmicsSomaticMutationsProfile.csv from path: scoring/gene properties
2026-07-11 17:06:13,252 | Utils | INFO | Successfully loaded file. Calculated shape: (1066869, 71)
2026-07-11 17:06:14,061 | Utils | INFO | Reading structured dataset: 5_OmicsFusionFilteredSupplementary.csv from path: scoring/gene properties
2026-07-11 17:06:14,982 | Utils | INFO | Successfully loaded file. Calculated shape: (184237, 31)
2026-07-11 17:06:15,089 | Utils | INFO | Reading structured dataset: 6_OmicsSomaticMutationsProfile.csv from path: scoring/gene properties
2026-07-11 17:06:23,661 | Utils | INFO | Successfully loaded file. Calculated shape: (1066869, 71)
2026-07-11 17:18:00,631 | Utils | INFO | Reading structured dataset: gene_ensg_map.csv from path: lookup/gene_maps
2026-07-11 17:18:00,665 | Utils | INFO | Successfully loaded file. Calculated shape: (19907, 2)
2026-07-11 17:18:00,669 | Utils | INFO | Reading structured dataset: gene_protein_map.csv from path: lookup/gene_maps
2026-07-11 17:18:00,699 | Utils | INFO | Successfully loaded file. Calculated shape: (12559, 3)
2026-07-11 17:18:00,705 | Utils | INFO | Reading structured dataset: 2_DepMap_OmicsExpressionAllGenesTPMLogp1Profile.csv from path: scoring/gene expression
2026-07-11 17:18:09,810 | Utils | INFO | Successfully loaded file. Calculated shape: (1479, 19920)
2026-07-11 17:18:09,909 | Utils | INFO | Reading structured dataset: 1_4_hpa_rna_celline.csv from path: scoring/gene expression
2026-07-11 17:18:15,761 | Utils | INFO | Successfully loaded file. Calculated shape: (1145, 20165)
2026-07-11 17:18:16,059 | Utils | INFO | Reading structured dataset: 4_Harmonized_MS_CCLE_Gygi_subsetted.csv from path: scoring/gene expression
2026-07-11 17:18:16,832 | Utils | INFO | Successfully loaded file. Calculated shape: (375, 12559)
2026-07-11 17:18:16,858 | Utils | INFO | Reading structured dataset: cosinematrix.csv from path: scoring/cosine_matrix
2026-07-11 17:18:24,089 | Utils | INFO | Successfully loaded file. Calculated shape: (1479, 19919)
2026-07-11 17:18:24,285 | Utils | INFO | Reading structured dataset: gene_ensg_map.csv from path: lookup/gene_maps
2026-07-11 17:18:24,302 | Utils | INFO | Successfully loaded file. Calculated shape: (19907, 2)
2026-07-11 17:18:24,305 | Utils | INFO | Reading structured dataset: gene_protein_map.csv from path: lookup/gene_maps
2026-07-11 17:18:24,319 | Utils | INFO | Successfully loaded file. Calculated shape: (12559, 3)
2026-07-11 17:18:24,325 | Utils | INFO | Reading structured dataset: 2_DepMap_OmicsExpressionAllGenesTPMLogp1Profile.csv from path: scoring/gene expression
2026-07-11 17:18:36,346 | Utils | INFO | Successfully loaded file. Calculated shape: (1479, 19920)
2026-07-11 17:18:36,422 | Utils | INFO | Reading structured dataset: 1_4_hpa_rna_celline.csv from path: scoring/gene expression
2026-07-11 17:18:47,457 | Utils | INFO | Successfully loaded file. Calculated shape: (1145, 20165)
2026-07-11 17:18:48,002 | Utils | INFO | Reading structured dataset: 4_Harmonized_MS_CCLE_Gygi_subsetted.csv from path: scoring/gene expression
2026-07-11 17:18:48,972 | Utils | INFO | Successfully loaded file. Calculated shape: (375, 12559)
2026-07-11 17:18:48,997 | Utils | INFO | Reading structured dataset: cosinematrix.csv from path: scoring/cosine_matrix
2026-07-11 17:19:00,861 | Utils | INFO | Successfully loaded file. Calculated shape: (1479, 19919)
2026-07-11 17:19:02,835 | Utils | INFO | Reading structured dataset: 5_OmicsFusionFilteredSupplementary.csv from path: scoring/gene properties
2026-07-11 17:19:04,223 | Utils | INFO | Successfully loaded file. Calculated shape: (184237, 31)
2026-07-11 17:19:04,566 | Utils | INFO | Reading structured dataset: 6_OmicsSomaticMutationsProfile.csv from path: scoring/gene properties
2026-07-11 17:19:15,975 | Utils | INFO | Successfully loaded file. Calculated shape: (1066869, 71)
2026-07-11 17:19:16,828 | Utils | INFO | Reading structured dataset: 5_OmicsFusionFilteredSupplementary.csv from path: scoring/gene properties
2026-07-11 17:19:17,750 | Utils | INFO | Successfully loaded file. Calculated shape: (184237, 31)
2026-07-11 17:19:17,867 | Utils | INFO | Reading structured dataset: 6_OmicsSomaticMutationsProfile.csv from path: scoring/gene properties
2026-07-11 17:19:26,380 | Utils | INFO | Successfully loaded file. Calculated shape: (1066869, 71)
2026-07-11 17:28:08,461 | Utils | INFO | Reading structured dataset: gene_ensg_map.csv from path: lookup/gene_maps
2026-07-11 17:28:08,486 | Utils | INFO | Successfully loaded file. Calculated shape: (19907, 2)
2026-07-11 17:28:08,488 | Utils | INFO | Reading structured dataset: gene_protein_map.csv from path: lookup/gene_maps
2026-07-11 17:28:08,502 | Utils | INFO | Successfully loaded file. Calculated shape: (12559, 3)
2026-07-11 17:28:08,505 | Utils | INFO | Reading structured dataset: 2_DepMap_OmicsExpressionAllGenesTPMLogp1Profile.csv from path: scoring/gene expression
2026-07-11 17:28:15,632 | Utils | INFO | Successfully loaded file. Calculated shape: (1479, 19920)
2026-07-11 17:28:15,695 | Utils | INFO | Reading structured dataset: 1_4_hpa_rna_celline.csv from path: scoring/gene expression
2026-07-11 17:28:20,999 | Utils | INFO | Successfully loaded file. Calculated shape: (1145, 20165)
2026-07-11 17:28:21,262 | Utils | INFO | Reading structured dataset: 4_Harmonized_MS_CCLE_Gygi_subsetted.csv from path: scoring/gene expression
2026-07-11 17:28:22,010 | Utils | INFO | Successfully loaded file. Calculated shape: (375, 12559)
2026-07-11 17:28:22,038 | Utils | INFO | Reading structured dataset: cosinematrix.csv from path: scoring/cosine_matrix
2026-07-11 17:28:29,104 | Utils | INFO | Successfully loaded file. Calculated shape: (1479, 19919)
2026-07-11 17:28:29,337 | Utils | INFO | Reading structured dataset: gene_ensg_map.csv from path: lookup/gene_maps
2026-07-11 17:28:29,356 | Utils | INFO | Successfully loaded file. Calculated shape: (19907, 2)
2026-07-11 17:28:29,358 | Utils | INFO | Reading structured dataset: gene_protein_map.csv from path: lookup/gene_maps
2026-07-11 17:28:29,372 | Utils | INFO | Successfully loaded file. Calculated shape: (12559, 3)
2026-07-11 17:28:29,377 | Utils | INFO | Reading structured dataset: 2_DepMap_OmicsExpressionAllGenesTPMLogp1Profile.csv from path: scoring/gene expression
2026-07-11 17:28:36,072 | Utils | INFO | Successfully loaded file. Calculated shape: (1479, 19920)
2026-07-11 17:28:36,137 | Utils | INFO | Reading structured dataset: 1_4_hpa_rna_celline.csv from path: scoring/gene expression
2026-07-11 17:28:41,444 | Utils | INFO | Successfully loaded file. Calculated shape: (1145, 20165)
2026-07-11 17:28:41,723 | Utils | INFO | Reading structured dataset: 4_Harmonized_MS_CCLE_Gygi_subsetted.csv from path: scoring/gene expression
2026-07-11 17:28:42,600 | Utils | INFO | Successfully loaded file. Calculated shape: (375, 12559)
2026-07-11 17:28:42,625 | Utils | INFO | Reading structured dataset: cosinematrix.csv from path: scoring/cosine_matrix
2026-07-11 17:28:49,494 | Utils | INFO | Successfully loaded file. Calculated shape: (1479, 19919)
2026-07-11 17:28:50,615 | Utils | INFO | Reading structured dataset: 5_OmicsFusionFilteredSupplementary.csv from path: scoring/gene properties
2026-07-11 17:28:51,425 | Utils | INFO | Successfully loaded file. Calculated shape: (184237, 31)
2026-07-11 17:28:51,653 | Utils | INFO | Reading structured dataset: 6_OmicsSomaticMutationsProfile.csv from path: scoring/gene properties
2026-07-11 17:29:00,011 | Utils | INFO | Successfully loaded file. Calculated shape: (1066869, 71)
2026-07-11 17:29:00,744 | Utils | INFO | Reading structured dataset: 5_OmicsFusionFilteredSupplementary.csv from path: scoring/gene properties
2026-07-11 17:29:01,652 | Utils | INFO | Successfully loaded file. Calculated shape: (184237, 31)
2026-07-11 17:29:01,752 | Utils | INFO | Reading structured dataset: 6_OmicsSomaticMutationsProfile.csv from path: scoring/gene properties
2026-07-11 17:29:09,936 | Utils | INFO | Successfully loaded file. Calculated shape: (1066869, 71)
2026-07-11 17:30:50,451 | Utils | INFO | Reading structured dataset: gene_ensg_map.csv from path: lookup/gene_maps
2026-07-11 17:30:50,474 | Utils | INFO | Successfully loaded file. Calculated shape: (19907, 2)
2026-07-11 17:30:50,476 | Utils | INFO | Reading structured dataset: gene_protein_map.csv from path: lookup/gene_maps
2026-07-11 17:30:50,490 | Utils | INFO | Successfully loaded file. Calculated shape: (12559, 3)
2026-07-11 17:30:50,493 | Utils | INFO | Reading structured dataset: 2_DepMap_OmicsExpressionAllGenesTPMLogp1Profile.csv from path: scoring/gene expression
2026-07-11 17:30:57,178 | Utils | INFO | Successfully loaded file. Calculated shape: (1479, 19920)
2026-07-11 17:30:57,243 | Utils | INFO | Reading structured dataset: 1_4_hpa_rna_celline.csv from path: scoring/gene expression
2026-07-11 17:31:02,554 | Utils | INFO | Successfully loaded file. Calculated shape: (1145, 20165)
2026-07-11 17:31:02,822 | Utils | INFO | Reading structured dataset: 4_Harmonized_MS_CCLE_Gygi_subsetted.csv from path: scoring/gene expression
2026-07-11 17:31:03,595 | Utils | INFO | Successfully loaded file. Calculated shape: (375, 12559)
2026-07-11 17:31:03,620 | Utils | INFO | Reading structured dataset: cosinematrix.csv from path: scoring/cosine_matrix
2026-07-11 17:31:16,434 | Utils | INFO | Successfully loaded file. Calculated shape: (1479, 19919)
2026-07-11 17:31:16,696 | Utils | INFO | Reading structured dataset: gene_ensg_map.csv from path: lookup/gene_maps
2026-07-11 17:31:16,723 | Utils | INFO | Successfully loaded file. Calculated shape: (19907, 2)
2026-07-11 17:31:16,725 | Utils | INFO | Reading structured dataset: gene_protein_map.csv from path: lookup/gene_maps
2026-07-11 17:31:16,759 | Utils | INFO | Successfully loaded file. Calculated shape: (12559, 3)
2026-07-11 17:31:16,764 | Utils | INFO | Reading structured dataset: 2_DepMap_OmicsExpressionAllGenesTPMLogp1Profile.csv from path: scoring/gene expression
2026-07-11 17:31:29,188 | Utils | INFO | Successfully loaded file. Calculated shape: (1479, 19920)
2026-07-11 17:31:29,273 | Utils | INFO | Reading structured dataset: 1_4_hpa_rna_celline.csv from path: scoring/gene expression
2026-07-11 17:31:36,126 | Utils | INFO | Successfully loaded file. Calculated shape: (1145, 20165)
2026-07-11 17:31:36,393 | Utils | INFO | Reading structured dataset: 4_Harmonized_MS_CCLE_Gygi_subsetted.csv from path: scoring/gene expression
2026-07-11 17:31:37,232 | Utils | INFO | Successfully loaded file. Calculated shape: (375, 12559)
2026-07-11 17:31:37,257 | Utils | INFO | Reading structured dataset: cosinematrix.csv from path: scoring/cosine_matrix
2026-07-11 17:31:44,319 | Utils | INFO | Successfully loaded file. Calculated shape: (1479, 19919)
2026-07-11 17:31:45,466 | Utils | INFO | Reading structured dataset: 5_OmicsFusionFilteredSupplementary.csv from path: scoring/gene properties
2026-07-11 17:31:46,265 | Utils | INFO | Successfully loaded file. Calculated shape: (184237, 31)
2026-07-11 17:31:46,445 | Utils | INFO | Reading structured dataset: 6_OmicsSomaticMutationsProfile.csv from path: scoring/gene properties
2026-07-11 17:31:54,829 | Utils | INFO | Successfully loaded file. Calculated shape: (1066869, 71)
2026-07-11 17:31:55,563 | Utils | INFO | Reading structured dataset: 5_OmicsFusionFilteredSupplementary.csv from path: scoring/gene properties
2026-07-11 17:31:56,459 | Utils | INFO | Successfully loaded file. Calculated shape: (184237, 31)
2026-07-11 17:31:56,575 | Utils | INFO | Reading structured dataset: 6_OmicsSomaticMutationsProfile.csv from path: scoring/gene properties
2026-07-11 17:32:04,813 | Utils | INFO | Successfully loaded file. Calculated shape: (1066869, 71)
2026-07-11 17:36:22,129 | Utils | INFO | Reading structured dataset: gene_ensg_map.csv from path: lookup/gene_maps
2026-07-11 17:36:22,172 | Utils | INFO | Successfully loaded file. Calculated shape: (19907, 2)
2026-07-11 17:36:22,185 | Utils | INFO | Reading structured dataset: gene_protein_map.csv from path: lookup/gene_maps
2026-07-11 17:36:22,202 | Utils | INFO | Successfully loaded file. Calculated shape: (12559, 3)
2026-07-11 17:36:22,204 | Utils | INFO | Reading structured dataset: 2_DepMap_OmicsExpressionAllGenesTPMLogp1Profile.csv from path: scoring/gene expression
2026-07-11 17:36:28,975 | Utils | INFO | Successfully loaded file. Calculated shape: (1479, 19920)
2026-07-11 17:36:29,039 | Utils | INFO | Reading structured dataset: 1_4_hpa_rna_celline.csv from path: scoring/gene expression
2026-07-11 17:36:34,250 | Utils | INFO | Successfully loaded file. Calculated shape: (1145, 20165)
2026-07-11 17:36:34,512 | Utils | INFO | Reading structured dataset: 4_Harmonized_MS_CCLE_Gygi_subsetted.csv from path: scoring/gene expression
2026-07-11 17:36:35,268 | Utils | INFO | Successfully loaded file. Calculated shape: (375, 12559)
2026-07-11 17:36:35,293 | Utils | INFO | Reading structured dataset: cosinematrix.csv from path: scoring/cosine_matrix
2026-07-11 17:36:42,433 | Utils | INFO | Successfully loaded file. Calculated shape: (1479, 19919)
2026-07-11 17:36:42,636 | Utils | INFO | Reading structured dataset: gene_ensg_map.csv from path: lookup/gene_maps
2026-07-11 17:36:42,653 | Utils | INFO | Successfully loaded file. Calculated shape: (19907, 2)
2026-07-11 17:36:42,656 | Utils | INFO | Reading structured dataset: gene_protein_map.csv from path: lookup/gene_maps
2026-07-11 17:36:42,671 | Utils | INFO | Successfully loaded file. Calculated shape: (12559, 3)
2026-07-11 17:36:42,675 | Utils | INFO | Reading structured dataset: 2_DepMap_OmicsExpressionAllGenesTPMLogp1Profile.csv from path: scoring/gene expression
2026-07-11 17:36:49,761 | Utils | INFO | Successfully loaded file. Calculated shape: (1479, 19920)
2026-07-11 17:36:49,823 | Utils | INFO | Reading structured dataset: 1_4_hpa_rna_celline.csv from path: scoring/gene expression
2026-07-11 17:36:54,998 | Utils | INFO | Successfully loaded file. Calculated shape: (1145, 20165)
2026-07-11 17:36:55,256 | Utils | INFO | Reading structured dataset: 4_Harmonized_MS_CCLE_Gygi_subsetted.csv from path: scoring/gene expression
2026-07-11 17:36:56,103 | Utils | INFO | Successfully loaded file. Calculated shape: (375, 12559)
2026-07-11 17:36:56,127 | Utils | INFO | Reading structured dataset: cosinematrix.csv from path: scoring/cosine_matrix
2026-07-11 17:37:03,022 | Utils | INFO | Successfully loaded file. Calculated shape: (1479, 19919)
2026-07-11 17:37:04,097 | Utils | INFO | Reading structured dataset: 5_OmicsFusionFilteredSupplementary.csv from path: scoring/gene properties
2026-07-11 17:37:04,925 | Utils | INFO | Successfully loaded file. Calculated shape: (184237, 31)
2026-07-11 17:37:05,135 | Utils | INFO | Reading structured dataset: 6_OmicsSomaticMutationsProfile.csv from path: scoring/gene properties
2026-07-11 17:37:13,568 | Utils | INFO | Successfully loaded file. Calculated shape: (1066869, 71)
2026-07-11 17:37:14,319 | Utils | INFO | Reading structured dataset: 5_OmicsFusionFilteredSupplementary.csv from path: scoring/gene properties
2026-07-11 17:37:15,267 | Utils | INFO | Successfully loaded file. Calculated shape: (184237, 31)
2026-07-11 17:37:15,384 | Utils | INFO | Reading structured dataset: 6_OmicsSomaticMutationsProfile.csv from path: scoring/gene properties
2026-07-11 17:37:23,963 | Utils | INFO | Successfully loaded file. Calculated shape: (1066869, 71)
2026-07-11 17:41:00,180 | Utils | INFO | Initiating save routine for file: top10_explanation.csv into directory: test/top10
2026-07-11 17:41:00,190 | Utils | INFO | Data frame successfully serialized to: C:\Users\Shankar\Desktop\AstraZeneca\code\astrazeneca\CelllineSelector\data\test\top10\top10_explanation.csv
2026-07-11 17:41:00,191 | Utils | INFO | Reading structured dataset: multiomincsfactor.csv from path: mofa_data/multiomincsfactor
2026-07-11 17:41:00,257 | Utils | INFO | Successfully loaded file. Calculated shape: (1479, 21)
2026-07-11 17:41:00,257 | Utils | INFO | Attempting to load binary pipeline estimator from storage name: kmeans_model.joblib
2026-07-11 17:41:00,868 | Utils | INFO | Model has been successfully loaded from the path
2026-07-11 17:41:17,722 | Utils | INFO | Reading structured dataset: multiomincsfactor.csv from path: mofa_data/multiomincsfactor
2026-07-11 17:41:17,732 | Utils | INFO | Successfully loaded file. Calculated shape: (1479, 21)
2026-07-11 17:41:17,733 | Utils | INFO | Attempting to load binary pipeline estimator from storage name: knn_model.joblib
2026-07-11 17:41:17,742 | Utils | INFO | Model has been successfully loaded from the path
2026-07-11 17:41:18,023 | Utils | INFO | Reading structured dataset: master_lookup.csv from path: lookup/master
2026-07-11 17:41:18,210 | Utils | INFO | Successfully loaded file. Calculated shape: (1479, 10)
2026-07-11 17:41:18,220 | Utils | INFO | Reading structured dataset: master_lookup.csv from path: lookup/master
2026-07-11 17:41:18,227 | Utils | INFO | Successfully loaded file. Calculated shape: (1479, 10)
2026-07-11 17:41:18,234 | Utils | INFO | Initiating save routine for file: final_top10_df.csv into directory: test/top10
2026-07-11 17:41:18,242 | Utils | INFO | Data frame successfully serialized to: C:\Users\Shankar\Desktop\AstraZeneca\code\astrazeneca\CelllineSelector\data\test\top10\final_top10_df.csv
2026-07-11 17:41:18,242 | Utils | INFO | Initiating save routine for file: alternative_top_10.csv into directory: test/top10
2026-07-11 17:41:18,244 | Utils | INFO | Data frame successfully serialized to: C:\Users\Shankar\Desktop\AstraZeneca\code\astrazeneca\CelllineSelector\data\test\top10\alternative_top_10.csv
2026-07-11 17:41:18,244 | Utils | INFO | Initiating save routine for file: fusion_reference_df.csv into directory: test/top10
2026-07-11 17:41:18,244 | Utils | ERROR | Failed to save data matrix asset to disk structure: Provided dataframe reference is empty or undefined.
2026-07-11 17:41:18,244 | Utils | INFO | Initiating save routine for file: mutation_reference_df.csv into directory: test/top10
2026-07-11 17:41:18,247 | Utils | INFO | Data frame successfully serialized to: C:\Users\Shankar\Desktop\AstraZeneca\code\astrazeneca\CelllineSelector\data\test\top10\mutation_reference_df.csv
2026-08-01 16:43:44,566 | Utils | INFO | Reading structured dataset: gene_ensg_map.csv from path: lookup/gene_maps
2026-08-01 16:43:44,648 | Utils | INFO | Successfully loaded file. Calculated shape: (19907, 2)
2026-08-01 16:43:44,669 | Utils | INFO | Reading structured dataset: gene_protein_map.csv from path: lookup/gene_maps
2026-08-01 16:43:44,697 | Utils | INFO | Successfully loaded file. Calculated shape: (12559, 3)
2026-08-01 16:43:44,701 | Utils | INFO | Reading structured dataset: 2_DepMap_OmicsExpressionAllGenesTPMLogp1Profile.csv from path: scoring/gene expression
2026-08-01 16:43:56,336 | Utils | INFO | Successfully loaded file. Calculated shape: (1479, 19920)
2026-08-01 16:43:56,477 | Utils | INFO | Reading structured dataset: 1_4_hpa_rna_celline.csv from path: scoring/gene expression
2026-08-01 16:44:10,122 | Utils | INFO | Successfully loaded file. Calculated shape: (1145, 20165)
2026-08-01 16:44:10,414 | Utils | INFO | Reading structured dataset: 4_Harmonized_MS_CCLE_Gygi_subsetted.csv from path: scoring/gene expression
2026-08-01 16:44:11,435 | Utils | INFO | Successfully loaded file. Calculated shape: (375, 12559)
2026-08-01 16:44:11,469 | Utils | INFO | Reading structured dataset: cosinematrix.csv from path: scoring/cosine_matrix
2026-08-01 16:44:19,704 | Utils | INFO | Successfully loaded file. Calculated shape: (1479, 19919)
2026-08-01 16:44:19,902 | Utils | INFO | Reading structured dataset: gene_ensg_map.csv from path: lookup/gene_maps
2026-08-01 16:44:19,921 | Utils | INFO | Successfully loaded file. Calculated shape: (19907, 2)
2026-08-01 16:44:19,923 | Utils | INFO | Reading structured dataset: gene_protein_map.csv from path: lookup/gene_maps
2026-08-01 16:44:19,938 | Utils | INFO | Successfully loaded file. Calculated shape: (12559, 3)
2026-08-01 16:44:19,938 | Utils | INFO | Reading structured dataset: 2_DepMap_OmicsExpressionAllGenesTPMLogp1Profile.csv from path: scoring/gene expression
2026-08-01 16:44:27,197 | Utils | INFO | Successfully loaded file. Calculated shape: (1479, 19920)
2026-08-01 16:44:27,266 | Utils | INFO | Reading structured dataset: 1_4_hpa_rna_celline.csv from path: scoring/gene expression
2026-08-01 16:44:34,551 | Utils | INFO | Successfully loaded file. Calculated shape: (1145, 20165)
2026-08-01 16:44:34,865 | Utils | INFO | Reading structured dataset: 4_Harmonized_MS_CCLE_Gygi_subsetted.csv from path: scoring/gene expression
2026-08-01 16:44:36,088 | Utils | INFO | Successfully loaded file. Calculated shape: (375, 12559)
2026-08-01 16:44:36,123 | Utils | INFO | Reading structured dataset: cosinematrix.csv from path: scoring/cosine_matrix
2026-08-01 16:44:45,252 | Utils | INFO | Successfully loaded file. Calculated shape: (1479, 19919)
2026-08-01 16:44:46,353 | Utils | INFO | Reading structured dataset: 5_OmicsFusionFilteredSupplementary.csv from path: scoring/gene properties
2026-08-01 16:44:47,281 | Utils | INFO | Successfully loaded file. Calculated shape: (184237, 31)
2026-08-01 16:44:47,463 | Utils | INFO | Reading structured dataset: 6_OmicsSomaticMutationsProfile.csv from path: scoring/gene properties
2026-08-01 16:44:56,658 | Utils | INFO | Successfully loaded file. Calculated shape: (1066869, 71)
2026-08-01 16:44:57,430 | Utils | INFO | Reading structured dataset: master_lookup.csv from path: lookup/master
2026-08-01 16:44:57,477 | Utils | INFO | Successfully loaded file. Calculated shape: (1479, 10)
2026-08-01 16:49:19,625 | Utils | INFO | Reading structured dataset: gene_ensg_map.csv from path: lookup/gene_maps
2026-08-01 16:49:19,658 | Utils | INFO | Successfully loaded file. Calculated shape: (19907, 2)
2026-08-01 16:49:19,662 | Utils | INFO | Reading structured dataset: gene_protein_map.csv from path: lookup/gene_maps
2026-08-01 16:49:19,680 | Utils | INFO | Successfully loaded file. Calculated shape: (12559, 3)
2026-08-01 16:49:19,684 | Utils | INFO | Reading structured dataset: 2_DepMap_OmicsExpressionAllGenesTPMLogp1Profile.csv from path: scoring/gene expression
2026-08-01 16:49:33,500 | Utils | INFO | Successfully loaded file. Calculated shape: (1479, 19920)
2026-08-01 16:49:33,671 | Utils | INFO | Reading structured dataset: 1_4_hpa_rna_celline.csv from path: scoring/gene expression
2026-08-01 16:49:42,237 | Utils | INFO | Successfully loaded file. Calculated shape: (1145, 20165)
2026-08-01 16:49:42,512 | Utils | INFO | Reading structured dataset: 4_Harmonized_MS_CCLE_Gygi_subsetted.csv from path: scoring/gene expression
2026-08-01 16:49:43,424 | Utils | INFO | Successfully loaded file. Calculated shape: (375, 12559)
2026-08-01 16:49:43,454 | Utils | INFO | Reading structured dataset: cosinematrix.csv from path: scoring/cosine_matrix
2026-08-01 16:49:51,179 | Utils | INFO | Successfully loaded file. Calculated shape: (1479, 19919)
2026-08-01 16:49:51,357 | Utils | INFO | Reading structured dataset: gene_ensg_map.csv from path: lookup/gene_maps
2026-08-01 16:49:51,377 | Utils | INFO | Successfully loaded file. Calculated shape: (19907, 2)
2026-08-01 16:49:51,380 | Utils | INFO | Reading structured dataset: gene_protein_map.csv from path: lookup/gene_maps
2026-08-01 16:49:51,396 | Utils | INFO | Successfully loaded file. Calculated shape: (12559, 3)
2026-08-01 16:49:51,396 | Utils | INFO | Reading structured dataset: 2_DepMap_OmicsExpressionAllGenesTPMLogp1Profile.csv from path: scoring/gene expression
2026-08-01 16:49:58,956 | Utils | INFO | Successfully loaded file. Calculated shape: (1479, 19920)
2026-08-01 16:49:59,026 | Utils | INFO | Reading structured dataset: 1_4_hpa_rna_celline.csv from path: scoring/gene expression
2026-08-01 16:50:06,640 | Utils | INFO | Successfully loaded file. Calculated shape: (1145, 20165)
2026-08-01 16:50:06,998 | Utils | INFO | Reading structured dataset: 4_Harmonized_MS_CCLE_Gygi_subsetted.csv from path: scoring/gene expression
2026-08-01 16:50:08,320 | Utils | INFO | Successfully loaded file. Calculated shape: (375, 12559)
2026-08-01 16:50:08,348 | Utils | INFO | Reading structured dataset: cosinematrix.csv from path: scoring/cosine_matrix
2026-08-01 16:50:17,167 | Utils | INFO | Successfully loaded file. Calculated shape: (1479, 19919)
2026-08-01 16:50:18,312 | Utils | INFO | Reading structured dataset: 5_OmicsFusionFilteredSupplementary.csv from path: scoring/gene properties
2026-08-01 16:50:19,206 | Utils | INFO | Successfully loaded file. Calculated shape: (184237, 31)
2026-08-01 16:50:19,411 | Utils | INFO | Reading structured dataset: 6_OmicsSomaticMutationsProfile.csv from path: scoring/gene properties
2026-08-01 16:50:28,922 | Utils | INFO | Successfully loaded file. Calculated shape: (1066869, 71)
2026-08-01 16:50:30,052 | Utils | INFO | Reading structured dataset: master_lookup.csv from path: lookup/master
2026-08-01 16:50:30,062 | Utils | INFO | Successfully loaded file. Calculated shape: (1479, 10)
2026-08-01 16:50:30,230 | Utils | INFO | Reading structured dataset: 5_OmicsFusionFilteredSupplementary.csv from path: scoring/gene properties
2026-08-01 16:50:31,573 | Utils | INFO | Successfully loaded file. Calculated shape: (184237, 31)
2026-08-01 16:50:31,690 | Utils | INFO | Reading structured dataset: 6_OmicsSomaticMutationsProfile.csv from path: scoring/gene properties
2026-08-01 16:50:46,317 | Utils | INFO | Successfully loaded file. Calculated shape: (1066869, 71)
2026-08-01 17:16:40,020 | Utils | INFO | Reading structured dataset: gene_ensg_map.csv from path: lookup/gene_maps
2026-08-01 17:16:40,083 | Utils | INFO | Successfully loaded file. Calculated shape: (19907, 2)
2026-08-01 17:16:40,115 | Utils | INFO | Reading structured dataset: gene_protein_map.csv from path: lookup/gene_maps
2026-08-01 17:16:40,131 | Utils | INFO | Successfully loaded file. Calculated shape: (12559, 3)
2026-08-01 17:16:40,140 | Utils | INFO | Reading structured dataset: 2_DepMap_OmicsExpressionAllGenesTPMLogp1Profile.csv from path: scoring/gene expression
2026-08-01 17:16:56,281 | Utils | INFO | Successfully loaded file. Calculated shape: (1479, 19920)
2026-08-01 17:16:56,429 | Utils | INFO | Reading structured dataset: 1_4_hpa_rna_celline.csv from path: scoring/gene expression
2026-08-01 17:17:08,780 | Utils | INFO | Successfully loaded file. Calculated shape: (1145, 20165)
2026-08-01 17:17:09,443 | Utils | INFO | Reading structured dataset: 4_Harmonized_MS_CCLE_Gygi_subsetted.csv from path: scoring/gene expression
2026-08-01 17:17:11,989 | Utils | INFO | Successfully loaded file. Calculated shape: (375, 12559)
2026-08-01 17:17:12,044 | Utils | INFO | Reading structured dataset: cosinematrix.csv from path: scoring/cosine_matrix
2026-08-01 17:17:25,594 | Utils | INFO | Successfully loaded file. Calculated shape: (1479, 19919)
2026-08-01 17:17:25,856 | Utils | INFO | Reading structured dataset: gene_ensg_map.csv from path: lookup/gene_maps
2026-08-01 17:17:25,893 | Utils | INFO | Successfully loaded file. Calculated shape: (19907, 2)
2026-08-01 17:17:25,893 | Utils | INFO | Reading structured dataset: gene_protein_map.csv from path: lookup/gene_maps
2026-08-01 17:17:25,917 | Utils | INFO | Successfully loaded file. Calculated shape: (12559, 3)
2026-08-01 17:17:25,929 | Utils | INFO | Reading structured dataset: 2_DepMap_OmicsExpressionAllGenesTPMLogp1Profile.csv from path: scoring/gene expression
2026-08-01 17:17:42,402 | Utils | INFO | Successfully loaded file. Calculated shape: (1479, 19920)
2026-08-01 17:17:42,502 | Utils | INFO | Reading structured dataset: 1_4_hpa_rna_celline.csv from path: scoring/gene expression
2026-08-01 17:17:52,214 | Utils | INFO | Successfully loaded file. Calculated shape: (1145, 20165)
2026-08-01 17:17:52,679 | Utils | INFO | Reading structured dataset: 4_Harmonized_MS_CCLE_Gygi_subsetted.csv from path: scoring/gene expression
2026-08-01 17:17:54,456 | Utils | INFO | Successfully loaded file. Calculated shape: (375, 12559)
2026-08-01 17:17:54,527 | Utils | INFO | Reading structured dataset: cosinematrix.csv from path: scoring/cosine_matrix
2026-08-01 17:18:10,360 | Utils | INFO | Successfully loaded file. Calculated shape: (1479, 19919)
2026-08-01 17:18:12,356 | Utils | INFO | Reading structured dataset: 5_OmicsFusionFilteredSupplementary.csv from path: scoring/gene properties
2026-08-01 17:18:13,951 | Utils | INFO | Successfully loaded file. Calculated shape: (184237, 31)
2026-08-01 17:18:14,259 | Utils | INFO | Reading structured dataset: 6_OmicsSomaticMutationsProfile.csv from path: scoring/gene properties
2026-08-01 17:18:29,203 | Utils | INFO | Successfully loaded file. Calculated shape: (1066869, 71)
2026-08-01 17:18:30,371 | Utils | INFO | Reading structured dataset: master_lookup.csv from path: lookup/master
2026-08-01 17:18:30,382 | Utils | INFO | Successfully loaded file. Calculated shape: (1479, 10)
2026-08-01 17:18:30,560 | Utils | INFO | Reading structured dataset: 5_OmicsFusionFilteredSupplementary.csv from path: scoring/gene properties
2026-08-01 17:18:32,080 | Utils | INFO | Successfully loaded file. Calculated shape: (184237, 31)
2026-08-01 17:18:32,231 | Utils | INFO | Reading structured dataset: 6_OmicsSomaticMutationsProfile.csv from path: scoring/gene properties
2026-08-01 17:18:47,283 | Utils | INFO | Successfully loaded file. Calculated shape: (1066869, 71)
2026-08-01 17:23:43,635 | Utils | INFO | Initiating save routine for file: top10_explanation.csv into directory: test/top10
2026-08-01 17:23:43,654 | Utils | INFO | Data frame successfully serialized to: C:\Users\Shankar\Desktop\AstraZeneca\code\astrazeneca\CelllineSelector\data\test\top10\top10_explanation.csv
2026-08-01 17:23:43,656 | Utils | INFO | Reading structured dataset: multiomincsfactor.csv from path: mofa_data/multiomincsfactor
2026-08-01 17:23:43,730 | Utils | INFO | Successfully loaded file. Calculated shape: (1479, 21)
2026-08-01 17:23:43,733 | Utils | INFO | Attempting to load binary pipeline estimator from storage name: kmeans_model.joblib
2026-08-01 17:23:44,486 | Utils | INFO | Model has been successfully loaded from the path
2026-08-01 17:24:10,151 | Utils | INFO | Reading structured dataset: multiomincsfactor.csv from path: mofa_data/multiomincsfactor
2026-08-01 17:24:10,168 | Utils | INFO | Successfully loaded file. Calculated shape: (1479, 21)
2026-08-01 17:24:10,168 | Utils | INFO | Attempting to load binary pipeline estimator from storage name: knn_model.joblib
2026-08-01 17:24:10,188 | Utils | INFO | Model has been successfully loaded from the path
2026-08-01 17:24:10,510 | Utils | INFO | Reading structured dataset: master_lookup.csv from path: lookup/master
2026-08-01 17:24:10,512 | Utils | INFO | Successfully loaded file. Calculated shape: (1479, 10)
2026-08-01 17:24:10,528 | Utils | INFO | Reading structured dataset: master_lookup.csv from path: lookup/master
2026-08-01 17:24:10,541 | Utils | INFO | Successfully loaded file. Calculated shape: (1479, 10)
2026-08-01 17:24:10,558 | Utils | INFO | Initiating save routine for file: final_top10_df.csv into directory: test/top10
2026-08-01 17:24:10,564 | Utils | INFO | Data frame successfully serialized to: C:\Users\Shankar\Desktop\AstraZeneca\code\astrazeneca\CelllineSelector\data\test\top10\final_top10_df.csv
2026-08-01 17:24:10,564 | Utils | INFO | Initiating save routine for file: alternative_top_10.csv into directory: test/top10
2026-08-01 17:24:10,631 | Utils | INFO | Data frame successfully serialized to: C:\Users\Shankar\Desktop\AstraZeneca\code\astrazeneca\CelllineSelector\data\test\top10\alternative_top_10.csv
2026-08-01 17:24:10,631 | Utils | INFO | Initiating save routine for file: fusion_reference_df.csv into directory: test/top10
2026-08-01 17:24:10,631 | Utils | ERROR | Failed to save data matrix asset to disk structure: Provided dataframe reference is empty or undefined.
2026-08-01 17:24:10,632 | Utils | INFO | Initiating save routine for file: mutation_reference_df.csv into directory: test/top10
2026-08-01 17:24:10,636 | Utils | INFO | Data frame successfully serialized to: C:\Users\Shankar\Desktop\AstraZeneca\code\astrazeneca\CelllineSelector\data\test\top10\mutation_reference_df.csv
2026-08-01 22:40:52,060 | Utils | INFO | Reading structured dataset: gene_ensg_map.csv from path: lookup/gene_maps
2026-08-01 22:40:52,143 | Utils | INFO | Successfully loaded file. Calculated shape: (19907, 2)
2026-08-01 22:40:52,173 | Utils | INFO | Reading structured dataset: gene_protein_map.csv from path: lookup/gene_maps
2026-08-01 22:40:52,213 | Utils | INFO | Successfully loaded file. Calculated shape: (12559, 3)
2026-08-01 22:40:52,221 | Utils | INFO | Reading structured dataset: 2_DepMap_OmicsExpressionAllGenesTPMLogp1Profile.csv from path: scoring/gene expression
2026-08-01 22:41:06,048 | Utils | INFO | Successfully loaded file. Calculated shape: (1479, 19920)
2026-08-01 22:41:06,123 | Utils | INFO | Reading structured dataset: 1_4_hpa_rna_celline.csv from path: scoring/gene expression
2026-08-01 22:41:12,805 | Utils | INFO | Successfully loaded file. Calculated shape: (1145, 20165)
2026-08-01 22:41:13,250 | Utils | INFO | Reading structured dataset: 4_Harmonized_MS_CCLE_Gygi_subsetted.csv from path: scoring/gene expression
2026-08-01 22:41:15,473 | Utils | INFO | Successfully loaded file. Calculated shape: (375, 12559)
2026-08-01 22:41:15,575 | Utils | INFO | Reading structured dataset: cosinematrix.csv from path: scoring/cosine_matrix
2026-08-01 22:41:26,836 | Utils | INFO | Successfully loaded file. Calculated shape: (1479, 19919)
2026-08-01 22:41:27,073 | Utils | INFO | Reading structured dataset: gene_ensg_map.csv from path: lookup/gene_maps
2026-08-01 22:41:27,097 | Utils | INFO | Successfully loaded file. Calculated shape: (19907, 2)
2026-08-01 22:41:27,100 | Utils | INFO | Reading structured dataset: gene_protein_map.csv from path: lookup/gene_maps
2026-08-01 22:41:27,117 | Utils | INFO | Successfully loaded file. Calculated shape: (12559, 3)
2026-08-01 22:41:27,122 | Utils | INFO | Reading structured dataset: 2_DepMap_OmicsExpressionAllGenesTPMLogp1Profile.csv from path: scoring/gene expression
2026-08-01 22:41:35,327 | Utils | INFO | Successfully loaded file. Calculated shape: (1479, 19920)
2026-08-01 22:41:35,405 | Utils | INFO | Reading structured dataset: 1_4_hpa_rna_celline.csv from path: scoring/gene expression
2026-08-01 22:41:42,244 | Utils | INFO | Successfully loaded file. Calculated shape: (1145, 20165)
2026-08-01 22:41:42,542 | Utils | INFO | Reading structured dataset: 4_Harmonized_MS_CCLE_Gygi_subsetted.csv from path: scoring/gene expression
2026-08-01 22:41:43,700 | Utils | INFO | Successfully loaded file. Calculated shape: (375, 12559)
2026-08-01 22:41:43,738 | Utils | INFO | Reading structured dataset: cosinematrix.csv from path: scoring/cosine_matrix
2026-08-01 22:41:56,177 | Utils | INFO | Successfully loaded file. Calculated shape: (1479, 19919)
2026-08-01 22:41:57,479 | Utils | INFO | Reading structured dataset: 5_OmicsFusionFilteredSupplementary.csv from path: scoring/gene properties
2026-08-01 22:41:58,962 | Utils | INFO | Successfully loaded file. Calculated shape: (184237, 31)
2026-08-01 22:41:59,181 | Utils | INFO | Reading structured dataset: 6_OmicsSomaticMutationsProfile.csv from path: scoring/gene properties
2026-08-01 22:42:10,186 | Utils | INFO | Successfully loaded file. Calculated shape: (1066869, 71)
2026-08-01 22:42:11,372 | Utils | INFO | Reading structured dataset: master_lookup.csv from path: lookup/master
2026-08-01 22:42:11,381 | Utils | INFO | Successfully loaded file. Calculated shape: (1479, 10)
2026-08-01 22:42:11,530 | Utils | INFO | Reading structured dataset: 5_OmicsFusionFilteredSupplementary.csv from path: scoring/gene properties
2026-08-01 22:42:13,022 | Utils | INFO | Successfully loaded file. Calculated shape: (184237, 31)
2026-08-01 22:42:13,188 | Utils | INFO | Reading structured dataset: 6_OmicsSomaticMutationsProfile.csv from path: scoring/gene properties
2026-08-01 22:42:26,417 | Utils | INFO | Successfully loaded file. Calculated shape: (1066869, 71)
2026-08-01 22:42:27,314 | Utils | INFO | Reading structured dataset: 12_CCLE_metabolomics_20190502.csv from path: cleaned_data/non gene expression
2026-08-01 22:42:27,343 | Utils | INFO | Successfully loaded file. Calculated shape: (928, 227)
2026-08-01 22:47:57,647 | Utils | INFO | Initiating save routine for file: top10_explanation.csv into directory: test/top10
2026-08-01 22:47:57,655 | Utils | INFO | Data frame successfully serialized to: C:\Users\Shankar\Desktop\AstraZeneca\code\astrazeneca\CelllineSelector\data\test\top10\top10_explanation.csv
2026-08-01 22:47:57,659 | Utils | INFO | Reading structured dataset: multiomincsfactor.csv from path: mofa_data/multiomincsfactor
2026-08-01 22:47:57,686 | Utils | INFO | Successfully loaded file. Calculated shape: (1479, 21)
2026-08-01 22:47:57,686 | Utils | INFO | Attempting to load binary pipeline estimator from storage name: kmeans_model.joblib
2026-08-01 22:47:57,807 | Utils | INFO | Model has been successfully loaded from the path
2026-08-01 22:48:13,498 | Utils | INFO | Reading structured dataset: multiomincsfactor.csv from path: mofa_data/multiomincsfactor
2026-08-01 22:48:13,508 | Utils | INFO | Successfully loaded file. Calculated shape: (1479, 21)
2026-08-01 22:48:13,508 | Utils | INFO | Attempting to load binary pipeline estimator from storage name: knn_model.joblib
2026-08-01 22:48:13,511 | Utils | INFO | Model has been successfully loaded from the path
2026-08-01 22:48:13,677 | Utils | INFO | Reading structured dataset: master_lookup.csv from path: lookup/master
2026-08-01 22:48:13,682 | Utils | INFO | Successfully loaded file. Calculated shape: (1479, 10)
2026-08-01 22:48:13,692 | Utils | INFO | Reading structured dataset: master_lookup.csv from path: lookup/master
2026-08-01 22:48:13,699 | Utils | INFO | Successfully loaded file. Calculated shape: (1479, 10)
2026-08-01 22:48:13,705 | Utils | INFO | Initiating save routine for file: final_top10_df.csv into directory: test/top10
2026-08-01 22:48:13,709 | Utils | INFO | Data frame successfully serialized to: C:\Users\Shankar\Desktop\AstraZeneca\code\astrazeneca\CelllineSelector\data\test\top10\final_top10_df.csv
2026-08-01 22:48:13,709 | Utils | INFO | Initiating save routine for file: full_scored_data.csv into directory: test/top10
2026-08-01 22:48:13,739 | Utils | INFO | Data frame successfully serialized to: C:\Users\Shankar\Desktop\AstraZeneca\code\astrazeneca\CelllineSelector\data\test\top10\full_scored_data.csv
2026-08-01 22:48:13,739 | Utils | INFO | Initiating save routine for file: metabolomnic_df.csv into directory: test/top10
2026-08-01 22:48:13,742 | Utils | INFO | Data frame successfully serialized to: C:\Users\Shankar\Desktop\AstraZeneca\code\astrazeneca\CelllineSelector\data\test\top10\metabolomnic_df.csv
2026-08-01 22:48:13,742 | Utils | INFO | Initiating save routine for file: fusion_reference_df.csv into directory: test/top10
2026-08-01 22:48:13,742 | Utils | ERROR | Failed to save data matrix asset to disk structure: Provided dataframe reference is empty or undefined.
2026-08-01 22:48:13,742 | Utils | INFO | Initiating save routine for file: mutation_reference_df.csv into directory: test/top10
2026-08-01 22:48:13,749 | Utils | INFO | Data frame successfully serialized to: C:\Users\Shankar\Desktop\AstraZeneca\code\astrazeneca\CelllineSelector\data\test\top10\mutation_reference_df.csv
2026-08-10 00:51:52,063 | Utils | INFO | Reading structured dataset: gene_ensg_map.csv from path: lookup/gene_maps
2026-08-10 00:51:52,120 | Utils | INFO | Successfully loaded file. Calculated shape: (19907, 2)
2026-08-10 00:51:52,128 | Utils | INFO | Reading structured dataset: gene_protein_map.csv from path: lookup/gene_maps
2026-08-10 00:51:52,150 | Utils | INFO | Successfully loaded file. Calculated shape: (12559, 3)
2026-08-10 00:51:52,155 | Utils | INFO | Reading structured dataset: 2_DepMap_OmicsExpressionAllGenesTPMLogp1Profile.csv from path: scoring/gene expression
2026-08-10 00:51:58,769 | Utils | INFO | Successfully loaded file. Calculated shape: (1479, 19920)
2026-08-10 00:51:58,840 | Utils | INFO | Reading structured dataset: 1_4_hpa_rna_celline.csv from path: scoring/gene expression
2026-08-10 00:52:04,679 | Utils | INFO | Successfully loaded file. Calculated shape: (1145, 20165)
2026-08-10 00:52:04,942 | Utils | INFO | Reading structured dataset: 4_Harmonized_MS_CCLE_Gygi_subsetted.csv from path: scoring/gene expression
2026-08-10 00:52:06,058 | Utils | INFO | Successfully loaded file. Calculated shape: (375, 12559)
2026-08-10 00:52:06,108 | Utils | INFO | Reading structured dataset: cosinematrix.csv from path: scoring/cosine_matrix
2026-08-10 00:52:16,560 | Utils | INFO | Successfully loaded file. Calculated shape: (1479, 19919)
2026-08-10 00:52:16,938 | Utils | INFO | Reading structured dataset: gene_ensg_map.csv from path: lookup/gene_maps
2026-08-10 00:52:16,976 | Utils | INFO | Successfully loaded file. Calculated shape: (19907, 2)
2026-08-10 00:52:16,980 | Utils | INFO | Reading structured dataset: gene_protein_map.csv from path: lookup/gene_maps
2026-08-10 00:52:17,011 | Utils | INFO | Successfully loaded file. Calculated shape: (12559, 3)
2026-08-10 00:52:17,022 | Utils | INFO | Reading structured dataset: 2_DepMap_OmicsExpressionAllGenesTPMLogp1Profile.csv from path: scoring/gene expression
2026-08-10 00:52:29,985 | Utils | INFO | Successfully loaded file. Calculated shape: (1479, 19920)
2026-08-10 00:52:30,056 | Utils | INFO | Reading structured dataset: 1_4_hpa_rna_celline.csv from path: scoring/gene expression
2026-08-10 00:52:36,273 | Utils | INFO | Successfully loaded file. Calculated shape: (1145, 20165)
2026-08-10 00:52:36,507 | Utils | INFO | Reading structured dataset: 4_Harmonized_MS_CCLE_Gygi_subsetted.csv from path: scoring/gene expression
2026-08-10 00:52:37,493 | Utils | INFO | Successfully loaded file. Calculated shape: (375, 12559)
2026-08-10 00:52:37,523 | Utils | INFO | Reading structured dataset: cosinematrix.csv from path: scoring/cosine_matrix
2026-08-10 00:52:45,709 | Utils | INFO | Successfully loaded file. Calculated shape: (1479, 19919)
2026-08-10 00:52:46,788 | Utils | INFO | Reading structured dataset: 5_OmicsFusionFilteredSupplementary.csv from path: scoring/gene properties
2026-08-10 00:52:47,875 | Utils | INFO | Successfully loaded file. Calculated shape: (184237, 31)
2026-08-10 00:52:48,106 | Utils | INFO | Reading structured dataset: 6_OmicsSomaticMutationsProfile.csv from path: scoring/gene properties
2026-08-10 00:53:00,073 | Utils | INFO | Successfully loaded file. Calculated shape: (1066869, 71)
2026-08-10 00:53:01,103 | Utils | INFO | Reading structured dataset: master_lookup.csv from path: lookup/master
2026-08-10 00:53:01,207 | Utils | INFO | Successfully loaded file. Calculated shape: (1479, 10)
2026-08-10 00:53:01,469 | Utils | INFO | Reading structured dataset: 12_CCLE_metabolomics_20190502.csv from path: cleaned_data/non gene expression
2026-08-10 00:53:01,517 | Utils | INFO | Successfully loaded file. Calculated shape: (928, 227)
2026-08-10 00:58:22,656 | Utils | INFO | Initiating save routine for file: top10_explanation.csv into directory: test/top10
2026-08-10 00:58:22,677 | Utils | INFO | Data frame successfully serialized to: C:\Users\Shankar\Desktop\AstraZeneca\code\astrazeneca\CelllineSelector\data\test\top10\top10_explanation.csv
2026-08-10 00:58:22,679 | Utils | INFO | Reading structured dataset: multiomincsfactor.csv from path: mofa_data/multiomincsfactor
2026-08-10 00:58:22,792 | Utils | INFO | Successfully loaded file. Calculated shape: (1479, 21)
2026-08-10 00:58:22,798 | Utils | INFO | Attempting to load binary pipeline estimator from storage name: kmeans_model.joblib
2026-08-10 00:58:23,566 | Utils | INFO | Model has been successfully loaded from the path
2026-08-10 00:58:56,178 | Utils | INFO | Reading structured dataset: multiomincsfactor.csv from path: mofa_data/multiomincsfactor
2026-08-10 00:58:56,193 | Utils | INFO | Successfully loaded file. Calculated shape: (1479, 21)
2026-08-10 00:58:56,194 | Utils | INFO | Attempting to load binary pipeline estimator from storage name: knn_model.joblib
2026-08-10 00:58:56,205 | Utils | INFO | Model has been successfully loaded from the path
2026-08-10 00:58:56,496 | Utils | INFO | Reading structured dataset: master_lookup.csv from path: lookup/master
2026-08-10 00:58:56,496 | Utils | INFO | Successfully loaded file. Calculated shape: (1479, 10)
2026-08-10 00:58:56,519 | Utils | INFO | Reading structured dataset: master_lookup.csv from path: lookup/master
2026-08-10 00:58:56,531 | Utils | INFO | Successfully loaded file. Calculated shape: (1479, 10)
2026-08-10 00:58:56,532 | Utils | INFO | Initiating save routine for file: final_top10_df.csv into directory: test/top10
2026-08-10 00:58:56,547 | Utils | INFO | Data frame successfully serialized to: C:\Users\Shankar\Desktop\AstraZeneca\code\astrazeneca\CelllineSelector\data\test\top10\final_top10_df.csv
2026-08-10 00:58:56,547 | Utils | INFO | Initiating save routine for file: full_scored_data.csv into directory: test/top10
2026-08-10 00:58:56,606 | Utils | INFO | Data frame successfully serialized to: C:\Users\Shankar\Desktop\AstraZeneca\code\astrazeneca\CelllineSelector\data\test\top10\full_scored_data.csv
2026-08-10 00:58:56,606 | Utils | INFO | Initiating save routine for file: metabolomnic_df.csv into directory: test/top10
2026-08-10 00:58:56,621 | Utils | INFO | Data frame successfully serialized to: C:\Users\Shankar\Desktop\AstraZeneca\code\astrazeneca\CelllineSelector\data\test\top10\metabolomnic_df.csv
2026-08-10 00:58:56,621 | Utils | INFO | Initiating save routine for file: fusion_reference_df.csv into directory: test/top10
2026-08-10 00:58:56,621 | Utils | ERROR | Failed to save data matrix asset to disk structure: Provided dataframe reference is empty or undefined.
2026-08-10 00:58:56,621 | Utils | INFO | Initiating save routine for file: mutation_reference_df.csv into directory: test/top10
2026-08-10 00:58:56,621 | Utils | ERROR | Failed to save data matrix asset to disk structure: Provided dataframe reference is empty or undefined.
2026-08-10 14:19:30,575 | Utils | INFO | Reading structured dataset: gene_ensg_map.csv from path: lookup/gene_maps
2026-08-10 14:19:30,651 | Utils | INFO | Successfully loaded file. Calculated shape: (19907, 2)
2026-08-10 14:19:30,669 | Utils | INFO | Reading structured dataset: gene_protein_map.csv from path: lookup/gene_maps
2026-08-10 14:19:30,707 | Utils | INFO | Successfully loaded file. Calculated shape: (12559, 3)
2026-08-10 14:19:30,711 | Utils | INFO | Reading structured dataset: 2_DepMap_OmicsExpressionAllGenesTPMLogp1Profile.csv from path: scoring/gene expression
2026-08-10 14:19:42,132 | Utils | INFO | Successfully loaded file. Calculated shape: (1479, 19920)
2026-08-10 14:19:42,233 | Utils | INFO | Reading structured dataset: 1_4_hpa_rna_celline.csv from path: scoring/gene expression
2026-08-10 14:19:49,209 | Utils | INFO | Successfully loaded file. Calculated shape: (1145, 20165)
2026-08-10 14:19:49,513 | Utils | INFO | Reading structured dataset: 4_Harmonized_MS_CCLE_Gygi_subsetted.csv from path: scoring/gene expression
2026-08-10 14:19:50,510 | Utils | INFO | Successfully loaded file. Calculated shape: (375, 12559)
2026-08-10 14:19:50,540 | Utils | INFO | Reading structured dataset: cosinematrix.csv from path: scoring/cosine_matrix
2026-08-10 14:19:58,596 | Utils | INFO | Successfully loaded file. Calculated shape: (1479, 19919)
2026-08-10 14:19:58,786 | Utils | INFO | Reading structured dataset: gene_ensg_map.csv from path: lookup/gene_maps
2026-08-10 14:19:58,797 | Utils | INFO | Successfully loaded file. Calculated shape: (19907, 2)
2026-08-10 14:19:58,797 | Utils | INFO | Reading structured dataset: gene_protein_map.csv from path: lookup/gene_maps
2026-08-10 14:19:58,819 | Utils | INFO | Successfully loaded file. Calculated shape: (12559, 3)
2026-08-10 14:19:58,819 | Utils | INFO | Reading structured dataset: 2_DepMap_OmicsExpressionAllGenesTPMLogp1Profile.csv from path: scoring/gene expression
2026-08-10 14:20:09,434 | Utils | INFO | Successfully loaded file. Calculated shape: (1479, 19920)
2026-08-10 14:20:09,547 | Utils | INFO | Reading structured dataset: 1_4_hpa_rna_celline.csv from path: scoring/gene expression
2026-08-10 14:20:16,407 | Utils | INFO | Successfully loaded file. Calculated shape: (1145, 20165)
2026-08-10 14:20:16,684 | Utils | INFO | Reading structured dataset: 4_Harmonized_MS_CCLE_Gygi_subsetted.csv from path: scoring/gene expression
2026-08-10 14:20:17,633 | Utils | INFO | Successfully loaded file. Calculated shape: (375, 12559)
2026-08-10 14:20:17,661 | Utils | INFO | Reading structured dataset: cosinematrix.csv from path: scoring/cosine_matrix
2026-08-10 14:20:25,030 | Utils | INFO | Successfully loaded file. Calculated shape: (1479, 19919)
2026-08-10 14:20:26,565 | Utils | INFO | Reading structured dataset: 5_OmicsFusionFilteredSupplementary.csv from path: scoring/gene properties
2026-08-10 14:20:27,778 | Utils | INFO | Successfully loaded file. Calculated shape: (184237, 31)
2026-08-10 14:20:27,957 | Utils | INFO | Reading structured dataset: 6_OmicsSomaticMutationsProfile.csv from path: scoring/gene properties
2026-08-10 14:20:39,026 | Utils | INFO | Successfully loaded file. Calculated shape: (1066869, 71)
2026-08-10 14:20:39,743 | Utils | INFO | Reading structured dataset: master_lookup.csv from path: lookup/master
2026-08-10 14:20:39,825 | Utils | INFO | Successfully loaded file. Calculated shape: (1479, 10)
2026-08-10 14:20:39,926 | Utils | INFO | Reading structured dataset: 12_CCLE_metabolomics_20190502.csv from path: cleaned_data/non gene expression
2026-08-10 14:20:39,978 | Utils | INFO | Successfully loaded file. Calculated shape: (928, 227)
2026-08-10 14:26:37,742 | Utils | INFO | Initiating save routine for file: top10_explanation.csv into directory: test/top10
2026-08-10 14:26:37,755 | Utils | INFO | Data frame successfully serialized to: C:\Users\Shankar\Desktop\AstraZeneca\code\astrazeneca\CelllineSelector\data\test\top10\top10_explanation.csv
2026-08-10 14:26:37,757 | Utils | INFO | Reading structured dataset: multiomincsfactor.csv from path: mofa_data/multiomincsfactor
2026-08-10 14:26:37,811 | Utils | INFO | Successfully loaded file. Calculated shape: (1479, 21)
2026-08-10 14:26:37,811 | Utils | INFO | Attempting to load binary pipeline estimator from storage name: kmeans_model.joblib
2026-08-10 14:26:38,502 | Utils | INFO | Model has been successfully loaded from the path
2026-08-10 14:26:55,198 | Utils | INFO | Reading structured dataset: multiomincsfactor.csv from path: mofa_data/multiomincsfactor
2026-08-10 14:26:55,205 | Utils | INFO | Successfully loaded file. Calculated shape: (1479, 21)
2026-08-10 14:26:55,205 | Utils | INFO | Attempting to load binary pipeline estimator from storage name: knn_model.joblib
2026-08-10 14:26:55,218 | Utils | INFO | Model has been successfully loaded from the path
2026-08-10 14:26:55,384 | Utils | INFO | Reading structured dataset: master_lookup.csv from path: lookup/master
2026-08-10 14:26:55,398 | Utils | INFO | Successfully loaded file. Calculated shape: (1479, 10)
2026-08-10 14:26:55,404 | Utils | INFO | Reading structured dataset: master_lookup.csv from path: lookup/master
2026-08-10 14:26:55,409 | Utils | INFO | Successfully loaded file. Calculated shape: (1479, 10)
2026-08-10 14:26:55,415 | Utils | INFO | Initiating save routine for file: final_top10_df.csv into directory: test/top10
2026-08-10 14:26:55,416 | Utils | INFO | Data frame successfully serialized to: C:\Users\Shankar\Desktop\AstraZeneca\code\astrazeneca\CelllineSelector\data\test\top10\final_top10_df.csv
2026-08-10 14:26:55,416 | Utils | INFO | Initiating save routine for file: full_scored_data.csv into directory: test/top10
2026-08-10 14:26:55,439 | Utils | INFO | Data frame successfully serialized to: C:\Users\Shankar\Desktop\AstraZeneca\code\astrazeneca\CelllineSelector\data\test\top10\full_scored_data.csv
2026-08-10 14:26:55,439 | Utils | INFO | Initiating save routine for file: metabolomnic_df.csv into directory: test/top10
2026-08-10 14:26:55,449 | Utils | INFO | Data frame successfully serialized to: C:\Users\Shankar\Desktop\AstraZeneca\code\astrazeneca\CelllineSelector\data\test\top10\metabolomnic_df.csv
2026-08-10 14:26:55,449 | Utils | INFO | Initiating save routine for file: fusion_reference_df.csv into directory: test/top10
2026-08-10 14:26:55,449 | Utils | ERROR | Failed to save data matrix asset to disk structure: Provided dataframe reference is empty or undefined.
2026-08-10 14:26:55,449 | Utils | INFO | Initiating save routine for file: mutation_reference_df.csv into directory: test/top10
2026-08-10 14:26:55,449 | Utils | ERROR | Failed to save data matrix asset to disk structure: Provided dataframe reference is empty or undefined.
2026-08-10 14:38:17,928 | Utils | INFO | Reading structured dataset: gene_ensg_map.csv from path: lookup/gene_maps
2026-08-10 14:38:17,955 | Utils | INFO | Successfully loaded file. Calculated shape: (19907, 2)
2026-08-10 14:38:17,960 | Utils | INFO | Reading structured dataset: gene_protein_map.csv from path: lookup/gene_maps
2026-08-10 14:38:17,974 | Utils | INFO | Successfully loaded file. Calculated shape: (12559, 3)
2026-08-10 14:38:17,980 | Utils | INFO | Reading structured dataset: 2_DepMap_OmicsExpressionAllGenesTPMLogp1Profile.csv from path: scoring/gene expression
2026-08-10 14:38:25,624 | Utils | INFO | Successfully loaded file. Calculated shape: (1479, 19920)
2026-08-10 14:38:25,680 | Utils | INFO | Reading structured dataset: 1_4_hpa_rna_celline.csv from path: scoring/gene expression
2026-08-10 14:38:31,116 | Utils | INFO | Successfully loaded file. Calculated shape: (1145, 20165)
2026-08-10 14:38:31,381 | Utils | INFO | Reading structured dataset: 4_Harmonized_MS_CCLE_Gygi_subsetted.csv from path: scoring/gene expression
2026-08-10 14:38:32,260 | Utils | INFO | Successfully loaded file. Calculated shape: (375, 12559)
2026-08-10 14:38:32,287 | Utils | INFO | Reading structured dataset: cosinematrix.csv from path: scoring/cosine_matrix
2026-08-10 14:38:42,017 | Utils | INFO | Successfully loaded file. Calculated shape: (1479, 19919)
2026-08-10 14:38:42,218 | Utils | INFO | Reading structured dataset: gene_ensg_map.csv from path: lookup/gene_maps
2026-08-10 14:38:42,243 | Utils | INFO | Successfully loaded file. Calculated shape: (19907, 2)
2026-08-10 14:38:42,246 | Utils | INFO | Reading structured dataset: gene_protein_map.csv from path: lookup/gene_maps
2026-08-10 14:38:42,271 | Utils | INFO | Successfully loaded file. Calculated shape: (12559, 3)
2026-08-10 14:38:42,275 | Utils | INFO | Reading structured dataset: 2_DepMap_OmicsExpressionAllGenesTPMLogp1Profile.csv from path: scoring/gene expression
2026-08-10 14:38:51,296 | Utils | INFO | Successfully loaded file. Calculated shape: (1479, 19920)
2026-08-10 14:38:51,358 | Utils | INFO | Reading structured dataset: 1_4_hpa_rna_celline.csv from path: scoring/gene expression
2026-08-10 14:38:57,257 | Utils | INFO | Successfully loaded file. Calculated shape: (1145, 20165)
2026-08-10 14:38:57,521 | Utils | INFO | Reading structured dataset: 4_Harmonized_MS_CCLE_Gygi_subsetted.csv from path: scoring/gene expression
2026-08-10 14:38:58,569 | Utils | INFO | Successfully loaded file. Calculated shape: (375, 12559)
2026-08-10 14:38:58,595 | Utils | INFO | Reading structured dataset: cosinematrix.csv from path: scoring/cosine_matrix
2026-08-10 14:39:08,175 | Utils | INFO | Successfully loaded file. Calculated shape: (1479, 19919)
2026-08-10 14:39:09,409 | Utils | INFO | Reading structured dataset: 5_OmicsFusionFilteredSupplementary.csv from path: scoring/gene properties
2026-08-10 14:39:10,377 | Utils | INFO | Successfully loaded file. Calculated shape: (184237, 31)
2026-08-10 14:39:10,662 | Utils | INFO | Initiating save routine for file: final_top10_df.csv into directory: test/top10
2026-08-10 14:39:10,662 | Utils | ERROR | Failed to save data matrix asset to disk structure: Provided dataframe reference is empty or undefined.
2026-08-10 14:39:10,662 | Utils | INFO | Initiating save routine for file: full_scored_data.csv into directory: test/top10
2026-08-10 14:39:10,662 | Utils | ERROR | Failed to save data matrix asset to disk structure: Provided dataframe reference is empty or undefined.
2026-08-10 14:39:10,662 | Utils | INFO | Initiating save routine for file: metabolomnic_df.csv into directory: test/top10
2026-08-10 14:39:10,662 | Utils | ERROR | Failed to save data matrix asset to disk structure: Provided dataframe reference is empty or undefined.
2026-08-10 14:39:10,662 | Utils | INFO | Initiating save routine for file: fusion_reference_df.csv into directory: test/top10
2026-08-10 14:39:10,662 | Utils | ERROR | Failed to save data matrix asset to disk structure: Provided dataframe reference is empty or undefined.
2026-08-10 14:39:10,662 | Utils | INFO | Initiating save routine for file: mutation_reference_df.csv into directory: test/top10
2026-08-10 14:39:10,662 | Utils | ERROR | Failed to save data matrix asset to disk structure: Provided dataframe reference is empty or undefined.
2026-08-10 14:41:22,668 | Utils | INFO | Reading structured dataset: gene_ensg_map.csv from path: lookup/gene_maps
2026-08-10 14:41:22,682 | Utils | INFO | Successfully loaded file. Calculated shape: (19907, 2)
2026-08-10 14:41:22,682 | Utils | INFO | Reading structured dataset: gene_protein_map.csv from path: lookup/gene_maps
2026-08-10 14:41:22,692 | Utils | INFO | Successfully loaded file. Calculated shape: (12559, 3)
2026-08-10 14:41:22,706 | Utils | INFO | Reading structured dataset: 2_DepMap_OmicsExpressionAllGenesTPMLogp1Profile.csv from path: scoring/gene expression
2026-08-10 14:41:29,288 | Utils | INFO | Successfully loaded file. Calculated shape: (1479, 19920)
2026-08-10 14:41:29,342 | Utils | INFO | Reading structured dataset: 1_4_hpa_rna_celline.csv from path: scoring/gene expression
2026-08-10 14:41:34,578 | Utils | INFO | Successfully loaded file. Calculated shape: (1145, 20165)
2026-08-10 14:41:34,859 | Utils | INFO | Reading structured dataset: 4_Harmonized_MS_CCLE_Gygi_subsetted.csv from path: scoring/gene expression
2026-08-10 14:41:35,952 | Utils | INFO | Successfully loaded file. Calculated shape: (375, 12559)
2026-08-10 14:41:35,983 | Utils | INFO | Reading structured dataset: cosinematrix.csv from path: scoring/cosine_matrix
2026-08-10 14:41:45,597 | Utils | INFO | Successfully loaded file. Calculated shape: (1479, 19919)
2026-08-10 14:41:45,801 | Utils | INFO | Reading structured dataset: gene_ensg_map.csv from path: lookup/gene_maps
2026-08-10 14:41:45,830 | Utils | INFO | Successfully loaded file. Calculated shape: (19907, 2)
2026-08-10 14:41:45,833 | Utils | INFO | Reading structured dataset: gene_protein_map.csv from path: lookup/gene_maps
2026-08-10 14:41:45,847 | Utils | INFO | Successfully loaded file. Calculated shape: (12559, 3)
2026-08-10 14:41:45,859 | Utils | INFO | Reading structured dataset: 2_DepMap_OmicsExpressionAllGenesTPMLogp1Profile.csv from path: scoring/gene expression
2026-08-10 14:41:54,016 | Utils | INFO | Successfully loaded file. Calculated shape: (1479, 19920)
2026-08-10 14:41:54,110 | Utils | INFO | Reading structured dataset: 1_4_hpa_rna_celline.csv from path: scoring/gene expression
2026-08-10 14:41:59,725 | Utils | INFO | Successfully loaded file. Calculated shape: (1145, 20165)
2026-08-10 14:41:59,974 | Utils | INFO | Reading structured dataset: 4_Harmonized_MS_CCLE_Gygi_subsetted.csv from path: scoring/gene expression
2026-08-10 14:42:00,998 | Utils | INFO | Successfully loaded file. Calculated shape: (375, 12559)
2026-08-10 14:42:01,024 | Utils | INFO | Reading structured dataset: cosinematrix.csv from path: scoring/cosine_matrix
2026-08-10 14:42:10,261 | Utils | INFO | Successfully loaded file. Calculated shape: (1479, 19919)
2026-08-10 14:42:11,523 | Utils | INFO | Reading structured dataset: 5_OmicsFusionFilteredSupplementary.csv from path: scoring/gene properties
2026-08-10 14:42:12,696 | Utils | INFO | Successfully loaded file. Calculated shape: (184237, 31)
2026-08-10 14:42:12,990 | Utils | INFO | Initiating save routine for file: final_top10_df.csv into directory: test/top10
2026-08-10 14:42:12,990 | Utils | ERROR | Failed to save data matrix asset to disk structure: Provided dataframe reference is empty or undefined.
2026-08-10 14:42:12,990 | Utils | INFO | Initiating save routine for file: full_scored_data.csv into directory: test/top10
2026-08-10 14:42:12,990 | Utils | ERROR | Failed to save data matrix asset to disk structure: Provided dataframe reference is empty or undefined.
2026-08-10 14:42:12,990 | Utils | INFO | Initiating save routine for file: metabolomnic_df.csv into directory: test/top10
2026-08-10 14:42:12,990 | Utils | ERROR | Failed to save data matrix asset to disk structure: Provided dataframe reference is empty or undefined.
2026-08-10 14:42:12,990 | Utils | INFO | Initiating save routine for file: fusion_reference_df.csv into directory: test/top10
2026-08-10 14:42:12,990 | Utils | ERROR | Failed to save data matrix asset to disk structure: Provided dataframe reference is empty or undefined.
2026-08-10 14:42:12,990 | Utils | INFO | Initiating save routine for file: mutation_reference_df.csv into directory: test/top10
2026-08-10 14:42:12,990 | Utils | ERROR | Failed to save data matrix asset to disk structure: Provided dataframe reference is empty or undefined.
2026-08-10 14:43:39,636 | Utils | INFO | Reading structured dataset: gene_ensg_map.csv from path: lookup/gene_maps
2026-08-10 14:43:39,671 | Utils | INFO | Successfully loaded file. Calculated shape: (19907, 2)
2026-08-10 14:43:39,675 | Utils | INFO | Reading structured dataset: gene_protein_map.csv from path: lookup/gene_maps
2026-08-10 14:43:39,695 | Utils | INFO | Successfully loaded file. Calculated shape: (12559, 3)
2026-08-10 14:43:39,700 | Utils | INFO | Reading structured dataset: 2_DepMap_OmicsExpressionAllGenesTPMLogp1Profile.csv from path: scoring/gene expression
2026-08-10 14:43:48,585 | Utils | INFO | Successfully loaded file. Calculated shape: (1479, 19920)
2026-08-10 14:43:48,654 | Utils | INFO | Reading structured dataset: 1_4_hpa_rna_celline.csv from path: scoring/gene expression
2026-08-10 14:43:54,306 | Utils | INFO | Successfully loaded file. Calculated shape: (1145, 20165)
2026-08-10 14:43:54,553 | Utils | INFO | Reading structured dataset: 4_Harmonized_MS_CCLE_Gygi_subsetted.csv from path: scoring/gene expression
2026-08-10 14:43:55,568 | Utils | INFO | Successfully loaded file. Calculated shape: (375, 12559)
2026-08-10 14:43:55,588 | Utils | INFO | Reading structured dataset: cosinematrix.csv from path: scoring/cosine_matrix
2026-08-10 14:44:03,551 | Utils | INFO | Successfully loaded file. Calculated shape: (1479, 19919)
2026-08-10 14:44:04,701 | Utils | INFO | Reading structured dataset: 5_OmicsFusionFilteredSupplementary.csv from path: scoring/gene properties
2026-08-10 14:44:05,829 | Utils | INFO | Successfully loaded file. Calculated shape: (184237, 31)
2026-08-10 14:44:06,133 | Utils | INFO | Initiating save routine for file: final_top10_df.csv into directory: test/top10
2026-08-10 14:44:06,133 | Utils | ERROR | Failed to save data matrix asset to disk structure: Provided dataframe reference is empty or undefined.
2026-08-10 14:44:06,133 | Utils | INFO | Initiating save routine for file: full_scored_data.csv into directory: test/top10
2026-08-10 14:44:06,133 | Utils | ERROR | Failed to save data matrix asset to disk structure: Provided dataframe reference is empty or undefined.
2026-08-10 14:44:06,133 | Utils | INFO | Initiating save routine for file: metabolomnic_df.csv into directory: test/top10
2026-08-10 14:44:06,133 | Utils | ERROR | Failed to save data matrix asset to disk structure: Provided dataframe reference is empty or undefined.
2026-08-10 14:44:06,133 | Utils | INFO | Initiating save routine for file: fusion_reference_df.csv into directory: test/top10
2026-08-10 14:44:06,135 | Utils | ERROR | Failed to save data matrix asset to disk structure: Provided dataframe reference is empty or undefined.
2026-08-10 14:44:06,135 | Utils | INFO | Initiating save routine for file: mutation_reference_df.csv into directory: test/top10
2026-08-10 14:44:06,135 | Utils | ERROR | Failed to save data matrix asset to disk structure: Provided dataframe reference is empty or undefined.
2026-08-10 14:54:07,055 | Utils | INFO | Reading structured dataset: gene_ensg_map.csv from path: lookup/gene_maps
2026-08-10 14:54:07,110 | Utils | INFO | Successfully loaded file. Calculated shape: (19907, 2)
2026-08-10 14:54:07,113 | Utils | INFO | Reading structured dataset: gene_protein_map.csv from path: lookup/gene_maps
2026-08-10 14:54:07,142 | Utils | INFO | Successfully loaded file. Calculated shape: (12559, 3)
2026-08-10 14:54:07,146 | Utils | INFO | Reading structured dataset: 2_DepMap_OmicsExpressionAllGenesTPMLogp1Profile.csv from path: scoring/gene expression
2026-08-10 14:54:23,599 | Utils | INFO | Successfully loaded file. Calculated shape: (1479, 19920)
2026-08-10 14:54:23,707 | Utils | INFO | Reading structured dataset: 1_4_hpa_rna_celline.csv from path: scoring/gene expression
2026-08-10 14:54:35,341 | Utils | INFO | Successfully loaded file. Calculated shape: (1145, 20165)
2026-08-10 14:54:36,170 | Utils | INFO | Reading structured dataset: 4_Harmonized_MS_CCLE_Gygi_subsetted.csv from path: scoring/gene expression
2026-08-10 14:54:38,538 | Utils | INFO | Successfully loaded file. Calculated shape: (375, 12559)
2026-08-10 14:54:38,608 | Utils | INFO | Reading structured dataset: cosinematrix.csv from path: scoring/cosine_matrix
2026-08-10 14:54:49,135 | Utils | INFO | Successfully loaded file. Calculated shape: (1479, 19919)
2026-08-10 14:54:49,947 | Utils | INFO | Reading structured dataset: 5_OmicsFusionFilteredSupplementary.csv from path: scoring/gene properties
2026-08-10 14:54:50,807 | Utils | INFO | Successfully loaded file. Calculated shape: (184237, 31)
2026-08-10 14:54:51,063 | Utils | INFO | Initiating save routine for file: final_top10_df.csv into directory: test/top10
2026-08-10 14:54:51,063 | Utils | ERROR | Failed to save data matrix asset to disk structure: Provided dataframe reference is empty or undefined.
2026-08-10 14:54:51,063 | Utils | INFO | Initiating save routine for file: full_scored_data.csv into directory: test/top10
2026-08-10 14:54:51,063 | Utils | ERROR | Failed to save data matrix asset to disk structure: Provided dataframe reference is empty or undefined.
2026-08-10 14:54:51,063 | Utils | INFO | Initiating save routine for file: metabolomnic_df.csv into directory: test/top10
2026-08-10 14:54:51,063 | Utils | ERROR | Failed to save data matrix asset to disk structure: Provided dataframe reference is empty or undefined.
2026-08-10 14:54:51,063 | Utils | INFO | Initiating save routine for file: fusion_reference_df.csv into directory: test/top10
2026-08-10 14:54:51,063 | Utils | ERROR | Failed to save data matrix asset to disk structure: Provided dataframe reference is empty or undefined.
2026-08-10 14:54:51,063 | Utils | INFO | Initiating save routine for file: mutation_reference_df.csv into directory: test/top10
2026-08-10 14:54:51,063 | Utils | ERROR | Failed to save data matrix asset to disk structure: Provided dataframe reference is empty or undefined.
2026-08-10 15:00:28,824 | Utils | INFO | Reading structured dataset: gene_ensg_map.csv from path: lookup/gene_maps
2026-08-10 15:00:28,849 | Utils | INFO | Successfully loaded file. Calculated shape: (19907, 2)
2026-08-10 15:00:28,849 | Utils | INFO | Reading structured dataset: gene_protein_map.csv from path: lookup/gene_maps
2026-08-10 15:00:28,869 | Utils | INFO | Successfully loaded file. Calculated shape: (12559, 3)
2026-08-10 15:00:28,869 | Utils | INFO | Reading structured dataset: 2_DepMap_OmicsExpressionAllGenesTPMLogp1Profile.csv from path: scoring/gene expression
2026-08-10 15:00:37,885 | Utils | INFO | Successfully loaded file. Calculated shape: (1479, 19920)
2026-08-10 15:00:37,969 | Utils | INFO | Reading structured dataset: 1_4_hpa_rna_celline.csv from path: scoring/gene expression
2026-08-10 15:00:45,050 | Utils | INFO | Successfully loaded file. Calculated shape: (1145, 20165)
2026-08-10 15:00:45,327 | Utils | INFO | Reading structured dataset: 4_Harmonized_MS_CCLE_Gygi_subsetted.csv from path: scoring/gene expression
2026-08-10 15:00:46,275 | Utils | INFO | Successfully loaded file. Calculated shape: (375, 12559)
2026-08-10 15:00:46,313 | Utils | INFO | Reading structured dataset: cosinematrix.csv from path: scoring/cosine_matrix
2026-08-10 15:00:54,586 | Utils | INFO | Successfully loaded file. Calculated shape: (1479, 19919)
2026-08-10 15:00:55,411 | Utils | INFO | Reading structured dataset: 5_OmicsFusionFilteredSupplementary.csv from path: scoring/gene properties
2026-08-10 15:00:56,258 | Utils | INFO | Successfully loaded file. Calculated shape: (184237, 31)
2026-08-10 15:00:56,434 | Utils | INFO | Reading structured dataset: 6_OmicsSomaticMutationsProfile.csv from path: scoring/gene properties
2026-08-10 15:01:07,865 | Utils | INFO | Successfully loaded file. Calculated shape: (1066869, 71)
2026-08-10 15:01:08,976 | Utils | INFO | Reading structured dataset: master_lookup.csv from path: lookup/master
2026-08-10 15:01:09,153 | Utils | INFO | Successfully loaded file. Calculated shape: (1479, 10)
2026-08-10 15:01:09,167 | Utils | INFO | Reading structured dataset: 5_OmicsFusionFilteredSupplementary.csv from path: scoring/gene properties
2026-08-10 15:01:09,999 | Utils | INFO | Successfully loaded file. Calculated shape: (184237, 31)
2026-08-10 15:01:10,104 | Utils | INFO | Reading structured dataset: 6_OmicsSomaticMutationsProfile.csv from path: scoring/gene properties
2026-08-10 15:01:19,599 | Utils | INFO | Successfully loaded file. Calculated shape: (1066869, 71)
2026-08-10 15:01:20,377 | Utils | INFO | Reading structured dataset: 12_CCLE_metabolomics_20190502.csv from path: cleaned_data/non gene expression
2026-08-10 15:01:20,422 | Utils | INFO | Successfully loaded file. Calculated shape: (928, 227)
2026-08-10 15:08:04,141 | Utils | INFO | Initiating save routine for file: top10_explanation.csv into directory: test/top10
2026-08-10 15:08:04,154 | Utils | INFO | Data frame successfully serialized to: C:\Users\Shankar\Desktop\AstraZeneca\code\astrazeneca\CelllineSelector\data\test\top10\top10_explanation.csv
2026-08-10 15:08:04,155 | Utils | INFO | Reading structured dataset: multiomincsfactor.csv from path: mofa_data/multiomincsfactor
2026-08-10 15:08:04,183 | Utils | INFO | Successfully loaded file. Calculated shape: (1479, 21)
2026-08-10 15:08:04,184 | Utils | INFO | Attempting to load binary pipeline estimator from storage name: kmeans_model.joblib
2026-08-10 15:08:04,301 | Utils | INFO | Model has been successfully loaded from the path
2026-08-10 15:08:22,315 | Utils | INFO | Reading structured dataset: multiomincsfactor.csv from path: mofa_data/multiomincsfactor
2026-08-10 15:08:22,315 | Utils | INFO | Successfully loaded file. Calculated shape: (1479, 21)
2026-08-10 15:08:22,315 | Utils | INFO | Attempting to load binary pipeline estimator from storage name: knn_model.joblib
2026-08-10 15:08:22,327 | Utils | INFO | Model has been successfully loaded from the path
2026-08-10 15:08:22,501 | Utils | INFO | Reading structured dataset: master_lookup.csv from path: lookup/master
2026-08-10 15:08:22,507 | Utils | INFO | Successfully loaded file. Calculated shape: (1479, 10)
2026-08-10 15:08:22,517 | Utils | INFO | Reading structured dataset: master_lookup.csv from path: lookup/master
2026-08-10 15:08:22,526 | Utils | INFO | Successfully loaded file. Calculated shape: (1479, 10)
2026-08-10 15:08:22,537 | Utils | INFO | Initiating save routine for file: final_top10_df.csv into directory: test/top10
2026-08-10 15:08:22,537 | Utils | INFO | Data frame successfully serialized to: C:\Users\Shankar\Desktop\AstraZeneca\code\astrazeneca\CelllineSelector\data\test\top10\final_top10_df.csv
2026-08-10 15:08:22,537 | Utils | INFO | Initiating save routine for file: full_scored_data.csv into directory: test/top10
2026-08-10 15:08:22,543 | Utils | INFO | Data frame successfully serialized to: C:\Users\Shankar\Desktop\AstraZeneca\code\astrazeneca\CelllineSelector\data\test\top10\full_scored_data.csv
2026-08-10 15:08:22,543 | Utils | INFO | Initiating save routine for file: metabolomnic_df.csv into directory: test/top10
2026-08-10 15:08:22,550 | Utils | INFO | Data frame successfully serialized to: C:\Users\Shankar\Desktop\AstraZeneca\code\astrazeneca\CelllineSelector\data\test\top10\metabolomnic_df.csv
2026-08-10 15:08:22,550 | Utils | INFO | Initiating save routine for file: fusion_reference_df.csv into directory: test/top10
2026-08-10 15:08:22,550 | Utils | ERROR | Failed to save data matrix asset to disk structure: Provided dataframe reference is empty or undefined.
2026-08-10 15:08:22,550 | Utils | INFO | Initiating save routine for file: mutation_reference_df.csv into directory: test/top10
2026-08-10 15:08:22,556 | Utils | INFO | Data frame successfully serialized to: C:\Users\Shankar\Desktop\AstraZeneca\code\astrazeneca\CelllineSelector\data\test\top10\mutation_reference_df.csv
2026-08-10 15:14:37,626 | Utils | INFO | Reading structured dataset: gene_ensg_map.csv from path: lookup/gene_maps
2026-08-10 15:14:37,662 | Utils | INFO | Successfully loaded file. Calculated shape: (19907, 2)
2026-08-10 15:14:37,662 | Utils | INFO | Reading structured dataset: gene_protein_map.csv from path: lookup/gene_maps
2026-08-10 15:14:37,688 | Utils | INFO | Successfully loaded file. Calculated shape: (12559, 3)
2026-08-10 15:14:37,695 | Utils | INFO | Reading structured dataset: 2_DepMap_OmicsExpressionAllGenesTPMLogp1Profile.csv from path: scoring/gene expression
2026-08-10 15:14:48,431 | Utils | INFO | Successfully loaded file. Calculated shape: (1479, 19920)
2026-08-10 15:14:48,527 | Utils | INFO | Reading structured dataset: 1_4_hpa_rna_celline.csv from path: scoring/gene expression
2026-08-10 15:14:54,779 | Utils | INFO | Successfully loaded file. Calculated shape: (1145, 20165)
2026-08-10 15:14:55,012 | Utils | INFO | Reading structured dataset: 4_Harmonized_MS_CCLE_Gygi_subsetted.csv from path: scoring/gene expression
2026-08-10 15:14:55,914 | Utils | INFO | Successfully loaded file. Calculated shape: (375, 12559)
2026-08-10 15:14:55,940 | Utils | INFO | Reading structured dataset: cosinematrix.csv from path: scoring/cosine_matrix
2026-08-10 15:15:03,592 | Utils | INFO | Successfully loaded file. Calculated shape: (1479, 19919)
2026-08-10 15:15:04,399 | Utils | INFO | Reading structured dataset: 5_OmicsFusionFilteredSupplementary.csv from path: scoring/gene properties
2026-08-10 15:15:05,234 | Utils | INFO | Successfully loaded file. Calculated shape: (184237, 31)
2026-08-10 15:15:05,408 | Utils | INFO | Reading structured dataset: 6_OmicsSomaticMutationsProfile.csv from path: scoring/gene properties
2026-08-10 15:15:16,905 | Utils | INFO | Successfully loaded file. Calculated shape: (1066869, 71)
2026-08-10 15:15:17,580 | Utils | INFO | Reading structured dataset: 6_OmicsSomaticMutationsProfile.csv from path: scoring/gene properties
2026-08-10 15:15:27,300 | Utils | INFO | Successfully loaded file. Calculated shape: (1066869, 71)
2026-08-10 15:15:27,940 | Utils | INFO | Reading structured dataset: master_lookup.csv from path: lookup/master
2026-08-10 15:15:27,958 | Utils | INFO | Successfully loaded file. Calculated shape: (1479, 10)
2026-08-10 15:15:27,969 | Utils | INFO | Reading structured dataset: master_lookup.csv from path: lookup/master
2026-08-10 15:15:27,977 | Utils | INFO | Successfully loaded file. Calculated shape: (1479, 10)
2026-08-10 15:15:27,986 | Utils | INFO | Reading structured dataset: 5_OmicsFusionFilteredSupplementary.csv from path: scoring/gene properties
2026-08-10 15:15:29,089 | Utils | INFO | Successfully loaded file. Calculated shape: (184237, 31)
2026-08-10 15:15:29,188 | Utils | INFO | Reading structured dataset: 6_OmicsSomaticMutationsProfile.csv from path: scoring/gene properties
2026-08-10 15:15:39,976 | Utils | INFO | Successfully loaded file. Calculated shape: (1066869, 71)
2026-08-10 15:15:41,135 | Utils | INFO | Reading structured dataset: 12_CCLE_metabolomics_20190502.csv from path: cleaned_data/non gene expression
2026-08-10 15:15:41,190 | Utils | INFO | Successfully loaded file. Calculated shape: (928, 227)
2026-08-10 15:18:51,216 | Utils | INFO | Initiating save routine for file: top10_explanation.csv into directory: test/top10
2026-08-10 15:18:51,230 | Utils | INFO | Data frame successfully serialized to: C:\Users\Shankar\Desktop\AstraZeneca\code\astrazeneca\CelllineSelector\data\test\top10\top10_explanation.csv
2026-08-10 15:18:51,232 | Utils | INFO | Reading structured dataset: multiomincsfactor.csv from path: mofa_data/multiomincsfactor
2026-08-10 15:18:51,263 | Utils | INFO | Successfully loaded file. Calculated shape: (1479, 21)
2026-08-10 15:18:51,265 | Utils | INFO | Attempting to load binary pipeline estimator from storage name: kmeans_model.joblib
2026-08-10 15:18:51,366 | Utils | INFO | Model has been successfully loaded from the path
2026-08-10 15:19:08,113 | Utils | INFO | Reading structured dataset: multiomincsfactor.csv from path: mofa_data/multiomincsfactor
2026-08-10 15:19:08,124 | Utils | INFO | Successfully loaded file. Calculated shape: (1479, 21)
2026-08-10 15:19:08,124 | Utils | INFO | Attempting to load binary pipeline estimator from storage name: knn_model.joblib
2026-08-10 15:19:08,128 | Utils | INFO | Model has been successfully loaded from the path
2026-08-10 15:19:08,328 | Utils | INFO | Reading structured dataset: master_lookup.csv from path: lookup/master
2026-08-10 15:19:08,338 | Utils | INFO | Successfully loaded file. Calculated shape: (1479, 10)
2026-08-10 15:19:08,347 | Utils | INFO | Reading structured dataset: master_lookup.csv from path: lookup/master
2026-08-10 15:19:08,359 | Utils | INFO | Successfully loaded file. Calculated shape: (1479, 10)
2026-08-10 15:19:08,366 | Utils | INFO | Initiating save routine for file: final_top10_df.csv into directory: test/top10
2026-08-10 15:19:08,371 | Utils | INFO | Data frame successfully serialized to: C:\Users\Shankar\Desktop\AstraZeneca\code\astrazeneca\CelllineSelector\data\test\top10\final_top10_df.csv
2026-08-10 15:19:08,371 | Utils | INFO | Initiating save routine for file: full_scored_data.csv into directory: test/top10
2026-08-10 15:19:08,393 | Utils | INFO | Data frame successfully serialized to: C:\Users\Shankar\Desktop\AstraZeneca\code\astrazeneca\CelllineSelector\data\test\top10\full_scored_data.csv
2026-08-10 15:19:08,396 | Utils | INFO | Initiating save routine for file: metabolomnic_df.csv into directory: test/top10
2026-08-10 15:19:08,404 | Utils | INFO | Data frame successfully serialized to: C:\Users\Shankar\Desktop\AstraZeneca\code\astrazeneca\CelllineSelector\data\test\top10\metabolomnic_df.csv
2026-08-10 15:19:08,404 | Utils | INFO | Initiating save routine for file: fusion_reference_df.csv into directory: test/top10
2026-08-10 15:19:08,404 | Utils | ERROR | Failed to save data matrix asset to disk structure: Provided dataframe reference is empty or undefined.
2026-08-10 15:19:08,404 | Utils | INFO | Initiating save routine for file: mutation_reference_df.csv into directory: test/top10
2026-08-10 15:19:08,407 | Utils | INFO | Data frame successfully serialized to: C:\Users\Shankar\Desktop\AstraZeneca\code\astrazeneca\CelllineSelector\data\test\top10\mutation_reference_df.csv
2026-08-10 15:48:00,643 | Utils | INFO | Reading structured dataset: gene_ensg_map.csv from path: lookup/gene_maps
2026-08-10 15:48:00,694 | Utils | INFO | Successfully loaded file. Calculated shape: (19907, 2)
2026-08-10 15:48:00,694 | Utils | INFO | Reading structured dataset: gene_protein_map.csv from path: lookup/gene_maps
2026-08-10 15:48:00,711 | Utils | INFO | Successfully loaded file. Calculated shape: (12559, 3)
2026-08-10 15:48:00,711 | Utils | INFO | Reading structured dataset: 2_DepMap_OmicsExpressionAllGenesTPMLogp1Profile.csv from path: scoring/gene expression
2026-08-10 15:48:13,710 | Utils | INFO | Successfully loaded file. Calculated shape: (1479, 19920)
2026-08-10 15:48:13,927 | Utils | INFO | Reading structured dataset: 1_4_hpa_rna_celline.csv from path: scoring/gene expression
2026-08-10 15:48:27,056 | Utils | INFO | Successfully loaded file. Calculated shape: (1145, 20165)
2026-08-10 15:48:27,513 | Utils | INFO | Reading structured dataset: 4_Harmonized_MS_CCLE_Gygi_subsetted.csv from path: scoring/gene expression
2026-08-10 15:48:29,283 | Utils | INFO | Successfully loaded file. Calculated shape: (375, 12559)
2026-08-10 15:48:29,349 | Utils | INFO | Reading structured dataset: cosinematrix.csv from path: scoring/cosine_matrix
2026-08-10 15:48:39,319 | Utils | INFO | Successfully loaded file. Calculated shape: (1479, 19919)
2026-08-10 15:48:40,205 | Utils | INFO | Reading structured dataset: 5_OmicsFusionFilteredSupplementary.csv from path: scoring/gene properties
2026-08-10 15:48:41,013 | Utils | INFO | Successfully loaded file. Calculated shape: (184237, 31)
2026-08-10 15:48:41,237 | Utils | INFO | Reading structured dataset: 6_OmicsSomaticMutationsProfile.csv from path: scoring/gene properties
2026-08-10 15:48:53,553 | Utils | INFO | Successfully loaded file. Calculated shape: (1066869, 71)
2026-08-10 15:48:54,271 | Utils | INFO | Reading structured dataset: 6_OmicsSomaticMutationsProfile.csv from path: scoring/gene properties
2026-08-10 15:49:04,247 | Utils | INFO | Successfully loaded file. Calculated shape: (1066869, 71)
2026-08-10 15:49:04,923 | Utils | INFO | Reading structured dataset: master_lookup.csv from path: lookup/master
2026-08-10 15:49:04,923 | Utils | INFO | Successfully loaded file. Calculated shape: (1479, 10)
2026-08-10 15:49:04,941 | Utils | INFO | Reading structured dataset: master_lookup.csv from path: lookup/master
2026-08-10 15:49:04,942 | Utils | INFO | Successfully loaded file. Calculated shape: (1479, 10)
2026-08-10 15:49:04,958 | Utils | INFO | Reading structured dataset: 5_OmicsFusionFilteredSupplementary.csv from path: scoring/gene properties
2026-08-10 15:49:06,029 | Utils | INFO | Successfully loaded file. Calculated shape: (184237, 31)
2026-08-10 15:49:06,133 | Utils | INFO | Reading structured dataset: 6_OmicsSomaticMutationsProfile.csv from path: scoring/gene properties
2026-08-10 15:49:14,669 | Utils | INFO | Successfully loaded file. Calculated shape: (1066869, 71)
2026-08-10 15:49:15,347 | Utils | INFO | Reading structured dataset: 12_CCLE_metabolomics_20190502.csv from path: cleaned_data/non gene expression
2026-08-10 15:49:15,401 | Utils | INFO | Successfully loaded file. Calculated shape: (928, 227)
2026-08-10 15:53:22,608 | Utils | INFO | Initiating save routine for file: top10_explanation.csv into directory: test/top10
2026-08-10 15:53:22,615 | Utils | INFO | Data frame successfully serialized to: C:\Users\Shankar\Desktop\AstraZeneca\code\astrazeneca\CelllineSelector\data\test\top10\top10_explanation.csv
2026-08-10 15:53:22,617 | Utils | INFO | Reading structured dataset: multiomincsfactor.csv from path: mofa_data/multiomincsfactor
2026-08-10 15:53:22,641 | Utils | INFO | Successfully loaded file. Calculated shape: (1479, 21)
2026-08-10 15:53:22,641 | Utils | INFO | Attempting to load binary pipeline estimator from storage name: kmeans_model.joblib
2026-08-10 15:53:22,750 | Utils | INFO | Model has been successfully loaded from the path
2026-08-10 15:53:38,005 | Utils | INFO | Reading structured dataset: multiomincsfactor.csv from path: mofa_data/multiomincsfactor
2026-08-10 15:53:38,012 | Utils | INFO | Successfully loaded file. Calculated shape: (1479, 21)
2026-08-10 15:53:38,014 | Utils | INFO | Attempting to load binary pipeline estimator from storage name: knn_model.joblib
2026-08-10 15:53:38,016 | Utils | INFO | Model has been successfully loaded from the path
2026-08-10 15:53:38,180 | Utils | INFO | Reading structured dataset: master_lookup.csv from path: lookup/master
2026-08-10 15:53:38,187 | Utils | INFO | Successfully loaded file. Calculated shape: (1479, 10)
2026-08-10 15:53:38,192 | Utils | INFO | Reading structured dataset: master_lookup.csv from path: lookup/master
2026-08-10 15:53:38,198 | Utils | INFO | Successfully loaded file. Calculated shape: (1479, 10)
2026-08-10 15:53:38,205 | Utils | INFO | Initiating save routine for file: final_top10_df.csv into directory: test/top10
2026-08-10 15:53:38,206 | Utils | INFO | Data frame successfully serialized to: C:\Users\Shankar\Desktop\AstraZeneca\code\astrazeneca\CelllineSelector\data\test\top10\final_top10_df.csv
2026-08-10 15:53:38,206 | Utils | INFO | Initiating save routine for file: full_scored_data.csv into directory: test/top10
2026-08-10 15:53:38,236 | Utils | INFO | Data frame successfully serialized to: C:\Users\Shankar\Desktop\AstraZeneca\code\astrazeneca\CelllineSelector\data\test\top10\full_scored_data.csv
2026-08-10 15:53:38,236 | Utils | INFO | Initiating save routine for file: metabolomnic_df.csv into directory: test/top10
2026-08-10 15:53:38,242 | Utils | INFO | Data frame successfully serialized to: C:\Users\Shankar\Desktop\AstraZeneca\code\astrazeneca\CelllineSelector\data\test\top10\metabolomnic_df.csv
2026-08-10 15:53:38,242 | Utils | INFO | Initiating save routine for file: fusion_reference_df.csv into directory: test/top10
2026-08-10 15:53:38,242 | Utils | ERROR | Failed to save data matrix asset to disk structure: Provided dataframe reference is empty or undefined.
2026-08-10 15:53:38,242 | Utils | INFO | Initiating save routine for file: mutation_reference_df.csv into directory: test/top10
2026-08-10 15:53:38,245 | Utils | INFO | Data frame successfully serialized to: C:\Users\Shankar\Desktop\AstraZeneca\code\astrazeneca\CelllineSelector\data\test\top10\mutation_reference_df.csv
2026-08-10 15:56:30,938 | Utils | INFO | Reading structured dataset: gene_ensg_map.csv from path: lookup/gene_maps
2026-08-10 15:56:30,966 | Utils | INFO | Successfully loaded file. Calculated shape: (19907, 2)
2026-08-10 15:56:30,968 | Utils | INFO | Reading structured dataset: gene_protein_map.csv from path: lookup/gene_maps
2026-08-10 15:56:30,983 | Utils | INFO | Successfully loaded file. Calculated shape: (12559, 3)
2026-08-10 15:56:30,988 | Utils | INFO | Reading structured dataset: 2_DepMap_OmicsExpressionAllGenesTPMLogp1Profile.csv from path: scoring/gene expression
2026-08-10 15:56:38,709 | Utils | INFO | Successfully loaded file. Calculated shape: (1479, 19920)
2026-08-10 15:56:38,770 | Utils | INFO | Reading structured dataset: 1_4_hpa_rna_celline.csv from path: scoring/gene expression
2026-08-10 15:56:45,878 | Utils | INFO | Successfully loaded file. Calculated shape: (1145, 20165)
2026-08-10 15:56:46,315 | Utils | INFO | Reading structured dataset: 4_Harmonized_MS_CCLE_Gygi_subsetted.csv from path: scoring/gene expression
2026-08-10 15:56:47,963 | Utils | INFO | Successfully loaded file. Calculated shape: (375, 12559)
2026-08-10 15:56:47,999 | Utils | INFO | Reading structured dataset: cosinematrix.csv from path: scoring/cosine_matrix
2026-08-10 15:56:57,265 | Utils | INFO | Successfully loaded file. Calculated shape: (1479, 19919)
2026-08-10 15:56:58,110 | Utils | INFO | Reading structured dataset: 5_OmicsFusionFilteredSupplementary.csv from path: scoring/gene properties
2026-08-10 15:56:59,007 | Utils | INFO | Successfully loaded file. Calculated shape: (184237, 31)
2026-08-10 15:58:01,691 | Utils | INFO | Reading structured dataset: gene_ensg_map.csv from path: lookup/gene_maps
2026-08-10 15:58:01,725 | Utils | INFO | Successfully loaded file. Calculated shape: (19907, 2)
2026-08-10 15:58:01,725 | Utils | INFO | Reading structured dataset: gene_protein_map.csv from path: lookup/gene_maps
2026-08-10 15:58:01,742 | Utils | INFO | Successfully loaded file. Calculated shape: (12559, 3)
2026-08-10 15:58:01,748 | Utils | INFO | Reading structured dataset: 2_DepMap_OmicsExpressionAllGenesTPMLogp1Profile.csv from path: scoring/gene expression
2026-08-10 15:58:09,482 | Utils | INFO | Successfully loaded file. Calculated shape: (1479, 19920)
2026-08-10 15:58:09,540 | Utils | INFO | Reading structured dataset: 1_4_hpa_rna_celline.csv from path: scoring/gene expression
2026-08-10 15:58:16,228 | Utils | INFO | Successfully loaded file. Calculated shape: (1145, 20165)
2026-08-10 15:58:16,545 | Utils | INFO | Reading structured dataset: 4_Harmonized_MS_CCLE_Gygi_subsetted.csv from path: scoring/gene expression
2026-08-10 15:58:17,839 | Utils | INFO | Successfully loaded file. Calculated shape: (375, 12559)
2026-08-10 15:58:17,882 | Utils | INFO | Reading structured dataset: cosinematrix.csv from path: scoring/cosine_matrix
2026-08-10 15:58:27,062 | Utils | INFO | Successfully loaded file. Calculated shape: (1479, 19919)
2026-08-10 15:58:27,978 | Utils | INFO | Reading structured dataset: 5_OmicsFusionFilteredSupplementary.csv from path: scoring/gene properties
2026-08-10 15:58:28,897 | Utils | INFO | Successfully loaded file. Calculated shape: (184237, 31)
2026-08-10 15:58:29,080 | Utils | INFO | Reading structured dataset: 6_OmicsSomaticMutationsProfile.csv from path: scoring/gene properties
2026-08-10 15:58:38,292 | Utils | INFO | Successfully loaded file. Calculated shape: (1066869, 71)
2026-08-10 15:58:38,948 | Utils | INFO | Reading structured dataset: 6_OmicsSomaticMutationsProfile.csv from path: scoring/gene properties
2026-08-10 15:58:51,819 | Utils | INFO | Successfully loaded file. Calculated shape: (1066869, 71)
2026-08-10 15:58:52,581 | Utils | INFO | Reading structured dataset: master_lookup.csv from path: lookup/master
2026-08-10 15:58:52,585 | Utils | INFO | Successfully loaded file. Calculated shape: (1479, 10)
2026-08-10 15:58:52,600 | Utils | INFO | Reading structured dataset: master_lookup.csv from path: lookup/master
2026-08-10 15:58:52,612 | Utils | INFO | Successfully loaded file. Calculated shape: (1479, 10)
2026-08-10 15:58:52,620 | Utils | INFO | Reading structured dataset: 5_OmicsFusionFilteredSupplementary.csv from path: scoring/gene properties
2026-08-10 15:58:53,880 | Utils | INFO | Successfully loaded file. Calculated shape: (184237, 31)
2026-08-10 15:58:53,978 | Utils | INFO | Reading structured dataset: 6_OmicsSomaticMutationsProfile.csv from path: scoring/gene properties
2026-08-10 15:59:03,723 | Utils | INFO | Successfully loaded file. Calculated shape: (1066869, 71)
2026-08-10 15:59:04,394 | Utils | INFO | Reading structured dataset: 12_CCLE_metabolomics_20190502.csv from path: cleaned_data/non gene expression
2026-08-10 15:59:04,436 | Utils | INFO | Successfully loaded file. Calculated shape: (928, 227)
2026-08-10 16:04:16,583 | Utils | INFO | Initiating save routine for file: top10_explanation.csv into directory: test/top10
2026-08-10 16:04:16,591 | Utils | INFO | Data frame successfully serialized to: C:\Users\Shankar\Desktop\AstraZeneca\code\astrazeneca\CelllineSelector\data\test\top10\top10_explanation.csv
2026-08-10 16:04:16,594 | Utils | INFO | Reading structured dataset: multiomincsfactor.csv from path: mofa_data/multiomincsfactor
2026-08-10 16:04:16,622 | Utils | INFO | Successfully loaded file. Calculated shape: (1479, 21)
2026-08-10 16:04:16,623 | Utils | INFO | Attempting to load binary pipeline estimator from storage name: kmeans_model.joblib
2026-08-10 16:04:16,706 | Utils | INFO | Model has been successfully loaded from the path
2026-08-10 16:04:32,988 | Utils | INFO | Reading structured dataset: multiomincsfactor.csv from path: mofa_data/multiomincsfactor
2026-08-10 16:04:33,009 | Utils | INFO | Successfully loaded file. Calculated shape: (1479, 21)
2026-08-10 16:04:33,009 | Utils | INFO | Attempting to load binary pipeline estimator from storage name: knn_model.joblib
2026-08-10 16:04:33,017 | Utils | INFO | Model has been successfully loaded from the path
2026-08-10 16:04:33,204 | Utils | INFO | Reading structured dataset: master_lookup.csv from path: lookup/master
2026-08-10 16:04:33,212 | Utils | INFO | Successfully loaded file. Calculated shape: (1479, 10)
2026-08-10 16:04:33,220 | Utils | INFO | Reading structured dataset: master_lookup.csv from path: lookup/master
2026-08-10 16:04:33,224 | Utils | INFO | Successfully loaded file. Calculated shape: (1479, 10)
2026-08-10 16:04:33,233 | Utils | INFO | Initiating save routine for file: final_top10_df.csv into directory: test/top10
2026-08-10 16:04:33,235 | Utils | INFO | Data frame successfully serialized to: C:\Users\Shankar\Desktop\AstraZeneca\code\astrazeneca\CelllineSelector\data\test\top10\final_top10_df.csv
2026-08-10 16:04:33,236 | Utils | INFO | Initiating save routine for file: full_scored_data.csv into directory: test/top10
2026-08-10 16:04:33,262 | Utils | INFO | Data frame successfully serialized to: C:\Users\Shankar\Desktop\AstraZeneca\code\astrazeneca\CelllineSelector\data\test\top10\full_scored_data.csv
2026-08-10 16:04:33,262 | Utils | INFO | Initiating save routine for file: metabolomnic_df.csv into directory: test/top10
2026-08-10 16:04:33,268 | Utils | INFO | Data frame successfully serialized to: C:\Users\Shankar\Desktop\AstraZeneca\code\astrazeneca\CelllineSelector\data\test\top10\metabolomnic_df.csv
2026-08-10 16:04:33,268 | Utils | INFO | Initiating save routine for file: fusion_reference_df.csv into directory: test/top10
2026-08-10 16:04:33,268 | Utils | ERROR | Failed to save data matrix asset to disk structure: Provided dataframe reference is empty or undefined.
2026-08-10 16:04:33,268 | Utils | INFO | Initiating save routine for file: mutation_reference_df.csv into directory: test/top10
2026-08-10 16:04:33,271 | Utils | INFO | Data frame successfully serialized to: C:\Users\Shankar\Desktop\AstraZeneca\code\astrazeneca\CelllineSelector\data\test\top10\mutation_reference_df.csv
2026-08-10 16:42:03,258 | Utils | INFO | Reading structured dataset: gene_ensg_map.csv from path: lookup/gene_maps
2026-08-10 16:42:03,365 | Utils | INFO | Successfully loaded file. Calculated shape: (19907, 2)
2026-08-10 16:42:03,422 | Utils | INFO | Reading structured dataset: gene_protein_map.csv from path: lookup/gene_maps
2026-08-10 16:42:03,487 | Utils | INFO | Successfully loaded file. Calculated shape: (12559, 3)
2026-08-10 16:42:03,640 | Utils | INFO | Reading structured dataset: 2_DepMap_OmicsExpressionAllGenesTPMLogp1Profile.csv from path: scoring/gene expression
2026-08-10 16:42:30,036 | Utils | INFO | Successfully loaded file. Calculated shape: (1479, 19920)
2026-08-10 16:42:30,281 | Utils | INFO | Reading structured dataset: 1_4_hpa_rna_celline.csv from path: scoring/gene expression
2026-08-10 16:42:51,150 | Utils | INFO | Successfully loaded file. Calculated shape: (1145, 20165)
2026-08-10 16:42:52,650 | Utils | INFO | Reading structured dataset: 4_Harmonized_MS_CCLE_Gygi_subsetted.csv from path: scoring/gene expression
2026-08-10 16:42:57,389 | Utils | INFO | Successfully loaded file. Calculated shape: (375, 12559)
2026-08-10 16:42:57,565 | Utils | INFO | Reading structured dataset: cosinematrix.csv from path: scoring/cosine_matrix
2026-08-10 16:43:23,772 | Utils | INFO | Successfully loaded file. Calculated shape: (1479, 19919)
2026-08-10 16:43:26,383 | Utils | INFO | Reading structured dataset: 5_OmicsFusionFilteredSupplementary.csv from path: scoring/gene properties
2026-08-10 16:43:29,090 | Utils | INFO | Successfully loaded file. Calculated shape: (184237, 31)
2026-08-10 16:43:29,797 | Utils | INFO | Reading structured dataset: 6_OmicsSomaticMutationsProfile.csv from path: scoring/gene properties
2026-08-10 16:43:58,099 | Utils | INFO | Successfully loaded file. Calculated shape: (1066869, 71)
2026-08-10 16:44:00,389 | Utils | INFO | Reading structured dataset: 6_OmicsSomaticMutationsProfile.csv from path: scoring/gene properties
2026-08-10 16:44:31,599 | Utils | INFO | Successfully loaded file. Calculated shape: (1066869, 71)
2026-08-10 16:44:33,560 | Utils | INFO | Reading structured dataset: master_lookup.csv from path: lookup/master
2026-08-10 16:44:33,590 | Utils | INFO | Successfully loaded file. Calculated shape: (1479, 10)
2026-08-10 16:44:33,608 | Utils | INFO | Reading structured dataset: master_lookup.csv from path: lookup/master
2026-08-10 16:44:33,624 | Utils | INFO | Successfully loaded file. Calculated shape: (1479, 10)
2026-08-10 16:44:33,654 | Utils | INFO | Reading structured dataset: 5_OmicsFusionFilteredSupplementary.csv from path: scoring/gene properties
2026-08-10 16:44:37,125 | Utils | INFO | Successfully loaded file. Calculated shape: (184237, 31)
2026-08-10 16:44:37,405 | Utils | INFO | Reading structured dataset: 6_OmicsSomaticMutationsProfile.csv from path: scoring/gene properties
2026-08-10 16:45:04,528 | Utils | INFO | Successfully loaded file. Calculated shape: (1066869, 71)
2026-08-10 16:45:06,425 | Utils | INFO | Reading structured dataset: 12_CCLE_metabolomics_20190502.csv from path: cleaned_data/non gene expression
2026-08-10 16:45:06,504 | Utils | INFO | Successfully loaded file. Calculated shape: (928, 227)
2026-08-10 16:52:54,579 | Utils | INFO | Initiating save routine for file: top10_explanation.csv into directory: test/top10
2026-08-10 16:52:54,677 | Utils | INFO | Data frame successfully serialized to: C:\Users\Shankar\Desktop\AstraZeneca\code\astrazeneca\CelllineSelector\data\test\top10\top10_explanation.csv
2026-08-10 16:52:54,697 | Utils | INFO | Reading structured dataset: multiomincsfactor.csv from path: mofa_data/multiomincsfactor
2026-08-10 16:52:54,828 | Utils | INFO | Successfully loaded file. Calculated shape: (1479, 21)
2026-08-10 16:52:54,838 | Utils | INFO | Attempting to load binary pipeline estimator from storage name: kmeans_model.joblib
2026-08-10 16:52:55,145 | Utils | INFO | Model has been successfully loaded from the path
2026-08-10 16:53:52,986 | Utils | INFO | Reading structured dataset: multiomincsfactor.csv from path: mofa_data/multiomincsfactor
2026-08-10 16:53:53,020 | Utils | INFO | Successfully loaded file. Calculated shape: (1479, 21)
2026-08-10 16:53:53,022 | Utils | INFO | Attempting to load binary pipeline estimator from storage name: knn_model.joblib
2026-08-10 16:53:53,026 | Utils | INFO | Model has been successfully loaded from the path
2026-08-10 16:53:53,532 | Utils | INFO | Reading structured dataset: master_lookup.csv from path: lookup/master
2026-08-10 16:53:53,775 | Utils | INFO | Successfully loaded file. Calculated shape: (1479, 10)
2026-08-10 16:53:53,817 | Utils | INFO | Reading structured dataset: master_lookup.csv from path: lookup/master
2026-08-10 16:53:53,847 | Utils | INFO | Successfully loaded file. Calculated shape: (1479, 10)
2026-08-10 16:53:53,874 | Utils | INFO | Initiating save routine for file: final_top10_df.csv into directory: test/top10
2026-08-10 16:53:53,885 | Utils | INFO | Data frame successfully serialized to: C:\Users\Shankar\Desktop\AstraZeneca\code\astrazeneca\CelllineSelector\data\test\top10\final_top10_df.csv
2026-08-10 16:53:53,887 | Utils | INFO | Initiating save routine for file: full_scored_data.csv into directory: test/top10
2026-08-10 16:53:54,002 | Utils | INFO | Data frame successfully serialized to: C:\Users\Shankar\Desktop\AstraZeneca\code\astrazeneca\CelllineSelector\data\test\top10\full_scored_data.csv
2026-08-10 16:53:54,003 | Utils | INFO | Initiating save routine for file: metabolomnic_df.csv into directory: test/top10
2026-08-10 16:53:54,032 | Utils | INFO | Data frame successfully serialized to: C:\Users\Shankar\Desktop\AstraZeneca\code\astrazeneca\CelllineSelector\data\test\top10\metabolomnic_df.csv
2026-08-10 16:53:54,034 | Utils | INFO | Initiating save routine for file: fusion_reference_df.csv into directory: test/top10
2026-08-10 16:53:54,034 | Utils | ERROR | Failed to save data matrix asset to disk structure: Provided dataframe reference is empty or undefined.
2026-08-10 16:53:54,034 | Utils | INFO | Initiating save routine for file: mutation_reference_df.csv into directory: test/top10
2026-08-10 16:53:54,052 | Utils | INFO | Data frame successfully serialized to: C:\Users\Shankar\Desktop\AstraZeneca\code\astrazeneca\CelllineSelector\data\test\top10\mutation_reference_df.csv
2026-08-10 16:56:05,041 | Utils | INFO | Reading structured dataset: gene_ensg_map.csv from path: lookup/gene_maps
2026-08-10 16:56:05,174 | Utils | INFO | Successfully loaded file. Calculated shape: (19907, 2)
2026-08-10 16:56:05,228 | Utils | INFO | Reading structured dataset: gene_protein_map.csv from path: lookup/gene_maps
2026-08-10 16:56:05,297 | Utils | INFO | Successfully loaded file. Calculated shape: (12559, 3)
2026-08-10 16:56:05,323 | Utils | INFO | Reading structured dataset: 2_DepMap_OmicsExpressionAllGenesTPMLogp1Profile.csv from path: scoring/gene expression
2026-08-10 16:56:31,122 | Utils | INFO | Successfully loaded file. Calculated shape: (1479, 19920)
2026-08-10 16:56:31,324 | Utils | INFO | Reading structured dataset: 1_4_hpa_rna_celline.csv from path: scoring/gene expression
2026-08-10 16:56:50,814 | Utils | INFO | Successfully loaded file. Calculated shape: (1145, 20165)
2026-08-10 16:56:51,466 | Utils | INFO | Reading structured dataset: 4_Harmonized_MS_CCLE_Gygi_subsetted.csv from path: scoring/gene expression
2026-08-10 16:56:54,629 | Utils | INFO | Successfully loaded file. Calculated shape: (375, 12559)
2026-08-10 16:56:54,727 | Utils | INFO | Reading structured dataset: cosinematrix.csv from path: scoring/cosine_matrix
2026-08-10 16:57:20,029 | Utils | INFO | Successfully loaded file. Calculated shape: (1479, 19919)
2026-08-10 16:57:22,772 | Utils | INFO | Reading structured dataset: 5_OmicsFusionFilteredSupplementary.csv from path: scoring/gene properties
2026-08-10 16:57:24,939 | Utils | INFO | Successfully loaded file. Calculated shape: (184237, 31)
2026-08-10 16:57:25,475 | Utils | INFO | Reading structured dataset: 6_OmicsSomaticMutationsProfile.csv from path: scoring/gene properties
2026-08-10 16:57:54,014 | Utils | INFO | Successfully loaded file. Calculated shape: (1066869, 71)
2026-08-10 16:57:56,224 | Utils | INFO | Reading structured dataset: 6_OmicsSomaticMutationsProfile.csv from path: scoring/gene properties
2026-08-10 16:58:26,023 | Utils | INFO | Successfully loaded file. Calculated shape: (1066869, 71)
2026-08-10 16:58:28,176 | Utils | INFO | Reading structured dataset: master_lookup.csv from path: lookup/master
2026-08-10 16:58:28,196 | Utils | INFO | Successfully loaded file. Calculated shape: (1479, 10)
2026-08-10 16:58:28,478 | Utils | INFO | Reading structured dataset: master_lookup.csv from path: lookup/master
2026-08-10 16:58:28,496 | Utils | INFO | Successfully loaded file. Calculated shape: (1479, 10)
2026-08-10 16:58:28,532 | Utils | INFO | Reading structured dataset: 5_OmicsFusionFilteredSupplementary.csv from path: scoring/gene properties
2026-08-10 16:58:31,481 | Utils | INFO | Successfully loaded file. Calculated shape: (184237, 31)
2026-08-10 16:58:31,846 | Utils | INFO | Reading structured dataset: 6_OmicsSomaticMutationsProfile.csv from path: scoring/gene properties
2026-08-10 16:58:58,924 | Utils | INFO | Successfully loaded file. Calculated shape: (1066869, 71)
2026-08-10 16:59:00,912 | Utils | INFO | Reading structured dataset: 12_CCLE_metabolomics_20190502.csv from path: cleaned_data/non gene expression
2026-08-10 16:59:01,005 | Utils | INFO | Successfully loaded file. Calculated shape: (928, 227)
2026-08-10 17:09:54,361 | Utils | INFO | Initiating save routine for file: top10_explanation.csv into directory: test/top10
2026-08-10 17:09:54,377 | Utils | INFO | Data frame successfully serialized to: C:\Users\Shankar\Desktop\AstraZeneca\code\astrazeneca\CelllineSelector\data\test\top10\top10_explanation.csv
2026-08-10 17:09:54,419 | Utils | INFO | Reading structured dataset: multiomincsfactor.csv from path: mofa_data/multiomincsfactor
2026-08-10 17:09:54,488 | Utils | INFO | Successfully loaded file. Calculated shape: (1479, 21)
2026-08-10 17:09:54,496 | Utils | INFO | Attempting to load binary pipeline estimator from storage name: kmeans_model.joblib
2026-08-10 17:09:54,604 | Utils | INFO | Model has been successfully loaded from the path
2026-08-10 17:11:10,637 | Utils | INFO | Reading structured dataset: multiomincsfactor.csv from path: mofa_data/multiomincsfactor
2026-08-10 17:11:10,676 | Utils | INFO | Successfully loaded file. Calculated shape: (1479, 21)
2026-08-10 17:11:10,676 | Utils | INFO | Attempting to load binary pipeline estimator from storage name: knn_model.joblib
2026-08-10 17:11:10,686 | Utils | INFO | Model has been successfully loaded from the path
2026-08-10 17:11:11,608 | Utils | INFO | Reading structured dataset: master_lookup.csv from path: lookup/master
2026-08-10 17:11:11,930 | Utils | INFO | Successfully loaded file. Calculated shape: (1479, 10)
2026-08-10 17:11:11,957 | Utils | INFO | Reading structured dataset: master_lookup.csv from path: lookup/master
2026-08-10 17:11:11,980 | Utils | INFO | Successfully loaded file. Calculated shape: (1479, 10)
2026-08-10 17:11:12,053 | Utils | INFO | Initiating save routine for file: final_top10_df.csv into directory: test/top10
2026-08-10 17:11:12,081 | Utils | INFO | Data frame successfully serialized to: C:\Users\Shankar\Desktop\AstraZeneca\code\astrazeneca\CelllineSelector\data\test\top10\final_top10_df.csv
2026-08-10 17:11:12,082 | Utils | INFO | Initiating save routine for file: full_scored_data.csv into directory: test/top10
2026-08-10 17:11:12,213 | Utils | INFO | Data frame successfully serialized to: C:\Users\Shankar\Desktop\AstraZeneca\code\astrazeneca\CelllineSelector\data\test\top10\full_scored_data.csv
2026-08-10 17:11:12,219 | Utils | INFO | Initiating save routine for file: metabolomnic_df.csv into directory: test/top10
2026-08-10 17:11:12,252 | Utils | INFO | Data frame successfully serialized to: C:\Users\Shankar\Desktop\AstraZeneca\code\astrazeneca\CelllineSelector\data\test\top10\metabolomnic_df.csv
2026-08-10 17:11:12,281 | Utils | INFO | Initiating save routine for file: fusion_reference_df.csv into directory: test/top10
2026-08-10 17:11:12,302 | Utils | INFO | Data frame successfully serialized to: C:\Users\Shankar\Desktop\AstraZeneca\code\astrazeneca\CelllineSelector\data\test\top10\fusion_reference_df.csv
2026-08-10 17:11:12,303 | Utils | INFO | Initiating save routine for file: mutation_reference_df.csv into directory: test/top10
2026-08-10 17:11:12,317 | Utils | INFO | Data frame successfully serialized to: C:\Users\Shankar\Desktop\AstraZeneca\code\astrazeneca\CelllineSelector\data\test\top10\mutation_reference_df.csv
2026-08-10 17:18:52,322 | Utils | INFO | Reading structured dataset: gene_ensg_map.csv from path: lookup/gene_maps
2026-08-10 17:18:52,342 | Utils | INFO | Successfully loaded file. Calculated shape: (19907, 2)
2026-08-10 17:18:52,342 | Utils | INFO | Reading structured dataset: gene_protein_map.csv from path: lookup/gene_maps
2026-08-10 17:18:52,369 | Utils | INFO | Successfully loaded file. Calculated shape: (12559, 3)
2026-08-10 17:18:52,372 | Utils | INFO | Reading structured dataset: 2_DepMap_OmicsExpressionAllGenesTPMLogp1Profile.csv from path: scoring/gene expression
2026-08-10 17:18:58,934 | Utils | INFO | Successfully loaded file. Calculated shape: (1479, 19920)
2026-08-10 17:18:58,992 | Utils | INFO | Reading structured dataset: 1_4_hpa_rna_celline.csv from path: scoring/gene expression
2026-08-10 17:19:04,087 | Utils | INFO | Successfully loaded file. Calculated shape: (1145, 20165)
2026-08-10 17:19:04,341 | Utils | INFO | Reading structured dataset: 4_Harmonized_MS_CCLE_Gygi_subsetted.csv from path: scoring/gene expression
2026-08-10 17:19:05,174 | Utils | INFO | Successfully loaded file. Calculated shape: (375, 12559)
2026-08-10 17:19:05,208 | Utils | INFO | Reading structured dataset: cosinematrix.csv from path: scoring/cosine_matrix
2026-08-10 17:19:13,672 | Utils | INFO | Successfully loaded file. Calculated shape: (1479, 19919)
2026-08-10 17:19:14,458 | Utils | INFO | Reading structured dataset: 5_OmicsFusionFilteredSupplementary.csv from path: scoring/gene properties
2026-08-10 17:19:15,258 | Utils | INFO | Successfully loaded file. Calculated shape: (184237, 31)
2026-08-10 17:19:15,454 | Utils | INFO | Reading structured dataset: 6_OmicsSomaticMutationsProfile.csv from path: scoring/gene properties
2026-08-10 17:19:24,546 | Utils | INFO | Successfully loaded file. Calculated shape: (1066869, 71)
2026-08-10 17:19:25,356 | Utils | INFO | Reading structured dataset: 6_OmicsSomaticMutationsProfile.csv from path: scoring/gene properties
2026-08-10 17:19:34,935 | Utils | INFO | Successfully loaded file. Calculated shape: (1066869, 71)
2026-08-10 17:19:35,655 | Utils | INFO | Reading structured dataset: master_lookup.csv from path: lookup/master
2026-08-10 17:19:35,662 | Utils | INFO | Successfully loaded file. Calculated shape: (1479, 10)
2026-08-10 17:19:35,684 | Utils | INFO | Reading structured dataset: master_lookup.csv from path: lookup/master
2026-08-10 17:19:35,694 | Utils | INFO | Successfully loaded file. Calculated shape: (1479, 10)
2026-08-10 17:19:35,705 | Utils | INFO | Reading structured dataset: 5_OmicsFusionFilteredSupplementary.csv from path: scoring/gene properties
2026-08-10 17:19:36,772 | Utils | INFO | Successfully loaded file. Calculated shape: (184237, 31)
2026-08-10 17:19:36,873 | Utils | INFO | Reading structured dataset: 6_OmicsSomaticMutationsProfile.csv from path: scoring/gene properties
2026-08-10 17:19:45,882 | Utils | INFO | Successfully loaded file. Calculated shape: (1066869, 71)
2026-08-10 17:19:46,605 | Utils | INFO | Reading structured dataset: 12_CCLE_metabolomics_20190502.csv from path: cleaned_data/non gene expression
2026-08-10 17:19:46,710 | Utils | INFO | Successfully loaded file. Calculated shape: (928, 227)
2026-08-10 17:24:26,566 | Utils | INFO | Initiating save routine for file: top10_explanation.csv into directory: test/top10
2026-08-10 17:24:26,576 | Utils | INFO | Data frame successfully serialized to: C:\Users\Shankar\Desktop\AstraZeneca\code\astrazeneca\CelllineSelector\data\test\top10\top10_explanation.csv
2026-08-10 17:24:26,576 | Utils | INFO | Reading structured dataset: multiomincsfactor.csv from path: mofa_data/multiomincsfactor
2026-08-10 17:24:26,592 | Utils | INFO | Successfully loaded file. Calculated shape: (1479, 21)
2026-08-10 17:24:26,592 | Utils | INFO | Attempting to load binary pipeline estimator from storage name: kmeans_model.joblib
2026-08-10 17:24:26,696 | Utils | INFO | Model has been successfully loaded from the path
2026-08-10 17:24:40,601 | Utils | INFO | Reading structured dataset: multiomincsfactor.csv from path: mofa_data/multiomincsfactor
2026-08-10 17:24:40,601 | Utils | INFO | Successfully loaded file. Calculated shape: (1479, 21)
2026-08-10 17:24:40,601 | Utils | INFO | Attempting to load binary pipeline estimator from storage name: knn_model.joblib
2026-08-10 17:24:40,615 | Utils | INFO | Model has been successfully loaded from the path
2026-08-10 17:24:40,784 | Utils | INFO | Reading structured dataset: master_lookup.csv from path: lookup/master
2026-08-10 17:24:40,794 | Utils | INFO | Successfully loaded file. Calculated shape: (1479, 10)
2026-08-10 17:24:40,801 | Utils | INFO | Reading structured dataset: master_lookup.csv from path: lookup/master
2026-08-10 17:24:40,809 | Utils | INFO | Successfully loaded file. Calculated shape: (1479, 10)
2026-08-10 17:24:40,818 | Utils | INFO | Initiating save routine for file: final_top10_df.csv into directory: test/top10
2026-08-10 17:24:40,818 | Utils | INFO | Data frame successfully serialized to: C:\Users\Shankar\Desktop\AstraZeneca\code\astrazeneca\CelllineSelector\data\test\top10\final_top10_df.csv
2026-08-10 17:24:40,821 | Utils | INFO | Initiating save routine for file: full_scored_data.csv into directory: test/top10
2026-08-10 17:24:40,852 | Utils | INFO | Data frame successfully serialized to: C:\Users\Shankar\Desktop\AstraZeneca\code\astrazeneca\CelllineSelector\data\test\top10\full_scored_data.csv
2026-08-10 17:24:40,852 | Utils | INFO | Initiating save routine for file: metabolomnic_df.csv into directory: test/top10
2026-08-10 17:24:40,858 | Utils | INFO | Data frame successfully serialized to: C:\Users\Shankar\Desktop\AstraZeneca\code\astrazeneca\CelllineSelector\data\test\top10\metabolomnic_df.csv
2026-08-10 17:24:40,858 | Utils | INFO | Initiating save routine for file: fusion_reference_df.csv into directory: test/top10
2026-08-10 17:24:40,860 | Utils | INFO | Data frame successfully serialized to: C:\Users\Shankar\Desktop\AstraZeneca\code\astrazeneca\CelllineSelector\data\test\top10\fusion_reference_df.csv
2026-08-10 17:24:40,860 | Utils | INFO | Initiating save routine for file: mutation_reference_df.csv into directory: test/top10
2026-08-10 17:24:40,863 | Utils | INFO | Data frame successfully serialized to: C:\Users\Shankar\Desktop\AstraZeneca\code\astrazeneca\CelllineSelector\data\test\top10\mutation_reference_df.csv
2026-08-10 17:27:13,494 | Utils | INFO | Reading structured dataset: gene_ensg_map.csv from path: lookup/gene_maps
2026-08-10 17:27:13,516 | Utils | INFO | Successfully loaded file. Calculated shape: (19907, 2)
2026-08-10 17:27:13,516 | Utils | INFO | Reading structured dataset: gene_protein_map.csv from path: lookup/gene_maps
2026-08-10 17:27:13,539 | Utils | INFO | Successfully loaded file. Calculated shape: (12559, 3)
2026-08-10 17:27:13,539 | Utils | INFO | Reading structured dataset: 2_DepMap_OmicsExpressionAllGenesTPMLogp1Profile.csv from path: scoring/gene expression
2026-08-10 17:27:21,882 | Utils | INFO | Successfully loaded file. Calculated shape: (1479, 19920)
2026-08-10 17:27:21,948 | Utils | INFO | Reading structured dataset: 1_4_hpa_rna_celline.csv from path: scoring/gene expression
2026-08-10 17:27:27,738 | Utils | INFO | Successfully loaded file. Calculated shape: (1145, 20165)
2026-08-10 17:27:27,981 | Utils | INFO | Reading structured dataset: 4_Harmonized_MS_CCLE_Gygi_subsetted.csv from path: scoring/gene expression
2026-08-10 17:27:28,893 | Utils | INFO | Successfully loaded file. Calculated shape: (375, 12559)
2026-08-10 17:27:28,932 | Utils | INFO | Reading structured dataset: cosinematrix.csv from path: scoring/cosine_matrix
2026-08-10 17:27:39,542 | Utils | INFO | Successfully loaded file. Calculated shape: (1479, 19919)
2026-08-10 17:27:39,725 | Utils | INFO | Reading structured dataset: gene_ensg_map.csv from path: lookup/gene_maps
2026-08-10 17:27:39,742 | Utils | INFO | Successfully loaded file. Calculated shape: (19907, 2)
2026-08-10 17:27:39,745 | Utils | INFO | Reading structured dataset: gene_protein_map.csv from path: lookup/gene_maps
2026-08-10 17:27:39,750 | Utils | INFO | Successfully loaded file. Calculated shape: (12559, 3)
2026-08-10 17:27:39,766 | Utils | INFO | Reading structured dataset: 2_DepMap_OmicsExpressionAllGenesTPMLogp1Profile.csv from path: scoring/gene expression
2026-08-10 17:27:48,683 | Utils | INFO | Successfully loaded file. Calculated shape: (1479, 19920)
2026-08-10 17:27:48,751 | Utils | INFO | Reading structured dataset: 1_4_hpa_rna_celline.csv from path: scoring/gene expression
2026-08-10 17:27:54,642 | Utils | INFO | Successfully loaded file. Calculated shape: (1145, 20165)
2026-08-10 17:27:54,925 | Utils | INFO | Reading structured dataset: 4_Harmonized_MS_CCLE_Gygi_subsetted.csv from path: scoring/gene expression
2026-08-10 17:27:55,861 | Utils | INFO | Successfully loaded file. Calculated shape: (375, 12559)
2026-08-10 17:27:55,899 | Utils | INFO | Reading structured dataset: cosinematrix.csv from path: scoring/cosine_matrix
2026-08-10 17:28:04,415 | Utils | INFO | Successfully loaded file. Calculated shape: (1479, 19919)
2026-08-10 17:28:05,754 | Utils | INFO | Reading structured dataset: 5_OmicsFusionFilteredSupplementary.csv from path: scoring/gene properties
2026-08-10 17:28:06,778 | Utils | INFO | Successfully loaded file. Calculated shape: (184237, 31)
2026-08-10 17:28:06,994 | Utils | INFO | Reading structured dataset: 6_OmicsSomaticMutationsProfile.csv from path: scoring/gene properties
2026-08-10 17:28:18,237 | Utils | INFO | Successfully loaded file. Calculated shape: (1066869, 71)
2026-08-10 17:28:19,017 | Utils | INFO | Reading structured dataset: 6_OmicsSomaticMutationsProfile.csv from path: scoring/gene properties
2026-08-10 17:28:29,076 | Utils | INFO | Successfully loaded file. Calculated shape: (1066869, 71)
2026-08-10 17:28:29,728 | Utils | INFO | Reading structured dataset: master_lookup.csv from path: lookup/master
2026-08-10 17:28:29,728 | Utils | INFO | Successfully loaded file. Calculated shape: (1479, 10)
2026-08-10 17:28:29,750 | Utils | INFO | Reading structured dataset: master_lookup.csv from path: lookup/master
2026-08-10 17:28:29,757 | Utils | INFO | Successfully loaded file. Calculated shape: (1479, 10)
2026-08-10 17:28:29,767 | Utils | INFO | Reading structured dataset: 5_OmicsFusionFilteredSupplementary.csv from path: scoring/gene properties
2026-08-10 17:28:30,852 | Utils | INFO | Successfully loaded file. Calculated shape: (184237, 31)
2026-08-10 17:28:30,963 | Utils | INFO | Reading structured dataset: 6_OmicsSomaticMutationsProfile.csv from path: scoring/gene properties
2026-08-10 17:28:43,750 | Utils | INFO | Successfully loaded file. Calculated shape: (1066869, 71)
2026-08-10 17:28:44,377 | Utils | INFO | Reading structured dataset: 12_CCLE_metabolomics_20190502.csv from path: cleaned_data/non gene expression
2026-08-10 17:28:44,416 | Utils | INFO | Successfully loaded file. Calculated shape: (928, 227)
2026-08-10 17:32:17,511 | Utils | INFO | Initiating save routine for file: top10_explanation.csv into directory: test/top10
2026-08-10 17:32:17,519 | Utils | INFO | Data frame successfully serialized to: C:\Users\Shankar\Desktop\AstraZeneca\code\astrazeneca\CelllineSelector\data\test\top10\top10_explanation.csv
2026-08-10 17:32:17,521 | Utils | INFO | Reading structured dataset: multiomincsfactor.csv from path: mofa_data/multiomincsfactor
2026-08-10 17:32:17,544 | Utils | INFO | Successfully loaded file. Calculated shape: (1479, 21)
2026-08-10 17:32:17,544 | Utils | INFO | Attempting to load binary pipeline estimator from storage name: kmeans_model.joblib
2026-08-10 17:32:17,641 | Utils | INFO | Model has been successfully loaded from the path
2026-08-10 17:32:35,430 | Utils | INFO | Reading structured dataset: multiomincsfactor.csv from path: mofa_data/multiomincsfactor
2026-08-10 17:32:35,447 | Utils | INFO | Successfully loaded file. Calculated shape: (1479, 21)
2026-08-10 17:32:35,448 | Utils | INFO | Attempting to load binary pipeline estimator from storage name: knn_model.joblib
2026-08-10 17:32:35,448 | Utils | INFO | Model has been successfully loaded from the path
2026-08-10 17:32:35,721 | Utils | INFO | Reading structured dataset: master_lookup.csv from path: lookup/master
2026-08-10 17:32:35,737 | Utils | INFO | Successfully loaded file. Calculated shape: (1479, 10)
2026-08-10 17:32:35,749 | Utils | INFO | Reading structured dataset: master_lookup.csv from path: lookup/master
2026-08-10 17:32:35,764 | Utils | INFO | Successfully loaded file. Calculated shape: (1479, 10)
2026-08-10 17:32:35,778 | Utils | INFO | Initiating save routine for file: final_top10_df.csv into directory: test/top10
2026-08-10 17:32:35,781 | Utils | INFO | Data frame successfully serialized to: C:\Users\Shankar\Desktop\AstraZeneca\code\astrazeneca\CelllineSelector\data\test\top10\final_top10_df.csv
2026-08-10 17:32:35,781 | Utils | INFO | Initiating save routine for file: full_scored_data.csv into directory: test/top10
2026-08-10 17:32:35,838 | Utils | INFO | Data frame successfully serialized to: C:\Users\Shankar\Desktop\AstraZeneca\code\astrazeneca\CelllineSelector\data\test\top10\full_scored_data.csv
2026-08-10 17:32:35,838 | Utils | INFO | Initiating save routine for file: metabolomnic_df.csv into directory: test/top10
2026-08-10 17:32:35,849 | Utils | INFO | Data frame successfully serialized to: C:\Users\Shankar\Desktop\AstraZeneca\code\astrazeneca\CelllineSelector\data\test\top10\metabolomnic_df.csv
2026-08-10 17:32:35,849 | Utils | INFO | Initiating save routine for file: fusion_reference_df.csv into directory: test/top10
2026-08-10 17:32:35,849 | Utils | ERROR | Failed to save data matrix asset to disk structure: Provided dataframe reference is empty or undefined.
2026-08-10 17:32:35,851 | Utils | INFO | Initiating save routine for file: mutation_reference_df.csv into directory: test/top10
2026-08-10 17:32:35,855 | Utils | INFO | Data frame successfully serialized to: C:\Users\Shankar\Desktop\AstraZeneca\code\astrazeneca\CelllineSelector\data\test\top10\mutation_reference_df.csv
2026-08-10 17:37:22,266 | Utils | INFO | Reading structured dataset: gene_ensg_map.csv from path: lookup/gene_maps
2026-08-10 17:37:22,289 | Utils | INFO | Successfully loaded file. Calculated shape: (19907, 2)
2026-08-10 17:37:22,293 | Utils | INFO | Reading structured dataset: gene_protein_map.csv from path: lookup/gene_maps
2026-08-10 17:37:22,307 | Utils | INFO | Successfully loaded file. Calculated shape: (12559, 3)
2026-08-10 17:37:22,308 | Utils | INFO | Reading structured dataset: 2_DepMap_OmicsExpressionAllGenesTPMLogp1Profile.csv from path: scoring/gene expression
2026-08-10 17:37:30,615 | Utils | INFO | Successfully loaded file. Calculated shape: (1479, 19920)
2026-08-10 17:37:30,683 | Utils | INFO | Reading structured dataset: 1_4_hpa_rna_celline.csv from path: scoring/gene expression
2026-08-10 17:37:37,637 | Utils | INFO | Successfully loaded file. Calculated shape: (1145, 20165)
2026-08-10 17:37:37,962 | Utils | INFO | Reading structured dataset: 4_Harmonized_MS_CCLE_Gygi_subsetted.csv from path: scoring/gene expression
2026-08-10 17:37:39,244 | Utils | INFO | Successfully loaded file. Calculated shape: (375, 12559)
2026-08-10 17:37:39,278 | Utils | INFO | Reading structured dataset: cosinematrix.csv from path: scoring/cosine_matrix
2026-08-10 17:37:48,878 | Utils | INFO | Successfully loaded file. Calculated shape: (1479, 19919)
2026-08-10 17:37:49,034 | Utils | INFO | Reading structured dataset: gene_ensg_map.csv from path: lookup/gene_maps
2026-08-10 17:37:49,055 | Utils | INFO | Successfully loaded file. Calculated shape: (19907, 2)
2026-08-10 17:37:49,055 | Utils | INFO | Reading structured dataset: gene_protein_map.csv from path: lookup/gene_maps
2026-08-10 17:37:49,073 | Utils | INFO | Successfully loaded file. Calculated shape: (12559, 3)
2026-08-10 17:37:49,080 | Utils | INFO | Reading structured dataset: 2_DepMap_OmicsExpressionAllGenesTPMLogp1Profile.csv from path: scoring/gene expression
2026-08-10 17:37:56,871 | Utils | INFO | Successfully loaded file. Calculated shape: (1479, 19920)
2026-08-10 17:37:56,934 | Utils | INFO | Reading structured dataset: 1_4_hpa_rna_celline.csv from path: scoring/gene expression
2026-08-10 17:38:02,562 | Utils | INFO | Successfully loaded file. Calculated shape: (1145, 20165)
2026-08-10 17:38:02,801 | Utils | INFO | Reading structured dataset: 4_Harmonized_MS_CCLE_Gygi_subsetted.csv from path: scoring/gene expression
2026-08-10 17:38:03,712 | Utils | INFO | Successfully loaded file. Calculated shape: (375, 12559)
2026-08-10 17:38:03,738 | Utils | INFO | Reading structured dataset: cosinematrix.csv from path: scoring/cosine_matrix
2026-08-10 17:38:13,324 | Utils | INFO | Successfully loaded file. Calculated shape: (1479, 19919)
2026-08-10 17:38:14,415 | Utils | INFO | Reading structured dataset: 5_OmicsFusionFilteredSupplementary.csv from path: scoring/gene properties
2026-08-10 17:38:15,263 | Utils | INFO | Successfully loaded file. Calculated shape: (184237, 31)
2026-08-10 17:38:15,467 | Utils | INFO | Reading structured dataset: 6_OmicsSomaticMutationsProfile.csv from path: scoring/gene properties
2026-08-10 17:38:24,996 | Utils | INFO | Successfully loaded file. Calculated shape: (1066869, 71)
2026-08-10 17:38:25,612 | Utils | INFO | Reading structured dataset: 6_OmicsSomaticMutationsProfile.csv from path: scoring/gene properties
2026-08-10 17:38:35,266 | Utils | INFO | Successfully loaded file. Calculated shape: (1066869, 71)
2026-08-10 17:38:36,230 | Utils | INFO | Reading structured dataset: master_lookup.csv from path: lookup/master
2026-08-10 17:38:36,241 | Utils | INFO | Successfully loaded file. Calculated shape: (1479, 10)
2026-08-10 17:38:36,250 | Utils | INFO | Reading structured dataset: master_lookup.csv from path: lookup/master
2026-08-10 17:38:36,259 | Utils | INFO | Successfully loaded file. Calculated shape: (1479, 10)
2026-08-10 17:38:36,275 | Utils | INFO | Reading structured dataset: 5_OmicsFusionFilteredSupplementary.csv from path: scoring/gene properties
2026-08-10 17:38:37,663 | Utils | INFO | Successfully loaded file. Calculated shape: (184237, 31)
2026-08-10 17:38:37,821 | Utils | INFO | Reading structured dataset: 6_OmicsSomaticMutationsProfile.csv from path: scoring/gene properties
2026-08-10 17:38:49,223 | Utils | INFO | Successfully loaded file. Calculated shape: (1066869, 71)
2026-08-10 17:38:50,016 | Utils | INFO | Reading structured dataset: 12_CCLE_metabolomics_20190502.csv from path: cleaned_data/non gene expression
2026-08-10 17:38:50,047 | Utils | INFO | Successfully loaded file. Calculated shape: (928, 227)
2026-08-10 17:45:28,062 | Utils | INFO | Reading structured dataset: gene_ensg_map.csv from path: lookup/gene_maps
2026-08-10 17:45:28,096 | Utils | INFO | Successfully loaded file. Calculated shape: (19907, 2)
2026-08-10 17:45:28,100 | Utils | INFO | Reading structured dataset: gene_protein_map.csv from path: lookup/gene_maps
2026-08-10 17:45:28,114 | Utils | INFO | Successfully loaded file. Calculated shape: (12559, 3)
2026-08-10 17:45:28,126 | Utils | INFO | Reading structured dataset: 2_DepMap_OmicsExpressionAllGenesTPMLogp1Profile.csv from path: scoring/gene expression
2026-08-10 17:45:36,763 | Utils | INFO | Successfully loaded file. Calculated shape: (1479, 19920)
2026-08-10 17:45:36,853 | Utils | INFO | Reading structured dataset: 1_4_hpa_rna_celline.csv from path: scoring/gene expression
2026-08-10 17:45:44,469 | Utils | INFO | Successfully loaded file. Calculated shape: (1145, 20165)
2026-08-10 17:45:44,771 | Utils | INFO | Reading structured dataset: 4_Harmonized_MS_CCLE_Gygi_subsetted.csv from path: scoring/gene expression
2026-08-10 17:45:45,821 | Utils | INFO | Successfully loaded file. Calculated shape: (375, 12559)
2026-08-10 17:45:45,863 | Utils | INFO | Reading structured dataset: cosinematrix.csv from path: scoring/cosine_matrix
2026-08-10 17:45:54,715 | Utils | INFO | Successfully loaded file. Calculated shape: (1479, 19919)
2026-08-10 17:45:54,892 | Utils | INFO | Reading structured dataset: gene_ensg_map.csv from path: lookup/gene_maps
2026-08-10 17:45:54,908 | Utils | INFO | Successfully loaded file. Calculated shape: (19907, 2)
2026-08-10 17:45:54,910 | Utils | INFO | Reading structured dataset: gene_protein_map.csv from path: lookup/gene_maps
2026-08-10 17:45:54,927 | Utils | INFO | Successfully loaded file. Calculated shape: (12559, 3)
2026-08-10 17:45:54,931 | Utils | INFO | Reading structured dataset: 2_DepMap_OmicsExpressionAllGenesTPMLogp1Profile.csv from path: scoring/gene expression
2026-08-10 17:46:03,040 | Utils | INFO | Successfully loaded file. Calculated shape: (1479, 19920)
2026-08-10 17:46:03,104 | Utils | INFO | Reading structured dataset: 1_4_hpa_rna_celline.csv from path: scoring/gene expression
2026-08-10 17:46:09,749 | Utils | INFO | Successfully loaded file. Calculated shape: (1145, 20165)
2026-08-10 17:46:10,068 | Utils | INFO | Reading structured dataset: 4_Harmonized_MS_CCLE_Gygi_subsetted.csv from path: scoring/gene expression
2026-08-10 17:46:11,303 | Utils | INFO | Successfully loaded file. Calculated shape: (375, 12559)
2026-08-10 17:46:11,334 | Utils | INFO | Reading structured dataset: cosinematrix.csv from path: scoring/cosine_matrix
2026-08-10 17:46:20,460 | Utils | INFO | Successfully loaded file. Calculated shape: (1479, 19919)
2026-08-10 17:46:21,784 | Utils | INFO | Reading structured dataset: 5_OmicsFusionFilteredSupplementary.csv from path: scoring/gene properties
2026-08-10 17:46:22,868 | Utils | INFO | Successfully loaded file. Calculated shape: (184237, 31)
2026-08-10 17:46:23,196 | Utils | INFO | Initiating save routine for file: final_top10_df.csv into directory: test/top10
2026-08-10 17:46:23,196 | Utils | ERROR | Failed to save data matrix asset to disk structure: Provided dataframe reference is empty or undefined.
2026-08-10 17:46:23,196 | Utils | INFO | Initiating save routine for file: full_scored_data.csv into directory: test/top10
2026-08-10 17:46:23,196 | Utils | ERROR | Failed to save data matrix asset to disk structure: Provided dataframe reference is empty or undefined.
2026-08-10 17:46:23,196 | Utils | INFO | Initiating save routine for file: metabolomnic_df.csv into directory: test/top10
2026-08-10 17:46:23,196 | Utils | ERROR | Failed to save data matrix asset to disk structure: Provided dataframe reference is empty or undefined.
2026-08-10 17:46:23,196 | Utils | INFO | Initiating save routine for file: fusion_reference_df.csv into directory: test/top10
2026-08-10 17:46:23,196 | Utils | ERROR | Failed to save data matrix asset to disk structure: Provided dataframe reference is empty or undefined.
2026-08-10 17:46:23,196 | Utils | INFO | Initiating save routine for file: mutation_reference_df.csv into directory: test/top10
2026-08-10 17:46:23,196 | Utils | ERROR | Failed to save data matrix asset to disk structure: Provided dataframe reference is empty or undefined.
2026-08-10 17:47:26,668 | Utils | INFO | Reading structured dataset: gene_ensg_map.csv from path: lookup/gene_maps
2026-08-10 17:47:26,692 | Utils | INFO | Successfully loaded file. Calculated shape: (19907, 2)
2026-08-10 17:47:26,692 | Utils | INFO | Reading structured dataset: gene_protein_map.csv from path: lookup/gene_maps
2026-08-10 17:47:26,705 | Utils | INFO | Successfully loaded file. Calculated shape: (12559, 3)
2026-08-10 17:47:26,721 | Utils | INFO | Reading structured dataset: 2_DepMap_OmicsExpressionAllGenesTPMLogp1Profile.csv from path: scoring/gene expression
2026-08-10 17:47:34,347 | Utils | INFO | Successfully loaded file. Calculated shape: (1479, 19920)
2026-08-10 17:47:34,406 | Utils | INFO | Reading structured dataset: 1_4_hpa_rna_celline.csv from path: scoring/gene expression
2026-08-10 17:47:42,638 | Utils | INFO | Successfully loaded file. Calculated shape: (1145, 20165)
2026-08-10 17:47:42,990 | Utils | INFO | Reading structured dataset: 4_Harmonized_MS_CCLE_Gygi_subsetted.csv from path: scoring/gene expression
2026-08-10 17:47:44,184 | Utils | INFO | Successfully loaded file. Calculated shape: (375, 12559)
2026-08-10 17:47:44,229 | Utils | INFO | Reading structured dataset: cosinematrix.csv from path: scoring/cosine_matrix
2026-08-10 17:47:53,367 | Utils | INFO | Successfully loaded file. Calculated shape: (1479, 19919)
2026-08-10 17:47:54,205 | Utils | INFO | Reading structured dataset: 5_OmicsFusionFilteredSupplementary.csv from path: scoring/gene properties
2026-08-10 17:47:55,061 | Utils | INFO | Successfully loaded file. Calculated shape: (184237, 31)
2026-08-10 17:47:55,317 | Utils | INFO | Reading structured dataset: 6_OmicsSomaticMutationsProfile.csv from path: scoring/gene properties
2026-08-10 17:48:33,665 | Utils | INFO | Successfully loaded file. Calculated shape: (1066869, 71)
2026-08-10 17:48:39,948 | Utils | INFO | Reading structured dataset: 6_OmicsSomaticMutationsProfile.csv from path: scoring/gene properties
2026-08-10 17:49:54,955 | Utils | INFO | Successfully loaded file. Calculated shape: (1066869, 71)
2026-08-10 17:49:59,878 | Utils | INFO | Reading structured dataset: master_lookup.csv from path: lookup/master
2026-08-10 17:49:59,950 | Utils | INFO | Successfully loaded file. Calculated shape: (1479, 10)
2026-08-10 17:50:00,008 | Utils | INFO | Reading structured dataset: master_lookup.csv from path: lookup/master
2026-08-10 17:50:00,074 | Utils | INFO | Successfully loaded file. Calculated shape: (1479, 10)
2026-08-10 17:50:00,151 | Utils | INFO | Reading structured dataset: 5_OmicsFusionFilteredSupplementary.csv from path: scoring/gene properties
2026-08-10 17:50:07,502 | Utils | INFO | Successfully loaded file. Calculated shape: (184237, 31)
2026-08-10 17:50:07,977 | Utils | INFO | Reading structured dataset: 6_OmicsSomaticMutationsProfile.csv from path: scoring/gene properties
2026-08-10 17:51:23,412 | Utils | INFO | Successfully loaded file. Calculated shape: (1066869, 71)
2026-08-10 17:51:28,231 | Utils | INFO | Reading structured dataset: 12_CCLE_metabolomics_20190502.csv from path: cleaned_data/non gene expression
2026-08-10 17:51:28,466 | Utils | INFO | Successfully loaded file. Calculated shape: (928, 227)
2026-08-10 18:08:20,833 | Utils | INFO | Initiating save routine for file: top10_explanation.csv into directory: test/top10
2026-08-10 18:08:20,874 | Utils | INFO | Data frame successfully serialized to: C:\Users\Shankar\Desktop\AstraZeneca\code\astrazeneca\CelllineSelector\data\test\top10\top10_explanation.csv
2026-08-10 18:08:20,885 | Utils | INFO | Reading structured dataset: multiomincsfactor.csv from path: mofa_data/multiomincsfactor
2026-08-10 18:08:20,996 | Utils | INFO | Successfully loaded file. Calculated shape: (1479, 21)
2026-08-10 18:08:21,000 | Utils | INFO | Attempting to load binary pipeline estimator from storage name: kmeans_model.joblib
2026-08-10 18:08:21,291 | Utils | INFO | Model has been successfully loaded from the path
2026-08-10 18:10:08,161 | Utils | INFO | Reading structured dataset: multiomincsfactor.csv from path: mofa_data/multiomincsfactor
2026-08-10 18:10:08,232 | Utils | INFO | Successfully loaded file. Calculated shape: (1479, 21)
2026-08-10 18:10:08,234 | Utils | INFO | Attempting to load binary pipeline estimator from storage name: knn_model.joblib
2026-08-10 18:10:08,242 | Utils | INFO | Model has been successfully loaded from the path
2026-08-10 18:10:09,135 | Utils | INFO | Reading structured dataset: master_lookup.csv from path: lookup/master
2026-08-10 18:10:09,205 | Utils | INFO | Successfully loaded file. Calculated shape: (1479, 10)
2026-08-10 18:10:09,295 | Utils | INFO | Reading structured dataset: master_lookup.csv from path: lookup/master
2026-08-10 18:10:09,355 | Utils | INFO | Successfully loaded file. Calculated shape: (1479, 10)
2026-08-10 18:10:09,430 | Utils | INFO | Initiating save routine for file: final_top10_df.csv into directory: test/top10
2026-08-10 18:10:09,454 | Utils | INFO | Data frame successfully serialized to: C:\Users\Shankar\Desktop\AstraZeneca\code\astrazeneca\CelllineSelector\data\test\top10\final_top10_df.csv
2026-08-10 18:10:09,456 | Utils | INFO | Initiating save routine for file: full_scored_data.csv into directory: test/top10
2026-08-10 18:10:09,831 | Utils | INFO | Data frame successfully serialized to: C:\Users\Shankar\Desktop\AstraZeneca\code\astrazeneca\CelllineSelector\data\test\top10\full_scored_data.csv
2026-08-10 18:10:09,833 | Utils | INFO | Initiating save routine for file: metabolomnic_df.csv into directory: test/top10
2026-08-10 18:10:09,893 | Utils | INFO | Data frame successfully serialized to: C:\Users\Shankar\Desktop\AstraZeneca\code\astrazeneca\CelllineSelector\data\test\top10\metabolomnic_df.csv
2026-08-10 18:10:09,894 | Utils | INFO | Initiating save routine for file: fusion_reference_df.csv into directory: test/top10
2026-08-10 18:10:09,914 | Utils | INFO | Data frame successfully serialized to: C:\Users\Shankar\Desktop\AstraZeneca\code\astrazeneca\CelllineSelector\data\test\top10\fusion_reference_df.csv
2026-08-10 18:10:09,916 | Utils | INFO | Initiating save routine for file: mutation_reference_df.csv into directory: test/top10
2026-08-10 18:10:09,946 | Utils | INFO | Data frame successfully serialized to: C:\Users\Shankar\Desktop\AstraZeneca\code\astrazeneca\CelllineSelector\data\test\top10\mutation_reference_df.csv
2026-08-11 00:19:29,889 | Utils | INFO | Reading structured dataset: gene_ensg_map.csv from path: lookup/gene_maps
2026-08-11 00:19:29,956 | Utils | INFO | Successfully loaded file. Calculated shape: (19907, 2)
2026-08-11 00:19:29,968 | Utils | INFO | Reading structured dataset: gene_protein_map.csv from path: lookup/gene_maps
2026-08-11 00:19:29,993 | Utils | INFO | Successfully loaded file. Calculated shape: (12559, 3)
2026-08-11 00:19:29,995 | Utils | INFO | Reading structured dataset: 2_DepMap_OmicsExpressionAllGenesTPMLogp1Profile.csv from path: scoring/gene expression
2026-08-11 00:19:37,651 | Utils | INFO | Successfully loaded file. Calculated shape: (1479, 19920)
2026-08-11 00:19:37,719 | Utils | INFO | Reading structured dataset: 1_4_hpa_rna_celline.csv from path: scoring/gene expression
2026-08-11 00:19:44,185 | Utils | INFO | Successfully loaded file. Calculated shape: (1145, 20165)
2026-08-11 00:19:44,503 | Utils | INFO | Reading structured dataset: 4_Harmonized_MS_CCLE_Gygi_subsetted.csv from path: scoring/gene expression
2026-08-11 00:19:45,801 | Utils | INFO | Successfully loaded file. Calculated shape: (375, 12559)
2026-08-11 00:19:45,851 | Utils | INFO | Reading structured dataset: cosinematrix.csv from path: scoring/cosine_matrix
2026-08-11 00:19:55,736 | Utils | INFO | Successfully loaded file. Calculated shape: (1479, 19919)
2026-08-11 00:19:56,840 | Utils | INFO | Reading structured dataset: 5_OmicsFusionFilteredSupplementary.csv from path: scoring/gene properties
2026-08-11 00:19:57,911 | Utils | INFO | Successfully loaded file. Calculated shape: (184237, 31)
2026-08-11 00:19:58,140 | Utils | INFO | Reading structured dataset: 6_OmicsSomaticMutationsProfile.csv from path: scoring/gene properties
2026-08-11 00:20:07,261 | Utils | INFO | Successfully loaded file. Calculated shape: (1066869, 71)
2026-08-11 00:20:08,064 | Utils | INFO | Reading structured dataset: 6_OmicsSomaticMutationsProfile.csv from path: scoring/gene properties
2026-08-11 00:20:19,338 | Utils | INFO | Successfully loaded file. Calculated shape: (1066869, 71)
2026-08-11 00:20:20,238 | Utils | INFO | Reading structured dataset: master_lookup.csv from path: lookup/master
2026-08-11 00:20:20,297 | Utils | INFO | Successfully loaded file. Calculated shape: (1479, 10)
2026-08-11 00:20:20,305 | Utils | INFO | Reading structured dataset: master_lookup.csv from path: lookup/master
2026-08-11 00:20:20,312 | Utils | INFO | Successfully loaded file. Calculated shape: (1479, 10)
2026-08-11 00:20:20,327 | Utils | INFO | Reading structured dataset: 5_OmicsFusionFilteredSupplementary.csv from path: scoring/gene properties
2026-08-11 00:20:21,748 | Utils | INFO | Successfully loaded file. Calculated shape: (184237, 31)
2026-08-11 00:20:21,885 | Utils | INFO | Reading structured dataset: 6_OmicsSomaticMutationsProfile.csv from path: scoring/gene properties
2026-08-11 00:20:31,753 | Utils | INFO | Successfully loaded file. Calculated shape: (1066869, 71)
2026-08-11 00:20:32,437 | Utils | INFO | Reading structured dataset: 12_CCLE_metabolomics_20190502.csv from path: cleaned_data/non gene expression
2026-08-11 00:20:32,544 | Utils | INFO | Successfully loaded file. Calculated shape: (928, 227)
2026-08-11 00:26:50,391 | Utils | INFO | Initiating save routine for file: top10_explanation.csv into directory: test/top10
2026-08-11 00:26:50,403 | Utils | INFO | Data frame successfully serialized to: C:\Users\Shankar\Desktop\AstraZeneca\code\astrazeneca\CelllineSelector\data\test\top10\top10_explanation.csv
2026-08-11 00:26:50,403 | Utils | INFO | Reading structured dataset: multiomincsfactor.csv from path: mofa_data/multiomincsfactor
2026-08-11 00:26:50,452 | Utils | INFO | Successfully loaded file. Calculated shape: (1479, 21)
2026-08-11 00:26:50,454 | Utils | INFO | Attempting to load binary pipeline estimator from storage name: kmeans_model.joblib
2026-08-11 00:26:51,042 | Utils | INFO | Model has been successfully loaded from the path
2026-08-11 00:27:06,995 | Utils | INFO | Reading structured dataset: multiomincsfactor.csv from path: mofa_data/multiomincsfactor
2026-08-11 00:27:06,995 | Utils | INFO | Successfully loaded file. Calculated shape: (1479, 21)
2026-08-11 00:27:06,995 | Utils | INFO | Attempting to load binary pipeline estimator from storage name: knn_model.joblib
2026-08-11 00:27:07,019 | Utils | INFO | Model has been successfully loaded from the path
2026-08-11 00:27:07,177 | Utils | INFO | Reading structured dataset: master_lookup.csv from path: lookup/master
2026-08-11 00:27:07,187 | Utils | INFO | Successfully loaded file. Calculated shape: (1479, 10)
2026-08-11 00:27:07,197 | Utils | INFO | Reading structured dataset: master_lookup.csv from path: lookup/master
2026-08-11 00:27:07,200 | Utils | INFO | Successfully loaded file. Calculated shape: (1479, 10)
2026-08-11 00:27:07,208 | Utils | INFO | Initiating save routine for file: final_top10_df.csv into directory: test/top10
2026-08-11 00:27:07,210 | Utils | INFO | Data frame successfully serialized to: C:\Users\Shankar\Desktop\AstraZeneca\code\astrazeneca\CelllineSelector\data\test\top10\final_top10_df.csv
2026-08-11 00:27:07,210 | Utils | INFO | Initiating save routine for file: full_scored_data.csv into directory: test/top10
2026-08-11 00:27:07,230 | Utils | INFO | Data frame successfully serialized to: C:\Users\Shankar\Desktop\AstraZeneca\code\astrazeneca\CelllineSelector\data\test\top10\full_scored_data.csv
2026-08-11 00:27:07,230 | Utils | INFO | Initiating save routine for file: metabolomnic_df.csv into directory: test/top10
2026-08-11 00:27:07,230 | Utils | INFO | Data frame successfully serialized to: C:\Users\Shankar\Desktop\AstraZeneca\code\astrazeneca\CelllineSelector\data\test\top10\metabolomnic_df.csv
2026-08-11 00:27:07,230 | Utils | INFO | Initiating save routine for file: fusion_reference_df.csv into directory: test/top10
2026-08-11 00:27:07,230 | Utils | INFO | Data frame successfully serialized to: C:\Users\Shankar\Desktop\AstraZeneca\code\astrazeneca\CelllineSelector\data\test\top10\fusion_reference_df.csv
2026-08-11 00:27:07,230 | Utils | INFO | Initiating save routine for file: mutation_reference_df.csv into directory: test/top10
2026-08-11 00:27:07,246 | Utils | INFO | Data frame successfully serialized to: C:\Users\Shankar\Desktop\AstraZeneca\code\astrazeneca\CelllineSelector\data\test\top10\mutation_reference_df.csv
2026-08-11 02:27:47,735 | Utils | INFO | Reading structured dataset: gene_ensg_map.csv from path: lookup/gene_maps
2026-08-11 02:27:47,769 | Utils | INFO | Successfully loaded file. Calculated shape: (19907, 2)
2026-08-11 02:27:47,771 | Utils | INFO | Reading structured dataset: gene_protein_map.csv from path: lookup/gene_maps
2026-08-11 02:27:47,787 | Utils | INFO | Successfully loaded file. Calculated shape: (12559, 3)
2026-08-11 02:27:47,789 | Utils | INFO | Reading structured dataset: 2_DepMap_OmicsExpressionAllGenesTPMLogp1Profile.csv from path: scoring/gene expression
2026-08-11 02:27:57,419 | Utils | INFO | Successfully loaded file. Calculated shape: (1479, 19920)
2026-08-11 02:27:57,537 | Utils | INFO | Reading structured dataset: 1_4_hpa_rna_celline.csv from path: scoring/gene expression
2026-08-11 02:28:03,906 | Utils | INFO | Successfully loaded file. Calculated shape: (1145, 20165)
2026-08-11 02:28:04,146 | Utils | INFO | Reading structured dataset: 4_Harmonized_MS_CCLE_Gygi_subsetted.csv from path: scoring/gene expression
2026-08-11 02:28:05,129 | Utils | INFO | Successfully loaded file. Calculated shape: (375, 12559)
2026-08-11 02:28:05,153 | Utils | INFO | Reading structured dataset: cosinematrix.csv from path: scoring/cosine_matrix
2026-08-11 02:28:13,474 | Utils | INFO | Successfully loaded file. Calculated shape: (1479, 19919)
2026-08-11 02:28:13,649 | Utils | INFO | Reading structured dataset: gene_ensg_map.csv from path: lookup/gene_maps
2026-08-11 02:28:13,653 | Utils | INFO | Successfully loaded file. Calculated shape: (19907, 2)
2026-08-11 02:28:13,653 | Utils | INFO | Reading structured dataset: gene_protein_map.csv from path: lookup/gene_maps
2026-08-11 02:28:13,680 | Utils | INFO | Successfully loaded file. Calculated shape: (12559, 3)
2026-08-11 02:28:13,685 | Utils | INFO | Reading structured dataset: 2_DepMap_OmicsExpressionAllGenesTPMLogp1Profile.csv from path: scoring/gene expression
2026-08-11 02:28:20,464 | Utils | INFO | Successfully loaded file. Calculated shape: (1479, 19920)
2026-08-11 02:28:20,522 | Utils | INFO | Reading structured dataset: 1_4_hpa_rna_celline.csv from path: scoring/gene expression
2026-08-11 02:28:26,470 | Utils | INFO | Successfully loaded file. Calculated shape: (1145, 20165)
2026-08-11 02:28:26,786 | Utils | INFO | Reading structured dataset: 4_Harmonized_MS_CCLE_Gygi_subsetted.csv from path: scoring/gene expression
2026-08-11 02:28:27,999 | Utils | INFO | Successfully loaded file. Calculated shape: (375, 12559)
2026-08-11 02:28:28,037 | Utils | INFO | Reading structured dataset: cosinematrix.csv from path: scoring/cosine_matrix
2026-08-11 02:28:36,378 | Utils | INFO | Successfully loaded file. Calculated shape: (1479, 19919)
2026-08-11 02:28:37,524 | Utils | INFO | Reading structured dataset: 5_OmicsFusionFilteredSupplementary.csv from path: scoring/gene properties
2026-08-11 02:28:38,646 | Utils | INFO | Successfully loaded file. Calculated shape: (184237, 31)
2026-08-11 02:28:38,852 | Utils | INFO | Reading structured dataset: 6_OmicsSomaticMutationsProfile.csv from path: scoring/gene properties
2026-08-11 02:28:47,997 | Utils | INFO | Successfully loaded file. Calculated shape: (1066869, 71)
2026-08-11 02:28:48,802 | Utils | INFO | Reading structured dataset: 6_OmicsSomaticMutationsProfile.csv from path: scoring/gene properties
2026-08-11 02:29:00,604 | Utils | INFO | Successfully loaded file. Calculated shape: (1066869, 71)
2026-08-11 02:29:01,832 | Utils | INFO | Reading structured dataset: master_lookup.csv from path: lookup/master
2026-08-11 02:29:01,854 | Utils | INFO | Successfully loaded file. Calculated shape: (1479, 10)
2026-08-11 02:29:01,870 | Utils | INFO | Reading structured dataset: master_lookup.csv from path: lookup/master
2026-08-11 02:29:01,877 | Utils | INFO | Successfully loaded file. Calculated shape: (1479, 10)
2026-08-11 02:29:01,904 | Utils | INFO | Reading structured dataset: 5_OmicsFusionFilteredSupplementary.csv from path: scoring/gene properties
2026-08-11 02:29:03,507 | Utils | INFO | Successfully loaded file. Calculated shape: (184237, 31)
2026-08-11 02:29:03,618 | Utils | INFO | Reading structured dataset: 6_OmicsSomaticMutationsProfile.csv from path: scoring/gene properties
2026-08-11 02:29:13,523 | Utils | INFO | Successfully loaded file. Calculated shape: (1066869, 71)
2026-08-11 02:29:14,768 | Utils | INFO | Reading structured dataset: 12_CCLE_metabolomics_20190502.csv from path: cleaned_data/non gene expression
2026-08-11 02:29:14,802 | Utils | INFO | Successfully loaded file. Calculated shape: (928, 227)
2026-08-11 02:33:58,437 | Utils | INFO | Initiating save routine for file: top10_explanation.csv into directory: test/top10
2026-08-11 02:33:58,453 | Utils | INFO | Data frame successfully serialized to: C:\Users\Shankar\Desktop\AstraZeneca\code\astrazeneca\CelllineSelector\data\test\top10\top10_explanation.csv
2026-08-11 02:33:58,453 | Utils | INFO | Reading structured dataset: multiomincsfactor.csv from path: mofa_data/multiomincsfactor
2026-08-11 02:33:58,481 | Utils | INFO | Successfully loaded file. Calculated shape: (1479, 21)
2026-08-11 02:33:58,481 | Utils | INFO | Attempting to load binary pipeline estimator from storage name: kmeans_model.joblib
2026-08-11 02:33:58,580 | Utils | INFO | Model has been successfully loaded from the path
2026-08-11 02:34:15,095 | Utils | INFO | Reading structured dataset: multiomincsfactor.csv from path: mofa_data/multiomincsfactor
2026-08-11 02:34:15,110 | Utils | INFO | Successfully loaded file. Calculated shape: (1479, 21)
2026-08-11 02:34:15,110 | Utils | INFO | Attempting to load binary pipeline estimator from storage name: knn_model.joblib
2026-08-11 02:34:15,122 | Utils | INFO | Model has been successfully loaded from the path
2026-08-11 02:34:15,310 | Utils | INFO | Reading structured dataset: master_lookup.csv from path: lookup/master
2026-08-11 02:34:15,479 | Utils | INFO | Successfully loaded file. Calculated shape: (1479, 10)
2026-08-11 02:34:15,502 | Utils | INFO | Reading structured dataset: master_lookup.csv from path: lookup/master
2026-08-11 02:34:15,503 | Utils | INFO | Successfully loaded file. Calculated shape: (1479, 10)
2026-08-11 02:34:15,521 | Utils | INFO | Initiating save routine for file: final_top10_df.csv into directory: test/top10
2026-08-11 02:34:15,524 | Utils | INFO | Data frame successfully serialized to: C:\Users\Shankar\Desktop\AstraZeneca\code\astrazeneca\CelllineSelector\data\test\top10\final_top10_df.csv
2026-08-11 02:34:15,525 | Utils | INFO | Initiating save routine for file: full_scored_data.csv into directory: test/top10
2026-08-11 02:34:15,582 | Utils | INFO | Data frame successfully serialized to: C:\Users\Shankar\Desktop\AstraZeneca\code\astrazeneca\CelllineSelector\data\test\top10\full_scored_data.csv
2026-08-11 02:34:15,582 | Utils | INFO | Initiating save routine for file: metabolomnic_df.csv into directory: test/top10
2026-08-11 02:34:15,588 | Utils | INFO | Data frame successfully serialized to: C:\Users\Shankar\Desktop\AstraZeneca\code\astrazeneca\CelllineSelector\data\test\top10\metabolomnic_df.csv
2026-08-11 02:34:15,588 | Utils | INFO | Initiating save routine for file: fusion_reference_df.csv into directory: test/top10
2026-08-11 02:34:15,588 | Utils | INFO | Data frame successfully serialized to: C:\Users\Shankar\Desktop\AstraZeneca\code\astrazeneca\CelllineSelector\data\test\top10\fusion_reference_df.csv
2026-08-11 02:34:15,588 | Utils | INFO | Initiating save routine for file: mutation_reference_df.csv into directory: test/top10
2026-08-11 02:34:15,595 | Utils | INFO | Data frame successfully serialized to: C:\Users\Shankar\Desktop\AstraZeneca\code\astrazeneca\CelllineSelector\data\test\top10\mutation_reference_df.csv
2026-08-11 14:51:30,950 | Utils | INFO | Reading structured dataset: gene_ensg_map.csv from path: lookup/gene_maps
2026-08-11 14:51:31,023 | Utils | INFO | Successfully loaded file. Calculated shape: (19907, 2)
2026-08-11 14:51:31,037 | Utils | INFO | Reading structured dataset: gene_protein_map.csv from path: lookup/gene_maps
2026-08-11 14:51:31,063 | Utils | INFO | Successfully loaded file. Calculated shape: (12559, 3)
2026-08-11 14:51:31,066 | Utils | INFO | Reading structured dataset: 2_DepMap_OmicsExpressionAllGenesTPMLogp1Profile.csv from path: scoring/gene expression
2026-08-11 14:51:39,376 | Utils | INFO | Successfully loaded file. Calculated shape: (1479, 19920)
2026-08-11 14:51:39,441 | Utils | INFO | Reading structured dataset: 1_4_hpa_rna_celline.csv from path: scoring/gene expression
2026-08-11 14:51:47,721 | Utils | INFO | Successfully loaded file. Calculated shape: (1145, 20165)
2026-08-11 14:51:48,150 | Utils | INFO | Reading structured dataset: 4_Harmonized_MS_CCLE_Gygi_subsetted.csv from path: scoring/gene expression
2026-08-11 14:51:49,706 | Utils | INFO | Successfully loaded file. Calculated shape: (375, 12559)
2026-08-11 14:51:49,747 | Utils | INFO | Reading structured dataset: cosinematrix.csv from path: scoring/cosine_matrix
2026-08-11 14:51:59,411 | Utils | INFO | Successfully loaded file. Calculated shape: (1479, 19919)
2026-08-11 14:52:00,374 | Utils | INFO | Reading structured dataset: 5_OmicsFusionFilteredSupplementary.csv from path: scoring/gene properties
2026-08-11 14:52:01,371 | Utils | INFO | Successfully loaded file. Calculated shape: (184237, 31)
2026-08-11 14:52:01,583 | Utils | INFO | Reading structured dataset: 6_OmicsSomaticMutationsProfile.csv from path: scoring/gene properties
2026-08-11 14:52:11,867 | Utils | INFO | Successfully loaded file. Calculated shape: (1066869, 71)
2026-08-11 14:52:12,733 | Utils | INFO | Reading structured dataset: 6_OmicsSomaticMutationsProfile.csv from path: scoring/gene properties
2026-08-11 14:52:23,633 | Utils | INFO | Successfully loaded file. Calculated shape: (1066869, 71)
2026-08-11 14:52:24,553 | Utils | INFO | Reading structured dataset: master_lookup.csv from path: lookup/master
2026-08-11 14:52:24,600 | Utils | INFO | Successfully loaded file. Calculated shape: (1479, 10)
2026-08-11 14:52:24,607 | Utils | INFO | Reading structured dataset: master_lookup.csv from path: lookup/master
2026-08-11 14:52:24,614 | Utils | INFO | Successfully loaded file. Calculated shape: (1479, 10)
2026-08-11 14:52:24,623 | Utils | INFO | Reading structured dataset: 5_OmicsFusionFilteredSupplementary.csv from path: scoring/gene properties
2026-08-11 14:52:25,612 | Utils | INFO | Successfully loaded file. Calculated shape: (184237, 31)
2026-08-11 14:52:25,717 | Utils | INFO | Reading structured dataset: 6_OmicsSomaticMutationsProfile.csv from path: scoring/gene properties
2026-08-11 14:52:35,778 | Utils | INFO | Successfully loaded file. Calculated shape: (1066869, 71)
2026-08-11 14:52:36,555 | Utils | INFO | Reading structured dataset: 12_CCLE_metabolomics_20190502.csv from path: cleaned_data/non gene expression
2026-08-11 14:52:36,600 | Utils | INFO | Successfully loaded file. Calculated shape: (928, 227)
2026-08-11 14:59:28,036 | Utils | INFO | Initiating save routine for file: top10_explanation.csv into directory: test/top10
2026-08-11 14:59:28,054 | Utils | INFO | Data frame successfully serialized to: C:\Users\Shankar\Desktop\AstraZeneca\code\astrazeneca\CelllineSelector\data\test\top10\top10_explanation.csv
2026-08-11 14:59:28,057 | Utils | INFO | Reading structured dataset: multiomincsfactor.csv from path: mofa_data/multiomincsfactor
2026-08-11 14:59:28,149 | Utils | INFO | Successfully loaded file. Calculated shape: (1479, 21)
2026-08-11 14:59:28,149 | Utils | INFO | Attempting to load binary pipeline estimator from storage name: kmeans_model.joblib
2026-08-11 14:59:29,151 | Utils | INFO | Model has been successfully loaded from the path
2026-08-11 14:59:54,756 | Utils | INFO | Reading structured dataset: multiomincsfactor.csv from path: mofa_data/multiomincsfactor
2026-08-11 14:59:54,781 | Utils | INFO | Successfully loaded file. Calculated shape: (1479, 21)
2026-08-11 14:59:54,781 | Utils | INFO | Attempting to load binary pipeline estimator from storage name: knn_model.joblib
2026-08-11 14:59:54,794 | Utils | INFO | Model has been successfully loaded from the path
2026-08-11 14:59:55,102 | Utils | INFO | Reading structured dataset: master_lookup.csv from path: lookup/master
2026-08-11 14:59:55,119 | Utils | INFO | Successfully loaded file. Calculated shape: (1479, 10)
2026-08-11 14:59:55,138 | Utils | INFO | Reading structured dataset: master_lookup.csv from path: lookup/master
2026-08-11 14:59:55,148 | Utils | INFO | Successfully loaded file. Calculated shape: (1479, 10)
2026-08-11 14:59:55,158 | Utils | INFO | Initiating save routine for file: final_top10_df.csv into directory: test/top10
2026-08-11 14:59:55,165 | Utils | INFO | Data frame successfully serialized to: C:\Users\Shankar\Desktop\AstraZeneca\code\astrazeneca\CelllineSelector\data\test\top10\final_top10_df.csv
2026-08-11 14:59:55,165 | Utils | INFO | Initiating save routine for file: full_scored_data.csv into directory: test/top10
2026-08-11 14:59:55,199 | Utils | INFO | Data frame successfully serialized to: C:\Users\Shankar\Desktop\AstraZeneca\code\astrazeneca\CelllineSelector\data\test\top10\full_scored_data.csv
2026-08-11 14:59:55,199 | Utils | INFO | Initiating save routine for file: metabolomnic_df.csv into directory: test/top10
2026-08-11 14:59:55,206 | Utils | INFO | Data frame successfully serialized to: C:\Users\Shankar\Desktop\AstraZeneca\code\astrazeneca\CelllineSelector\data\test\top10\metabolomnic_df.csv
2026-08-11 14:59:55,206 | Utils | INFO | Initiating save routine for file: fusion_reference_df.csv into directory: test/top10
2026-08-11 14:59:55,214 | Utils | INFO | Data frame successfully serialized to: C:\Users\Shankar\Desktop\AstraZeneca\code\astrazeneca\CelllineSelector\data\test\top10\fusion_reference_df.csv
2026-08-11 14:59:55,214 | Utils | INFO | Initiating save routine for file: mutation_reference_df.csv into directory: test/top10
2026-08-11 14:59:55,219 | Utils | INFO | Data frame successfully serialized to: C:\Users\Shankar\Desktop\AstraZeneca\code\astrazeneca\CelllineSelector\data\test\top10\mutation_reference_df.csv
2026-08-13 02:21:44,124 | Utils | INFO | Reading structured dataset: gene_ensg_map.csv from path: lookup/gene_maps
2026-08-13 02:21:44,218 | Utils | INFO | Successfully loaded file. Calculated shape: (19907, 2)
2026-08-13 02:21:44,236 | Utils | INFO | Reading structured dataset: gene_protein_map.csv from path: lookup/gene_maps
2026-08-13 02:21:44,269 | Utils | INFO | Successfully loaded file. Calculated shape: (12559, 3)
2026-08-13 02:21:44,275 | Utils | INFO | Reading structured dataset: 2_DepMap_OmicsExpressionAllGenesTPMLogp1Profile.csv from path: scoring/gene expression
2026-08-13 02:22:01,966 | Utils | INFO | Successfully loaded file. Calculated shape: (1479, 19920)
2026-08-13 02:22:02,047 | Utils | INFO | Reading structured dataset: 1_4_hpa_rna_celline.csv from path: scoring/gene expression
2026-08-13 02:22:08,505 | Utils | INFO | Successfully loaded file. Calculated shape: (1145, 20165)
2026-08-13 02:22:08,787 | Utils | INFO | Reading structured dataset: 4_Harmonized_MS_CCLE_Gygi_subsetted.csv from path: scoring/gene expression
2026-08-13 02:22:09,952 | Utils | INFO | Successfully loaded file. Calculated shape: (375, 12559)
2026-08-13 02:22:09,998 | Utils | INFO | Reading structured dataset: cosinematrix.csv from path: scoring/cosine_matrix
2026-08-13 02:22:19,898 | Utils | INFO | Successfully loaded file. Calculated shape: (1479, 19919)
2026-08-13 02:22:20,912 | Utils | INFO | Reading structured dataset: 5_OmicsFusionFilteredSupplementary.csv from path: scoring/gene properties
2026-08-13 02:22:22,151 | Utils | INFO | Successfully loaded file. Calculated shape: (184237, 31)
2026-08-13 02:22:22,400 | Utils | INFO | Reading structured dataset: 6_OmicsSomaticMutationsProfile.csv from path: scoring/gene properties
2026-08-13 02:22:34,224 | Utils | INFO | Successfully loaded file. Calculated shape: (1066869, 71)
2026-08-13 02:22:35,152 | Utils | INFO | Reading structured dataset: 6_OmicsSomaticMutationsProfile.csv from path: scoring/gene properties
2026-08-13 02:22:46,175 | Utils | INFO | Successfully loaded file. Calculated shape: (1066869, 71)
2026-08-13 02:22:47,073 | Utils | INFO | Reading structured dataset: master_lookup.csv from path: lookup/master
2026-08-13 02:22:47,150 | Utils | INFO | Successfully loaded file. Calculated shape: (1479, 10)
2026-08-13 02:22:47,165 | Utils | INFO | Reading structured dataset: master_lookup.csv from path: lookup/master
2026-08-13 02:22:47,175 | Utils | INFO | Successfully loaded file. Calculated shape: (1479, 10)
2026-08-13 02:22:47,190 | Utils | INFO | Reading structured dataset: 5_OmicsFusionFilteredSupplementary.csv from path: scoring/gene properties
2026-08-13 02:22:48,555 | Utils | INFO | Successfully loaded file. Calculated shape: (184237, 31)
2026-08-13 02:22:48,685 | Utils | INFO | Reading structured dataset: 6_OmicsSomaticMutationsProfile.csv from path: scoring/gene properties
2026-08-13 02:23:00,888 | Utils | INFO | Successfully loaded file. Calculated shape: (1066869, 71)
2026-08-13 02:23:01,784 | Utils | INFO | Reading structured dataset: 12_CCLE_metabolomics_20190502.csv from path: cleaned_data/non gene expression
2026-08-13 02:23:01,841 | Utils | INFO | Successfully loaded file. Calculated shape: (928, 227)
2026-08-13 02:27:30,731 | Utils | INFO | Reading structured dataset: gene_ensg_map.csv from path: lookup/gene_maps
2026-08-13 02:27:30,774 | Utils | INFO | Successfully loaded file. Calculated shape: (19907, 2)
2026-08-13 02:27:30,787 | Utils | INFO | Reading structured dataset: gene_protein_map.csv from path: lookup/gene_maps
2026-08-13 02:27:30,806 | Utils | INFO | Successfully loaded file. Calculated shape: (12559, 3)
2026-08-13 02:27:30,811 | Utils | INFO | Reading structured dataset: 2_DepMap_OmicsExpressionAllGenesTPMLogp1Profile.csv from path: scoring/gene expression
2026-08-13 02:27:39,167 | Utils | INFO | Successfully loaded file. Calculated shape: (1479, 19920)
2026-08-13 02:27:39,235 | Utils | INFO | Reading structured dataset: 1_4_hpa_rna_celline.csv from path: scoring/gene expression
2026-08-13 02:27:45,461 | Utils | INFO | Successfully loaded file. Calculated shape: (1145, 20165)
2026-08-13 02:27:45,743 | Utils | INFO | Reading structured dataset: 4_Harmonized_MS_CCLE_Gygi_subsetted.csv from path: scoring/gene expression
2026-08-13 02:27:47,394 | Utils | INFO | Successfully loaded file. Calculated shape: (375, 12559)
2026-08-13 02:27:47,446 | Utils | INFO | Reading structured dataset: cosinematrix.csv from path: scoring/cosine_matrix
2026-08-13 02:27:58,612 | Utils | INFO | Successfully loaded file. Calculated shape: (1479, 19919)
2026-08-13 02:27:59,522 | Utils | INFO | Reading structured dataset: 5_OmicsFusionFilteredSupplementary.csv from path: scoring/gene properties
2026-08-13 02:28:00,775 | Utils | INFO | Successfully loaded file. Calculated shape: (184237, 31)
2026-08-13 02:28:00,997 | Utils | INFO | Reading structured dataset: 6_OmicsSomaticMutationsProfile.csv from path: scoring/gene properties
2026-08-13 02:28:11,421 | Utils | INFO | Successfully loaded file. Calculated shape: (1066869, 71)
2026-08-13 02:28:12,325 | Utils | INFO | Reading structured dataset: 6_OmicsSomaticMutationsProfile.csv from path: scoring/gene properties
2026-08-13 02:28:25,115 | Utils | INFO | Successfully loaded file. Calculated shape: (1066869, 71)
2026-08-13 02:28:26,054 | Utils | INFO | Reading structured dataset: master_lookup.csv from path: lookup/master
2026-08-13 02:28:26,065 | Utils | INFO | Successfully loaded file. Calculated shape: (1479, 10)
2026-08-13 02:28:26,078 | Utils | INFO | Reading structured dataset: master_lookup.csv from path: lookup/master
2026-08-13 02:28:26,089 | Utils | INFO | Successfully loaded file. Calculated shape: (1479, 10)
2026-08-13 02:28:26,103 | Utils | INFO | Reading structured dataset: 5_OmicsFusionFilteredSupplementary.csv from path: scoring/gene properties
2026-08-13 02:28:27,503 | Utils | INFO | Successfully loaded file. Calculated shape: (184237, 31)
2026-08-13 02:28:27,649 | Utils | INFO | Reading structured dataset: 6_OmicsSomaticMutationsProfile.csv from path: scoring/gene properties
2026-08-13 02:28:40,343 | Utils | INFO | Successfully loaded file. Calculated shape: (1066869, 71)
2026-08-13 02:28:41,226 | Utils | INFO | Reading structured dataset: 12_CCLE_metabolomics_20190502.csv from path: cleaned_data/non gene expression
2026-08-13 02:28:41,262 | Utils | INFO | Successfully loaded file. Calculated shape: (928, 227)
2026-08-13 02:32:08,430 | Utils | INFO | Initiating save routine for file: top10_explanation.csv into directory: test/top10
2026-08-13 02:32:08,438 | Utils | INFO | Data frame successfully serialized to: C:\Users\Shankar\Desktop\AstraZeneca\code\astrazeneca\CelllineSelector\data\test\top10\top10_explanation.csv
2026-08-13 02:32:08,440 | Utils | INFO | Reading structured dataset: multiomincsfactor.csv from path: mofa_data/multiomincsfactor
2026-08-13 02:32:08,504 | Utils | INFO | Successfully loaded file. Calculated shape: (1479, 21)
2026-08-13 02:32:08,505 | Utils | INFO | Attempting to load binary pipeline estimator from storage name: kmeans_model.joblib
2026-08-13 02:32:09,244 | Utils | INFO | Model has been successfully loaded from the path
2026-08-13 02:32:36,265 | Utils | INFO | Reading structured dataset: multiomincsfactor.csv from path: mofa_data/multiomincsfactor
2026-08-13 02:32:36,286 | Utils | INFO | Successfully loaded file. Calculated shape: (1479, 21)
2026-08-13 02:32:36,287 | Utils | INFO | Attempting to load binary pipeline estimator from storage name: knn_model.joblib
2026-08-13 02:32:36,306 | Utils | INFO | Model has been successfully loaded from the path
2026-08-13 02:32:36,677 | Utils | INFO | Reading structured dataset: master_lookup.csv from path: lookup/master
2026-08-13 02:32:36,929 | Utils | INFO | Successfully loaded file. Calculated shape: (1479, 10)
2026-08-13 02:32:36,945 | Utils | INFO | Reading structured dataset: master_lookup.csv from path: lookup/master
2026-08-13 02:32:36,958 | Utils | INFO | Successfully loaded file. Calculated shape: (1479, 10)
2026-08-13 02:32:36,978 | Utils | INFO | Initiating save routine for file: final_top10_df.csv into directory: test/top10
2026-08-13 02:32:36,985 | Utils | INFO | Data frame successfully serialized to: C:\Users\Shankar\Desktop\AstraZeneca\code\astrazeneca\CelllineSelector\data\test\top10\final_top10_df.csv
2026-08-13 02:32:36,985 | Utils | INFO | Initiating save routine for file: full_scored_data.csv into directory: test/top10
2026-08-13 02:32:37,024 | Utils | INFO | Data frame successfully serialized to: C:\Users\Shankar\Desktop\AstraZeneca\code\astrazeneca\CelllineSelector\data\test\top10\full_scored_data.csv
2026-08-13 02:32:37,024 | Utils | INFO | Initiating save routine for file: metabolomnic_df.csv into directory: test/top10
2026-08-13 02:32:37,039 | Utils | INFO | Data frame successfully serialized to: C:\Users\Shankar\Desktop\AstraZeneca\code\astrazeneca\CelllineSelector\data\test\top10\metabolomnic_df.csv
2026-08-13 02:32:37,040 | Utils | INFO | Initiating save routine for file: fusion_reference_df.csv into directory: test/top10
2026-08-13 02:32:37,051 | Utils | INFO | Data frame successfully serialized to: C:\Users\Shankar\Desktop\AstraZeneca\code\astrazeneca\CelllineSelector\data\test\top10\fusion_reference_df.csv
2026-08-13 02:32:37,052 | Utils | INFO | Initiating save routine for file: mutation_reference_df.csv into directory: test/top10
2026-08-13 02:32:37,052 | Utils | ERROR | Failed to save data matrix asset to disk structure: Provided dataframe reference is empty or undefined.
2026-08-13 02:36:30,923 | Utils | INFO | Reading structured dataset: gene_ensg_map.csv from path: lookup/gene_maps
2026-08-13 02:36:30,975 | Utils | INFO | Successfully loaded file. Calculated shape: (19907, 2)
2026-08-13 02:36:30,995 | Utils | INFO | Reading structured dataset: gene_protein_map.csv from path: lookup/gene_maps
2026-08-13 02:36:31,015 | Utils | INFO | Successfully loaded file. Calculated shape: (12559, 3)
2026-08-13 02:36:31,018 | Utils | INFO | Reading structured dataset: 2_DepMap_OmicsExpressionAllGenesTPMLogp1Profile.csv from path: scoring/gene expression
2026-08-13 02:36:41,499 | Utils | INFO | Successfully loaded file. Calculated shape: (1479, 19920)
2026-08-13 02:36:41,589 | Utils | INFO | Reading structured dataset: 1_4_hpa_rna_celline.csv from path: scoring/gene expression
2026-08-13 02:36:48,008 | Utils | INFO | Successfully loaded file. Calculated shape: (1145, 20165)
2026-08-13 02:36:48,324 | Utils | INFO | Reading structured dataset: 4_Harmonized_MS_CCLE_Gygi_subsetted.csv from path: scoring/gene expression
2026-08-13 02:36:49,443 | Utils | INFO | Successfully loaded file. Calculated shape: (375, 12559)
2026-08-13 02:36:49,472 | Utils | INFO | Reading structured dataset: cosinematrix.csv from path: scoring/cosine_matrix
2026-08-13 02:36:57,574 | Utils | INFO | Successfully loaded file. Calculated shape: (1479, 19919)
2026-08-13 02:36:58,369 | Utils | INFO | Reading structured dataset: 5_OmicsFusionFilteredSupplementary.csv from path: scoring/gene properties
2026-08-13 02:36:59,306 | Utils | INFO | Successfully loaded file. Calculated shape: (184237, 31)
2026-08-13 02:36:59,502 | Utils | INFO | Reading structured dataset: 6_OmicsSomaticMutationsProfile.csv from path: scoring/gene properties
2026-08-13 02:37:08,882 | Utils | INFO | Successfully loaded file. Calculated shape: (1066869, 71)
2026-08-13 02:37:09,536 | Utils | INFO | Reading structured dataset: 6_OmicsSomaticMutationsProfile.csv from path: scoring/gene properties
2026-08-13 02:37:19,058 | Utils | INFO | Successfully loaded file. Calculated shape: (1066869, 71)
2026-08-13 02:37:19,661 | Utils | INFO | Reading structured dataset: master_lookup.csv from path: lookup/master
2026-08-13 02:37:19,669 | Utils | INFO | Successfully loaded file. Calculated shape: (1479, 10)
2026-08-13 02:37:19,678 | Utils | INFO | Reading structured dataset: master_lookup.csv from path: lookup/master
2026-08-13 02:37:19,684 | Utils | INFO | Successfully loaded file. Calculated shape: (1479, 10)
2026-08-13 02:37:19,696 | Utils | INFO | Reading structured dataset: 5_OmicsFusionFilteredSupplementary.csv from path: scoring/gene properties
2026-08-13 02:37:20,685 | Utils | INFO | Successfully loaded file. Calculated shape: (184237, 31)
2026-08-13 02:37:20,778 | Utils | INFO | Reading structured dataset: 6_OmicsSomaticMutationsProfile.csv from path: scoring/gene properties
2026-08-13 02:37:30,841 | Utils | INFO | Successfully loaded file. Calculated shape: (1066869, 71)
2026-08-13 02:37:31,629 | Utils | INFO | Reading structured dataset: 12_CCLE_metabolomics_20190502.csv from path: cleaned_data/non gene expression
2026-08-13 02:37:31,663 | Utils | INFO | Successfully loaded file. Calculated shape: (928, 227)
2026-08-13 02:41:10,707 | Utils | INFO | Initiating save routine for file: top10_explanation.csv into directory: test/top10
2026-08-13 02:41:10,715 | Utils | INFO | Data frame successfully serialized to: C:\Users\Shankar\Desktop\AstraZeneca\code\astrazeneca\CelllineSelector\data\test\top10\top10_explanation.csv
2026-08-13 02:41:10,717 | Utils | INFO | Reading structured dataset: multiomincsfactor.csv from path: mofa_data/multiomincsfactor
2026-08-13 02:41:10,737 | Utils | INFO | Successfully loaded file. Calculated shape: (1479, 21)
2026-08-13 02:41:10,738 | Utils | INFO | Attempting to load binary pipeline estimator from storage name: kmeans_model.joblib
2026-08-13 02:41:10,828 | Utils | INFO | Model has been successfully loaded from the path
2026-08-13 02:41:28,558 | Utils | INFO | Reading structured dataset: multiomincsfactor.csv from path: mofa_data/multiomincsfactor
2026-08-13 02:41:28,565 | Utils | INFO | Successfully loaded file. Calculated shape: (1479, 21)
2026-08-13 02:41:28,565 | Utils | INFO | Attempting to load binary pipeline estimator from storage name: knn_model.joblib
2026-08-13 02:41:28,568 | Utils | INFO | Model has been successfully loaded from the path
2026-08-13 02:41:28,721 | Utils | INFO | Reading structured dataset: master_lookup.csv from path: lookup/master
2026-08-13 02:41:28,727 | Utils | INFO | Successfully loaded file. Calculated shape: (1479, 10)
2026-08-13 02:41:28,734 | Utils | INFO | Reading structured dataset: master_lookup.csv from path: lookup/master
2026-08-13 02:41:28,741 | Utils | INFO | Successfully loaded file. Calculated shape: (1479, 10)
2026-08-13 02:41:28,749 | Utils | INFO | Initiating save routine for file: final_top10_df.csv into directory: test/top10
2026-08-13 02:41:28,753 | Utils | INFO | Data frame successfully serialized to: C:\Users\Shankar\Desktop\AstraZeneca\code\astrazeneca\CelllineSelector\data\test\top10\final_top10_df.csv
2026-08-13 02:41:28,753 | Utils | INFO | Initiating save routine for file: full_scored_data.csv into directory: test/top10
2026-08-13 02:41:28,770 | Utils | INFO | Data frame successfully serialized to: C:\Users\Shankar\Desktop\AstraZeneca\code\astrazeneca\CelllineSelector\data\test\top10\full_scored_data.csv
2026-08-13 02:41:28,770 | Utils | INFO | Initiating save routine for file: metabolomnic_df.csv into directory: test/top10
2026-08-13 02:41:28,775 | Utils | INFO | Data frame successfully serialized to: C:\Users\Shankar\Desktop\AstraZeneca\code\astrazeneca\CelllineSelector\data\test\top10\metabolomnic_df.csv
2026-08-13 02:41:28,775 | Utils | INFO | Initiating save routine for file: fusion_reference_df.csv into directory: test/top10
2026-08-13 02:41:28,775 | Utils | ERROR | Failed to save data matrix asset to disk structure: Provided dataframe reference is empty or undefined.
2026-08-13 02:41:28,777 | Utils | INFO | Initiating save routine for file: mutation_reference_df.csv into directory: test/top10
2026-08-13 02:41:28,777 | Utils | ERROR | Failed to save data matrix asset to disk structure: Provided dataframe reference is empty or undefined.
2026-08-13 02:50:05,137 | Utils | INFO | Reading structured dataset: gene_ensg_map.csv from path: lookup/gene_maps
2026-08-13 02:50:05,210 | Utils | INFO | Successfully loaded file. Calculated shape: (19907, 2)
2026-08-13 02:50:05,221 | Utils | INFO | Reading structured dataset: gene_protein_map.csv from path: lookup/gene_maps
2026-08-13 02:50:05,255 | Utils | INFO | Successfully loaded file. Calculated shape: (12559, 3)
2026-08-13 02:50:05,259 | Utils | INFO | Reading structured dataset: 2_DepMap_OmicsExpressionAllGenesTPMLogp1Profile.csv from path: scoring/gene expression
2026-08-13 02:50:22,788 | Utils | INFO | Successfully loaded file. Calculated shape: (1479, 19920)
2026-08-13 02:50:22,889 | Utils | INFO | Reading structured dataset: 1_4_hpa_rna_celline.csv from path: scoring/gene expression
2026-08-13 02:50:34,386 | Utils | INFO | Successfully loaded file. Calculated shape: (1145, 20165)
2026-08-13 02:50:34,933 | Utils | INFO | Reading structured dataset: 4_Harmonized_MS_CCLE_Gygi_subsetted.csv from path: scoring/gene expression
2026-08-13 02:50:37,894 | Utils | INFO | Successfully loaded file. Calculated shape: (375, 12559)
2026-08-13 02:50:37,942 | Utils | INFO | Reading structured dataset: cosinematrix.csv from path: scoring/cosine_matrix
2026-08-13 02:50:53,500 | Utils | INFO | Successfully loaded file. Calculated shape: (1479, 19919)
2026-08-13 02:50:54,741 | Utils | INFO | Reading structured dataset: 5_OmicsFusionFilteredSupplementary.csv from path: scoring/gene properties
2026-08-13 02:50:55,716 | Utils | INFO | Successfully loaded file. Calculated shape: (184237, 31)
2026-08-13 02:50:55,936 | Utils | INFO | Reading structured dataset: 6_OmicsSomaticMutationsProfile.csv from path: scoring/gene properties
2026-08-13 02:51:06,726 | Utils | INFO | Successfully loaded file. Calculated shape: (1066869, 71)
2026-08-13 02:51:07,695 | Utils | INFO | Reading structured dataset: 6_OmicsSomaticMutationsProfile.csv from path: scoring/gene properties
2026-08-13 02:51:24,685 | Utils | INFO | Successfully loaded file. Calculated shape: (1066869, 71)
2026-08-13 02:51:25,610 | Utils | INFO | Reading structured dataset: master_lookup.csv from path: lookup/master
2026-08-13 02:51:25,680 | Utils | INFO | Successfully loaded file. Calculated shape: (1479, 10)
2026-08-13 02:51:25,690 | Utils | INFO | Reading structured dataset: master_lookup.csv from path: lookup/master
2026-08-13 02:51:25,698 | Utils | INFO | Successfully loaded file. Calculated shape: (1479, 10)
2026-08-13 02:51:25,710 | Utils | INFO | Reading structured dataset: 5_OmicsFusionFilteredSupplementary.csv from path: scoring/gene properties
2026-08-13 02:51:27,211 | Utils | INFO | Successfully loaded file. Calculated shape: (184237, 31)
2026-08-13 02:51:27,349 | Utils | INFO | Reading structured dataset: 6_OmicsSomaticMutationsProfile.csv from path: scoring/gene properties
2026-08-13 02:51:42,910 | Utils | INFO | Successfully loaded file. Calculated shape: (1066869, 71)
2026-08-13 02:51:44,020 | Utils | INFO | Reading structured dataset: 12_CCLE_metabolomics_20190502.csv from path: cleaned_data/non gene expression
2026-08-13 02:51:44,092 | Utils | INFO | Successfully loaded file. Calculated shape: (928, 227)
2026-08-13 02:57:08,207 | Utils | INFO | Initiating save routine for file: top10_explanation.csv into directory: test/top10
2026-08-13 02:57:08,283 | Utils | INFO | Data frame successfully serialized to: C:\Users\Shankar\Desktop\AstraZeneca\code\astrazeneca\CelllineSelector\data\test\top10\top10_explanation.csv
2026-08-13 02:57:08,290 | Utils | INFO | Reading structured dataset: multiomincsfactor.csv from path: mofa_data/multiomincsfactor
2026-08-13 02:57:08,386 | Utils | INFO | Successfully loaded file. Calculated shape: (1479, 21)
2026-08-13 02:57:08,389 | Utils | INFO | Attempting to load binary pipeline estimator from storage name: kmeans_model.joblib
2026-08-13 02:57:09,149 | Utils | INFO | Model has been successfully loaded from the path
2026-08-13 02:57:40,789 | Utils | INFO | Reading structured dataset: multiomincsfactor.csv from path: mofa_data/multiomincsfactor
2026-08-13 02:57:40,804 | Utils | INFO | Successfully loaded file. Calculated shape: (1479, 21)
2026-08-13 02:57:40,805 | Utils | INFO | Attempting to load binary pipeline estimator from storage name: knn_model.joblib
2026-08-13 02:57:40,821 | Utils | INFO | Model has been successfully loaded from the path
2026-08-13 02:57:41,108 | Utils | INFO | Reading structured dataset: master_lookup.csv from path: lookup/master
2026-08-13 02:57:41,118 | Utils | INFO | Successfully loaded file. Calculated shape: (1479, 10)
2026-08-13 02:57:41,137 | Utils | INFO | Reading structured dataset: master_lookup.csv from path: lookup/master
2026-08-13 02:57:41,149 | Utils | INFO | Successfully loaded file. Calculated shape: (1479, 10)
2026-08-13 02:57:41,165 | Utils | INFO | Initiating save routine for file: final_top10_df.csv into directory: test/top10
2026-08-13 02:57:41,171 | Utils | INFO | Data frame successfully serialized to: C:\Users\Shankar\Desktop\AstraZeneca\code\astrazeneca\CelllineSelector\data\test\top10\final_top10_df.csv
2026-08-13 02:57:41,171 | Utils | INFO | Initiating save routine for file: full_scored_data.csv into directory: test/top10
2026-08-13 02:57:41,201 | Utils | INFO | Data frame successfully serialized to: C:\Users\Shankar\Desktop\AstraZeneca\code\astrazeneca\CelllineSelector\data\test\top10\full_scored_data.csv
2026-08-13 02:57:41,201 | Utils | INFO | Initiating save routine for file: metabolomnic_df.csv into directory: test/top10
2026-08-13 02:57:41,217 | Utils | INFO | Data frame successfully serialized to: C:\Users\Shankar\Desktop\AstraZeneca\code\astrazeneca\CelllineSelector\data\test\top10\metabolomnic_df.csv
2026-08-13 02:57:41,217 | Utils | INFO | Initiating save routine for file: fusion_reference_df.csv into directory: test/top10
2026-08-13 02:57:41,217 | Utils | ERROR | Failed to save data matrix asset to disk structure: Provided dataframe reference is empty or undefined.
2026-08-13 02:57:41,218 | Utils | INFO | Initiating save routine for file: mutation_reference_df.csv into directory: test/top10
2026-08-13 02:57:41,218 | Utils | ERROR | Failed to save data matrix asset to disk structure: Provided dataframe reference is empty or undefined.
2026-08-13 03:01:18,437 | Utils | INFO | Reading structured dataset: gene_ensg_map.csv from path: lookup/gene_maps
2026-08-13 03:01:18,484 | Utils | INFO | Successfully loaded file. Calculated shape: (19907, 2)
2026-08-13 03:01:18,488 | Utils | INFO | Reading structured dataset: gene_protein_map.csv from path: lookup/gene_maps
2026-08-13 03:01:18,512 | Utils | INFO | Successfully loaded file. Calculated shape: (12559, 3)
2026-08-13 03:01:18,515 | Utils | INFO | Reading structured dataset: 2_DepMap_OmicsExpressionAllGenesTPMLogp1Profile.csv from path: scoring/gene expression
2026-08-13 03:01:31,637 | Utils | INFO | Successfully loaded file. Calculated shape: (1479, 19920)
2026-08-13 03:01:31,733 | Utils | INFO | Reading structured dataset: 1_4_hpa_rna_celline.csv from path: scoring/gene expression
2026-08-13 03:01:41,582 | Utils | INFO | Successfully loaded file. Calculated shape: (1145, 20165)
2026-08-13 03:01:41,852 | Utils | INFO | Reading structured dataset: 4_Harmonized_MS_CCLE_Gygi_subsetted.csv from path: scoring/gene expression
2026-08-13 03:01:43,039 | Utils | INFO | Successfully loaded file. Calculated shape: (375, 12559)
2026-08-13 03:01:43,063 | Utils | INFO | Reading structured dataset: cosinematrix.csv from path: scoring/cosine_matrix
2026-08-13 03:01:51,775 | Utils | INFO | Successfully loaded file. Calculated shape: (1479, 19919)
2026-08-13 03:01:52,658 | Utils | INFO | Reading structured dataset: 5_OmicsFusionFilteredSupplementary.csv from path: scoring/gene properties
2026-08-13 03:01:53,529 | Utils | INFO | Successfully loaded file. Calculated shape: (184237, 31)
2026-08-13 03:01:53,723 | Utils | INFO | Reading structured dataset: 6_OmicsSomaticMutationsProfile.csv from path: scoring/gene properties
2026-08-13 03:02:05,476 | Utils | INFO | Successfully loaded file. Calculated shape: (1066869, 71)
2026-08-13 03:02:06,978 | Utils | INFO | Reading structured dataset: 6_OmicsSomaticMutationsProfile.csv from path: scoring/gene properties
2026-08-13 03:02:39,304 | Utils | INFO | Successfully loaded file. Calculated shape: (1066869, 71)
2026-08-13 03:02:41,066 | Utils | INFO | Reading structured dataset: master_lookup.csv from path: lookup/master
2026-08-13 03:02:41,090 | Utils | INFO | Successfully loaded file. Calculated shape: (1479, 10)
2026-08-13 03:02:41,114 | Utils | INFO | Reading structured dataset: master_lookup.csv from path: lookup/master
2026-08-13 03:02:41,135 | Utils | INFO | Successfully loaded file. Calculated shape: (1479, 10)
2026-08-13 03:02:41,162 | Utils | INFO | Reading structured dataset: 5_OmicsFusionFilteredSupplementary.csv from path: scoring/gene properties
2026-08-13 03:02:43,566 | Utils | INFO | Successfully loaded file. Calculated shape: (184237, 31)
2026-08-13 03:02:43,761 | Utils | INFO | Reading structured dataset: 6_OmicsSomaticMutationsProfile.csv from path: scoring/gene properties
2026-08-13 03:02:59,566 | Utils | INFO | Successfully loaded file. Calculated shape: (1066869, 71)
2026-08-13 03:03:00,631 | Utils | INFO | Reading structured dataset: 12_CCLE_metabolomics_20190502.csv from path: cleaned_data/non gene expression
2026-08-13 03:03:00,673 | Utils | INFO | Successfully loaded file. Calculated shape: (928, 227)
2026-08-13 03:03:00,679 | Utils | INFO | Initiating save routine for file: before_explanation.csv into directory: test/top10
2026-08-13 03:03:00,684 | Utils | INFO | Data frame successfully serialized to: C:\Users\Shankar\Desktop\AstraZeneca\code\astrazeneca\CelllineSelector\data\test\top10\before_explanation.csv
2026-08-13 03:07:45,482 | Utils | INFO | Initiating save routine for file: top10_explanation.csv into directory: test/top10
2026-08-13 03:07:45,548 | Utils | INFO | Data frame successfully serialized to: C:\Users\Shankar\Desktop\AstraZeneca\code\astrazeneca\CelllineSelector\data\test\top10\top10_explanation.csv
2026-08-13 03:07:45,560 | Utils | INFO | Reading structured dataset: multiomincsfactor.csv from path: mofa_data/multiomincsfactor
2026-08-13 03:07:45,663 | Utils | INFO | Successfully loaded file. Calculated shape: (1479, 21)
2026-08-13 03:07:45,668 | Utils | INFO | Attempting to load binary pipeline estimator from storage name: kmeans_model.joblib
2026-08-13 03:07:46,049 | Utils | INFO | Model has been successfully loaded from the path
2026-08-13 03:08:22,195 | Utils | INFO | Reading structured dataset: multiomincsfactor.csv from path: mofa_data/multiomincsfactor
2026-08-13 03:08:22,214 | Utils | INFO | Successfully loaded file. Calculated shape: (1479, 21)
2026-08-13 03:08:22,214 | Utils | INFO | Attempting to load binary pipeline estimator from storage name: knn_model.joblib
2026-08-13 03:08:22,218 | Utils | INFO | Model has been successfully loaded from the path
2026-08-13 03:08:22,515 | Utils | INFO | Reading structured dataset: master_lookup.csv from path: lookup/master
2026-08-13 03:08:22,530 | Utils | INFO | Successfully loaded file. Calculated shape: (1479, 10)
2026-08-13 03:08:22,549 | Utils | INFO | Reading structured dataset: master_lookup.csv from path: lookup/master
2026-08-13 03:08:22,564 | Utils | INFO | Successfully loaded file. Calculated shape: (1479, 10)
2026-08-13 03:08:22,585 | Utils | INFO | Initiating save routine for file: final_top10_df.csv into directory: test/top10
2026-08-13 03:08:22,589 | Utils | INFO | Data frame successfully serialized to: C:\Users\Shankar\Desktop\AstraZeneca\code\astrazeneca\CelllineSelector\data\test\top10\final_top10_df.csv
2026-08-13 03:08:22,590 | Utils | INFO | Initiating save routine for file: full_scored_data.csv into directory: test/top10
2026-08-13 03:08:22,617 | Utils | INFO | Data frame successfully serialized to: C:\Users\Shankar\Desktop\AstraZeneca\code\astrazeneca\CelllineSelector\data\test\top10\full_scored_data.csv
2026-08-13 03:08:22,618 | Utils | INFO | Initiating save routine for file: metabolomnic_df.csv into directory: test/top10
2026-08-13 03:08:22,633 | Utils | INFO | Data frame successfully serialized to: C:\Users\Shankar\Desktop\AstraZeneca\code\astrazeneca\CelllineSelector\data\test\top10\metabolomnic_df.csv
2026-08-13 03:08:22,633 | Utils | INFO | Initiating save routine for file: fusion_reference_df.csv into directory: test/top10
2026-08-13 03:08:22,634 | Utils | ERROR | Failed to save data matrix asset to disk structure: Provided dataframe reference is empty or undefined.
2026-08-13 03:08:22,634 | Utils | INFO | Initiating save routine for file: mutation_reference_df.csv into directory: test/top10
2026-08-13 03:08:22,634 | Utils | ERROR | Failed to save data matrix asset to disk structure: Provided dataframe reference is empty or undefined.
2026-08-13 03:22:37,674 | Utils | INFO | Reading structured dataset: gene_ensg_map.csv from path: lookup/gene_maps
2026-08-13 03:22:37,713 | Utils | INFO | Successfully loaded file. Calculated shape: (19907, 2)
2026-08-13 03:22:37,723 | Utils | INFO | Reading structured dataset: gene_protein_map.csv from path: lookup/gene_maps
2026-08-13 03:22:37,741 | Utils | INFO | Successfully loaded file. Calculated shape: (12559, 3)
2026-08-13 03:22:37,744 | Utils | INFO | Reading structured dataset: 2_DepMap_OmicsExpressionAllGenesTPMLogp1Profile.csv from path: scoring/gene expression
2026-08-13 03:22:47,608 | Utils | INFO | Successfully loaded file. Calculated shape: (1479, 19920)
2026-08-13 03:22:47,817 | Utils | INFO | Reading structured dataset: 1_4_hpa_rna_celline.csv from path: scoring/gene expression
2026-08-13 03:23:05,932 | Utils | INFO | Successfully loaded file. Calculated shape: (1145, 20165)
2026-08-13 03:23:06,594 | Utils | INFO | Reading structured dataset: 4_Harmonized_MS_CCLE_Gygi_subsetted.csv from path: scoring/gene expression
2026-08-13 03:23:09,314 | Utils | INFO | Successfully loaded file. Calculated shape: (375, 12559)
2026-08-13 03:23:09,381 | Utils | INFO | Reading structured dataset: cosinematrix.csv from path: scoring/cosine_matrix
2026-08-13 03:23:25,273 | Utils | INFO | Successfully loaded file. Calculated shape: (1479, 19919)
2026-08-13 03:23:26,331 | Utils | INFO | Reading structured dataset: 5_OmicsFusionFilteredSupplementary.csv from path: scoring/gene properties
2026-08-13 03:23:27,650 | Utils | INFO | Successfully loaded file. Calculated shape: (184237, 31)
2026-08-13 03:23:27,878 | Utils | INFO | Reading structured dataset: 6_OmicsSomaticMutationsProfile.csv from path: scoring/gene properties
2026-08-13 03:23:41,718 | Utils | INFO | Successfully loaded file. Calculated shape: (1066869, 71)
2026-08-13 03:23:42,328 | Utils | INFO | Reading structured dataset: 6_OmicsSomaticMutationsProfile.csv from path: scoring/gene properties
2026-08-13 03:23:54,826 | Utils | INFO | Successfully loaded file. Calculated shape: (1066869, 71)
2026-08-13 03:23:55,729 | Utils | INFO | Reading structured dataset: master_lookup.csv from path: lookup/master
2026-08-13 03:23:55,791 | Utils | INFO | Successfully loaded file. Calculated shape: (1479, 10)
2026-08-13 03:23:55,802 | Utils | INFO | Reading structured dataset: master_lookup.csv from path: lookup/master
2026-08-13 03:23:55,811 | Utils | INFO | Successfully loaded file. Calculated shape: (1479, 10)
2026-08-13 03:23:55,825 | Utils | INFO | Reading structured dataset: 5_OmicsFusionFilteredSupplementary.csv from path: scoring/gene properties
2026-08-13 03:23:57,312 | Utils | INFO | Successfully loaded file. Calculated shape: (184237, 31)
2026-08-13 03:23:57,444 | Utils | INFO | Reading structured dataset: 6_OmicsSomaticMutationsProfile.csv from path: scoring/gene properties
2026-08-13 03:24:08,704 | Utils | INFO | Successfully loaded file. Calculated shape: (1066869, 71)
2026-08-13 03:24:09,617 | Utils | INFO | Reading structured dataset: 12_CCLE_metabolomics_20190502.csv from path: cleaned_data/non gene expression
2026-08-13 03:24:09,681 | Utils | INFO | Successfully loaded file. Calculated shape: (928, 227)
2026-08-13 03:24:09,686 | Utils | INFO | Reading structured dataset: multiomincsfactor.csv from path: mofa_data/multiomincsfactor
2026-08-13 03:24:09,711 | Utils | INFO | Successfully loaded file. Calculated shape: (1479, 21)
2026-08-13 03:24:09,711 | Utils | INFO | Attempting to load binary pipeline estimator from storage name: kmeans_model.joblib
2026-08-13 03:24:10,112 | Utils | INFO | Model has been successfully loaded from the path
2026-08-13 03:24:29,085 | Utils | INFO | Reading structured dataset: multiomincsfactor.csv from path: mofa_data/multiomincsfactor
2026-08-13 03:24:29,097 | Utils | INFO | Successfully loaded file. Calculated shape: (1479, 21)
2026-08-13 03:24:29,097 | Utils | INFO | Attempting to load binary pipeline estimator from storage name: knn_model.joblib
2026-08-13 03:24:29,126 | Utils | INFO | Model has been successfully loaded from the path
2026-08-13 03:24:29,338 | Utils | INFO | Reading structured dataset: master_lookup.csv from path: lookup/master
2026-08-13 03:24:29,347 | Utils | INFO | Successfully loaded file. Calculated shape: (1479, 10)
2026-08-13 03:24:29,357 | Utils | INFO | Reading structured dataset: master_lookup.csv from path: lookup/master
2026-08-13 03:24:29,367 | Utils | INFO | Successfully loaded file. Calculated shape: (1479, 10)
2026-08-13 03:24:29,377 | Utils | INFO | Initiating save routine for file: before_explanation.csv into directory: test/top10
2026-08-13 03:24:29,379 | Utils | ERROR | Failed to save data matrix asset to disk structure: [Errno 13] Permission denied: 'C:\\Users\\Shankar\\Desktop\\AstraZeneca\\code\\astrazeneca\\CelllineSelector\\data\\test\\top10\\before_explanation.csv'
2026-08-13 03:30:56,815 | Utils | INFO | Initiating save routine for file: top10_explanation.csv into directory: test/top10
2026-08-13 03:30:56,872 | Utils | INFO | Data frame successfully serialized to: C:\Users\Shankar\Desktop\AstraZeneca\code\astrazeneca\CelllineSelector\data\test\top10\top10_explanation.csv
2026-08-13 03:30:57,047 | Utils | INFO | Initiating save routine for file: final_top10_df.csv into directory: test/top10
2026-08-13 03:30:57,057 | Utils | INFO | Data frame successfully serialized to: C:\Users\Shankar\Desktop\AstraZeneca\code\astrazeneca\CelllineSelector\data\test\top10\final_top10_df.csv
2026-08-13 03:30:57,058 | Utils | INFO | Initiating save routine for file: full_scored_data.csv into directory: test/top10
2026-08-13 03:30:57,139 | Utils | INFO | Data frame successfully serialized to: C:\Users\Shankar\Desktop\AstraZeneca\code\astrazeneca\CelllineSelector\data\test\top10\full_scored_data.csv
2026-08-13 03:30:57,140 | Utils | INFO | Initiating save routine for file: metabolomnic_df.csv into directory: test/top10
2026-08-13 03:30:57,213 | Utils | INFO | Data frame successfully serialized to: C:\Users\Shankar\Desktop\AstraZeneca\code\astrazeneca\CelllineSelector\data\test\top10\metabolomnic_df.csv
2026-08-13 03:30:57,214 | Utils | INFO | Initiating save routine for file: fusion_reference_df.csv into directory: test/top10
2026-08-13 03:30:57,214 | Utils | ERROR | Failed to save data matrix asset to disk structure: Provided dataframe reference is empty or undefined.
2026-08-13 03:30:57,215 | Utils | INFO | Initiating save routine for file: mutation_reference_df.csv into directory: test/top10
2026-08-13 03:30:57,215 | Utils | ERROR | Failed to save data matrix asset to disk structure: Provided dataframe reference is empty or undefined.
2026-08-13 03:48:09,498 | Utils | INFO | Reading structured dataset: gene_ensg_map.csv from path: lookup/gene_maps
2026-08-13 03:48:09,591 | Utils | INFO | Successfully loaded file. Calculated shape: (19907, 2)
2026-08-13 03:48:09,607 | Utils | INFO | Reading structured dataset: gene_protein_map.csv from path: lookup/gene_maps
2026-08-13 03:48:09,642 | Utils | INFO | Successfully loaded file. Calculated shape: (12559, 3)
2026-08-13 03:48:09,647 | Utils | INFO | Reading structured dataset: 2_DepMap_OmicsExpressionAllGenesTPMLogp1Profile.csv from path: scoring/gene expression
2026-08-13 03:48:18,035 | Utils | INFO | Successfully loaded file. Calculated shape: (1479, 19920)
2026-08-13 03:48:18,104 | Utils | INFO | Reading structured dataset: 1_4_hpa_rna_celline.csv from path: scoring/gene expression
2026-08-13 03:48:24,125 | Utils | INFO | Successfully loaded file. Calculated shape: (1145, 20165)
2026-08-13 03:48:24,406 | Utils | INFO | Reading structured dataset: 4_Harmonized_MS_CCLE_Gygi_subsetted.csv from path: scoring/gene expression
2026-08-13 03:48:25,695 | Utils | INFO | Successfully loaded file. Calculated shape: (375, 12559)
2026-08-13 03:48:25,733 | Utils | INFO | Reading structured dataset: cosinematrix.csv from path: scoring/cosine_matrix
2026-08-13 03:48:36,933 | Utils | INFO | Successfully loaded file. Calculated shape: (1479, 19919)
2026-08-13 03:48:38,006 | Utils | INFO | Reading structured dataset: 5_OmicsFusionFilteredSupplementary.csv from path: scoring/gene properties
2026-08-13 03:48:39,009 | Utils | INFO | Successfully loaded file. Calculated shape: (184237, 31)
2026-08-13 03:48:39,225 | Utils | INFO | Reading structured dataset: 6_OmicsSomaticMutationsProfile.csv from path: scoring/gene properties
2026-08-13 03:48:49,375 | Utils | INFO | Successfully loaded file. Calculated shape: (1066869, 71)
2026-08-13 03:48:50,228 | Utils | INFO | Reading structured dataset: 6_OmicsSomaticMutationsProfile.csv from path: scoring/gene properties
2026-08-13 03:49:03,384 | Utils | INFO | Successfully loaded file. Calculated shape: (1066869, 71)
2026-08-13 03:49:05,346 | Utils | INFO | Reading structured dataset: master_lookup.csv from path: lookup/master
2026-08-13 03:49:05,576 | Utils | INFO | Successfully loaded file. Calculated shape: (1479, 10)
2026-08-13 03:49:05,610 | Utils | INFO | Reading structured dataset: master_lookup.csv from path: lookup/master
2026-08-13 03:49:05,625 | Utils | INFO | Successfully loaded file. Calculated shape: (1479, 10)
2026-08-13 03:49:05,644 | Utils | INFO | Reading structured dataset: 5_OmicsFusionFilteredSupplementary.csv from path: scoring/gene properties
2026-08-13 03:49:07,345 | Utils | INFO | Successfully loaded file. Calculated shape: (184237, 31)
2026-08-13 03:49:07,504 | Utils | INFO | Reading structured dataset: 6_OmicsSomaticMutationsProfile.csv from path: scoring/gene properties
2026-08-13 03:49:17,604 | Utils | INFO | Successfully loaded file. Calculated shape: (1066869, 71)
2026-08-13 03:49:18,256 | Utils | INFO | Reading structured dataset: 12_CCLE_metabolomics_20190502.csv from path: cleaned_data/non gene expression
2026-08-13 03:49:18,288 | Utils | INFO | Successfully loaded file. Calculated shape: (928, 227)
2026-08-13 03:49:18,295 | Utils | INFO | Reading structured dataset: multiomincsfactor.csv from path: mofa_data/multiomincsfactor
2026-08-13 03:49:18,305 | Utils | INFO | Successfully loaded file. Calculated shape: (1479, 21)
2026-08-13 03:49:18,305 | Utils | INFO | Attempting to load binary pipeline estimator from storage name: kmeans_model.joblib
2026-08-13 03:49:18,393 | Utils | INFO | Model has been successfully loaded from the path
2026-08-13 03:49:36,260 | Utils | INFO | Reading structured dataset: multiomincsfactor.csv from path: mofa_data/multiomincsfactor
2026-08-13 03:49:36,270 | Utils | INFO | Successfully loaded file. Calculated shape: (1479, 21)
2026-08-13 03:49:36,271 | Utils | INFO | Attempting to load binary pipeline estimator from storage name: knn_model.joblib
2026-08-13 03:49:36,273 | Utils | INFO | Model has been successfully loaded from the path
2026-08-13 03:49:36,502 | Utils | INFO | Reading structured dataset: master_lookup.csv from path: lookup/master
2026-08-13 03:49:36,513 | Utils | INFO | Successfully loaded file. Calculated shape: (1479, 10)
2026-08-13 03:49:36,526 | Utils | INFO | Reading structured dataset: master_lookup.csv from path: lookup/master
2026-08-13 03:49:36,535 | Utils | INFO | Successfully loaded file. Calculated shape: (1479, 10)
2026-08-13 03:49:36,545 | Utils | INFO | Initiating save routine for file: before_explanation.csv into directory: test/top10
2026-08-13 03:49:36,551 | Utils | INFO | Data frame successfully serialized to: C:\Users\Shankar\Desktop\AstraZeneca\code\astrazeneca\CelllineSelector\data\test\top10\before_explanation.csv
2026-08-13 03:54:25,109 | Utils | INFO | Initiating save routine for file: top10_explanation.csv into directory: test/top10
2026-08-13 03:54:25,114 | Utils | INFO | Data frame successfully serialized to: C:\Users\Shankar\Desktop\AstraZeneca\code\astrazeneca\CelllineSelector\data\test\top10\top10_explanation.csv
2026-08-13 03:54:25,129 | Utils | INFO | Initiating save routine for file: final_top10_df.csv into directory: test/top10
2026-08-13 03:54:25,134 | Utils | INFO | Data frame successfully serialized to: C:\Users\Shankar\Desktop\AstraZeneca\code\astrazeneca\CelllineSelector\data\test\top10\final_top10_df.csv
2026-08-13 03:54:25,135 | Utils | INFO | Initiating save routine for file: full_scored_data.csv into directory: test/top10
2026-08-13 03:54:25,209 | Utils | INFO | Data frame successfully serialized to: C:\Users\Shankar\Desktop\AstraZeneca\code\astrazeneca\CelllineSelector\data\test\top10\full_scored_data.csv
2026-08-13 03:54:25,209 | Utils | INFO | Initiating save routine for file: metabolomnic_df.csv into directory: test/top10
2026-08-13 03:54:25,234 | Utils | INFO | Data frame successfully serialized to: C:\Users\Shankar\Desktop\AstraZeneca\code\astrazeneca\CelllineSelector\data\test\top10\metabolomnic_df.csv
2026-08-13 03:54:25,234 | Utils | INFO | Initiating save routine for file: fusion_reference_df.csv into directory: test/top10
2026-08-13 03:54:25,234 | Utils | ERROR | Failed to save data matrix asset to disk structure: Provided dataframe reference is empty or undefined.
2026-08-13 03:54:25,235 | Utils | INFO | Initiating save routine for file: mutation_reference_df.csv into directory: test/top10
2026-08-13 03:54:25,235 | Utils | ERROR | Failed to save data matrix asset to disk structure: Provided dataframe reference is empty or undefined.
2026-08-13 04:01:28,651 | Utils | INFO | Reading structured dataset: gene_ensg_map.csv from path: lookup/gene_maps
2026-08-13 04:01:28,727 | Utils | INFO | Successfully loaded file. Calculated shape: (19907, 2)
2026-08-13 04:01:28,744 | Utils | INFO | Reading structured dataset: gene_protein_map.csv from path: lookup/gene_maps
2026-08-13 04:01:28,778 | Utils | INFO | Successfully loaded file. Calculated shape: (12559, 3)
2026-08-13 04:01:28,784 | Utils | INFO | Reading structured dataset: 2_DepMap_OmicsExpressionAllGenesTPMLogp1Profile.csv from path: scoring/gene expression
2026-08-13 04:01:45,560 | Utils | INFO | Successfully loaded file. Calculated shape: (1479, 19920)
2026-08-13 04:01:45,679 | Utils | INFO | Reading structured dataset: 1_4_hpa_rna_celline.csv from path: scoring/gene expression
2026-08-13 04:01:53,512 | Utils | INFO | Successfully loaded file. Calculated shape: (1145, 20165)
2026-08-13 04:01:53,787 | Utils | INFO | Reading structured dataset: 4_Harmonized_MS_CCLE_Gygi_subsetted.csv from path: scoring/gene expression
2026-08-13 04:01:55,033 | Utils | INFO | Successfully loaded file. Calculated shape: (375, 12559)
2026-08-13 04:01:55,070 | Utils | INFO | Reading structured dataset: cosinematrix.csv from path: scoring/cosine_matrix
2026-08-13 04:02:05,750 | Utils | INFO | Successfully loaded file. Calculated shape: (1479, 19919)
2026-08-13 04:02:06,891 | Utils | INFO | Reading structured dataset: 5_OmicsFusionFilteredSupplementary.csv from path: scoring/gene properties
2026-08-13 04:02:08,170 | Utils | INFO | Successfully loaded file. Calculated shape: (184237, 31)
2026-08-13 04:02:08,397 | Utils | INFO | Reading structured dataset: 6_OmicsSomaticMutationsProfile.csv from path: scoring/gene properties
2026-08-13 04:02:22,697 | Utils | INFO | Successfully loaded file. Calculated shape: (1066869, 71)
2026-08-13 04:02:23,673 | Utils | INFO | Reading structured dataset: 6_OmicsSomaticMutationsProfile.csv from path: scoring/gene properties
2026-08-13 04:02:37,016 | Utils | INFO | Successfully loaded file. Calculated shape: (1066869, 71)
2026-08-13 04:02:37,894 | Utils | INFO | Reading structured dataset: master_lookup.csv from path: lookup/master
2026-08-13 04:02:37,903 | Utils | INFO | Successfully loaded file. Calculated shape: (1479, 10)
2026-08-13 04:02:37,912 | Utils | INFO | Reading structured dataset: master_lookup.csv from path: lookup/master
2026-08-13 04:02:37,920 | Utils | INFO | Successfully loaded file. Calculated shape: (1479, 10)
2026-08-13 04:02:37,931 | Utils | INFO | Reading structured dataset: 5_OmicsFusionFilteredSupplementary.csv from path: scoring/gene properties
2026-08-13 04:02:39,323 | Utils | INFO | Successfully loaded file. Calculated shape: (184237, 31)
2026-08-13 04:02:39,450 | Utils | INFO | Reading structured dataset: 6_OmicsSomaticMutationsProfile.csv from path: scoring/gene properties
2026-08-13 04:02:52,515 | Utils | INFO | Successfully loaded file. Calculated shape: (1066869, 71)
2026-08-13 04:02:53,391 | Utils | INFO | Reading structured dataset: 12_CCLE_metabolomics_20190502.csv from path: cleaned_data/non gene expression
2026-08-13 04:02:53,433 | Utils | INFO | Successfully loaded file. Calculated shape: (928, 227)
2026-08-13 04:02:53,438 | Utils | INFO | Reading structured dataset: multiomincsfactor.csv from path: mofa_data/multiomincsfactor
2026-08-13 04:02:53,449 | Utils | INFO | Successfully loaded file. Calculated shape: (1479, 21)
2026-08-13 04:02:53,450 | Utils | INFO | Attempting to load binary pipeline estimator from storage name: kmeans_model.joblib
2026-08-13 04:02:53,511 | Utils | INFO | Model has been successfully loaded from the path
2026-08-13 04:03:13,298 | Utils | INFO | Reading structured dataset: multiomincsfactor.csv from path: mofa_data/multiomincsfactor
2026-08-13 04:03:13,309 | Utils | INFO | Successfully loaded file. Calculated shape: (1479, 21)
2026-08-13 04:03:13,310 | Utils | INFO | Attempting to load binary pipeline estimator from storage name: knn_model.joblib
2026-08-13 04:03:13,312 | Utils | INFO | Model has been successfully loaded from the path
2026-08-13 04:03:13,526 | Utils | INFO | Reading structured dataset: master_lookup.csv from path: lookup/master
2026-08-13 04:03:13,538 | Utils | INFO | Successfully loaded file. Calculated shape: (1479, 10)
2026-08-13 04:03:13,549 | Utils | INFO | Reading structured dataset: master_lookup.csv from path: lookup/master
2026-08-13 04:03:13,562 | Utils | INFO | Successfully loaded file. Calculated shape: (1479, 10)
2026-08-13 04:03:13,578 | Utils | INFO | Initiating save routine for file: before_explanation.csv into directory: test/top10
2026-08-13 04:03:13,586 | Utils | INFO | Data frame successfully serialized to: C:\Users\Shankar\Desktop\AstraZeneca\code\astrazeneca\CelllineSelector\data\test\top10\before_explanation.csv
2026-08-13 04:08:18,711 | Utils | INFO | Initiating save routine for file: top10_explanation.csv into directory: test/top10
2026-08-13 04:08:18,717 | Utils | INFO | Data frame successfully serialized to: C:\Users\Shankar\Desktop\AstraZeneca\code\astrazeneca\CelllineSelector\data\test\top10\top10_explanation.csv
2026-08-13 04:08:18,731 | Utils | INFO | Initiating save routine for file: final_top10_df.csv into directory: test/top10
2026-08-13 04:08:18,739 | Utils | INFO | Data frame successfully serialized to: C:\Users\Shankar\Desktop\AstraZeneca\code\astrazeneca\CelllineSelector\data\test\top10\final_top10_df.csv
2026-08-13 04:08:18,739 | Utils | INFO | Initiating save routine for file: full_scored_data.csv into directory: test/top10
2026-08-13 04:08:18,797 | Utils | INFO | Data frame successfully serialized to: C:\Users\Shankar\Desktop\AstraZeneca\code\astrazeneca\CelllineSelector\data\test\top10\full_scored_data.csv
2026-08-13 04:08:18,798 | Utils | INFO | Initiating save routine for file: metabolomnic_df.csv into directory: test/top10
2026-08-13 04:08:18,823 | Utils | INFO | Data frame successfully serialized to: C:\Users\Shankar\Desktop\AstraZeneca\code\astrazeneca\CelllineSelector\data\test\top10\metabolomnic_df.csv
2026-08-13 04:08:18,823 | Utils | INFO | Initiating save routine for file: fusion_reference_df.csv into directory: test/top10
2026-08-13 04:08:18,824 | Utils | ERROR | Failed to save data matrix asset to disk structure: Provided dataframe reference is empty or undefined.
2026-08-13 04:08:18,825 | Utils | INFO | Initiating save routine for file: mutation_reference_df.csv into directory: test/top10
2026-08-13 04:08:18,825 | Utils | ERROR | Failed to save data matrix asset to disk structure: Provided dataframe reference is empty or undefined.
2026-08-13 04:58:33,416 | Utils | INFO | Reading structured dataset: gene_ensg_map.csv from path: lookup/gene_maps
2026-08-13 04:58:33,493 | Utils | INFO | Successfully loaded file. Calculated shape: (19907, 2)
2026-08-13 04:58:33,506 | Utils | INFO | Reading structured dataset: gene_protein_map.csv from path: lookup/gene_maps
2026-08-13 04:58:33,534 | Utils | INFO | Successfully loaded file. Calculated shape: (12559, 3)
2026-08-13 04:58:33,537 | Utils | INFO | Reading structured dataset: 2_DepMap_OmicsExpressionAllGenesTPMLogp1Profile.csv from path: scoring/gene expression
2026-08-13 04:58:41,489 | Utils | INFO | Successfully loaded file. Calculated shape: (1479, 19920)
2026-08-13 04:58:41,560 | Utils | INFO | Reading structured dataset: 1_4_hpa_rna_celline.csv from path: scoring/gene expression
2026-08-13 04:58:47,328 | Utils | INFO | Successfully loaded file. Calculated shape: (1145, 20165)
2026-08-13 04:58:47,582 | Utils | INFO | Reading structured dataset: 4_Harmonized_MS_CCLE_Gygi_subsetted.csv from path: scoring/gene expression
2026-08-13 04:58:48,607 | Utils | INFO | Successfully loaded file. Calculated shape: (375, 12559)
2026-08-13 04:58:48,638 | Utils | INFO | Reading structured dataset: cosinematrix.csv from path: scoring/cosine_matrix
2026-08-13 04:58:56,520 | Utils | INFO | Successfully loaded file. Calculated shape: (1479, 19919)
2026-08-13 04:58:57,385 | Utils | INFO | Reading structured dataset: 5_OmicsFusionFilteredSupplementary.csv from path: scoring/gene properties
2026-08-13 04:58:58,266 | Utils | INFO | Successfully loaded file. Calculated shape: (184237, 31)
2026-08-13 04:58:58,451 | Utils | INFO | Reading structured dataset: 6_OmicsSomaticMutationsProfile.csv from path: scoring/gene properties
2026-08-13 04:59:07,887 | Utils | INFO | Successfully loaded file. Calculated shape: (1066869, 71)
2026-08-13 04:59:08,733 | Utils | INFO | Reading structured dataset: 6_OmicsSomaticMutationsProfile.csv from path: scoring/gene properties
2026-08-13 04:59:20,072 | Utils | INFO | Successfully loaded file. Calculated shape: (1066869, 71)
2026-08-13 04:59:20,991 | Utils | INFO | Reading structured dataset: master_lookup.csv from path: lookup/master
2026-08-13 04:59:21,054 | Utils | INFO | Successfully loaded file. Calculated shape: (1479, 10)
2026-08-13 04:59:21,064 | Utils | INFO | Reading structured dataset: master_lookup.csv from path: lookup/master
2026-08-13 04:59:21,075 | Utils | INFO | Successfully loaded file. Calculated shape: (1479, 10)
2026-08-13 04:59:21,090 | Utils | INFO | Reading structured dataset: 5_OmicsFusionFilteredSupplementary.csv from path: scoring/gene properties
2026-08-13 04:59:22,629 | Utils | INFO | Successfully loaded file. Calculated shape: (184237, 31)
2026-08-13 04:59:22,767 | Utils | INFO | Reading structured dataset: 6_OmicsSomaticMutationsProfile.csv from path: scoring/gene properties
2026-08-13 04:59:34,831 | Utils | INFO | Successfully loaded file. Calculated shape: (1066869, 71)
2026-08-13 04:59:35,533 | Utils | INFO | Reading structured dataset: 12_CCLE_metabolomics_20190502.csv from path: cleaned_data/non gene expression
2026-08-13 04:59:35,585 | Utils | INFO | Successfully loaded file. Calculated shape: (928, 227)
2026-08-13 04:59:35,590 | Utils | INFO | Reading structured dataset: multiomincsfactor.csv from path: mofa_data/multiomincsfactor
2026-08-13 04:59:35,611 | Utils | INFO | Successfully loaded file. Calculated shape: (1479, 21)
2026-08-13 04:59:35,611 | Utils | INFO | Attempting to load binary pipeline estimator from storage name: kmeans_model.joblib
2026-08-13 04:59:35,993 | Utils | INFO | Model has been successfully loaded from the path
2026-08-13 04:59:52,282 | Utils | INFO | Reading structured dataset: multiomincsfactor.csv from path: mofa_data/multiomincsfactor
2026-08-13 04:59:52,292 | Utils | INFO | Successfully loaded file. Calculated shape: (1479, 21)
2026-08-13 04:59:52,293 | Utils | INFO | Attempting to load binary pipeline estimator from storage name: knn_model.joblib
2026-08-13 04:59:52,310 | Utils | INFO | Model has been successfully loaded from the path
2026-08-13 04:59:52,511 | Utils | INFO | Reading structured dataset: master_lookup.csv from path: lookup/master
2026-08-13 04:59:52,520 | Utils | INFO | Successfully loaded file. Calculated shape: (1479, 10)
2026-08-13 04:59:52,529 | Utils | INFO | Reading structured dataset: master_lookup.csv from path: lookup/master
2026-08-13 04:59:52,538 | Utils | INFO | Successfully loaded file. Calculated shape: (1479, 10)
2026-08-13 04:59:52,548 | Utils | INFO | Initiating save routine for file: before_explanation.csv into directory: test/top10
2026-08-13 04:59:52,553 | Utils | INFO | Data frame successfully serialized to: C:\Users\Shankar\Desktop\AstraZeneca\code\astrazeneca\CelllineSelector\data\test\top10\before_explanation.csv
2026-08-13 05:04:20,042 | Utils | INFO | Initiating save routine for file: top10_explanation.csv into directory: test/top10
2026-08-13 05:04:20,047 | Utils | INFO | Data frame successfully serialized to: C:\Users\Shankar\Desktop\AstraZeneca\code\astrazeneca\CelllineSelector\data\test\top10\top10_explanation.csv
2026-08-13 05:04:20,058 | Utils | INFO | Initiating save routine for file: final_top10_df.csv into directory: test/top10
2026-08-13 05:04:20,063 | Utils | INFO | Data frame successfully serialized to: C:\Users\Shankar\Desktop\AstraZeneca\code\astrazeneca\CelllineSelector\data\test\top10\final_top10_df.csv
2026-08-13 05:04:20,064 | Utils | INFO | Initiating save routine for file: full_scored_data.csv into directory: test/top10
2026-08-13 05:04:20,125 | Utils | INFO | Data frame successfully serialized to: C:\Users\Shankar\Desktop\AstraZeneca\code\astrazeneca\CelllineSelector\data\test\top10\full_scored_data.csv
2026-08-13 05:04:20,128 | Utils | INFO | Initiating save routine for file: metabolomnic_df.csv into directory: test/top10
2026-08-13 05:04:20,147 | Utils | INFO | Data frame successfully serialized to: C:\Users\Shankar\Desktop\AstraZeneca\code\astrazeneca\CelllineSelector\data\test\top10\metabolomnic_df.csv
2026-08-13 05:04:20,149 | Utils | INFO | Initiating save routine for file: fusion_reference_df.csv into directory: test/top10
2026-08-13 05:04:20,150 | Utils | ERROR | Failed to save data matrix asset to disk structure: Provided dataframe reference is empty or undefined.
2026-08-13 05:04:20,150 | Utils | INFO | Initiating save routine for file: mutation_reference_df.csv into directory: test/top10
2026-08-13 05:04:20,152 | Utils | ERROR | Failed to save data matrix asset to disk structure: Provided dataframe reference is empty or undefined.
2026-08-13 05:08:03,901 | Utils | INFO | Reading structured dataset: gene_ensg_map.csv from path: lookup/gene_maps
2026-08-13 05:08:03,946 | Utils | INFO | Successfully loaded file. Calculated shape: (19907, 2)
2026-08-13 05:08:03,959 | Utils | INFO | Reading structured dataset: gene_protein_map.csv from path: lookup/gene_maps
2026-08-13 05:08:03,975 | Utils | INFO | Successfully loaded file. Calculated shape: (12559, 3)
2026-08-13 05:08:03,978 | Utils | INFO | Reading structured dataset: 2_DepMap_OmicsExpressionAllGenesTPMLogp1Profile.csv from path: scoring/gene expression
2026-08-13 05:08:11,838 | Utils | INFO | Successfully loaded file. Calculated shape: (1479, 19920)
2026-08-13 05:08:11,908 | Utils | INFO | Reading structured dataset: 1_4_hpa_rna_celline.csv from path: scoring/gene expression
2026-08-13 05:08:18,585 | Utils | INFO | Successfully loaded file. Calculated shape: (1145, 20165)
2026-08-13 05:08:18,886 | Utils | INFO | Reading structured dataset: 4_Harmonized_MS_CCLE_Gygi_subsetted.csv from path: scoring/gene expression
2026-08-13 05:08:20,146 | Utils | INFO | Successfully loaded file. Calculated shape: (375, 12559)
2026-08-13 05:08:20,183 | Utils | INFO | Reading structured dataset: cosinematrix.csv from path: scoring/cosine_matrix
2026-08-13 05:08:31,459 | Utils | INFO | Successfully loaded file. Calculated shape: (1479, 19919)
2026-08-13 05:08:32,236 | Utils | INFO | Reading structured dataset: 5_OmicsFusionFilteredSupplementary.csv from path: scoring/gene properties
2026-08-13 05:08:33,085 | Utils | INFO | Successfully loaded file. Calculated shape: (184237, 31)
2026-08-13 05:08:33,311 | Utils | INFO | Reading structured dataset: 6_OmicsSomaticMutationsProfile.csv from path: scoring/gene properties
2026-08-13 05:08:43,735 | Utils | INFO | Successfully loaded file. Calculated shape: (1066869, 71)
2026-08-13 05:08:44,946 | Utils | INFO | Reading structured dataset: 6_OmicsSomaticMutationsProfile.csv from path: scoring/gene properties
2026-08-13 05:08:59,164 | Utils | INFO | Successfully loaded file. Calculated shape: (1066869, 71)
2026-08-13 05:09:00,347 | Utils | INFO | Reading structured dataset: master_lookup.csv from path: lookup/master
2026-08-13 05:09:00,442 | Utils | INFO | Successfully loaded file. Calculated shape: (1479, 10)
2026-08-13 05:09:00,461 | Utils | INFO | Reading structured dataset: master_lookup.csv from path: lookup/master
2026-08-13 05:09:00,467 | Utils | INFO | Successfully loaded file. Calculated shape: (1479, 10)
2026-08-13 05:09:00,475 | Utils | INFO | Reading structured dataset: 5_OmicsFusionFilteredSupplementary.csv from path: scoring/gene properties
2026-08-13 05:09:01,295 | Utils | INFO | Successfully loaded file. Calculated shape: (184237, 31)
2026-08-13 05:09:01,417 | Utils | INFO | Reading structured dataset: 6_OmicsSomaticMutationsProfile.csv from path: scoring/gene properties
2026-08-13 05:09:10,798 | Utils | INFO | Successfully loaded file. Calculated shape: (1066869, 71)
2026-08-13 05:09:11,493 | Utils | INFO | Reading structured dataset: 12_CCLE_metabolomics_20190502.csv from path: cleaned_data/non gene expression
2026-08-13 05:09:11,525 | Utils | INFO | Successfully loaded file. Calculated shape: (928, 227)
2026-08-13 05:09:11,530 | Utils | INFO | Reading structured dataset: multiomincsfactor.csv from path: mofa_data/multiomincsfactor
2026-08-13 05:09:11,538 | Utils | INFO | Successfully loaded file. Calculated shape: (1479, 21)
2026-08-13 05:09:11,538 | Utils | INFO | Attempting to load binary pipeline estimator from storage name: kmeans_model.joblib
2026-08-13 05:09:11,604 | Utils | INFO | Model has been successfully loaded from the path
2026-08-13 05:09:28,829 | Utils | INFO | Reading structured dataset: multiomincsfactor.csv from path: mofa_data/multiomincsfactor
2026-08-13 05:09:28,840 | Utils | INFO | Successfully loaded file. Calculated shape: (1479, 21)
2026-08-13 05:09:28,841 | Utils | INFO | Attempting to load binary pipeline estimator from storage name: knn_model.joblib
2026-08-13 05:09:28,842 | Utils | INFO | Model has been successfully loaded from the path
2026-08-13 05:09:29,036 | Utils | INFO | Reading structured dataset: master_lookup.csv from path: lookup/master
2026-08-13 05:09:29,045 | Utils | INFO | Successfully loaded file. Calculated shape: (1479, 10)
2026-08-13 05:09:29,057 | Utils | INFO | Reading structured dataset: master_lookup.csv from path: lookup/master
2026-08-13 05:09:29,065 | Utils | INFO | Successfully loaded file. Calculated shape: (1479, 10)
2026-08-13 05:09:29,075 | Utils | INFO | Initiating save routine for file: before_explanation.csv into directory: test/top10
2026-08-13 05:09:29,080 | Utils | INFO | Data frame successfully serialized to: C:\Users\Shankar\Desktop\AstraZeneca\code\astrazeneca\CelllineSelector\data\test\top10\before_explanation.csv
2026-08-13 05:15:25,900 | Utils | INFO | Initiating save routine for file: top10_explanation.csv into directory: test/top10
2026-08-13 05:15:26,027 | Utils | INFO | Data frame successfully serialized to: C:\Users\Shankar\Desktop\AstraZeneca\code\astrazeneca\CelllineSelector\data\test\top10\top10_explanation.csv
2026-08-13 05:15:26,287 | Utils | INFO | Initiating save routine for file: final_top10_df.csv into directory: test/top10
2026-08-13 05:15:26,306 | Utils | INFO | Data frame successfully serialized to: C:\Users\Shankar\Desktop\AstraZeneca\code\astrazeneca\CelllineSelector\data\test\top10\final_top10_df.csv
2026-08-13 05:15:26,308 | Utils | INFO | Initiating save routine for file: full_scored_data.csv into directory: test/top10
2026-08-13 05:15:26,457 | Utils | INFO | Data frame successfully serialized to: C:\Users\Shankar\Desktop\AstraZeneca\code\astrazeneca\CelllineSelector\data\test\top10\full_scored_data.csv
2026-08-13 05:15:26,458 | Utils | INFO | Initiating save routine for file: metabolomnic_df.csv into directory: test/top10
2026-08-13 05:15:26,637 | Utils | INFO | Data frame successfully serialized to: C:\Users\Shankar\Desktop\AstraZeneca\code\astrazeneca\CelllineSelector\data\test\top10\metabolomnic_df.csv
2026-08-13 05:15:26,638 | Utils | INFO | Initiating save routine for file: fusion_reference_df.csv into directory: test/top10
2026-08-13 05:15:26,641 | Utils | ERROR | Failed to save data matrix asset to disk structure: Provided dataframe reference is empty or undefined.
2026-08-13 05:15:26,641 | Utils | INFO | Initiating save routine for file: mutation_reference_df.csv into directory: test/top10
2026-08-13 05:15:26,643 | Utils | ERROR | Failed to save data matrix asset to disk structure: Provided dataframe reference is empty or undefined.
2026-08-13 05:20:44,086 | Utils | INFO | Reading structured dataset: gene_ensg_map.csv from path: lookup/gene_maps
2026-08-13 05:20:44,147 | Utils | INFO | Successfully loaded file. Calculated shape: (19907, 2)
2026-08-13 05:20:44,166 | Utils | INFO | Reading structured dataset: gene_protein_map.csv from path: lookup/gene_maps
2026-08-13 05:20:44,194 | Utils | INFO | Successfully loaded file. Calculated shape: (12559, 3)
2026-08-13 05:20:44,198 | Utils | INFO | Reading structured dataset: 2_DepMap_OmicsExpressionAllGenesTPMLogp1Profile.csv from path: scoring/gene expression
2026-08-13 05:20:56,570 | Utils | INFO | Successfully loaded file. Calculated shape: (1479, 19920)
2026-08-13 05:20:56,678 | Utils | INFO | Reading structured dataset: 1_4_hpa_rna_celline.csv from path: scoring/gene expression
2026-08-13 05:21:11,082 | Utils | INFO | Successfully loaded file. Calculated shape: (1145, 20165)
2026-08-13 05:21:11,600 | Utils | INFO | Reading structured dataset: 4_Harmonized_MS_CCLE_Gygi_subsetted.csv from path: scoring/gene expression
2026-08-13 05:21:13,832 | Utils | INFO | Successfully loaded file. Calculated shape: (375, 12559)
2026-08-13 05:21:13,887 | Utils | INFO | Reading structured dataset: cosinematrix.csv from path: scoring/cosine_matrix
2026-08-13 05:21:31,207 | Utils | INFO | Successfully loaded file. Calculated shape: (1479, 19919)
2026-08-13 05:21:33,318 | Utils | INFO | Reading structured dataset: 5_OmicsFusionFilteredSupplementary.csv from path: scoring/gene properties
2026-08-13 05:21:35,208 | Utils | INFO | Successfully loaded file. Calculated shape: (184237, 31)
2026-08-13 05:21:35,553 | Utils | INFO | Reading structured dataset: 6_OmicsSomaticMutationsProfile.csv from path: scoring/gene properties
2026-08-13 05:21:52,648 | Utils | INFO | Successfully loaded file. Calculated shape: (1066869, 71)
2026-08-13 05:21:53,838 | Utils | INFO | Reading structured dataset: 6_OmicsSomaticMutationsProfile.csv from path: scoring/gene properties
2026-08-13 05:22:11,776 | Utils | INFO | Successfully loaded file. Calculated shape: (1066869, 71)
2026-08-13 05:22:12,995 | Utils | INFO | Reading structured dataset: master_lookup.csv from path: lookup/master
2026-08-13 05:22:13,221 | Utils | INFO | Successfully loaded file. Calculated shape: (1479, 10)
2026-08-13 05:22:13,232 | Utils | INFO | Reading structured dataset: master_lookup.csv from path: lookup/master
2026-08-13 05:22:13,242 | Utils | INFO | Successfully loaded file. Calculated shape: (1479, 10)
2026-08-13 05:22:13,254 | Utils | INFO | Reading structured dataset: 5_OmicsFusionFilteredSupplementary.csv from path: scoring/gene properties
2026-08-13 05:22:14,959 | Utils | INFO | Successfully loaded file. Calculated shape: (184237, 31)
2026-08-13 05:22:15,107 | Utils | INFO | Reading structured dataset: 6_OmicsSomaticMutationsProfile.csv from path: scoring/gene properties
2026-08-13 05:22:30,324 | Utils | INFO | Successfully loaded file. Calculated shape: (1066869, 71)
2026-08-13 05:22:32,002 | Utils | INFO | Reading structured dataset: 12_CCLE_metabolomics_20190502.csv from path: cleaned_data/non gene expression
2026-08-13 05:22:32,064 | Utils | INFO | Successfully loaded file. Calculated shape: (928, 227)
2026-08-13 05:22:32,071 | Utils | INFO | Reading structured dataset: multiomincsfactor.csv from path: mofa_data/multiomincsfactor
2026-08-13 05:22:32,094 | Utils | INFO | Successfully loaded file. Calculated shape: (1479, 21)
2026-08-13 05:22:32,095 | Utils | INFO | Attempting to load binary pipeline estimator from storage name: kmeans_model.joblib
2026-08-13 05:22:32,187 | Utils | INFO | Model has been successfully loaded from the path
2026-08-13 05:22:53,299 | Utils | INFO | Reading structured dataset: multiomincsfactor.csv from path: mofa_data/multiomincsfactor
2026-08-13 05:22:53,312 | Utils | INFO | Successfully loaded file. Calculated shape: (1479, 21)
2026-08-13 05:22:53,312 | Utils | INFO | Attempting to load binary pipeline estimator from storage name: knn_model.joblib
2026-08-13 05:22:53,315 | Utils | INFO | Model has been successfully loaded from the path
2026-08-13 05:22:53,549 | Utils | INFO | Reading structured dataset: master_lookup.csv from path: lookup/master
2026-08-13 05:22:53,558 | Utils | INFO | Successfully loaded file. Calculated shape: (1479, 10)
2026-08-13 05:22:53,566 | Utils | INFO | Reading structured dataset: master_lookup.csv from path: lookup/master
2026-08-13 05:22:53,572 | Utils | INFO | Successfully loaded file. Calculated shape: (1479, 10)
2026-08-13 05:22:53,578 | Utils | INFO | Initiating save routine for file: before_explanation.csv into directory: test/top10
2026-08-13 05:22:53,582 | Utils | INFO | Data frame successfully serialized to: C:\Users\Shankar\Desktop\AstraZeneca\code\astrazeneca\CelllineSelector\data\test\top10\before_explanation.csv
2026-08-13 05:27:33,367 | Utils | INFO | Initiating save routine for file: top10_explanation.csv into directory: test/top10
2026-08-13 05:27:33,372 | Utils | INFO | Data frame successfully serialized to: C:\Users\Shankar\Desktop\AstraZeneca\code\astrazeneca\CelllineSelector\data\test\top10\top10_explanation.csv
2026-08-13 05:27:33,402 | Utils | INFO | Initiating save routine for file: final_top10_df.csv into directory: test/top10
2026-08-13 05:27:33,415 | Utils | INFO | Data frame successfully serialized to: C:\Users\Shankar\Desktop\AstraZeneca\code\astrazeneca\CelllineSelector\data\test\top10\final_top10_df.csv
2026-08-13 05:27:33,417 | Utils | INFO | Initiating save routine for file: full_scored_data.csv into directory: test/top10
2026-08-13 05:27:33,504 | Utils | INFO | Data frame successfully serialized to: C:\Users\Shankar\Desktop\AstraZeneca\code\astrazeneca\CelllineSelector\data\test\top10\full_scored_data.csv
2026-08-13 05:27:33,506 | Utils | INFO | Initiating save routine for file: metabolomnic_df.csv into directory: test/top10
2026-08-13 05:27:33,544 | Utils | INFO | Data frame successfully serialized to: C:\Users\Shankar\Desktop\AstraZeneca\code\astrazeneca\CelllineSelector\data\test\top10\metabolomnic_df.csv
2026-08-13 05:27:33,544 | Utils | INFO | Initiating save routine for file: fusion_reference_df.csv into directory: test/top10
2026-08-13 05:27:33,545 | Utils | ERROR | Failed to save data matrix asset to disk structure: Provided dataframe reference is empty or undefined.
2026-08-13 05:27:33,545 | Utils | INFO | Initiating save routine for file: mutation_reference_df.csv into directory: test/top10
2026-08-13 05:27:33,546 | Utils | ERROR | Failed to save data matrix asset to disk structure: Provided dataframe reference is empty or undefined.
2026-08-13 05:30:14,352 | Utils | INFO | Reading structured dataset: gene_ensg_map.csv from path: lookup/gene_maps
2026-08-13 05:30:14,398 | Utils | INFO | Successfully loaded file. Calculated shape: (19907, 2)
2026-08-13 05:30:14,412 | Utils | INFO | Reading structured dataset: gene_protein_map.csv from path: lookup/gene_maps
2026-08-13 05:30:14,429 | Utils | INFO | Successfully loaded file. Calculated shape: (12559, 3)
2026-08-13 05:30:14,431 | Utils | INFO | Reading structured dataset: 2_DepMap_OmicsExpressionAllGenesTPMLogp1Profile.csv from path: scoring/gene expression
2026-08-13 05:30:28,306 | Utils | INFO | Successfully loaded file. Calculated shape: (1479, 19920)
2026-08-13 05:30:28,436 | Utils | INFO | Reading structured dataset: 1_4_hpa_rna_celline.csv from path: scoring/gene expression
2026-08-13 05:30:36,707 | Utils | INFO | Successfully loaded file. Calculated shape: (1145, 20165)
2026-08-13 05:30:37,174 | Utils | INFO | Reading structured dataset: 4_Harmonized_MS_CCLE_Gygi_subsetted.csv from path: scoring/gene expression
2026-08-13 05:30:38,393 | Utils | INFO | Successfully loaded file. Calculated shape: (375, 12559)
2026-08-13 05:30:38,423 | Utils | INFO | Reading structured dataset: cosinematrix.csv from path: scoring/cosine_matrix
2026-08-13 05:30:51,252 | Utils | INFO | Successfully loaded file. Calculated shape: (1479, 19919)
2026-08-13 05:30:52,822 | Utils | INFO | Reading structured dataset: 5_OmicsFusionFilteredSupplementary.csv from path: scoring/gene properties
2026-08-13 05:30:54,613 | Utils | INFO | Successfully loaded file. Calculated shape: (184237, 31)
2026-08-13 05:30:54,966 | Utils | INFO | Reading structured dataset: 6_OmicsSomaticMutationsProfile.csv from path: scoring/gene properties
2026-08-13 05:31:12,407 | Utils | INFO | Successfully loaded file. Calculated shape: (1066869, 71)
2026-08-13 05:31:13,854 | Utils | INFO | Reading structured dataset: 6_OmicsSomaticMutationsProfile.csv from path: scoring/gene properties
2026-08-13 05:31:27,711 | Utils | INFO | Successfully loaded file. Calculated shape: (1066869, 71)
2026-08-13 05:31:29,687 | Utils | INFO | Reading structured dataset: master_lookup.csv from path: lookup/master
2026-08-13 05:31:29,702 | Utils | INFO | Successfully loaded file. Calculated shape: (1479, 10)
2026-08-13 05:31:29,726 | Utils | INFO | Reading structured dataset: master_lookup.csv from path: lookup/master
2026-08-13 05:31:29,734 | Utils | INFO | Successfully loaded file. Calculated shape: (1479, 10)
2026-08-13 05:31:29,749 | Utils | INFO | Reading structured dataset: 5_OmicsFusionFilteredSupplementary.csv from path: scoring/gene properties
2026-08-13 05:31:31,285 | Utils | INFO | Successfully loaded file. Calculated shape: (184237, 31)
2026-08-13 05:31:31,439 | Utils | INFO | Reading structured dataset: 6_OmicsSomaticMutationsProfile.csv from path: scoring/gene properties
2026-08-13 05:31:45,889 | Utils | INFO | Successfully loaded file. Calculated shape: (1066869, 71)
2026-08-13 05:31:46,994 | Utils | INFO | Reading structured dataset: 12_CCLE_metabolomics_20190502.csv from path: cleaned_data/non gene expression
2026-08-13 05:31:47,037 | Utils | INFO | Successfully loaded file. Calculated shape: (928, 227)
2026-08-13 05:31:47,041 | Utils | INFO | Reading structured dataset: multiomincsfactor.csv from path: mofa_data/multiomincsfactor
2026-08-13 05:31:47,052 | Utils | INFO | Successfully loaded file. Calculated shape: (1479, 21)
2026-08-13 05:31:47,052 | Utils | INFO | Attempting to load binary pipeline estimator from storage name: kmeans_model.joblib
2026-08-13 05:31:47,145 | Utils | INFO | Model has been successfully loaded from the path
2026-08-13 05:32:08,158 | Utils | INFO | Reading structured dataset: multiomincsfactor.csv from path: mofa_data/multiomincsfactor
2026-08-13 05:32:08,169 | Utils | INFO | Successfully loaded file. Calculated shape: (1479, 21)
2026-08-13 05:32:08,170 | Utils | INFO | Attempting to load binary pipeline estimator from storage name: knn_model.joblib
2026-08-13 05:32:08,171 | Utils | INFO | Model has been successfully loaded from the path
2026-08-13 05:32:08,425 | Utils | INFO | Reading structured dataset: master_lookup.csv from path: lookup/master
2026-08-13 05:32:08,441 | Utils | INFO | Successfully loaded file. Calculated shape: (1479, 10)
2026-08-13 05:32:08,455 | Utils | INFO | Reading structured dataset: master_lookup.csv from path: lookup/master
2026-08-13 05:32:08,463 | Utils | INFO | Successfully loaded file. Calculated shape: (1479, 10)
2026-08-13 05:32:08,469 | Utils | INFO | Initiating save routine for file: before_explanation.csv into directory: test/top10
2026-08-13 05:32:08,480 | Utils | INFO | Data frame successfully serialized to: C:\Users\Shankar\Desktop\AstraZeneca\code\astrazeneca\CelllineSelector\data\test\top10\before_explanation.csv
2026-08-13 05:33:47,336 | Utils | INFO | Initiating save routine for file: top10_explanation.csv into directory: test/top10
2026-08-13 05:33:47,347 | Utils | INFO | Data frame successfully serialized to: C:\Users\Shankar\Desktop\AstraZeneca\code\astrazeneca\CelllineSelector\data\test\top10\top10_explanation.csv
2026-08-13 05:33:47,364 | Utils | INFO | Initiating save routine for file: final_top10_df.csv into directory: test/top10
2026-08-13 05:33:47,372 | Utils | INFO | Data frame successfully serialized to: C:\Users\Shankar\Desktop\AstraZeneca\code\astrazeneca\CelllineSelector\data\test\top10\final_top10_df.csv
2026-08-13 05:33:47,374 | Utils | INFO | Initiating save routine for file: full_scored_data.csv into directory: test/top10
2026-08-13 05:33:47,453 | Utils | INFO | Data frame successfully serialized to: C:\Users\Shankar\Desktop\AstraZeneca\code\astrazeneca\CelllineSelector\data\test\top10\full_scored_data.csv
2026-08-13 05:33:47,453 | Utils | INFO | Initiating save routine for file: metabolomnic_df.csv into directory: test/top10
2026-08-13 05:33:47,475 | Utils | INFO | Data frame successfully serialized to: C:\Users\Shankar\Desktop\AstraZeneca\code\astrazeneca\CelllineSelector\data\test\top10\metabolomnic_df.csv
2026-08-13 05:33:47,476 | Utils | INFO | Initiating save routine for file: fusion_reference_df.csv into directory: test/top10
2026-08-13 05:33:47,476 | Utils | ERROR | Failed to save data matrix asset to disk structure: Provided dataframe reference is empty or undefined.
2026-08-13 05:33:47,477 | Utils | INFO | Initiating save routine for file: mutation_reference_df.csv into directory: test/top10
2026-08-13 05:33:47,477 | Utils | ERROR | Failed to save data matrix asset to disk structure: Provided dataframe reference is empty or undefined.
2026-08-13 05:39:24,679 | Utils | INFO | Reading structured dataset: gene_ensg_map.csv from path: lookup/gene_maps
2026-08-13 05:39:24,712 | Utils | INFO | Successfully loaded file. Calculated shape: (19907, 2)
2026-08-13 05:39:24,719 | Utils | INFO | Reading structured dataset: gene_protein_map.csv from path: lookup/gene_maps
2026-08-13 05:39:24,745 | Utils | INFO | Successfully loaded file. Calculated shape: (12559, 3)
2026-08-13 05:39:24,750 | Utils | INFO | Reading structured dataset: 2_DepMap_OmicsExpressionAllGenesTPMLogp1Profile.csv from path: scoring/gene expression
2026-08-13 05:39:43,804 | Utils | INFO | Successfully loaded file. Calculated shape: (1479, 19920)
2026-08-13 05:39:43,913 | Utils | INFO | Reading structured dataset: 1_4_hpa_rna_celline.csv from path: scoring/gene expression
2026-08-13 05:39:58,046 | Utils | INFO | Successfully loaded file. Calculated shape: (1145, 20165)
2026-08-13 05:39:58,518 | Utils | INFO | Reading structured dataset: 4_Harmonized_MS_CCLE_Gygi_subsetted.csv from path: scoring/gene expression
2026-08-13 05:40:00,224 | Utils | INFO | Successfully loaded file. Calculated shape: (375, 12559)
2026-08-13 05:40:00,268 | Utils | INFO | Reading structured dataset: cosinematrix.csv from path: scoring/cosine_matrix
2026-08-13 05:40:13,471 | Utils | INFO | Successfully loaded file. Calculated shape: (1479, 19919)
2026-08-13 05:40:14,714 | Utils | INFO | Reading structured dataset: 5_OmicsFusionFilteredSupplementary.csv from path: scoring/gene properties
2026-08-13 05:40:16,034 | Utils | INFO | Successfully loaded file. Calculated shape: (184237, 31)
2026-08-13 05:40:16,357 | Utils | INFO | Reading structured dataset: 6_OmicsSomaticMutationsProfile.csv from path: scoring/gene properties
2026-08-13 05:40:30,422 | Utils | INFO | Successfully loaded file. Calculated shape: (1066869, 71)
2026-08-13 05:40:31,860 | Utils | INFO | Reading structured dataset: 6_OmicsSomaticMutationsProfile.csv from path: scoring/gene properties
2026-08-13 05:40:51,155 | Utils | INFO | Successfully loaded file. Calculated shape: (1066869, 71)
2026-08-13 05:40:52,371 | Utils | INFO | Reading structured dataset: master_lookup.csv from path: lookup/master
2026-08-13 05:40:52,521 | Utils | INFO | Successfully loaded file. Calculated shape: (1479, 10)
2026-08-13 05:40:52,534 | Utils | INFO | Reading structured dataset: master_lookup.csv from path: lookup/master
2026-08-13 05:40:52,544 | Utils | INFO | Successfully loaded file. Calculated shape: (1479, 10)
2026-08-13 05:40:52,560 | Utils | INFO | Reading structured dataset: 5_OmicsFusionFilteredSupplementary.csv from path: scoring/gene properties
2026-08-13 05:40:54,493 | Utils | INFO | Successfully loaded file. Calculated shape: (184237, 31)
2026-08-13 05:40:54,690 | Utils | INFO | Reading structured dataset: 6_OmicsSomaticMutationsProfile.csv from path: scoring/gene properties
2026-08-13 05:41:08,526 | Utils | INFO | Successfully loaded file. Calculated shape: (1066869, 71)
2026-08-13 05:41:09,875 | Utils | INFO | Reading structured dataset: 12_CCLE_metabolomics_20190502.csv from path: cleaned_data/non gene expression
2026-08-13 05:41:09,930 | Utils | INFO | Successfully loaded file. Calculated shape: (928, 227)
2026-08-13 05:41:09,937 | Utils | INFO | Reading structured dataset: multiomincsfactor.csv from path: mofa_data/multiomincsfactor
2026-08-13 05:41:09,951 | Utils | INFO | Successfully loaded file. Calculated shape: (1479, 21)
2026-08-13 05:41:09,951 | Utils | INFO | Attempting to load binary pipeline estimator from storage name: kmeans_model.joblib
2026-08-13 05:41:10,015 | Utils | INFO | Model has been successfully loaded from the path
2026-08-13 05:41:32,260 | Utils | INFO | Reading structured dataset: multiomincsfactor.csv from path: mofa_data/multiomincsfactor
2026-08-13 05:41:32,272 | Utils | INFO | Successfully loaded file. Calculated shape: (1479, 21)
2026-08-13 05:41:32,273 | Utils | INFO | Attempting to load binary pipeline estimator from storage name: knn_model.joblib
2026-08-13 05:41:32,274 | Utils | INFO | Model has been successfully loaded from the path
2026-08-13 05:41:32,509 | Utils | INFO | Reading structured dataset: master_lookup.csv from path: lookup/master
2026-08-13 05:41:32,518 | Utils | INFO | Successfully loaded file. Calculated shape: (1479, 10)
2026-08-13 05:41:32,524 | Utils | INFO | Reading structured dataset: master_lookup.csv from path: lookup/master
2026-08-13 05:41:32,531 | Utils | INFO | Successfully loaded file. Calculated shape: (1479, 10)
2026-08-13 05:41:32,539 | Utils | INFO | Initiating save routine for file: before_explanation.csv into directory: test/top10
2026-08-13 05:41:32,543 | Utils | INFO | Data frame successfully serialized to: C:\Users\Shankar\Desktop\AstraZeneca\code\astrazeneca\CelllineSelector\data\test\top10\before_explanation.csv
2026-08-13 05:45:15,312 | Utils | INFO | Initiating save routine for file: top10_explanation.csv into directory: test/top10
2026-08-13 05:45:15,316 | Utils | INFO | Data frame successfully serialized to: C:\Users\Shankar\Desktop\AstraZeneca\code\astrazeneca\CelllineSelector\data\test\top10\top10_explanation.csv
2026-08-13 05:45:15,331 | Utils | INFO | Initiating save routine for file: final_top10_df.csv into directory: test/top10
2026-08-13 05:45:15,338 | Utils | INFO | Data frame successfully serialized to: C:\Users\Shankar\Desktop\AstraZeneca\code\astrazeneca\CelllineSelector\data\test\top10\final_top10_df.csv
2026-08-13 05:45:15,339 | Utils | INFO | Initiating save routine for file: full_scored_data.csv into directory: test/top10
2026-08-13 05:45:15,414 | Utils | INFO | Data frame successfully serialized to: C:\Users\Shankar\Desktop\AstraZeneca\code\astrazeneca\CelllineSelector\data\test\top10\full_scored_data.csv
2026-08-13 05:45:15,414 | Utils | INFO | Initiating save routine for file: metabolomnic_df.csv into directory: test/top10
2026-08-13 05:45:15,437 | Utils | INFO | Data frame successfully serialized to: C:\Users\Shankar\Desktop\AstraZeneca\code\astrazeneca\CelllineSelector\data\test\top10\metabolomnic_df.csv
2026-08-13 05:45:15,438 | Utils | INFO | Initiating save routine for file: fusion_reference_df.csv into directory: test/top10
2026-08-13 05:45:15,439 | Utils | ERROR | Failed to save data matrix asset to disk structure: Provided dataframe reference is empty or undefined.
2026-08-13 05:45:15,439 | Utils | INFO | Initiating save routine for file: mutation_reference_df.csv into directory: test/top10
2026-08-13 05:45:15,440 | Utils | ERROR | Failed to save data matrix asset to disk structure: Provided dataframe reference is empty or undefined.
2026-08-13 05:57:43,640 | Utils | INFO | Reading structured dataset: gene_ensg_map.csv from path: lookup/gene_maps
2026-08-13 05:57:43,698 | Utils | INFO | Successfully loaded file. Calculated shape: (19907, 2)
2026-08-13 05:57:43,702 | Utils | INFO | Reading structured dataset: gene_protein_map.csv from path: lookup/gene_maps
2026-08-13 05:57:43,737 | Utils | INFO | Successfully loaded file. Calculated shape: (12559, 3)
2026-08-13 05:57:43,742 | Utils | INFO | Reading structured dataset: 2_DepMap_OmicsExpressionAllGenesTPMLogp1Profile.csv from path: scoring/gene expression
2026-08-13 05:58:03,895 | Utils | INFO | Successfully loaded file. Calculated shape: (1479, 19920)
2026-08-13 05:58:04,118 | Utils | INFO | Reading structured dataset: 1_4_hpa_rna_celline.csv from path: scoring/gene expression
2026-08-13 05:58:17,557 | Utils | INFO | Successfully loaded file. Calculated shape: (1145, 20165)
2026-08-13 05:58:18,188 | Utils | INFO | Reading structured dataset: 4_Harmonized_MS_CCLE_Gygi_subsetted.csv from path: scoring/gene expression
2026-08-13 05:58:20,619 | Utils | INFO | Successfully loaded file. Calculated shape: (375, 12559)
2026-08-13 05:58:20,660 | Utils | INFO | Reading structured dataset: cosinematrix.csv from path: scoring/cosine_matrix
2026-08-13 05:58:37,101 | Utils | INFO | Successfully loaded file. Calculated shape: (1479, 19919)
2026-08-13 05:58:38,434 | Utils | INFO | Reading structured dataset: 5_OmicsFusionFilteredSupplementary.csv from path: scoring/gene properties
2026-08-13 05:58:39,774 | Utils | INFO | Successfully loaded file. Calculated shape: (184237, 31)
2026-08-13 05:58:40,051 | Utils | INFO | Reading structured dataset: 6_OmicsSomaticMutationsProfile.csv from path: scoring/gene properties
2026-08-13 05:58:55,453 | Utils | INFO | Successfully loaded file. Calculated shape: (1066869, 71)
2026-08-13 05:58:56,637 | Utils | INFO | Reading structured dataset: 6_OmicsSomaticMutationsProfile.csv from path: scoring/gene properties
2026-08-13 05:59:10,485 | Utils | INFO | Successfully loaded file. Calculated shape: (1066869, 71)
2026-08-13 05:59:11,446 | Utils | INFO | Reading structured dataset: master_lookup.csv from path: lookup/master
2026-08-13 05:59:11,456 | Utils | INFO | Successfully loaded file. Calculated shape: (1479, 10)
2026-08-13 05:59:11,464 | Utils | INFO | Reading structured dataset: master_lookup.csv from path: lookup/master
2026-08-13 05:59:11,477 | Utils | INFO | Successfully loaded file. Calculated shape: (1479, 10)
2026-08-13 05:59:11,493 | Utils | INFO | Reading structured dataset: 5_OmicsFusionFilteredSupplementary.csv from path: scoring/gene properties
2026-08-13 05:59:12,984 | Utils | INFO | Successfully loaded file. Calculated shape: (184237, 31)
2026-08-13 05:59:13,147 | Utils | INFO | Reading structured dataset: 6_OmicsSomaticMutationsProfile.csv from path: scoring/gene properties
2026-08-13 05:59:33,632 | Utils | INFO | Successfully loaded file. Calculated shape: (1066869, 71)
2026-08-13 05:59:34,889 | Utils | INFO | Reading structured dataset: 12_CCLE_metabolomics_20190502.csv from path: cleaned_data/non gene expression
2026-08-13 05:59:34,931 | Utils | INFO | Successfully loaded file. Calculated shape: (928, 227)
2026-08-13 05:59:34,936 | Utils | INFO | Reading structured dataset: multiomincsfactor.csv from path: mofa_data/multiomincsfactor
2026-08-13 05:59:34,950 | Utils | INFO | Successfully loaded file. Calculated shape: (1479, 21)
2026-08-13 05:59:34,950 | Utils | INFO | Attempting to load binary pipeline estimator from storage name: kmeans_model.joblib
2026-08-13 05:59:35,005 | Utils | INFO | Model has been successfully loaded from the path
2026-08-13 05:59:59,724 | Utils | INFO | Reading structured dataset: multiomincsfactor.csv from path: mofa_data/multiomincsfactor
2026-08-13 05:59:59,739 | Utils | INFO | Successfully loaded file. Calculated shape: (1479, 21)
2026-08-13 05:59:59,739 | Utils | INFO | Attempting to load binary pipeline estimator from storage name: knn_model.joblib
2026-08-13 05:59:59,760 | Utils | INFO | Model has been successfully loaded from the path
2026-08-13 06:00:00,084 | Utils | INFO | Reading structured dataset: master_lookup.csv from path: lookup/master
2026-08-13 06:00:00,363 | Utils | INFO | Successfully loaded file. Calculated shape: (1479, 10)
2026-08-13 06:00:00,376 | Utils | INFO | Reading structured dataset: master_lookup.csv from path: lookup/master
2026-08-13 06:00:00,389 | Utils | INFO | Successfully loaded file. Calculated shape: (1479, 10)
2026-08-13 06:00:00,405 | Utils | INFO | Initiating save routine for file: before_explanation.csv into directory: test/top10
2026-08-13 06:00:00,412 | Utils | INFO | Data frame successfully serialized to: C:\Users\Shankar\Desktop\AstraZeneca\code\astrazeneca\CelllineSelector\data\test\top10\before_explanation.csv
2026-08-13 06:03:58,653 | Utils | INFO | Initiating save routine for file: top10_explanation.csv into directory: test/top10
2026-08-13 06:03:58,660 | Utils | INFO | Data frame successfully serialized to: C:\Users\Shankar\Desktop\AstraZeneca\code\astrazeneca\CelllineSelector\data\test\top10\top10_explanation.csv
2026-08-13 06:03:58,676 | Utils | INFO | Initiating save routine for file: final_top10_df.csv into directory: test/top10
2026-08-13 06:03:58,685 | Utils | INFO | Data frame successfully serialized to: C:\Users\Shankar\Desktop\AstraZeneca\code\astrazeneca\CelllineSelector\data\test\top10\final_top10_df.csv
2026-08-13 06:03:58,686 | Utils | INFO | Initiating save routine for file: full_scored_data.csv into directory: test/top10
2026-08-13 06:03:58,775 | Utils | INFO | Data frame successfully serialized to: C:\Users\Shankar\Desktop\AstraZeneca\code\astrazeneca\CelllineSelector\data\test\top10\full_scored_data.csv
2026-08-13 06:03:58,776 | Utils | INFO | Initiating save routine for file: metabolomnic_df.csv into directory: test/top10
2026-08-13 06:03:58,800 | Utils | INFO | Data frame successfully serialized to: C:\Users\Shankar\Desktop\AstraZeneca\code\astrazeneca\CelllineSelector\data\test\top10\metabolomnic_df.csv
2026-08-13 06:03:58,801 | Utils | INFO | Initiating save routine for file: fusion_reference_df.csv into directory: test/top10
2026-08-13 06:03:58,812 | Utils | INFO | Data frame successfully serialized to: C:\Users\Shankar\Desktop\AstraZeneca\code\astrazeneca\CelllineSelector\data\test\top10\fusion_reference_df.csv
2026-08-13 06:03:58,813 | Utils | INFO | Initiating save routine for file: mutation_reference_df.csv into directory: test/top10
2026-08-13 06:03:58,813 | Utils | ERROR | Failed to save data matrix asset to disk structure: Provided dataframe reference is empty or undefined.
2026-08-13 06:15:36,534 | Utils | INFO | Reading structured dataset: gene_ensg_map.csv from path: lookup/gene_maps
2026-08-13 06:15:36,583 | Utils | INFO | Successfully loaded file. Calculated shape: (19907, 2)
2026-08-13 06:15:36,598 | Utils | INFO | Reading structured dataset: gene_protein_map.csv from path: lookup/gene_maps
2026-08-13 06:15:36,620 | Utils | INFO | Successfully loaded file. Calculated shape: (12559, 3)
2026-08-13 06:15:36,625 | Utils | INFO | Reading structured dataset: 2_DepMap_OmicsExpressionAllGenesTPMLogp1Profile.csv from path: scoring/gene expression
2026-08-13 06:15:46,939 | Utils | INFO | Successfully loaded file. Calculated shape: (1479, 19920)
2026-08-13 06:15:47,031 | Utils | INFO | Reading structured dataset: 1_4_hpa_rna_celline.csv from path: scoring/gene expression
2026-08-13 06:15:56,471 | Utils | INFO | Successfully loaded file. Calculated shape: (1145, 20165)
2026-08-13 06:15:56,833 | Utils | INFO | Reading structured dataset: 4_Harmonized_MS_CCLE_Gygi_subsetted.csv from path: scoring/gene expression
2026-08-13 06:15:58,946 | Utils | INFO | Successfully loaded file. Calculated shape: (375, 12559)
2026-08-13 06:15:59,013 | Utils | INFO | Reading structured dataset: cosinematrix.csv from path: scoring/cosine_matrix
2026-08-13 06:16:17,011 | Utils | INFO | Successfully loaded file. Calculated shape: (1479, 19919)
2026-08-13 06:16:18,398 | Utils | INFO | Reading structured dataset: 5_OmicsFusionFilteredSupplementary.csv from path: scoring/gene properties
2026-08-13 06:16:19,737 | Utils | INFO | Successfully loaded file. Calculated shape: (184237, 31)
2026-08-13 06:16:20,006 | Utils | INFO | Reading structured dataset: 6_OmicsSomaticMutationsProfile.csv from path: scoring/gene properties
2026-08-13 06:16:34,601 | Utils | INFO | Successfully loaded file. Calculated shape: (1066869, 71)
2026-08-13 06:16:37,620 | Utils | INFO | Reading structured dataset: 6_OmicsSomaticMutationsProfile.csv from path: scoring/gene properties
2026-08-13 06:16:55,449 | Utils | INFO | Successfully loaded file. Calculated shape: (1066869, 71)
2026-08-13 06:16:56,713 | Utils | INFO | Reading structured dataset: master_lookup.csv from path: lookup/master
2026-08-13 06:16:56,725 | Utils | INFO | Successfully loaded file. Calculated shape: (1479, 10)
2026-08-13 06:16:56,833 | Utils | INFO | Reading structured dataset: master_lookup.csv from path: lookup/master
2026-08-13 06:16:56,840 | Utils | INFO | Successfully loaded file. Calculated shape: (1479, 10)
2026-08-13 06:16:56,848 | Utils | INFO | Reading structured dataset: 5_OmicsFusionFilteredSupplementary.csv from path: scoring/gene properties
2026-08-13 06:16:57,698 | Utils | INFO | Successfully loaded file. Calculated shape: (184237, 31)
2026-08-13 06:16:57,818 | Utils | INFO | Reading structured dataset: 6_OmicsSomaticMutationsProfile.csv from path: scoring/gene properties
2026-08-13 06:17:09,135 | Utils | INFO | Successfully loaded file. Calculated shape: (1066869, 71)
2026-08-13 06:17:10,310 | Utils | INFO | Reading structured dataset: 12_CCLE_metabolomics_20190502.csv from path: cleaned_data/non gene expression
2026-08-13 06:17:10,356 | Utils | INFO | Successfully loaded file. Calculated shape: (928, 227)
2026-08-13 06:17:10,365 | Utils | INFO | Reading structured dataset: multiomincsfactor.csv from path: mofa_data/multiomincsfactor
2026-08-13 06:17:10,379 | Utils | INFO | Successfully loaded file. Calculated shape: (1479, 21)
2026-08-13 06:17:10,379 | Utils | INFO | Attempting to load binary pipeline estimator from storage name: kmeans_model.joblib
2026-08-13 06:17:10,471 | Utils | INFO | Model has been successfully loaded from the path
2026-08-13 06:17:27,313 | Utils | INFO | Reading structured dataset: multiomincsfactor.csv from path: mofa_data/multiomincsfactor
2026-08-13 06:17:27,320 | Utils | INFO | Successfully loaded file. Calculated shape: (1479, 21)
2026-08-13 06:17:27,321 | Utils | INFO | Attempting to load binary pipeline estimator from storage name: knn_model.joblib
2026-08-13 06:17:27,324 | Utils | INFO | Model has been successfully loaded from the path
2026-08-13 06:17:27,480 | Utils | INFO | Reading structured dataset: master_lookup.csv from path: lookup/master
2026-08-13 06:17:27,585 | Utils | INFO | Successfully loaded file. Calculated shape: (1479, 10)
2026-08-13 06:17:27,595 | Utils | INFO | Reading structured dataset: master_lookup.csv from path: lookup/master
2026-08-13 06:17:27,604 | Utils | INFO | Successfully loaded file. Calculated shape: (1479, 10)
2026-08-13 06:17:27,611 | Utils | INFO | Initiating save routine for file: before_explanation.csv into directory: test/top10
2026-08-13 06:17:27,616 | Utils | INFO | Data frame successfully serialized to: C:\Users\Shankar\Desktop\AstraZeneca\code\astrazeneca\CelllineSelector\data\test\top10\before_explanation.csv
2026-08-13 06:21:39,024 | Utils | INFO | Initiating save routine for file: top10_explanation.csv into directory: test/top10
2026-08-13 06:21:39,030 | Utils | INFO | Data frame successfully serialized to: C:\Users\Shankar\Desktop\AstraZeneca\code\astrazeneca\CelllineSelector\data\test\top10\top10_explanation.csv
2026-08-13 06:21:39,044 | Utils | INFO | Initiating save routine for file: final_top10_df.csv into directory: test/top10
2026-08-13 06:21:39,053 | Utils | INFO | Data frame successfully serialized to: C:\Users\Shankar\Desktop\AstraZeneca\code\astrazeneca\CelllineSelector\data\test\top10\final_top10_df.csv
2026-08-13 06:21:39,053 | Utils | INFO | Initiating save routine for file: full_scored_data.csv into directory: test/top10
2026-08-13 06:21:39,128 | Utils | INFO | Data frame successfully serialized to: C:\Users\Shankar\Desktop\AstraZeneca\code\astrazeneca\CelllineSelector\data\test\top10\full_scored_data.csv
2026-08-13 06:21:39,129 | Utils | INFO | Initiating save routine for file: metabolomnic_df.csv into directory: test/top10
2026-08-13 06:21:39,150 | Utils | INFO | Data frame successfully serialized to: C:\Users\Shankar\Desktop\AstraZeneca\code\astrazeneca\CelllineSelector\data\test\top10\metabolomnic_df.csv
2026-08-13 06:21:39,151 | Utils | INFO | Initiating save routine for file: fusion_reference_df.csv into directory: test/top10
2026-08-13 06:21:39,157 | Utils | INFO | Data frame successfully serialized to: C:\Users\Shankar\Desktop\AstraZeneca\code\astrazeneca\CelllineSelector\data\test\top10\fusion_reference_df.csv
2026-08-13 06:21:39,158 | Utils | INFO | Initiating save routine for file: mutation_reference_df.csv into directory: test/top10
2026-08-13 06:21:39,158 | Utils | ERROR | Failed to save data matrix asset to disk structure: Provided dataframe reference is empty or undefined.
2026-08-15 09:10:34,148 | Utils | INFO | Reading structured dataset: gene_ensg_map.csv from path: lookup/gene_maps
2026-08-15 09:10:34,258 | Utils | INFO | Successfully loaded file. Calculated shape: (19907, 2)
2026-08-15 09:10:34,280 | Utils | INFO | Reading structured dataset: gene_protein_map.csv from path: lookup/gene_maps
2026-08-15 09:10:34,322 | Utils | INFO | Successfully loaded file. Calculated shape: (12559, 3)
2026-08-15 09:10:34,329 | Utils | INFO | Reading structured dataset: 2_DepMap_OmicsExpressionAllGenesTPMLogp1Profile.csv from path: scoring/gene expression
2026-08-15 09:10:49,352 | Utils | INFO | Successfully loaded file. Calculated shape: (1479, 19920)
2026-08-15 09:10:49,482 | Utils | INFO | Reading structured dataset: 1_4_hpa_rna_celline.csv from path: scoring/gene expression
2026-08-15 09:11:01,290 | Utils | INFO | Successfully loaded file. Calculated shape: (1145, 20165)
2026-08-15 09:11:01,823 | Utils | INFO | Reading structured dataset: 4_Harmonized_MS_CCLE_Gygi_subsetted.csv from path: scoring/gene expression
2026-08-15 09:11:04,140 | Utils | INFO | Successfully loaded file. Calculated shape: (375, 12559)
2026-08-15 09:11:04,194 | Utils | INFO | Reading structured dataset: cosinematrix.csv from path: scoring/cosine_matrix
2026-08-15 09:11:17,717 | Utils | INFO | Successfully loaded file. Calculated shape: (1479, 19919)
2026-08-15 09:11:19,255 | Utils | INFO | Reading structured dataset: 5_OmicsFusionFilteredSupplementary.csv from path: scoring/gene properties
2026-08-15 09:11:20,549 | Utils | INFO | Successfully loaded file. Calculated shape: (184237, 31)
2026-08-15 09:11:20,903 | Utils | INFO | Reading structured dataset: 6_OmicsSomaticMutationsProfile.csv from path: scoring/gene properties
2026-08-15 09:11:33,608 | Utils | INFO | Successfully loaded file. Calculated shape: (1066869, 71)
2026-08-15 09:11:34,583 | Utils | INFO | Reading structured dataset: 6_OmicsSomaticMutationsProfile.csv from path: scoring/gene properties
2026-08-15 09:11:47,020 | Utils | INFO | Successfully loaded file. Calculated shape: (1066869, 71)
2026-08-15 09:11:49,002 | Utils | INFO | Reading structured dataset: master_lookup.csv from path: lookup/master
2026-08-15 09:11:49,077 | Utils | INFO | Successfully loaded file. Calculated shape: (1479, 10)
2026-08-15 09:11:49,275 | Utils | INFO | Reading structured dataset: master_lookup.csv from path: lookup/master
2026-08-15 09:11:49,285 | Utils | INFO | Successfully loaded file. Calculated shape: (1479, 10)
2026-08-15 09:11:49,299 | Utils | INFO | Reading structured dataset: 5_OmicsFusionFilteredSupplementary.csv from path: scoring/gene properties
2026-08-15 09:11:50,969 | Utils | INFO | Successfully loaded file. Calculated shape: (184237, 31)
2026-08-15 09:11:51,184 | Utils | INFO | Reading structured dataset: 6_OmicsSomaticMutationsProfile.csv from path: scoring/gene properties
2026-08-15 09:12:08,560 | Utils | INFO | Successfully loaded file. Calculated shape: (1066869, 71)
2026-08-15 09:12:09,908 | Utils | INFO | Reading structured dataset: 12_CCLE_metabolomics_20190502.csv from path: cleaned_data/non gene expression
2026-08-15 09:12:09,991 | Utils | INFO | Successfully loaded file. Calculated shape: (928, 227)
2026-08-15 09:12:09,999 | Utils | INFO | Reading structured dataset: multiomincsfactor.csv from path: mofa_data/multiomincsfactor
2026-08-15 09:12:10,030 | Utils | INFO | Successfully loaded file. Calculated shape: (1479, 21)
2026-08-15 09:12:10,030 | Utils | INFO | Attempting to load binary pipeline estimator from storage name: kmeans_model.joblib
2026-08-15 09:12:10,543 | Utils | INFO | Model has been successfully loaded from the path
2026-08-15 09:12:33,291 | Utils | INFO | Reading structured dataset: multiomincsfactor.csv from path: mofa_data/multiomincsfactor
2026-08-15 09:12:33,306 | Utils | INFO | Successfully loaded file. Calculated shape: (1479, 21)
2026-08-15 09:12:33,306 | Utils | INFO | Attempting to load binary pipeline estimator from storage name: knn_model.joblib
2026-08-15 09:12:33,315 | Utils | INFO | Model has been successfully loaded from the path
2026-08-15 09:12:33,611 | Utils | INFO | Reading structured dataset: master_lookup.csv from path: lookup/master
2026-08-15 09:12:33,762 | Utils | INFO | Successfully loaded file. Calculated shape: (1479, 10)
2026-08-15 09:12:33,776 | Utils | INFO | Reading structured dataset: master_lookup.csv from path: lookup/master
2026-08-15 09:12:33,783 | Utils | INFO | Successfully loaded file. Calculated shape: (1479, 10)
2026-08-15 09:12:33,789 | Utils | INFO | Initiating save routine for file: before_explanation.csv into directory: test/top10
2026-08-15 09:12:33,794 | Utils | INFO | Data frame successfully serialized to: C:\Users\Shankar\Desktop\AstraZeneca\code\astrazeneca\CelllineSelector\data\test\top10\before_explanation.csv
2026-08-15 09:19:26,230 | Utils | INFO | Initiating save routine for file: top10_explanation.csv into directory: test/top10
2026-08-15 09:19:26,237 | Utils | INFO | Data frame successfully serialized to: C:\Users\Shankar\Desktop\AstraZeneca\code\astrazeneca\CelllineSelector\data\test\top10\top10_explanation.csv
2026-08-15 09:19:26,252 | Utils | INFO | Initiating save routine for file: final_top10_df.csv into directory: test/top10
2026-08-15 09:19:26,257 | Utils | INFO | Data frame successfully serialized to: C:\Users\Shankar\Desktop\AstraZeneca\code\astrazeneca\CelllineSelector\data\test\top10\final_top10_df.csv
2026-08-15 09:19:26,258 | Utils | INFO | Initiating save routine for file: full_scored_data.csv into directory: test/top10
2026-08-15 09:19:26,328 | Utils | INFO | Data frame successfully serialized to: C:\Users\Shankar\Desktop\AstraZeneca\code\astrazeneca\CelllineSelector\data\test\top10\full_scored_data.csv
2026-08-15 09:19:26,328 | Utils | INFO | Initiating save routine for file: metabolomnic_df.csv into directory: test/top10
2026-08-15 09:19:26,350 | Utils | INFO | Data frame successfully serialized to: C:\Users\Shankar\Desktop\AstraZeneca\code\astrazeneca\CelllineSelector\data\test\top10\metabolomnic_df.csv
2026-08-15 09:19:26,351 | Utils | INFO | Initiating save routine for file: fusion_reference_df.csv into directory: test/top10
2026-08-15 09:19:26,360 | Utils | INFO | Data frame successfully serialized to: C:\Users\Shankar\Desktop\AstraZeneca\code\astrazeneca\CelllineSelector\data\test\top10\fusion_reference_df.csv
2026-08-15 09:19:26,360 | Utils | INFO | Initiating save routine for file: mutation_reference_df.csv into directory: test/top10
2026-08-15 09:19:26,360 | Utils | ERROR | Failed to save data matrix asset to disk structure: Provided dataframe reference is empty or undefined.
2026-08-15 09:23:08,429 | Utils | INFO | Reading structured dataset: gene_ensg_map.csv from path: lookup/gene_maps
2026-08-15 09:23:08,511 | Utils | INFO | Successfully loaded file. Calculated shape: (19907, 2)
2026-08-15 09:23:08,543 | Utils | INFO | Reading structured dataset: gene_protein_map.csv from path: lookup/gene_maps
2026-08-15 09:23:08,578 | Utils | INFO | Successfully loaded file. Calculated shape: (12559, 3)
2026-08-15 09:23:08,585 | Utils | INFO | Reading structured dataset: 2_DepMap_OmicsExpressionAllGenesTPMLogp1Profile.csv from path: scoring/gene expression
2026-08-15 09:23:28,224 | Utils | INFO | Successfully loaded file. Calculated shape: (1479, 19920)
2026-08-15 09:23:28,323 | Utils | INFO | Reading structured dataset: 1_4_hpa_rna_celline.csv from path: scoring/gene expression
2026-08-15 09:23:36,416 | Utils | INFO | Successfully loaded file. Calculated shape: (1145, 20165)
2026-08-15 09:23:36,786 | Utils | INFO | Reading structured dataset: 4_Harmonized_MS_CCLE_Gygi_subsetted.csv from path: scoring/gene expression
2026-08-15 09:23:38,704 | Utils | INFO | Successfully loaded file. Calculated shape: (375, 12559)
2026-08-15 09:23:38,754 | Utils | INFO | Reading structured dataset: cosinematrix.csv from path: scoring/cosine_matrix
2026-08-15 09:23:49,291 | Utils | INFO | Successfully loaded file. Calculated shape: (1479, 19919)
2026-08-15 09:23:50,493 | Utils | INFO | Reading structured dataset: 5_OmicsFusionFilteredSupplementary.csv from path: scoring/gene properties
2026-08-15 09:23:51,843 | Utils | INFO | Successfully loaded file. Calculated shape: (184237, 31)
2026-08-15 09:23:52,131 | Utils | INFO | Reading structured dataset: 6_OmicsSomaticMutationsProfile.csv from path: scoring/gene properties
2026-08-15 09:24:05,330 | Utils | INFO | Successfully loaded file. Calculated shape: (1066869, 71)
2026-08-15 09:24:06,324 | Utils | INFO | Reading structured dataset: 6_OmicsSomaticMutationsProfile.csv from path: scoring/gene properties
2026-08-15 09:24:18,305 | Utils | INFO | Successfully loaded file. Calculated shape: (1066869, 71)
2026-08-15 09:24:19,416 | Utils | INFO | Reading structured dataset: master_lookup.csv from path: lookup/master
2026-08-15 09:24:19,581 | Utils | INFO | Successfully loaded file. Calculated shape: (1479, 10)
2026-08-15 09:24:19,596 | Utils | INFO | Reading structured dataset: master_lookup.csv from path: lookup/master
2026-08-15 09:24:19,606 | Utils | INFO | Successfully loaded file. Calculated shape: (1479, 10)
2026-08-15 09:24:19,620 | Utils | INFO | Reading structured dataset: 5_OmicsFusionFilteredSupplementary.csv from path: scoring/gene properties
2026-08-15 09:24:20,814 | Utils | INFO | Successfully loaded file. Calculated shape: (184237, 31)
2026-08-15 09:24:20,962 | Utils | INFO | Reading structured dataset: 6_OmicsSomaticMutationsProfile.csv from path: scoring/gene properties
2026-08-15 09:24:32,434 | Utils | INFO | Successfully loaded file. Calculated shape: (1066869, 71)
2026-08-15 09:24:33,376 | Utils | INFO | Reading structured dataset: 12_CCLE_metabolomics_20190502.csv from path: cleaned_data/non gene expression
2026-08-15 09:24:33,415 | Utils | INFO | Successfully loaded file. Calculated shape: (928, 227)
2026-08-15 09:24:33,424 | Utils | INFO | Reading structured dataset: multiomincsfactor.csv from path: mofa_data/multiomincsfactor
2026-08-15 09:24:33,436 | Utils | INFO | Successfully loaded file. Calculated shape: (1479, 21)
2026-08-15 09:24:33,437 | Utils | INFO | Attempting to load binary pipeline estimator from storage name: kmeans_model.joblib
2026-08-15 09:24:33,518 | Utils | INFO | Model has been successfully loaded from the path
2026-08-15 09:24:51,988 | Utils | INFO | Reading structured dataset: multiomincsfactor.csv from path: mofa_data/multiomincsfactor
2026-08-15 09:24:52,002 | Utils | INFO | Successfully loaded file. Calculated shape: (1479, 21)
2026-08-15 09:24:52,003 | Utils | INFO | Attempting to load binary pipeline estimator from storage name: knn_model.joblib
2026-08-15 09:24:52,006 | Utils | INFO | Model has been successfully loaded from the path
2026-08-15 09:24:52,262 | Utils | INFO | Reading structured dataset: master_lookup.csv from path: lookup/master
2026-08-15 09:24:52,273 | Utils | INFO | Successfully loaded file. Calculated shape: (1479, 10)
2026-08-15 09:24:52,281 | Utils | INFO | Reading structured dataset: master_lookup.csv from path: lookup/master
2026-08-15 09:24:52,287 | Utils | INFO | Successfully loaded file. Calculated shape: (1479, 10)
2026-08-15 09:24:52,296 | Utils | INFO | Initiating save routine for file: before_explanation.csv into directory: test/top10
2026-08-15 09:24:52,301 | Utils | INFO | Data frame successfully serialized to: C:\Users\Shankar\Desktop\AstraZeneca\code\astrazeneca\CelllineSelector\data\test\top10\before_explanation.csv
2026-08-15 09:29:31,313 | Utils | INFO | Initiating save routine for file: top10_explanation.csv into directory: test/top10
2026-08-15 09:29:31,318 | Utils | INFO | Data frame successfully serialized to: C:\Users\Shankar\Desktop\AstraZeneca\code\astrazeneca\CelllineSelector\data\test\top10\top10_explanation.csv
2026-08-15 09:29:31,326 | Utils | INFO | Initiating save routine for file: final_top10_df.csv into directory: test/top10
2026-08-15 09:29:31,335 | Utils | INFO | Data frame successfully serialized to: C:\Users\Shankar\Desktop\AstraZeneca\code\astrazeneca\CelllineSelector\data\test\top10\final_top10_df.csv
2026-08-15 09:29:31,335 | Utils | INFO | Initiating save routine for file: full_scored_data.csv into directory: test/top10
2026-08-15 09:29:31,397 | Utils | INFO | Data frame successfully serialized to: C:\Users\Shankar\Desktop\AstraZeneca\code\astrazeneca\CelllineSelector\data\test\top10\full_scored_data.csv
2026-08-15 09:29:31,398 | Utils | INFO | Initiating save routine for file: metabolomnic_df.csv into directory: test/top10
2026-08-15 09:29:31,421 | Utils | INFO | Data frame successfully serialized to: C:\Users\Shankar\Desktop\AstraZeneca\code\astrazeneca\CelllineSelector\data\test\top10\metabolomnic_df.csv
2026-08-15 09:29:31,421 | Utils | INFO | Initiating save routine for file: fusion_reference_df.csv into directory: test/top10
2026-08-15 09:29:31,422 | Utils | ERROR | Failed to save data matrix asset to disk structure: Provided dataframe reference is empty or undefined.
2026-08-15 09:29:31,422 | Utils | INFO | Initiating save routine for file: mutation_reference_df.csv into directory: test/top10
2026-08-15 09:29:31,423 | Utils | ERROR | Failed to save data matrix asset to disk structure: Provided dataframe reference is empty or undefined.
2026-08-15 13:08:59,262 | Utils | INFO | Reading structured dataset: gene_ensg_map.csv from path: lookup/gene_maps
2026-08-15 13:08:59,368 | Utils | INFO | Successfully loaded file. Calculated shape: (19907, 2)
2026-08-15 13:08:59,401 | Utils | INFO | Reading structured dataset: gene_protein_map.csv from path: lookup/gene_maps
2026-08-15 13:08:59,442 | Utils | INFO | Successfully loaded file. Calculated shape: (12559, 3)
2026-08-15 13:08:59,442 | Utils | INFO | Reading structured dataset: 2_DepMap_OmicsExpressionAllGenesTPMLogp1Profile.csv from path: scoring/gene expression
2026-08-15 13:09:10,474 | Utils | INFO | Successfully loaded file. Calculated shape: (1479, 19920)
2026-08-15 13:09:10,577 | Utils | INFO | Reading structured dataset: 1_4_hpa_rna_celline.csv from path: scoring/gene expression
2026-08-15 13:09:20,051 | Utils | INFO | Successfully loaded file. Calculated shape: (1145, 20165)
2026-08-15 13:09:20,433 | Utils | INFO | Reading structured dataset: 4_Harmonized_MS_CCLE_Gygi_subsetted.csv from path: scoring/gene expression
2026-08-15 13:09:21,798 | Utils | INFO | Successfully loaded file. Calculated shape: (375, 12559)
2026-08-15 13:09:21,845 | Utils | INFO | Reading structured dataset: cosinematrix.csv from path: scoring/cosine_matrix
2026-08-15 13:09:33,005 | Utils | INFO | Successfully loaded file. Calculated shape: (1479, 19919)
2026-08-15 13:09:34,239 | Utils | INFO | Reading structured dataset: 5_OmicsFusionFilteredSupplementary.csv from path: scoring/gene properties
2026-08-15 13:09:35,493 | Utils | INFO | Successfully loaded file. Calculated shape: (184237, 31)
2026-08-15 13:09:35,778 | Utils | INFO | Reading structured dataset: 6_OmicsSomaticMutationsProfile.csv from path: scoring/gene properties
2026-08-15 13:09:50,134 | Utils | INFO | Successfully loaded file. Calculated shape: (1066869, 71)
2026-08-15 13:09:51,300 | Utils | INFO | Reading structured dataset: 6_OmicsSomaticMutationsProfile.csv from path: scoring/gene properties
2026-08-15 13:10:04,760 | Utils | INFO | Successfully loaded file. Calculated shape: (1066869, 71)
2026-08-15 13:10:06,356 | Utils | INFO | Reading structured dataset: master_lookup.csv from path: lookup/master
2026-08-15 13:10:06,435 | Utils | INFO | Successfully loaded file. Calculated shape: (1479, 10)
2026-08-15 13:10:06,605 | Utils | INFO | Reading structured dataset: master_lookup.csv from path: lookup/master
2026-08-15 13:10:06,614 | Utils | INFO | Successfully loaded file. Calculated shape: (1479, 10)
2026-08-15 13:10:06,632 | Utils | INFO | Reading structured dataset: 5_OmicsFusionFilteredSupplementary.csv from path: scoring/gene properties
2026-08-15 13:10:08,167 | Utils | INFO | Successfully loaded file. Calculated shape: (184237, 31)
2026-08-15 13:10:08,310 | Utils | INFO | Reading structured dataset: 6_OmicsSomaticMutationsProfile.csv from path: scoring/gene properties
2026-08-15 13:10:21,307 | Utils | INFO | Successfully loaded file. Calculated shape: (1066869, 71)
2026-08-15 13:10:22,321 | Utils | INFO | Reading structured dataset: 12_CCLE_metabolomics_20190502.csv from path: cleaned_data/non gene expression
2026-08-15 13:10:22,428 | Utils | INFO | Successfully loaded file. Calculated shape: (928, 227)
2026-08-15 13:10:22,439 | Utils | INFO | Reading structured dataset: multiomincsfactor.csv from path: mofa_data/multiomincsfactor
2026-08-15 13:10:22,467 | Utils | INFO | Successfully loaded file. Calculated shape: (1479, 21)
2026-08-15 13:10:22,467 | Utils | INFO | Attempting to load binary pipeline estimator from storage name: kmeans_model.joblib
2026-08-15 13:10:23,141 | Utils | INFO | Model has been successfully loaded from the path
2026-08-15 13:10:46,942 | Utils | INFO | Reading structured dataset: multiomincsfactor.csv from path: mofa_data/multiomincsfactor
2026-08-15 13:10:46,959 | Utils | INFO | Successfully loaded file. Calculated shape: (1479, 21)
2026-08-15 13:10:46,960 | Utils | INFO | Attempting to load binary pipeline estimator from storage name: knn_model.joblib
2026-08-15 13:10:46,975 | Utils | INFO | Model has been successfully loaded from the path
2026-08-15 13:10:47,255 | Utils | INFO | Reading structured dataset: master_lookup.csv from path: lookup/master
2026-08-15 13:10:47,265 | Utils | INFO | Successfully loaded file. Calculated shape: (1479, 10)
2026-08-15 13:10:47,278 | Utils | INFO | Reading structured dataset: master_lookup.csv from path: lookup/master
2026-08-15 13:10:47,287 | Utils | INFO | Successfully loaded file. Calculated shape: (1479, 10)
2026-08-15 13:10:47,295 | Utils | INFO | Initiating save routine for file: before_explanation.csv into directory: test/top10
2026-08-15 13:10:47,304 | Utils | INFO | Data frame successfully serialized to: C:\Users\Shankar\Desktop\AstraZeneca\code\astrazeneca\CelllineSelector\data\test\top10\before_explanation.csv
2026-08-15 13:13:25,957 | Utils | INFO | Initiating save routine for file: top10_explanation.csv into directory: test/top10
2026-08-15 13:13:25,961 | Utils | INFO | Data frame successfully serialized to: C:\Users\Shankar\Desktop\AstraZeneca\code\astrazeneca\CelllineSelector\data\test\top10\top10_explanation.csv
2026-08-15 13:13:25,969 | Utils | INFO | Initiating save routine for file: final_top10_df.csv into directory: test/top10
2026-08-15 13:13:25,973 | Utils | INFO | Data frame successfully serialized to: C:\Users\Shankar\Desktop\AstraZeneca\code\astrazeneca\CelllineSelector\data\test\top10\final_top10_df.csv
2026-08-15 13:13:25,973 | Utils | INFO | Initiating save routine for file: full_scored_data.csv into directory: test/top10
2026-08-15 13:13:26,020 | Utils | INFO | Data frame successfully serialized to: C:\Users\Shankar\Desktop\AstraZeneca\code\astrazeneca\CelllineSelector\data\test\top10\full_scored_data.csv
2026-08-15 13:13:26,020 | Utils | INFO | Initiating save routine for file: metabolomnic_df.csv into directory: test/top10
2026-08-15 13:13:26,039 | Utils | INFO | Data frame successfully serialized to: C:\Users\Shankar\Desktop\AstraZeneca\code\astrazeneca\CelllineSelector\data\test\top10\metabolomnic_df.csv
2026-08-15 13:13:26,041 | Utils | INFO | Initiating save routine for file: fusion_reference_df.csv into directory: test/top10
2026-08-15 13:13:26,045 | Utils | INFO | Data frame successfully serialized to: C:\Users\Shankar\Desktop\AstraZeneca\code\astrazeneca\CelllineSelector\data\test\top10\fusion_reference_df.csv
2026-08-15 13:13:26,045 | Utils | INFO | Initiating save routine for file: mutation_reference_df.csv into directory: test/top10
2026-08-15 13:13:26,049 | Utils | INFO | Data frame successfully serialized to: C:\Users\Shankar\Desktop\AstraZeneca\code\astrazeneca\CelllineSelector\data\test\top10\mutation_reference_df.csv
2026-08-15 13:15:37,315 | Utils | INFO | Reading structured dataset: gene_ensg_map.csv from path: lookup/gene_maps
2026-08-15 13:15:37,374 | Utils | INFO | Successfully loaded file. Calculated shape: (19907, 2)
2026-08-15 13:15:37,394 | Utils | INFO | Reading structured dataset: gene_protein_map.csv from path: lookup/gene_maps
2026-08-15 13:15:37,421 | Utils | INFO | Successfully loaded file. Calculated shape: (12559, 3)
2026-08-15 13:15:37,427 | Utils | INFO | Reading structured dataset: 2_DepMap_OmicsExpressionAllGenesTPMLogp1Profile.csv from path: scoring/gene expression
2026-08-15 13:15:48,438 | Utils | INFO | Successfully loaded file. Calculated shape: (1479, 19920)
2026-08-15 13:15:48,547 | Utils | INFO | Reading structured dataset: 1_4_hpa_rna_celline.csv from path: scoring/gene expression
2026-08-15 13:15:56,954 | Utils | INFO | Successfully loaded file. Calculated shape: (1145, 20165)
2026-08-15 13:15:57,374 | Utils | INFO | Reading structured dataset: 4_Harmonized_MS_CCLE_Gygi_subsetted.csv from path: scoring/gene expression
2026-08-15 13:15:58,763 | Utils | INFO | Successfully loaded file. Calculated shape: (375, 12559)
2026-08-15 13:15:58,972 | Utils | INFO | Reading structured dataset: cosinematrix.csv from path: scoring/cosine_matrix
2026-08-15 13:16:10,073 | Utils | INFO | Successfully loaded file. Calculated shape: (1479, 19919)
2026-08-15 13:16:11,313 | Utils | INFO | Reading structured dataset: 5_OmicsFusionFilteredSupplementary.csv from path: scoring/gene properties
2026-08-15 13:16:12,760 | Utils | INFO | Successfully loaded file. Calculated shape: (184237, 31)
2026-08-15 13:16:13,022 | Utils | INFO | Reading structured dataset: 6_OmicsSomaticMutationsProfile.csv from path: scoring/gene properties
2026-08-15 13:16:36,548 | Utils | INFO | Successfully loaded file. Calculated shape: (1066869, 71)
2026-08-15 13:16:38,725 | Utils | INFO | Reading structured dataset: 6_OmicsSomaticMutationsProfile.csv from path: scoring/gene properties
2026-08-15 13:17:09,412 | Utils | INFO | Successfully loaded file. Calculated shape: (1066869, 71)
2026-08-15 13:17:12,626 | Utils | INFO | Reading structured dataset: master_lookup.csv from path: lookup/master
2026-08-15 13:17:12,962 | Utils | INFO | Successfully loaded file. Calculated shape: (1479, 10)
2026-08-15 13:17:13,010 | Utils | INFO | Reading structured dataset: master_lookup.csv from path: lookup/master
2026-08-15 13:17:13,034 | Utils | INFO | Successfully loaded file. Calculated shape: (1479, 10)
2026-08-15 13:17:13,067 | Utils | INFO | Reading structured dataset: 5_OmicsFusionFilteredSupplementary.csv from path: scoring/gene properties
2026-08-15 13:17:16,615 | Utils | INFO | Successfully loaded file. Calculated shape: (184237, 31)
2026-08-15 13:17:16,885 | Utils | INFO | Reading structured dataset: 6_OmicsSomaticMutationsProfile.csv from path: scoring/gene properties
2026-08-15 13:17:43,559 | Utils | INFO | Successfully loaded file. Calculated shape: (1066869, 71)
2026-08-15 13:17:45,031 | Utils | INFO | Reading structured dataset: 12_CCLE_metabolomics_20190502.csv from path: cleaned_data/non gene expression
2026-08-15 13:17:45,107 | Utils | INFO | Successfully loaded file. Calculated shape: (928, 227)
2026-08-15 13:17:45,188 | Utils | INFO | Reading structured dataset: multiomincsfactor.csv from path: mofa_data/multiomincsfactor
2026-08-15 13:17:45,233 | Utils | INFO | Successfully loaded file. Calculated shape: (1479, 21)
2026-08-15 13:17:45,237 | Utils | INFO | Attempting to load binary pipeline estimator from storage name: kmeans_model.joblib
2026-08-15 13:17:45,504 | Utils | INFO | Model has been successfully loaded from the path
2026-08-15 13:18:21,848 | Utils | INFO | Reading structured dataset: multiomincsfactor.csv from path: mofa_data/multiomincsfactor
2026-08-15 13:18:21,855 | Utils | INFO | Successfully loaded file. Calculated shape: (1479, 21)
2026-08-15 13:18:21,863 | Utils | INFO | Attempting to load binary pipeline estimator from storage name: knn_model.joblib
2026-08-15 13:18:21,863 | Utils | INFO | Model has been successfully loaded from the path
2026-08-15 13:18:22,204 | Utils | INFO | Reading structured dataset: master_lookup.csv from path: lookup/master
2026-08-15 13:18:22,220 | Utils | INFO | Successfully loaded file. Calculated shape: (1479, 10)
2026-08-15 13:18:22,237 | Utils | INFO | Reading structured dataset: master_lookup.csv from path: lookup/master
2026-08-15 13:18:22,248 | Utils | INFO | Successfully loaded file. Calculated shape: (1479, 10)
2026-08-15 13:18:22,263 | Utils | INFO | Initiating save routine for file: before_explanation.csv into directory: test/top10
2026-08-15 13:18:22,269 | Utils | INFO | Data frame successfully serialized to: C:\Users\Shankar\Desktop\AstraZeneca\code\astrazeneca\CelllineSelector\data\test\top10\before_explanation.csv
2026-08-15 13:21:29,797 | Utils | INFO | Initiating save routine for file: top10_explanation.csv into directory: test/top10
2026-08-15 13:21:29,829 | Utils | INFO | Data frame successfully serialized to: C:\Users\Shankar\Desktop\AstraZeneca\code\astrazeneca\CelllineSelector\data\test\top10\top10_explanation.csv
2026-08-15 13:21:29,903 | Utils | INFO | Initiating save routine for file: final_top10_df.csv into directory: test/top10
2026-08-15 13:21:29,911 | Utils | INFO | Data frame successfully serialized to: C:\Users\Shankar\Desktop\AstraZeneca\code\astrazeneca\CelllineSelector\data\test\top10\final_top10_df.csv
2026-08-15 13:21:29,911 | Utils | INFO | Initiating save routine for file: full_scored_data.csv into directory: test/top10
2026-08-15 13:21:29,943 | Utils | INFO | Data frame successfully serialized to: C:\Users\Shankar\Desktop\AstraZeneca\code\astrazeneca\CelllineSelector\data\test\top10\full_scored_data.csv
2026-08-15 13:21:29,943 | Utils | INFO | Initiating save routine for file: metabolomnic_df.csv into directory: test/top10
2026-08-15 13:21:29,976 | Utils | INFO | Data frame successfully serialized to: C:\Users\Shankar\Desktop\AstraZeneca\code\astrazeneca\CelllineSelector\data\test\top10\metabolomnic_df.csv
2026-08-15 13:21:29,977 | Utils | INFO | Initiating save routine for file: fusion_reference_df.csv into directory: test/top10
2026-08-15 13:21:29,977 | Utils | ERROR | Failed to save data matrix asset to disk structure: Provided dataframe reference is empty or undefined.
2026-08-15 13:21:29,977 | Utils | INFO | Initiating save routine for file: mutation_reference_df.csv into directory: test/top10
2026-08-15 13:21:29,977 | Utils | ERROR | Failed to save data matrix asset to disk structure: Provided dataframe reference is empty or undefined.
2026-08-15 13:46:48,530 | Utils | INFO | Reading structured dataset: gene_ensg_map.csv from path: lookup/gene_maps
2026-08-15 13:46:48,603 | Utils | INFO | Successfully loaded file. Calculated shape: (19907, 2)
2026-08-15 13:46:48,632 | Utils | INFO | Reading structured dataset: gene_protein_map.csv from path: lookup/gene_maps
2026-08-15 13:46:48,656 | Utils | INFO | Successfully loaded file. Calculated shape: (12559, 3)
2026-08-15 13:46:48,663 | Utils | INFO | Reading structured dataset: 2_DepMap_OmicsExpressionAllGenesTPMLogp1Profile.csv from path: scoring/gene expression
2026-08-15 13:47:18,627 | Utils | INFO | Successfully loaded file. Calculated shape: (1479, 19920)
2026-08-15 13:47:18,895 | Utils | INFO | Reading structured dataset: 1_4_hpa_rna_celline.csv from path: scoring/gene expression
2026-08-15 13:47:45,975 | Utils | INFO | Successfully loaded file. Calculated shape: (1145, 20165)
2026-08-15 13:47:47,093 | Utils | INFO | Reading structured dataset: 4_Harmonized_MS_CCLE_Gygi_subsetted.csv from path: scoring/gene expression
2026-08-15 13:47:51,251 | Utils | INFO | Successfully loaded file. Calculated shape: (375, 12559)
2026-08-15 13:47:51,383 | Utils | INFO | Reading structured dataset: cosinematrix.csv from path: scoring/cosine_matrix
2026-08-15 13:48:28,308 | Utils | INFO | Successfully loaded file. Calculated shape: (1479, 19919)
2026-08-15 13:48:31,333 | Utils | INFO | Reading structured dataset: 5_OmicsFusionFilteredSupplementary.csv from path: scoring/gene properties
2026-08-15 13:48:34,804 | Utils | INFO | Successfully loaded file. Calculated shape: (184237, 31)
2026-08-15 13:48:35,606 | Utils | INFO | Reading structured dataset: 6_OmicsSomaticMutationsProfile.csv from path: scoring/gene properties
2026-08-15 13:49:09,331 | Utils | INFO | Successfully loaded file. Calculated shape: (1066869, 71)
2026-08-15 13:49:11,486 | Utils | INFO | Reading structured dataset: 6_OmicsSomaticMutationsProfile.csv from path: scoring/gene properties
2026-08-15 13:49:44,460 | Utils | INFO | Successfully loaded file. Calculated shape: (1066869, 71)
2026-08-15 13:49:46,721 | Utils | INFO | Reading structured dataset: master_lookup.csv from path: lookup/master
2026-08-15 13:49:46,745 | Utils | INFO | Successfully loaded file. Calculated shape: (1479, 10)
2026-08-15 13:49:46,776 | Utils | INFO | Reading structured dataset: master_lookup.csv from path: lookup/master
2026-08-15 13:49:46,795 | Utils | INFO | Successfully loaded file. Calculated shape: (1479, 10)
2026-08-15 13:49:46,827 | Utils | INFO | Reading structured dataset: 5_OmicsFusionFilteredSupplementary.csv from path: scoring/gene properties
2026-08-15 13:49:50,826 | Utils | INFO | Successfully loaded file. Calculated shape: (184237, 31)
2026-08-15 13:49:51,190 | Utils | INFO | Reading structured dataset: 6_OmicsSomaticMutationsProfile.csv from path: scoring/gene properties
2026-08-15 13:50:07,138 | Utils | INFO | Successfully loaded file. Calculated shape: (1066869, 71)
2026-08-15 13:50:08,217 | Utils | INFO | Reading structured dataset: 12_CCLE_metabolomics_20190502.csv from path: cleaned_data/non gene expression
2026-08-15 13:50:08,276 | Utils | INFO | Successfully loaded file. Calculated shape: (928, 227)
2026-08-15 13:50:08,278 | Utils | INFO | Reading structured dataset: multiomincsfactor.csv from path: mofa_data/multiomincsfactor
2026-08-15 13:50:08,295 | Utils | INFO | Successfully loaded file. Calculated shape: (1479, 21)
2026-08-15 13:50:08,295 | Utils | INFO | Attempting to load binary pipeline estimator from storage name: kmeans_model.joblib
2026-08-15 13:50:08,379 | Utils | INFO | Model has been successfully loaded from the path
2026-08-15 13:50:32,481 | Utils | INFO | Reading structured dataset: multiomincsfactor.csv from path: mofa_data/multiomincsfactor
2026-08-15 13:50:32,491 | Utils | INFO | Successfully loaded file. Calculated shape: (1479, 21)
2026-08-15 13:50:32,493 | Utils | INFO | Attempting to load binary pipeline estimator from storage name: knn_model.joblib
2026-08-15 13:50:32,493 | Utils | INFO | Model has been successfully loaded from the path
2026-08-15 13:50:32,747 | Utils | INFO | Reading structured dataset: master_lookup.csv from path: lookup/master
2026-08-15 13:50:32,760 | Utils | INFO | Successfully loaded file. Calculated shape: (1479, 10)
2026-08-15 13:50:32,769 | Utils | INFO | Reading structured dataset: master_lookup.csv from path: lookup/master
2026-08-15 13:50:32,782 | Utils | INFO | Successfully loaded file. Calculated shape: (1479, 10)
2026-08-15 13:50:32,792 | Utils | INFO | Initiating save routine for file: before_explanation.csv into directory: test/top10
2026-08-15 13:50:32,798 | Utils | INFO | Data frame successfully serialized to: C:\Users\Shankar\Desktop\AstraZeneca\code\astrazeneca\CelllineSelector\data\test\top10\before_explanation.csv
2026-08-15 13:54:23,705 | Utils | INFO | Initiating save routine for file: top10_explanation.csv into directory: test/top10
2026-08-15 13:54:23,707 | Utils | INFO | Data frame successfully serialized to: C:\Users\Shankar\Desktop\AstraZeneca\code\astrazeneca\CelllineSelector\data\test\top10\top10_explanation.csv
2026-08-15 13:54:23,717 | Utils | INFO | Initiating save routine for file: final_top10_df.csv into directory: test/top10
2026-08-15 13:54:23,723 | Utils | INFO | Data frame successfully serialized to: C:\Users\Shankar\Desktop\AstraZeneca\code\astrazeneca\CelllineSelector\data\test\top10\final_top10_df.csv
2026-08-15 13:54:23,723 | Utils | INFO | Initiating save routine for file: full_scored_data.csv into directory: test/top10
2026-08-15 13:54:23,775 | Utils | INFO | Data frame successfully serialized to: C:\Users\Shankar\Desktop\AstraZeneca\code\astrazeneca\CelllineSelector\data\test\top10\full_scored_data.csv
2026-08-15 13:54:23,775 | Utils | INFO | Initiating save routine for file: metabolomnic_df.csv into directory: test/top10
2026-08-15 13:54:23,797 | Utils | INFO | Data frame successfully serialized to: C:\Users\Shankar\Desktop\AstraZeneca\code\astrazeneca\CelllineSelector\data\test\top10\metabolomnic_df.csv
2026-08-15 13:54:23,797 | Utils | INFO | Initiating save routine for file: fusion_reference_df.csv into directory: test/top10
2026-08-15 13:54:23,799 | Utils | ERROR | Failed to save data matrix asset to disk structure: Provided dataframe reference is empty or undefined.
2026-08-15 13:54:23,799 | Utils | INFO | Initiating save routine for file: mutation_reference_df.csv into directory: test/top10
2026-08-15 13:54:23,799 | Utils | ERROR | Failed to save data matrix asset to disk structure: Provided dataframe reference is empty or undefined.
2026-08-15 14:03:59,774 | Utils | INFO | Reading structured dataset: gene_ensg_map.csv from path: lookup/gene_maps
2026-08-15 14:03:59,823 | Utils | INFO | Successfully loaded file. Calculated shape: (19907, 2)
2026-08-15 14:03:59,839 | Utils | INFO | Reading structured dataset: gene_protein_map.csv from path: lookup/gene_maps
2026-08-15 14:03:59,856 | Utils | INFO | Successfully loaded file. Calculated shape: (12559, 3)
2026-08-15 14:03:59,865 | Utils | INFO | Reading structured dataset: 2_DepMap_OmicsExpressionAllGenesTPMLogp1Profile.csv from path: scoring/gene expression
2026-08-15 14:04:11,567 | Utils | INFO | Successfully loaded file. Calculated shape: (1479, 19920)
2026-08-15 14:04:11,731 | Utils | INFO | Reading structured dataset: 1_4_hpa_rna_celline.csv from path: scoring/gene expression
2026-08-15 14:04:20,008 | Utils | INFO | Successfully loaded file. Calculated shape: (1145, 20165)
2026-08-15 14:04:20,428 | Utils | INFO | Reading structured dataset: 4_Harmonized_MS_CCLE_Gygi_subsetted.csv from path: scoring/gene expression
2026-08-15 14:04:21,700 | Utils | INFO | Successfully loaded file. Calculated shape: (375, 12559)
2026-08-15 14:04:21,742 | Utils | INFO | Reading structured dataset: cosinematrix.csv from path: scoring/cosine_matrix
2026-08-15 14:04:33,079 | Utils | INFO | Successfully loaded file. Calculated shape: (1479, 19919)
2026-08-15 14:04:34,359 | Utils | INFO | Reading structured dataset: 5_OmicsFusionFilteredSupplementary.csv from path: scoring/gene properties
2026-08-15 14:04:35,894 | Utils | INFO | Successfully loaded file. Calculated shape: (184237, 31)
2026-08-15 14:04:36,293 | Utils | INFO | Reading structured dataset: 6_OmicsSomaticMutationsProfile.csv from path: scoring/gene properties
2026-08-15 14:04:49,411 | Utils | INFO | Successfully loaded file. Calculated shape: (1066869, 71)
2026-08-15 14:04:50,359 | Utils | INFO | Reading structured dataset: 6_OmicsSomaticMutationsProfile.csv from path: scoring/gene properties
2026-08-15 14:05:07,667 | Utils | INFO | Successfully loaded file. Calculated shape: (1066869, 71)
2026-08-15 14:05:08,770 | Utils | INFO | Reading structured dataset: master_lookup.csv from path: lookup/master
2026-08-15 14:05:08,802 | Utils | INFO | Successfully loaded file. Calculated shape: (1479, 10)
2026-08-15 14:05:08,829 | Utils | INFO | Reading structured dataset: master_lookup.csv from path: lookup/master
2026-08-15 14:05:08,850 | Utils | INFO | Successfully loaded file. Calculated shape: (1479, 10)
2026-08-15 14:05:08,889 | Utils | INFO | Reading structured dataset: 5_OmicsFusionFilteredSupplementary.csv from path: scoring/gene properties
2026-08-15 14:05:11,803 | Utils | INFO | Successfully loaded file. Calculated shape: (184237, 31)
2026-08-15 14:05:12,078 | Utils | INFO | Reading structured dataset: 6_OmicsSomaticMutationsProfile.csv from path: scoring/gene properties
2026-08-15 14:05:42,875 | Utils | INFO | Successfully loaded file. Calculated shape: (1066869, 71)
2026-08-15 14:05:45,139 | Utils | INFO | Reading structured dataset: 12_CCLE_metabolomics_20190502.csv from path: cleaned_data/non gene expression
2026-08-15 14:05:45,235 | Utils | INFO | Successfully loaded file. Calculated shape: (928, 227)
2026-08-15 14:05:45,252 | Utils | INFO | Reading structured dataset: multiomincsfactor.csv from path: mofa_data/multiomincsfactor
2026-08-15 14:05:45,288 | Utils | INFO | Successfully loaded file. Calculated shape: (1479, 21)
2026-08-15 14:05:45,289 | Utils | INFO | Attempting to load binary pipeline estimator from storage name: kmeans_model.joblib
2026-08-15 14:05:45,407 | Utils | INFO | Model has been successfully loaded from the path
2026-08-15 14:06:31,685 | Utils | INFO | Reading structured dataset: multiomincsfactor.csv from path: mofa_data/multiomincsfactor
2026-08-15 14:06:31,719 | Utils | INFO | Successfully loaded file. Calculated shape: (1479, 21)
2026-08-15 14:06:31,719 | Utils | INFO | Attempting to load binary pipeline estimator from storage name: knn_model.joblib
2026-08-15 14:06:31,727 | Utils | INFO | Model has been successfully loaded from the path
2026-08-15 14:06:32,210 | Utils | INFO | Reading structured dataset: master_lookup.csv from path: lookup/master
2026-08-15 14:06:32,243 | Utils | INFO | Successfully loaded file. Calculated shape: (1479, 10)
2026-08-15 14:06:32,265 | Utils | INFO | Reading structured dataset: master_lookup.csv from path: lookup/master
2026-08-15 14:06:32,287 | Utils | INFO | Successfully loaded file. Calculated shape: (1479, 10)
2026-08-15 14:06:32,309 | Utils | INFO | Initiating save routine for file: before_explanation.csv into directory: test/top10
2026-08-15 14:06:32,332 | Utils | INFO | Data frame successfully serialized to: C:\Users\Shankar\Desktop\AstraZeneca\code\astrazeneca\CelllineSelector\data\test\top10\before_explanation.csv
2026-08-15 14:14:36,586 | Utils | INFO | Initiating save routine for file: top10_explanation.csv into directory: test/top10
2026-08-15 14:14:36,591 | Utils | INFO | Data frame successfully serialized to: C:\Users\Shankar\Desktop\AstraZeneca\code\astrazeneca\CelllineSelector\data\test\top10\top10_explanation.csv
2026-08-15 14:14:36,603 | Utils | INFO | Initiating save routine for file: final_top10_df.csv into directory: test/top10
2026-08-15 14:14:36,607 | Utils | INFO | Data frame successfully serialized to: C:\Users\Shankar\Desktop\AstraZeneca\code\astrazeneca\CelllineSelector\data\test\top10\final_top10_df.csv
2026-08-15 14:14:36,610 | Utils | INFO | Initiating save routine for file: full_scored_data.csv into directory: test/top10
2026-08-15 14:14:36,662 | Utils | INFO | Data frame successfully serialized to: C:\Users\Shankar\Desktop\AstraZeneca\code\astrazeneca\CelllineSelector\data\test\top10\full_scored_data.csv
2026-08-15 14:14:36,662 | Utils | INFO | Initiating save routine for file: metabolomnic_df.csv into directory: test/top10
2026-08-15 14:14:36,680 | Utils | INFO | Data frame successfully serialized to: C:\Users\Shankar\Desktop\AstraZeneca\code\astrazeneca\CelllineSelector\data\test\top10\metabolomnic_df.csv
2026-08-15 14:14:36,682 | Utils | INFO | Initiating save routine for file: fusion_reference_df.csv into directory: test/top10
2026-08-15 14:14:36,682 | Utils | ERROR | Failed to save data matrix asset to disk structure: Provided dataframe reference is empty or undefined.
2026-08-15 14:14:36,682 | Utils | INFO | Initiating save routine for file: mutation_reference_df.csv into directory: test/top10
2026-08-15 14:14:36,682 | Utils | ERROR | Failed to save data matrix asset to disk structure: Provided dataframe reference is empty or undefined.
2026-08-15 14:19:38,551 | Utils | INFO | Reading structured dataset: gene_ensg_map.csv from path: lookup/gene_maps
2026-08-15 14:19:38,599 | Utils | INFO | Successfully loaded file. Calculated shape: (19907, 2)
2026-08-15 14:19:38,609 | Utils | INFO | Reading structured dataset: gene_protein_map.csv from path: lookup/gene_maps
2026-08-15 14:19:38,632 | Utils | INFO | Successfully loaded file. Calculated shape: (12559, 3)
2026-08-15 14:19:38,632 | Utils | INFO | Reading structured dataset: 2_DepMap_OmicsExpressionAllGenesTPMLogp1Profile.csv from path: scoring/gene expression
2026-08-15 14:19:49,825 | Utils | INFO | Successfully loaded file. Calculated shape: (1479, 19920)
2026-08-15 14:19:49,963 | Utils | INFO | Reading structured dataset: 1_4_hpa_rna_celline.csv from path: scoring/gene expression
2026-08-15 14:19:58,357 | Utils | INFO | Successfully loaded file. Calculated shape: (1145, 20165)
2026-08-15 14:19:58,751 | Utils | INFO | Reading structured dataset: 4_Harmonized_MS_CCLE_Gygi_subsetted.csv from path: scoring/gene expression
2026-08-15 14:20:00,182 | Utils | INFO | Successfully loaded file. Calculated shape: (375, 12559)
2026-08-15 14:20:00,224 | Utils | INFO | Reading structured dataset: cosinematrix.csv from path: scoring/cosine_matrix
2026-08-15 14:20:11,901 | Utils | INFO | Successfully loaded file. Calculated shape: (1479, 19919)
2026-08-15 14:20:13,352 | Utils | INFO | Reading structured dataset: 5_OmicsFusionFilteredSupplementary.csv from path: scoring/gene properties
2026-08-15 14:20:14,763 | Utils | INFO | Successfully loaded file. Calculated shape: (184237, 31)
2026-08-15 14:20:15,017 | Utils | INFO | Reading structured dataset: 6_OmicsSomaticMutationsProfile.csv from path: scoring/gene properties
2026-08-15 14:20:29,555 | Utils | INFO | Successfully loaded file. Calculated shape: (1066869, 71)
2026-08-15 14:20:30,596 | Utils | INFO | Reading structured dataset: 6_OmicsSomaticMutationsProfile.csv from path: scoring/gene properties
2026-08-15 14:20:45,305 | Utils | INFO | Successfully loaded file. Calculated shape: (1066869, 71)
2026-08-15 14:20:46,353 | Utils | INFO | Reading structured dataset: master_lookup.csv from path: lookup/master
2026-08-15 14:20:46,364 | Utils | INFO | Successfully loaded file. Calculated shape: (1479, 10)
2026-08-15 14:20:46,379 | Utils | INFO | Reading structured dataset: master_lookup.csv from path: lookup/master
2026-08-15 14:20:46,392 | Utils | INFO | Successfully loaded file. Calculated shape: (1479, 10)
2026-08-15 14:20:46,410 | Utils | INFO | Reading structured dataset: 5_OmicsFusionFilteredSupplementary.csv from path: scoring/gene properties
2026-08-15 14:20:48,098 | Utils | INFO | Successfully loaded file. Calculated shape: (184237, 31)
2026-08-15 14:20:48,223 | Utils | INFO | Reading structured dataset: 6_OmicsSomaticMutationsProfile.csv from path: scoring/gene properties
2026-08-15 14:21:01,394 | Utils | INFO | Successfully loaded file. Calculated shape: (1066869, 71)
2026-08-15 14:21:02,375 | Utils | INFO | Reading structured dataset: 12_CCLE_metabolomics_20190502.csv from path: cleaned_data/non gene expression
2026-08-15 14:21:02,416 | Utils | INFO | Successfully loaded file. Calculated shape: (928, 227)
2026-08-15 14:21:02,416 | Utils | INFO | Reading structured dataset: multiomincsfactor.csv from path: mofa_data/multiomincsfactor
2026-08-15 14:21:02,433 | Utils | INFO | Successfully loaded file. Calculated shape: (1479, 21)
2026-08-15 14:21:02,433 | Utils | INFO | Attempting to load binary pipeline estimator from storage name: kmeans_model.joblib
2026-08-15 14:21:02,490 | Utils | INFO | Model has been successfully loaded from the path
2026-08-15 14:21:23,806 | Utils | INFO | Reading structured dataset: multiomincsfactor.csv from path: mofa_data/multiomincsfactor
2026-08-15 14:21:23,821 | Utils | INFO | Successfully loaded file. Calculated shape: (1479, 21)
2026-08-15 14:21:23,822 | Utils | INFO | Attempting to load binary pipeline estimator from storage name: knn_model.joblib
2026-08-15 14:21:23,837 | Utils | INFO | Model has been successfully loaded from the path
2026-08-15 14:21:24,097 | Utils | INFO | Reading structured dataset: master_lookup.csv from path: lookup/master
2026-08-15 14:21:24,110 | Utils | INFO | Successfully loaded file. Calculated shape: (1479, 10)
2026-08-15 14:21:24,127 | Utils | INFO | Reading structured dataset: master_lookup.csv from path: lookup/master
2026-08-15 14:21:24,144 | Utils | INFO | Successfully loaded file. Calculated shape: (1479, 10)
2026-08-15 14:21:24,158 | Utils | INFO | Initiating save routine for file: before_explanation.csv into directory: test/top10
2026-08-15 14:21:24,164 | Utils | INFO | Data frame successfully serialized to: C:\Users\Shankar\Desktop\AstraZeneca\code\astrazeneca\CelllineSelector\data\test\top10\before_explanation.csv
2026-08-15 14:26:52,933 | Utils | INFO | Initiating save routine for file: top10_explanation.csv into directory: test/top10
2026-08-15 14:26:52,960 | Utils | INFO | Data frame successfully serialized to: C:\Users\Shankar\Desktop\AstraZeneca\code\astrazeneca\CelllineSelector\data\test\top10\top10_explanation.csv
2026-08-15 14:26:53,076 | Utils | INFO | Initiating save routine for file: final_top10_df.csv into directory: test/top10
2026-08-15 14:26:53,090 | Utils | INFO | Data frame successfully serialized to: C:\Users\Shankar\Desktop\AstraZeneca\code\astrazeneca\CelllineSelector\data\test\top10\final_top10_df.csv
2026-08-15 14:26:53,092 | Utils | INFO | Initiating save routine for file: full_scored_data.csv into directory: test/top10
2026-08-15 14:26:53,235 | Utils | INFO | Data frame successfully serialized to: C:\Users\Shankar\Desktop\AstraZeneca\code\astrazeneca\CelllineSelector\data\test\top10\full_scored_data.csv
2026-08-15 14:26:53,235 | Utils | INFO | Initiating save routine for file: metabolomnic_df.csv into directory: test/top10
2026-08-15 14:26:53,297 | Utils | INFO | Data frame successfully serialized to: C:\Users\Shankar\Desktop\AstraZeneca\code\astrazeneca\CelllineSelector\data\test\top10\metabolomnic_df.csv
2026-08-15 14:26:53,300 | Utils | INFO | Initiating save routine for file: fusion_reference_df.csv into directory: test/top10
2026-08-15 14:26:53,304 | Utils | ERROR | Failed to save data matrix asset to disk structure: Provided dataframe reference is empty or undefined.
2026-08-15 14:26:53,305 | Utils | INFO | Initiating save routine for file: mutation_reference_df.csv into directory: test/top10
2026-08-15 14:26:53,306 | Utils | ERROR | Failed to save data matrix asset to disk structure: Provided dataframe reference is empty or undefined.
2026-08-15 14:30:36,340 | Utils | INFO | Reading structured dataset: gene_ensg_map.csv from path: lookup/gene_maps
2026-08-15 14:30:36,385 | Utils | INFO | Successfully loaded file. Calculated shape: (19907, 2)
2026-08-15 14:30:36,401 | Utils | INFO | Reading structured dataset: gene_protein_map.csv from path: lookup/gene_maps
2026-08-15 14:30:36,417 | Utils | INFO | Successfully loaded file. Calculated shape: (12559, 3)
2026-08-15 14:30:36,423 | Utils | INFO | Reading structured dataset: 2_DepMap_OmicsExpressionAllGenesTPMLogp1Profile.csv from path: scoring/gene expression
2026-08-15 14:30:50,259 | Utils | INFO | Successfully loaded file. Calculated shape: (1479, 19920)
2026-08-15 14:30:50,372 | Utils | INFO | Reading structured dataset: 1_4_hpa_rna_celline.csv from path: scoring/gene expression
2026-08-15 14:31:00,731 | Utils | INFO | Successfully loaded file. Calculated shape: (1145, 20165)
2026-08-15 14:31:01,184 | Utils | INFO | Reading structured dataset: 4_Harmonized_MS_CCLE_Gygi_subsetted.csv from path: scoring/gene expression
2026-08-15 14:31:02,847 | Utils | INFO | Successfully loaded file. Calculated shape: (375, 12559)
2026-08-15 14:31:02,883 | Utils | INFO | Reading structured dataset: cosinematrix.csv from path: scoring/cosine_matrix
2026-08-15 14:31:16,275 | Utils | INFO | Successfully loaded file. Calculated shape: (1479, 19919)
2026-08-15 14:31:17,668 | Utils | INFO | Reading structured dataset: 5_OmicsFusionFilteredSupplementary.csv from path: scoring/gene properties
2026-08-15 14:31:19,304 | Utils | INFO | Successfully loaded file. Calculated shape: (184237, 31)
2026-08-15 14:31:19,641 | Utils | INFO | Reading structured dataset: 6_OmicsSomaticMutationsProfile.csv from path: scoring/gene properties
2026-08-15 14:31:33,862 | Utils | INFO | Successfully loaded file. Calculated shape: (1066869, 71)
2026-08-15 14:31:34,846 | Utils | INFO | Reading structured dataset: 6_OmicsSomaticMutationsProfile.csv from path: scoring/gene properties
2026-08-15 14:31:49,236 | Utils | INFO | Successfully loaded file. Calculated shape: (1066869, 71)
2026-08-15 14:31:50,429 | Utils | INFO | Reading structured dataset: master_lookup.csv from path: lookup/master
2026-08-15 14:31:50,439 | Utils | INFO | Successfully loaded file. Calculated shape: (1479, 10)
2026-08-15 14:31:50,446 | Utils | INFO | Reading structured dataset: master_lookup.csv from path: lookup/master
2026-08-15 14:31:50,455 | Utils | INFO | Successfully loaded file. Calculated shape: (1479, 10)
2026-08-15 14:31:50,464 | Utils | INFO | Reading structured dataset: 5_OmicsFusionFilteredSupplementary.csv from path: scoring/gene properties
2026-08-15 14:31:51,932 | Utils | INFO | Successfully loaded file. Calculated shape: (184237, 31)
2026-08-15 14:31:52,109 | Utils | INFO | Reading structured dataset: 6_OmicsSomaticMutationsProfile.csv from path: scoring/gene properties
2026-08-15 14:32:08,059 | Utils | INFO | Successfully loaded file. Calculated shape: (1066869, 71)
2026-08-15 14:32:10,317 | Utils | INFO | Reading structured dataset: 12_CCLE_metabolomics_20190502.csv from path: cleaned_data/non gene expression
2026-08-15 14:32:10,393 | Utils | INFO | Successfully loaded file. Calculated shape: (928, 227)
2026-08-15 14:32:10,403 | Utils | INFO | Reading structured dataset: multiomincsfactor.csv from path: mofa_data/multiomincsfactor
2026-08-15 14:32:10,416 | Utils | INFO | Successfully loaded file. Calculated shape: (1479, 21)
2026-08-15 14:32:10,417 | Utils | INFO | Attempting to load binary pipeline estimator from storage name: kmeans_model.joblib
2026-08-15 14:32:10,527 | Utils | INFO | Model has been successfully loaded from the path
2026-08-15 14:32:34,397 | Utils | INFO | Reading structured dataset: multiomincsfactor.csv from path: mofa_data/multiomincsfactor
2026-08-15 14:32:34,423 | Utils | INFO | Successfully loaded file. Calculated shape: (1479, 21)
2026-08-15 14:32:34,425 | Utils | INFO | Attempting to load binary pipeline estimator from storage name: knn_model.joblib
2026-08-15 14:32:34,430 | Utils | INFO | Model has been successfully loaded from the path
2026-08-15 14:32:34,929 | Utils | INFO | Reading structured dataset: master_lookup.csv from path: lookup/master
2026-08-15 14:32:34,956 | Utils | INFO | Successfully loaded file. Calculated shape: (1479, 10)
2026-08-15 14:32:34,996 | Utils | INFO | Reading structured dataset: master_lookup.csv from path: lookup/master
2026-08-15 14:32:35,025 | Utils | INFO | Successfully loaded file. Calculated shape: (1479, 10)
2026-08-15 14:32:35,055 | Utils | INFO | Initiating save routine for file: before_explanation.csv into directory: test/top10
2026-08-15 14:32:35,071 | Utils | INFO | Data frame successfully serialized to: C:\Users\Shankar\Desktop\AstraZeneca\code\astrazeneca\CelllineSelector\data\test\top10\before_explanation.csv
2026-08-15 14:37:44,922 | Utils | INFO | Initiating save routine for file: top10_explanation.csv into directory: test/top10
2026-08-15 14:37:44,929 | Utils | INFO | Data frame successfully serialized to: C:\Users\Shankar\Desktop\AstraZeneca\code\astrazeneca\CelllineSelector\data\test\top10\top10_explanation.csv
2026-08-15 14:37:44,957 | Utils | INFO | Initiating save routine for file: final_top10_df.csv into directory: test/top10
2026-08-15 14:37:44,965 | Utils | INFO | Data frame successfully serialized to: C:\Users\Shankar\Desktop\AstraZeneca\code\astrazeneca\CelllineSelector\data\test\top10\final_top10_df.csv
2026-08-15 14:37:44,965 | Utils | INFO | Initiating save routine for file: full_scored_data.csv into directory: test/top10
2026-08-15 14:37:45,064 | Utils | INFO | Data frame successfully serialized to: C:\Users\Shankar\Desktop\AstraZeneca\code\astrazeneca\CelllineSelector\data\test\top10\full_scored_data.csv
2026-08-15 14:37:45,065 | Utils | INFO | Initiating save routine for file: metabolomnic_df.csv into directory: test/top10
2026-08-15 14:37:45,093 | Utils | INFO | Data frame successfully serialized to: C:\Users\Shankar\Desktop\AstraZeneca\code\astrazeneca\CelllineSelector\data\test\top10\metabolomnic_df.csv
2026-08-15 14:37:45,094 | Utils | INFO | Initiating save routine for file: fusion_reference_df.csv into directory: test/top10
2026-08-15 14:37:45,095 | Utils | ERROR | Failed to save data matrix asset to disk structure: Provided dataframe reference is empty or undefined.
2026-08-15 14:37:45,095 | Utils | INFO | Initiating save routine for file: mutation_reference_df.csv into directory: test/top10
2026-08-15 14:37:45,096 | Utils | ERROR | Failed to save data matrix asset to disk structure: Provided dataframe reference is empty or undefined.
2026-08-15 15:10:05,494 | Utils | INFO | Reading structured dataset: gene_ensg_map.csv from path: lookup/gene_maps
2026-08-15 15:10:05,535 | Utils | INFO | Successfully loaded file. Calculated shape: (19907, 2)
2026-08-15 15:10:05,550 | Utils | INFO | Reading structured dataset: gene_protein_map.csv from path: lookup/gene_maps
2026-08-15 15:10:05,564 | Utils | INFO | Successfully loaded file. Calculated shape: (12559, 3)
2026-08-15 15:10:05,569 | Utils | INFO | Reading structured dataset: 2_DepMap_OmicsExpressionAllGenesTPMLogp1Profile.csv from path: scoring/gene expression
2026-08-15 15:10:12,478 | Utils | INFO | Successfully loaded file. Calculated shape: (1479, 19920)
2026-08-15 15:10:12,563 | Utils | INFO | Reading structured dataset: 1_4_hpa_rna_celline.csv from path: scoring/gene expression
2026-08-15 15:10:17,809 | Utils | INFO | Successfully loaded file. Calculated shape: (1145, 20165)
2026-08-15 15:10:18,068 | Utils | INFO | Reading structured dataset: 4_Harmonized_MS_CCLE_Gygi_subsetted.csv from path: scoring/gene expression
2026-08-15 15:10:18,950 | Utils | INFO | Successfully loaded file. Calculated shape: (375, 12559)
2026-08-15 15:10:18,978 | Utils | INFO | Reading structured dataset: cosinematrix.csv from path: scoring/cosine_matrix
2026-08-15 15:10:26,001 | Utils | INFO | Successfully loaded file. Calculated shape: (1479, 19919)
2026-08-15 15:10:26,782 | Utils | INFO | Reading structured dataset: 5_OmicsFusionFilteredSupplementary.csv from path: scoring/gene properties
2026-08-15 15:10:27,577 | Utils | INFO | Successfully loaded file. Calculated shape: (184237, 31)
2026-08-15 15:10:27,793 | Utils | INFO | Reading structured dataset: 6_OmicsSomaticMutationsProfile.csv from path: scoring/gene properties
2026-08-15 15:10:36,154 | Utils | INFO | Successfully loaded file. Calculated shape: (1066869, 71)
2026-08-15 15:10:37,014 | Utils | INFO | Reading structured dataset: 6_OmicsSomaticMutationsProfile.csv from path: scoring/gene properties
2026-08-15 15:10:45,791 | Utils | INFO | Successfully loaded file. Calculated shape: (1066869, 71)
2026-08-15 15:10:46,807 | Utils | INFO | Reading structured dataset: master_lookup.csv from path: lookup/master
2026-08-15 15:10:46,922 | Utils | INFO | Successfully loaded file. Calculated shape: (1479, 10)
2026-08-15 15:10:46,934 | Utils | INFO | Reading structured dataset: master_lookup.csv from path: lookup/master
2026-08-15 15:10:46,942 | Utils | INFO | Successfully loaded file. Calculated shape: (1479, 10)
2026-08-15 15:10:46,951 | Utils | INFO | Reading structured dataset: 5_OmicsFusionFilteredSupplementary.csv from path: scoring/gene properties
2026-08-15 15:10:47,772 | Utils | INFO | Successfully loaded file. Calculated shape: (184237, 31)
2026-08-15 15:10:47,915 | Utils | INFO | Reading structured dataset: 6_OmicsSomaticMutationsProfile.csv from path: scoring/gene properties
2026-08-15 15:10:56,227 | Utils | INFO | Successfully loaded file. Calculated shape: (1066869, 71)
2026-08-15 15:10:56,882 | Utils | INFO | Reading structured dataset: 12_CCLE_metabolomics_20190502.csv from path: cleaned_data/non gene expression
2026-08-15 15:10:56,913 | Utils | INFO | Successfully loaded file. Calculated shape: (928, 227)
2026-08-15 15:10:56,917 | Utils | INFO | Reading structured dataset: multiomincsfactor.csv from path: mofa_data/multiomincsfactor
2026-08-15 15:10:56,925 | Utils | INFO | Successfully loaded file. Calculated shape: (1479, 21)
2026-08-15 15:10:56,925 | Utils | INFO | Attempting to load binary pipeline estimator from storage name: kmeans_model.joblib
2026-08-15 15:10:56,987 | Utils | INFO | Model has been successfully loaded from the path
2026-08-15 15:11:10,631 | Utils | INFO | Reading structured dataset: multiomincsfactor.csv from path: mofa_data/multiomincsfactor
2026-08-15 15:11:10,639 | Utils | INFO | Successfully loaded file. Calculated shape: (1479, 21)
2026-08-15 15:11:10,639 | Utils | INFO | Attempting to load binary pipeline estimator from storage name: knn_model.joblib
2026-08-15 15:11:10,640 | Utils | INFO | Model has been successfully loaded from the path
2026-08-15 15:11:10,802 | Utils | INFO | Reading structured dataset: master_lookup.csv from path: lookup/master
2026-08-15 15:11:10,808 | Utils | INFO | Successfully loaded file. Calculated shape: (1479, 10)
2026-08-15 15:11:10,815 | Utils | INFO | Reading structured dataset: master_lookup.csv from path: lookup/master
2026-08-15 15:11:10,820 | Utils | INFO | Successfully loaded file. Calculated shape: (1479, 10)
2026-08-15 15:11:10,827 | Utils | INFO | Initiating save routine for file: before_explanation.csv into directory: test/top10
2026-08-15 15:11:10,831 | Utils | INFO | Data frame successfully serialized to: C:\Users\Shankar\Desktop\AstraZeneca\code\astrazeneca\CelllineSelector\data\test\top10\before_explanation.csv
2026-08-15 15:14:46,101 | Utils | INFO | Initiating save routine for file: top10_explanation.csv into directory: test/top10
2026-08-15 15:14:46,104 | Utils | INFO | Data frame successfully serialized to: C:\Users\Shankar\Desktop\AstraZeneca\code\astrazeneca\CelllineSelector\data\test\top10\top10_explanation.csv
2026-08-15 15:14:46,111 | Utils | INFO | Initiating save routine for file: final_top10_df.csv into directory: test/top10
2026-08-15 15:14:46,115 | Utils | INFO | Data frame successfully serialized to: C:\Users\Shankar\Desktop\AstraZeneca\code\astrazeneca\CelllineSelector\data\test\top10\final_top10_df.csv
2026-08-15 15:14:46,115 | Utils | INFO | Initiating save routine for file: full_scored_data.csv into directory: test/top10
2026-08-15 15:14:46,159 | Utils | INFO | Data frame successfully serialized to: C:\Users\Shankar\Desktop\AstraZeneca\code\astrazeneca\CelllineSelector\data\test\top10\full_scored_data.csv
2026-08-15 15:14:46,160 | Utils | INFO | Initiating save routine for file: metabolomnic_df.csv into directory: test/top10
2026-08-15 15:14:46,176 | Utils | INFO | Data frame successfully serialized to: C:\Users\Shankar\Desktop\AstraZeneca\code\astrazeneca\CelllineSelector\data\test\top10\metabolomnic_df.csv
2026-08-15 15:14:46,177 | Utils | INFO | Initiating save routine for file: fusion_reference_df.csv into directory: test/top10
2026-08-15 15:14:46,178 | Utils | ERROR | Failed to save data matrix asset to disk structure: Provided dataframe reference is empty or undefined.
2026-08-15 15:14:46,179 | Utils | INFO | Initiating save routine for file: mutation_reference_df.csv into directory: test/top10
2026-08-15 15:14:46,179 | Utils | ERROR | Failed to save data matrix asset to disk structure: Provided dataframe reference is empty or undefined.
2026-08-15 15:40:44,992 | Utils | INFO | Reading structured dataset: gene_ensg_map.csv from path: lookup/gene_maps
2026-08-15 15:40:45,015 | Utils | INFO | Successfully loaded file. Calculated shape: (19907, 2)
2026-08-15 15:40:45,018 | Utils | INFO | Reading structured dataset: gene_protein_map.csv from path: lookup/gene_maps
2026-08-15 15:40:45,032 | Utils | INFO | Successfully loaded file. Calculated shape: (12559, 3)
2026-08-15 15:40:45,034 | Utils | INFO | Reading structured dataset: 2_DepMap_OmicsExpressionAllGenesTPMLogp1Profile.csv from path: scoring/gene expression
2026-08-15 15:40:51,686 | Utils | INFO | Successfully loaded file. Calculated shape: (1479, 19920)
2026-08-15 15:40:51,746 | Utils | INFO | Reading structured dataset: 1_4_hpa_rna_celline.csv from path: scoring/gene expression
2026-08-15 15:40:57,225 | Utils | INFO | Successfully loaded file. Calculated shape: (1145, 20165)
2026-08-15 15:40:57,469 | Utils | INFO | Reading structured dataset: 4_Harmonized_MS_CCLE_Gygi_subsetted.csv from path: scoring/gene expression
2026-08-15 15:40:58,335 | Utils | INFO | Successfully loaded file. Calculated shape: (375, 12559)
2026-08-15 15:40:58,359 | Utils | INFO | Reading structured dataset: cosinematrix.csv from path: scoring/cosine_matrix
2026-08-15 15:41:05,180 | Utils | INFO | Successfully loaded file. Calculated shape: (1479, 19919)
2026-08-15 15:41:05,948 | Utils | INFO | Reading structured dataset: 5_OmicsFusionFilteredSupplementary.csv from path: scoring/gene properties
2026-08-15 15:41:06,731 | Utils | INFO | Successfully loaded file. Calculated shape: (184237, 31)
2026-08-15 15:41:06,944 | Utils | INFO | Reading structured dataset: 6_OmicsSomaticMutationsProfile.csv from path: scoring/gene properties
2026-08-15 15:41:15,232 | Utils | INFO | Successfully loaded file. Calculated shape: (1066869, 71)
2026-08-15 15:41:15,816 | Utils | INFO | Reading structured dataset: 6_OmicsSomaticMutationsProfile.csv from path: scoring/gene properties
2026-08-15 15:41:24,207 | Utils | INFO | Successfully loaded file. Calculated shape: (1066869, 71)
2026-08-15 15:41:24,824 | Utils | INFO | Reading structured dataset: master_lookup.csv from path: lookup/master
2026-08-15 15:41:24,849 | Utils | INFO | Successfully loaded file. Calculated shape: (1479, 10)
2026-08-15 15:41:24,857 | Utils | INFO | Reading structured dataset: master_lookup.csv from path: lookup/master
2026-08-15 15:41:24,864 | Utils | INFO | Successfully loaded file. Calculated shape: (1479, 10)
2026-08-15 15:41:24,878 | Utils | INFO | Reading structured dataset: 5_OmicsFusionFilteredSupplementary.csv from path: scoring/gene properties
2026-08-15 15:41:25,809 | Utils | INFO | Successfully loaded file. Calculated shape: (184237, 31)
2026-08-15 15:41:25,915 | Utils | INFO | Reading structured dataset: 6_OmicsSomaticMutationsProfile.csv from path: scoring/gene properties
2026-08-15 15:41:34,017 | Utils | INFO | Successfully loaded file. Calculated shape: (1066869, 71)
2026-08-15 15:41:34,620 | Utils | INFO | Reading structured dataset: 12_CCLE_metabolomics_20190502.csv from path: cleaned_data/non gene expression
2026-08-15 15:41:34,663 | Utils | INFO | Successfully loaded file. Calculated shape: (928, 227)
2026-08-15 15:41:34,669 | Utils | INFO | Reading structured dataset: multiomincsfactor.csv from path: mofa_data/multiomincsfactor
2026-08-15 15:41:34,677 | Utils | INFO | Successfully loaded file. Calculated shape: (1479, 21)
2026-08-15 15:41:34,677 | Utils | INFO | Attempting to load binary pipeline estimator from storage name: kmeans_model.joblib
2026-08-15 15:41:34,713 | Utils | INFO | Model has been successfully loaded from the path
2026-08-15 15:41:46,965 | Utils | INFO | Reading structured dataset: multiomincsfactor.csv from path: mofa_data/multiomincsfactor
2026-08-15 15:41:46,973 | Utils | INFO | Successfully loaded file. Calculated shape: (1479, 21)
2026-08-15 15:41:46,974 | Utils | INFO | Attempting to load binary pipeline estimator from storage name: knn_model.joblib
2026-08-15 15:41:46,975 | Utils | INFO | Model has been successfully loaded from the path
2026-08-15 15:41:47,123 | Utils | INFO | Reading structured dataset: master_lookup.csv from path: lookup/master
2026-08-15 15:41:47,129 | Utils | INFO | Successfully loaded file. Calculated shape: (1479, 10)
2026-08-15 15:41:47,134 | Utils | INFO | Reading structured dataset: master_lookup.csv from path: lookup/master
2026-08-15 15:41:47,140 | Utils | INFO | Successfully loaded file. Calculated shape: (1479, 10)
2026-08-15 15:41:47,146 | Utils | INFO | Initiating save routine for file: before_explanation.csv into directory: test/top10
2026-08-15 15:41:47,149 | Utils | INFO | Data frame successfully serialized to: C:\Users\Shankar\Desktop\AstraZeneca\code\astrazeneca\CelllineSelector\data\test\top10\before_explanation.csv
2026-08-15 15:44:28,039 | Utils | INFO | Initiating save routine for file: top10_explanation.csv into directory: test/top10
2026-08-15 15:44:28,042 | Utils | INFO | Data frame successfully serialized to: C:\Users\Shankar\Desktop\AstraZeneca\code\astrazeneca\CelllineSelector\data\test\top10\top10_explanation.csv
2026-08-15 15:44:28,048 | Utils | INFO | Initiating save routine for file: final_top10_df.csv into directory: test/top10
2026-08-15 15:44:28,051 | Utils | INFO | Data frame successfully serialized to: C:\Users\Shankar\Desktop\AstraZeneca\code\astrazeneca\CelllineSelector\data\test\top10\final_top10_df.csv
2026-08-15 15:44:28,051 | Utils | INFO | Initiating save routine for file: full_scored_data.csv into directory: test/top10
2026-08-15 15:44:28,077 | Utils | INFO | Data frame successfully serialized to: C:\Users\Shankar\Desktop\AstraZeneca\code\astrazeneca\CelllineSelector\data\test\top10\full_scored_data.csv
2026-08-15 15:44:28,079 | Utils | INFO | Initiating save routine for file: metabolomnic_df.csv into directory: test/top10
2026-08-15 15:44:28,091 | Utils | INFO | Data frame successfully serialized to: C:\Users\Shankar\Desktop\AstraZeneca\code\astrazeneca\CelllineSelector\data\test\top10\metabolomnic_df.csv
2026-08-15 15:44:28,091 | Utils | INFO | Initiating save routine for file: fusion_reference_df.csv into directory: test/top10
2026-08-15 15:44:28,093 | Utils | INFO | Data frame successfully serialized to: C:\Users\Shankar\Desktop\AstraZeneca\code\astrazeneca\CelllineSelector\data\test\top10\fusion_reference_df.csv
2026-08-15 15:44:28,094 | Utils | INFO | Initiating save routine for file: mutation_reference_df.csv into directory: test/top10
2026-08-15 15:44:28,097 | Utils | INFO | Data frame successfully serialized to: C:\Users\Shankar\Desktop\AstraZeneca\code\astrazeneca\CelllineSelector\data\test\top10\mutation_reference_df.csv
2026-08-15 16:59:04,856 | Utils | INFO | Reading structured dataset: gene_ensg_map.csv from path: lookup/gene_maps
2026-08-15 16:59:04,885 | Utils | INFO | Successfully loaded file. Calculated shape: (19907, 2)
2026-08-15 16:59:04,898 | Utils | INFO | Reading structured dataset: gene_protein_map.csv from path: lookup/gene_maps
2026-08-15 16:59:04,929 | Utils | INFO | Successfully loaded file. Calculated shape: (12559, 3)
2026-08-15 16:59:04,934 | Utils | INFO | Reading structured dataset: 2_DepMap_OmicsExpressionAllGenesTPMLogp1Profile.csv from path: scoring/gene expression
2026-08-15 16:59:24,058 | Utils | INFO | Successfully loaded file. Calculated shape: (1479, 19920)
2026-08-15 16:59:24,211 | Utils | INFO | Reading structured dataset: 1_4_hpa_rna_celline.csv from path: scoring/gene expression
2026-08-15 16:59:37,651 | Utils | INFO | Successfully loaded file. Calculated shape: (1145, 20165)
2026-08-15 16:59:38,133 | Utils | INFO | Reading structured dataset: 4_Harmonized_MS_CCLE_Gygi_subsetted.csv from path: scoring/gene expression
2026-08-15 16:59:40,311 | Utils | INFO | Successfully loaded file. Calculated shape: (375, 12559)
2026-08-15 16:59:40,361 | Utils | INFO | Reading structured dataset: cosinematrix.csv from path: scoring/cosine_matrix
2026-08-15 16:59:58,367 | Utils | INFO | Successfully loaded file. Calculated shape: (1479, 19919)
2026-08-15 16:59:59,903 | Utils | INFO | Reading structured dataset: 5_OmicsFusionFilteredSupplementary.csv from path: scoring/gene properties
2026-08-15 17:00:01,634 | Utils | INFO | Successfully loaded file. Calculated shape: (184237, 31)
2026-08-15 17:00:01,993 | Utils | INFO | Reading structured dataset: 6_OmicsSomaticMutationsProfile.csv from path: scoring/gene properties
2026-08-15 17:00:20,770 | Utils | INFO | Successfully loaded file. Calculated shape: (1066869, 71)
2026-08-15 17:00:22,160 | Utils | INFO | Reading structured dataset: 6_OmicsSomaticMutationsProfile.csv from path: scoring/gene properties
2026-08-15 17:00:40,328 | Utils | INFO | Successfully loaded file. Calculated shape: (1066869, 71)
2026-08-15 17:00:42,054 | Utils | INFO | Reading structured dataset: master_lookup.csv from path: lookup/master
2026-08-15 17:00:42,319 | Utils | INFO | Successfully loaded file. Calculated shape: (1479, 10)
2026-08-15 17:00:42,337 | Utils | INFO | Reading structured dataset: master_lookup.csv from path: lookup/master
2026-08-15 17:00:42,354 | Utils | INFO | Successfully loaded file. Calculated shape: (1479, 10)
2026-08-15 17:00:42,375 | Utils | INFO | Reading structured dataset: 5_OmicsFusionFilteredSupplementary.csv from path: scoring/gene properties
2026-08-15 17:00:44,525 | Utils | INFO | Successfully loaded file. Calculated shape: (184237, 31)
2026-08-15 17:00:44,757 | Utils | INFO | Reading structured dataset: 6_OmicsSomaticMutationsProfile.csv from path: scoring/gene properties
2026-08-15 17:01:04,549 | Utils | INFO | Successfully loaded file. Calculated shape: (1066869, 71)
2026-08-15 17:01:05,676 | Utils | INFO | Reading structured dataset: 12_CCLE_metabolomics_20190502.csv from path: cleaned_data/non gene expression
2026-08-15 17:01:05,715 | Utils | INFO | Successfully loaded file. Calculated shape: (928, 227)
2026-08-15 17:01:05,720 | Utils | INFO | Reading structured dataset: multiomincsfactor.csv from path: mofa_data/multiomincsfactor
2026-08-15 17:01:05,737 | Utils | INFO | Successfully loaded file. Calculated shape: (1479, 21)
2026-08-15 17:01:05,738 | Utils | INFO | Attempting to load binary pipeline estimator from storage name: kmeans_model.joblib
2026-08-15 17:01:05,803 | Utils | INFO | Model has been successfully loaded from the path
2026-08-15 17:01:36,809 | Utils | INFO | Reading structured dataset: multiomincsfactor.csv from path: mofa_data/multiomincsfactor
2026-08-15 17:01:36,829 | Utils | INFO | Successfully loaded file. Calculated shape: (1479, 21)
2026-08-15 17:01:36,831 | Utils | INFO | Attempting to load binary pipeline estimator from storage name: knn_model.joblib
2026-08-15 17:01:36,834 | Utils | INFO | Model has been successfully loaded from the path
2026-08-15 17:01:37,215 | Utils | INFO | Reading structured dataset: master_lookup.csv from path: lookup/master
2026-08-15 17:01:37,234 | Utils | INFO | Successfully loaded file. Calculated shape: (1479, 10)
2026-08-15 17:01:37,253 | Utils | INFO | Reading structured dataset: master_lookup.csv from path: lookup/master
2026-08-15 17:01:37,273 | Utils | INFO | Successfully loaded file. Calculated shape: (1479, 10)
2026-08-15 17:01:37,292 | Utils | INFO | Initiating save routine for file: before_explanation.csv into directory: test/top10
2026-08-15 17:01:37,309 | Utils | INFO | Data frame successfully serialized to: C:\Users\Shankar\Desktop\AstraZeneca\code\astrazeneca\CelllineSelector\data\test\top10\before_explanation.csv
2026-08-15 17:06:06,178 | Utils | INFO | Initiating save routine for file: top10_explanation.csv into directory: test/top10
2026-08-15 17:06:06,183 | Utils | INFO | Data frame successfully serialized to: C:\Users\Shankar\Desktop\AstraZeneca\code\astrazeneca\CelllineSelector\data\test\top10\top10_explanation.csv
2026-08-15 17:06:06,197 | Utils | INFO | Initiating save routine for file: final_top10_df.csv into directory: test/top10
2026-08-15 17:06:06,202 | Utils | INFO | Data frame successfully serialized to: C:\Users\Shankar\Desktop\AstraZeneca\code\astrazeneca\CelllineSelector\data\test\top10\final_top10_df.csv
2026-08-15 17:06:06,203 | Utils | INFO | Initiating save routine for file: full_scored_data.csv into directory: test/top10
2026-08-15 17:06:06,274 | Utils | INFO | Data frame successfully serialized to: C:\Users\Shankar\Desktop\AstraZeneca\code\astrazeneca\CelllineSelector\data\test\top10\full_scored_data.csv
2026-08-15 17:06:06,275 | Utils | INFO | Initiating save routine for file: metabolomnic_df.csv into directory: test/top10
2026-08-15 17:06:06,298 | Utils | INFO | Data frame successfully serialized to: C:\Users\Shankar\Desktop\AstraZeneca\code\astrazeneca\CelllineSelector\data\test\top10\metabolomnic_df.csv
2026-08-15 17:06:06,298 | Utils | INFO | Initiating save routine for file: fusion_reference_df.csv into directory: test/top10
2026-08-15 17:06:06,303 | Utils | INFO | Data frame successfully serialized to: C:\Users\Shankar\Desktop\AstraZeneca\code\astrazeneca\CelllineSelector\data\test\top10\fusion_reference_df.csv
2026-08-15 17:06:06,303 | Utils | INFO | Initiating save routine for file: mutation_reference_df.csv into directory: test/top10
2026-08-15 17:06:06,311 | Utils | INFO | Data frame successfully serialized to: C:\Users\Shankar\Desktop\AstraZeneca\code\astrazeneca\CelllineSelector\data\test\top10\mutation_reference_df.csv
2026-08-15 17:06:06,316 | Utils | INFO | Reading structured dataset: gene_ensg_map.csv from path: lookup/gene_maps
2026-08-15 17:06:06,363 | Utils | INFO | Successfully loaded file. Calculated shape: (19907, 2)
2026-08-15 17:06:06,368 | Utils | INFO | Reading structured dataset: gene_protein_map.csv from path: lookup/gene_maps
2026-08-15 17:06:06,398 | Utils | INFO | Successfully loaded file. Calculated shape: (12559, 3)
2026-08-15 17:06:06,404 | Utils | INFO | Reading structured dataset: 2_DepMap_OmicsExpressionAllGenesTPMLogp1Profile.csv from path: scoring/gene expression
2026-08-15 17:06:18,735 | Utils | INFO | Successfully loaded file. Calculated shape: (1479, 19920)
2026-08-15 17:06:18,826 | Utils | INFO | Reading structured dataset: 1_4_hpa_rna_celline.csv from path: scoring/gene expression
2026-08-15 17:06:29,076 | Utils | INFO | Successfully loaded file. Calculated shape: (1145, 20165)
2026-08-15 17:06:29,479 | Utils | INFO | Reading structured dataset: 4_Harmonized_MS_CCLE_Gygi_subsetted.csv from path: scoring/gene expression
2026-08-15 17:06:30,911 | Utils | INFO | Successfully loaded file. Calculated shape: (375, 12559)
2026-08-15 17:06:30,947 | Utils | INFO | Reading structured dataset: cosinematrix.csv from path: scoring/cosine_matrix
2026-08-15 17:06:43,431 | Utils | INFO | Successfully loaded file. Calculated shape: (1479, 19919)
2026-08-15 17:06:43,691 | Utils | INFO | Reading structured dataset: gene_ensg_map.csv from path: lookup/gene_maps
2026-08-15 17:06:43,718 | Utils | INFO | Successfully loaded file. Calculated shape: (19907, 2)
2026-08-15 17:06:43,722 | Utils | INFO | Reading structured dataset: gene_protein_map.csv from path: lookup/gene_maps
2026-08-15 17:06:43,746 | Utils | INFO | Successfully loaded file. Calculated shape: (12559, 3)
2026-08-15 17:06:43,749 | Utils | INFO | Reading structured dataset: 2_DepMap_OmicsExpressionAllGenesTPMLogp1Profile.csv from path: scoring/gene expression
2026-08-15 17:06:59,798 | Utils | INFO | Successfully loaded file. Calculated shape: (1479, 19920)
2026-08-15 17:06:59,870 | Utils | INFO | Reading structured dataset: 1_4_hpa_rna_celline.csv from path: scoring/gene expression
2026-08-15 17:07:07,446 | Utils | INFO | Successfully loaded file. Calculated shape: (1145, 20165)
2026-08-15 17:07:07,739 | Utils | INFO | Reading structured dataset: 4_Harmonized_MS_CCLE_Gygi_subsetted.csv from path: scoring/gene expression
2026-08-15 17:07:08,681 | Utils | INFO | Successfully loaded file. Calculated shape: (375, 12559)
2026-08-15 17:07:08,711 | Utils | INFO | Reading structured dataset: cosinematrix.csv from path: scoring/cosine_matrix
2026-08-15 17:07:20,592 | Utils | INFO | Successfully loaded file. Calculated shape: (1479, 19919)
2026-08-15 17:07:22,113 | Utils | INFO | Reading structured dataset: 5_OmicsFusionFilteredSupplementary.csv from path: scoring/gene properties
2026-08-15 17:07:22,937 | Utils | INFO | Successfully loaded file. Calculated shape: (184237, 31)
2026-08-15 17:07:23,225 | Utils | INFO | Reading structured dataset: 6_OmicsSomaticMutationsProfile.csv from path: scoring/gene properties
2026-08-15 17:07:36,129 | Utils | INFO | Successfully loaded file. Calculated shape: (1066869, 71)
2026-08-15 17:07:36,938 | Utils | INFO | Reading structured dataset: 6_OmicsSomaticMutationsProfile.csv from path: scoring/gene properties
2026-08-15 17:07:50,131 | Utils | INFO | Successfully loaded file. Calculated shape: (1066869, 71)
2026-08-15 17:07:51,025 | Utils | INFO | Reading structured dataset: master_lookup.csv from path: lookup/master
2026-08-15 17:07:51,034 | Utils | INFO | Successfully loaded file. Calculated shape: (1479, 10)
2026-08-15 17:07:51,043 | Utils | INFO | Reading structured dataset: master_lookup.csv from path: lookup/master
2026-08-15 17:07:51,051 | Utils | INFO | Successfully loaded file. Calculated shape: (1479, 10)
2026-08-15 17:07:51,068 | Utils | INFO | Reading structured dataset: 5_OmicsFusionFilteredSupplementary.csv from path: scoring/gene properties
2026-08-15 17:07:52,251 | Utils | INFO | Successfully loaded file. Calculated shape: (184237, 31)
2026-08-15 17:07:52,417 | Utils | INFO | Reading structured dataset: 6_OmicsSomaticMutationsProfile.csv from path: scoring/gene properties
2026-08-15 17:08:05,631 | Utils | INFO | Successfully loaded file. Calculated shape: (1066869, 71)
2026-08-15 17:08:06,628 | Utils | INFO | Reading structured dataset: 12_CCLE_metabolomics_20190502.csv from path: cleaned_data/non gene expression
2026-08-15 17:08:06,660 | Utils | INFO | Successfully loaded file. Calculated shape: (928, 227)
2026-08-15 17:08:06,666 | Utils | INFO | Reading structured dataset: multiomincsfactor.csv from path: mofa_data/multiomincsfactor
2026-08-15 17:08:06,675 | Utils | INFO | Successfully loaded file. Calculated shape: (1479, 21)
2026-08-15 17:08:06,676 | Utils | INFO | Attempting to load binary pipeline estimator from storage name: kmeans_model.joblib
2026-08-15 17:08:06,680 | Utils | INFO | Model has been successfully loaded from the path
2026-08-15 17:08:12,742 | Utils | INFO | Reading structured dataset: multiomincsfactor.csv from path: mofa_data/multiomincsfactor
2026-08-15 17:08:12,756 | Utils | INFO | Successfully loaded file. Calculated shape: (1479, 21)
2026-08-15 17:08:12,757 | Utils | INFO | Attempting to load binary pipeline estimator from storage name: knn_model.joblib
2026-08-15 17:08:12,760 | Utils | INFO | Model has been successfully loaded from the path
2026-08-15 17:08:12,983 | Utils | INFO | Reading structured dataset: master_lookup.csv from path: lookup/master
2026-08-15 17:08:12,989 | Utils | INFO | Successfully loaded file. Calculated shape: (1479, 10)
2026-08-15 17:08:12,996 | Utils | INFO | Reading structured dataset: master_lookup.csv from path: lookup/master
2026-08-15 17:08:13,003 | Utils | INFO | Successfully loaded file. Calculated shape: (1479, 10)
2026-08-15 17:08:13,010 | Utils | INFO | Initiating save routine for file: before_explanation.csv into directory: test/top10
2026-08-15 17:08:13,015 | Utils | INFO | Data frame successfully serialized to: C:\Users\Shankar\Desktop\AstraZeneca\code\astrazeneca\CelllineSelector\data\test\top10\before_explanation.csv
2026-08-15 17:12:41,328 | Utils | INFO | Initiating save routine for file: top10_explanation.csv into directory: test/top10
2026-08-15 17:12:41,334 | Utils | INFO | Data frame successfully serialized to: C:\Users\Shankar\Desktop\AstraZeneca\code\astrazeneca\CelllineSelector\data\test\top10\top10_explanation.csv
2026-08-15 17:17:31,017 | Utils | INFO | Reading structured dataset: gene_ensg_map.csv from path: lookup/gene_maps
2026-08-15 17:17:31,045 | Utils | INFO | Successfully loaded file. Calculated shape: (19907, 2)
2026-08-15 17:17:31,058 | Utils | INFO | Reading structured dataset: gene_protein_map.csv from path: lookup/gene_maps
2026-08-15 17:17:31,079 | Utils | INFO | Successfully loaded file. Calculated shape: (12559, 3)
2026-08-15 17:17:31,083 | Utils | INFO | Reading structured dataset: 2_DepMap_OmicsExpressionAllGenesTPMLogp1Profile.csv from path: scoring/gene expression
2026-08-15 17:17:49,566 | Utils | INFO | Successfully loaded file. Calculated shape: (1479, 19920)
2026-08-15 17:17:49,703 | Utils | INFO | Reading structured dataset: 1_4_hpa_rna_celline.csv from path: scoring/gene expression
2026-08-15 17:18:03,315 | Utils | INFO | Successfully loaded file. Calculated shape: (1145, 20165)
2026-08-15 17:18:03,903 | Utils | INFO | Reading structured dataset: 4_Harmonized_MS_CCLE_Gygi_subsetted.csv from path: scoring/gene expression
2026-08-15 17:18:05,982 | Utils | INFO | Successfully loaded file. Calculated shape: (375, 12559)
2026-08-15 17:18:06,019 | Utils | INFO | Reading structured dataset: cosinematrix.csv from path: scoring/cosine_matrix
2026-08-15 17:18:21,033 | Utils | INFO | Successfully loaded file. Calculated shape: (1479, 19919)
2026-08-15 17:18:21,931 | Utils | INFO | Reading structured dataset: 5_OmicsFusionFilteredSupplementary.csv from path: scoring/gene properties
2026-08-15 17:18:22,892 | Utils | INFO | Successfully loaded file. Calculated shape: (184237, 31)
2026-08-15 17:18:23,112 | Utils | INFO | Reading structured dataset: 6_OmicsSomaticMutationsProfile.csv from path: scoring/gene properties
2026-08-15 17:18:32,650 | Utils | INFO | Successfully loaded file. Calculated shape: (1066869, 71)
2026-08-15 17:18:33,377 | Utils | INFO | Reading structured dataset: 6_OmicsSomaticMutationsProfile.csv from path: scoring/gene properties
2026-08-15 17:18:45,025 | Utils | INFO | Successfully loaded file. Calculated shape: (1066869, 71)
2026-08-15 17:18:45,965 | Utils | INFO | Reading structured dataset: master_lookup.csv from path: lookup/master
2026-08-15 17:18:45,978 | Utils | INFO | Successfully loaded file. Calculated shape: (1479, 10)
2026-08-15 17:18:45,990 | Utils | INFO | Reading structured dataset: master_lookup.csv from path: lookup/master
2026-08-15 17:18:46,001 | Utils | INFO | Successfully loaded file. Calculated shape: (1479, 10)
2026-08-15 17:18:46,016 | Utils | INFO | Reading structured dataset: 5_OmicsFusionFilteredSupplementary.csv from path: scoring/gene properties
2026-08-15 17:18:47,467 | Utils | INFO | Successfully loaded file. Calculated shape: (184237, 31)
2026-08-15 17:18:47,608 | Utils | INFO | Reading structured dataset: 6_OmicsSomaticMutationsProfile.csv from path: scoring/gene properties
2026-08-15 17:18:58,033 | Utils | INFO | Successfully loaded file. Calculated shape: (1066869, 71)
2026-08-15 17:18:58,713 | Utils | INFO | Reading structured dataset: 12_CCLE_metabolomics_20190502.csv from path: cleaned_data/non gene expression
2026-08-15 17:18:58,742 | Utils | INFO | Successfully loaded file. Calculated shape: (928, 227)
2026-08-15 17:18:58,746 | Utils | INFO | Reading structured dataset: multiomincsfactor.csv from path: mofa_data/multiomincsfactor
2026-08-15 17:18:58,754 | Utils | INFO | Successfully loaded file. Calculated shape: (1479, 21)
2026-08-15 17:18:58,754 | Utils | INFO | Attempting to load binary pipeline estimator from storage name: kmeans_model.joblib
2026-08-15 17:18:58,792 | Utils | INFO | Model has been successfully loaded from the path
2026-08-15 17:19:13,876 | Utils | INFO | Reading structured dataset: multiomincsfactor.csv from path: mofa_data/multiomincsfactor
2026-08-15 17:19:13,900 | Utils | INFO | Successfully loaded file. Calculated shape: (1479, 21)
2026-08-15 17:19:13,901 | Utils | INFO | Attempting to load binary pipeline estimator from storage name: knn_model.joblib
2026-08-15 17:19:13,904 | Utils | INFO | Model has been successfully loaded from the path
2026-08-15 17:19:14,203 | Utils | INFO | Reading structured dataset: master_lookup.csv from path: lookup/master
2026-08-15 17:19:14,217 | Utils | INFO | Successfully loaded file. Calculated shape: (1479, 10)
2026-08-15 17:19:14,229 | Utils | INFO | Reading structured dataset: master_lookup.csv from path: lookup/master
2026-08-15 17:19:14,242 | Utils | INFO | Successfully loaded file. Calculated shape: (1479, 10)
2026-08-15 17:25:37,160 | Utils | INFO | Initiating save routine for file: top10_explanation.csv into directory: test/top10
2026-08-15 17:25:37,255 | Utils | INFO | Data frame successfully serialized to: C:\Users\Shankar\Desktop\AstraZeneca\code\astrazeneca\CelllineSelector\data\test\top10\top10_explanation.csv
2026-08-16 03:56:03,061 | Utils | INFO | Reading structured dataset: gene_ensg_map.csv from path: lookup/gene_maps
2026-08-16 03:56:03,076 | Utils | INFO | Successfully loaded file. Calculated shape: (19907, 2)
2026-08-16 03:56:03,086 | Utils | INFO | Reading structured dataset: gene_protein_map.csv from path: lookup/gene_maps
2026-08-16 03:56:03,099 | Utils | INFO | Successfully loaded file. Calculated shape: (12559, 3)
2026-08-16 03:56:03,104 | Utils | INFO | Reading structured dataset: 2_DepMap_OmicsExpressionAllGenesTPMLogp1Profile.csv from path: scoring/gene expression
2026-08-16 03:56:09,911 | Utils | INFO | Successfully loaded file. Calculated shape: (1479, 19920)
2026-08-16 03:56:09,977 | Utils | INFO | Reading structured dataset: 1_4_hpa_rna_celline.csv from path: scoring/gene expression
2026-08-16 03:56:15,153 | Utils | INFO | Successfully loaded file. Calculated shape: (1145, 20165)
2026-08-16 03:56:15,421 | Utils | INFO | Reading structured dataset: 4_Harmonized_MS_CCLE_Gygi_subsetted.csv from path: scoring/gene expression
2026-08-16 03:56:16,280 | Utils | INFO | Successfully loaded file. Calculated shape: (375, 12559)
2026-08-16 03:56:16,305 | Utils | INFO | Reading structured dataset: cosinematrix.csv from path: scoring/cosine_matrix
2026-08-16 03:56:23,082 | Utils | INFO | Successfully loaded file. Calculated shape: (1479, 19919)
2026-08-16 03:56:23,940 | Utils | INFO | Reading structured dataset: 5_OmicsFusionFilteredSupplementary.csv from path: scoring/gene properties
2026-08-16 03:56:24,722 | Utils | INFO | Successfully loaded file. Calculated shape: (184237, 31)
2026-08-16 03:56:24,925 | Utils | INFO | Reading structured dataset: 6_OmicsSomaticMutationsProfile.csv from path: scoring/gene properties
2026-08-16 03:56:34,111 | Utils | INFO | Successfully loaded file. Calculated shape: (1066869, 71)
2026-08-16 03:56:36,264 | Utils | INFO | Reading structured dataset: 6_OmicsSomaticMutationsProfile.csv from path: scoring/gene properties
2026-08-16 03:56:49,532 | Utils | INFO | Successfully loaded file. Calculated shape: (1066869, 71)
2026-08-16 03:56:51,420 | Utils | INFO | Reading structured dataset: master_lookup.csv from path: lookup/master
2026-08-16 03:56:51,430 | Utils | INFO | Successfully loaded file. Calculated shape: (1479, 10)
2026-08-16 03:56:51,456 | Utils | INFO | Reading structured dataset: master_lookup.csv from path: lookup/master
2026-08-16 03:56:51,468 | Utils | INFO | Successfully loaded file. Calculated shape: (1479, 10)
2026-08-16 03:56:51,479 | Utils | INFO | Reading structured dataset: 5_OmicsFusionFilteredSupplementary.csv from path: scoring/gene properties
2026-08-16 03:56:52,872 | Utils | INFO | Successfully loaded file. Calculated shape: (184237, 31)
2026-08-16 03:56:53,100 | Utils | INFO | Reading structured dataset: 6_OmicsSomaticMutationsProfile.csv from path: scoring/gene properties
2026-08-16 03:57:06,570 | Utils | INFO | Successfully loaded file. Calculated shape: (1066869, 71)
2026-08-16 03:57:07,554 | Utils | INFO | Reading structured dataset: 12_CCLE_metabolomics_20190502.csv from path: cleaned_data/non gene expression
2026-08-16 03:57:07,656 | Utils | INFO | Successfully loaded file. Calculated shape: (928, 227)
2026-08-16 03:57:07,667 | Utils | INFO | Reading structured dataset: multiomincsfactor.csv from path: mofa_data/multiomincsfactor
2026-08-16 03:57:07,681 | Utils | INFO | Successfully loaded file. Calculated shape: (1479, 21)
2026-08-16 03:57:07,681 | Utils | INFO | Attempting to load binary pipeline estimator from storage name: kmeans_model.joblib
2026-08-16 03:57:08,638 | Utils | INFO | Model has been successfully loaded from the path
2026-08-16 03:57:34,859 | Utils | INFO | Reading structured dataset: multiomincsfactor.csv from path: mofa_data/multiomincsfactor
2026-08-16 03:57:34,872 | Utils | INFO | Successfully loaded file. Calculated shape: (1479, 21)
2026-08-16 03:57:34,872 | Utils | INFO | Attempting to load binary pipeline estimator from storage name: knn_model.joblib
2026-08-16 03:57:34,875 | Utils | INFO | Model has been successfully loaded from the path
2026-08-16 03:57:35,117 | Utils | INFO | Reading structured dataset: master_lookup.csv from path: lookup/master
2026-08-16 03:57:35,129 | Utils | INFO | Successfully loaded file. Calculated shape: (1479, 10)
2026-08-16 03:57:35,143 | Utils | INFO | Reading structured dataset: master_lookup.csv from path: lookup/master
2026-08-16 03:57:35,156 | Utils | INFO | Successfully loaded file. Calculated shape: (1479, 10)
2026-08-16 04:03:12,955 | Utils | INFO | Initiating save routine for file: top10_explanation.csv into directory: test/top10
2026-08-16 04:03:12,995 | Utils | INFO | Data frame successfully serialized to: C:\Users\Shankar\Desktop\AstraZeneca\code\astrazeneca\CelllineSelector\data\test\top10\top10_explanation.csv
2026-08-16 04:16:34,058 | Utils | INFO | Reading structured dataset: gene_ensg_map.csv from path: lookup/gene_maps
2026-08-16 04:16:34,074 | Utils | INFO | Successfully loaded file. Calculated shape: (19907, 2)
2026-08-16 04:16:34,077 | Utils | INFO | Reading structured dataset: gene_protein_map.csv from path: lookup/gene_maps
2026-08-16 04:16:34,099 | Utils | INFO | Successfully loaded file. Calculated shape: (12559, 3)
2026-08-16 04:16:34,102 | Utils | INFO | Reading structured dataset: 2_DepMap_OmicsExpressionAllGenesTPMLogp1Profile.csv from path: scoring/gene expression
2026-08-16 04:16:40,847 | Utils | INFO | Successfully loaded file. Calculated shape: (1479, 19920)
2026-08-16 04:16:40,905 | Utils | INFO | Reading structured dataset: 1_4_hpa_rna_celline.csv from path: scoring/gene expression
2026-08-16 04:16:46,089 | Utils | INFO | Successfully loaded file. Calculated shape: (1145, 20165)
2026-08-16 04:16:46,339 | Utils | INFO | Reading structured dataset: 4_Harmonized_MS_CCLE_Gygi_subsetted.csv from path: scoring/gene expression
2026-08-16 04:16:47,237 | Utils | INFO | Successfully loaded file. Calculated shape: (375, 12559)
2026-08-16 04:16:47,261 | Utils | INFO | Reading structured dataset: cosinematrix.csv from path: scoring/cosine_matrix
2026-08-16 04:16:54,073 | Utils | INFO | Successfully loaded file. Calculated shape: (1479, 19919)
2026-08-16 04:16:54,967 | Utils | INFO | Reading structured dataset: 5_OmicsFusionFilteredSupplementary.csv from path: scoring/gene properties
2026-08-16 04:16:55,762 | Utils | INFO | Successfully loaded file. Calculated shape: (184237, 31)
2026-08-16 04:16:56,000 | Utils | INFO | Reading structured dataset: 6_OmicsSomaticMutationsProfile.csv from path: scoring/gene properties
2026-08-16 04:17:04,319 | Utils | INFO | Successfully loaded file. Calculated shape: (1066869, 71)
2026-08-16 04:17:04,941 | Utils | INFO | Reading structured dataset: 6_OmicsSomaticMutationsProfile.csv from path: scoring/gene properties
2026-08-16 04:17:13,247 | Utils | INFO | Successfully loaded file. Calculated shape: (1066869, 71)
2026-08-16 04:17:13,902 | Utils | INFO | Reading structured dataset: master_lookup.csv from path: lookup/master
2026-08-16 04:17:13,928 | Utils | INFO | Successfully loaded file. Calculated shape: (1479, 10)
2026-08-16 04:17:13,934 | Utils | INFO | Reading structured dataset: master_lookup.csv from path: lookup/master
2026-08-16 04:17:13,940 | Utils | INFO | Successfully loaded file. Calculated shape: (1479, 10)
2026-08-16 04:17:13,947 | Utils | INFO | Reading structured dataset: 5_OmicsFusionFilteredSupplementary.csv from path: scoring/gene properties
2026-08-16 04:17:14,832 | Utils | INFO | Successfully loaded file. Calculated shape: (184237, 31)
2026-08-16 04:17:14,956 | Utils | INFO | Reading structured dataset: 6_OmicsSomaticMutationsProfile.csv from path: scoring/gene properties
2026-08-16 04:17:22,981 | Utils | INFO | Successfully loaded file. Calculated shape: (1066869, 71)
2026-08-16 04:17:23,602 | Utils | INFO | Reading structured dataset: 12_CCLE_metabolomics_20190502.csv from path: cleaned_data/non gene expression
2026-08-16 04:17:23,661 | Utils | INFO | Successfully loaded file. Calculated shape: (928, 227)
2026-08-16 04:17:23,664 | Utils | INFO | Reading structured dataset: multiomincsfactor.csv from path: mofa_data/multiomincsfactor
2026-08-16 04:17:23,680 | Utils | INFO | Successfully loaded file. Calculated shape: (1479, 21)
2026-08-16 04:17:23,681 | Utils | INFO | Attempting to load binary pipeline estimator from storage name: kmeans_model.joblib
2026-08-16 04:17:24,104 | Utils | INFO | Model has been successfully loaded from the path
2026-08-16 04:17:36,776 | Utils | INFO | Reading structured dataset: multiomincsfactor.csv from path: mofa_data/multiomincsfactor
2026-08-16 04:17:36,784 | Utils | INFO | Successfully loaded file. Calculated shape: (1479, 21)
2026-08-16 04:17:36,785 | Utils | INFO | Attempting to load binary pipeline estimator from storage name: knn_model.joblib
2026-08-16 04:17:36,793 | Utils | INFO | Model has been successfully loaded from the path
2026-08-16 04:17:36,962 | Utils | INFO | Reading structured dataset: master_lookup.csv from path: lookup/master
2026-08-16 04:17:36,968 | Utils | INFO | Successfully loaded file. Calculated shape: (1479, 10)
2026-08-16 04:17:36,974 | Utils | INFO | Reading structured dataset: master_lookup.csv from path: lookup/master
2026-08-16 04:17:36,980 | Utils | INFO | Successfully loaded file. Calculated shape: (1479, 10)
2026-08-16 04:22:29,327 | Utils | INFO | Initiating save routine for file: top10_explanation.csv into directory: test/top10
2026-08-16 04:22:29,336 | Utils | INFO | Data frame successfully serialized to: C:\Users\Shankar\Desktop\AstraZeneca\code\astrazeneca\CelllineSelector\data\test\top10\top10_explanation.csv
2026-08-16 04:26:04,226 | Utils | INFO | Reading structured dataset: gene_ensg_map.csv from path: lookup/gene_maps
2026-08-16 04:26:04,242 | Utils | INFO | Successfully loaded file. Calculated shape: (19907, 2)
2026-08-16 04:26:04,245 | Utils | INFO | Reading structured dataset: gene_protein_map.csv from path: lookup/gene_maps
2026-08-16 04:26:04,260 | Utils | INFO | Successfully loaded file. Calculated shape: (12559, 3)
2026-08-16 04:26:04,262 | Utils | INFO | Reading structured dataset: 2_DepMap_OmicsExpressionAllGenesTPMLogp1Profile.csv from path: scoring/gene expression
2026-08-16 04:26:11,147 | Utils | INFO | Successfully loaded file. Calculated shape: (1479, 19920)
2026-08-16 04:26:11,215 | Utils | INFO | Reading structured dataset: 1_4_hpa_rna_celline.csv from path: scoring/gene expression
2026-08-16 04:26:16,902 | Utils | INFO | Successfully loaded file. Calculated shape: (1145, 20165)
2026-08-16 04:26:17,165 | Utils | INFO | Reading structured dataset: 4_Harmonized_MS_CCLE_Gygi_subsetted.csv from path: scoring/gene expression
2026-08-16 04:26:18,103 | Utils | INFO | Successfully loaded file. Calculated shape: (375, 12559)
2026-08-16 04:26:18,126 | Utils | INFO | Reading structured dataset: cosinematrix.csv from path: scoring/cosine_matrix
2026-08-16 04:26:25,258 | Utils | INFO | Successfully loaded file. Calculated shape: (1479, 19919)
2026-08-16 04:26:26,157 | Utils | INFO | Reading structured dataset: 5_OmicsFusionFilteredSupplementary.csv from path: scoring/gene properties
2026-08-16 04:26:27,002 | Utils | INFO | Successfully loaded file. Calculated shape: (184237, 31)
2026-08-16 04:26:27,223 | Utils | INFO | Reading structured dataset: 6_OmicsSomaticMutationsProfile.csv from path: scoring/gene properties
2026-08-16 04:26:35,641 | Utils | INFO | Successfully loaded file. Calculated shape: (1066869, 71)
2026-08-16 04:26:36,435 | Utils | INFO | Reading structured dataset: 6_OmicsSomaticMutationsProfile.csv from path: scoring/gene properties
2026-08-16 04:26:45,271 | Utils | INFO | Successfully loaded file. Calculated shape: (1066869, 71)
2026-08-16 04:26:46,517 | Utils | INFO | Reading structured dataset: master_lookup.csv from path: lookup/master
2026-08-16 04:26:46,527 | Utils | INFO | Successfully loaded file. Calculated shape: (1479, 10)
2026-08-16 04:26:46,628 | Utils | INFO | Reading structured dataset: master_lookup.csv from path: lookup/master
2026-08-16 04:26:46,633 | Utils | INFO | Successfully loaded file. Calculated shape: (1479, 10)
2026-08-16 04:26:46,642 | Utils | INFO | Reading structured dataset: 5_OmicsFusionFilteredSupplementary.csv from path: scoring/gene properties
2026-08-16 04:26:47,438 | Utils | INFO | Successfully loaded file. Calculated shape: (184237, 31)
2026-08-16 04:26:47,565 | Utils | INFO | Reading structured dataset: 6_OmicsSomaticMutationsProfile.csv from path: scoring/gene properties
2026-08-16 04:26:55,970 | Utils | INFO | Successfully loaded file. Calculated shape: (1066869, 71)
2026-08-16 04:26:56,631 | Utils | INFO | Reading structured dataset: 12_CCLE_metabolomics_20190502.csv from path: cleaned_data/non gene expression
2026-08-16 04:26:56,661 | Utils | INFO | Successfully loaded file. Calculated shape: (928, 227)
2026-08-16 04:26:56,665 | Utils | INFO | Reading structured dataset: multiomincsfactor.csv from path: mofa_data/multiomincsfactor
2026-08-16 04:26:56,673 | Utils | INFO | Successfully loaded file. Calculated shape: (1479, 21)
2026-08-16 04:26:56,673 | Utils | INFO | Attempting to load binary pipeline estimator from storage name: kmeans_model.joblib
2026-08-16 04:26:56,735 | Utils | INFO | Model has been successfully loaded from the path
2026-08-16 04:27:09,901 | Utils | INFO | Reading structured dataset: multiomincsfactor.csv from path: mofa_data/multiomincsfactor
2026-08-16 04:27:09,908 | Utils | INFO | Successfully loaded file. Calculated shape: (1479, 21)
2026-08-16 04:27:09,908 | Utils | INFO | Attempting to load binary pipeline estimator from storage name: knn_model.joblib
2026-08-16 04:27:09,909 | Utils | INFO | Model has been successfully loaded from the path
2026-08-16 04:27:10,083 | Utils | INFO | Reading structured dataset: master_lookup.csv from path: lookup/master
2026-08-16 04:27:10,089 | Utils | INFO | Successfully loaded file. Calculated shape: (1479, 10)
2026-08-16 04:27:10,098 | Utils | INFO | Reading structured dataset: master_lookup.csv from path: lookup/master
2026-08-16 04:27:10,103 | Utils | INFO | Successfully loaded file. Calculated shape: (1479, 10)
2026-08-16 04:31:41,228 | Utils | INFO | Initiating save routine for file: top10_explanation.csv into directory: test/top10
2026-08-16 04:31:41,241 | Utils | INFO | Data frame successfully serialized to: C:\Users\Shankar\Desktop\AstraZeneca\code\astrazeneca\CelllineSelector\data\test\top10\top10_explanation.csv
2026-08-16 04:37:10,048 | Utils | INFO | Reading structured dataset: gene_ensg_map.csv from path: lookup/gene_maps
2026-08-16 04:37:10,063 | Utils | INFO | Successfully loaded file. Calculated shape: (19907, 2)
2026-08-16 04:37:10,069 | Utils | INFO | Reading structured dataset: gene_protein_map.csv from path: lookup/gene_maps
2026-08-16 04:37:10,082 | Utils | INFO | Successfully loaded file. Calculated shape: (12559, 3)
2026-08-16 04:37:10,084 | Utils | INFO | Reading structured dataset: 2_DepMap_OmicsExpressionAllGenesTPMLogp1Profile.csv from path: scoring/gene expression
2026-08-16 04:37:18,947 | Utils | INFO | Successfully loaded file. Calculated shape: (1479, 19920)
2026-08-16 04:37:19,059 | Utils | INFO | Reading structured dataset: 1_4_hpa_rna_celline.csv from path: scoring/gene expression
2026-08-16 04:37:29,958 | Utils | INFO | Successfully loaded file. Calculated shape: (1145, 20165)
2026-08-16 04:37:30,522 | Utils | INFO | Reading structured dataset: 4_Harmonized_MS_CCLE_Gygi_subsetted.csv from path: scoring/gene expression
2026-08-16 04:37:32,302 | Utils | INFO | Successfully loaded file. Calculated shape: (375, 12559)
2026-08-16 04:37:32,352 | Utils | INFO | Reading structured dataset: cosinematrix.csv from path: scoring/cosine_matrix
2026-08-16 04:37:47,315 | Utils | INFO | Successfully loaded file. Calculated shape: (1479, 19919)
2026-08-16 04:37:48,796 | Utils | INFO | Reading structured dataset: 5_OmicsFusionFilteredSupplementary.csv from path: scoring/gene properties
2026-08-16 04:37:50,252 | Utils | INFO | Successfully loaded file. Calculated shape: (184237, 31)
2026-08-16 04:37:50,633 | Utils | INFO | Reading structured dataset: 6_OmicsSomaticMutationsProfile.csv from path: scoring/gene properties
2026-08-16 04:38:05,595 | Utils | INFO | Successfully loaded file. Calculated shape: (1066869, 71)
2026-08-16 04:38:06,540 | Utils | INFO | Reading structured dataset: 6_OmicsSomaticMutationsProfile.csv from path: scoring/gene properties
2026-08-16 04:38:21,375 | Utils | INFO | Successfully loaded file. Calculated shape: (1066869, 71)
2026-08-16 04:38:22,446 | Utils | INFO | Reading structured dataset: master_lookup.csv from path: lookup/master
2026-08-16 04:38:22,473 | Utils | INFO | Successfully loaded file. Calculated shape: (1479, 10)
2026-08-16 04:38:22,484 | Utils | INFO | Reading structured dataset: master_lookup.csv from path: lookup/master
2026-08-16 04:38:22,494 | Utils | INFO | Successfully loaded file. Calculated shape: (1479, 10)
2026-08-16 04:38:22,505 | Utils | INFO | Reading structured dataset: 5_OmicsFusionFilteredSupplementary.csv from path: scoring/gene properties
2026-08-16 04:38:24,167 | Utils | INFO | Successfully loaded file. Calculated shape: (184237, 31)
2026-08-16 04:38:24,388 | Utils | INFO | Reading structured dataset: 6_OmicsSomaticMutationsProfile.csv from path: scoring/gene properties
2026-08-16 04:38:39,081 | Utils | INFO | Successfully loaded file. Calculated shape: (1066869, 71)
2026-08-16 04:38:40,194 | Utils | INFO | Reading structured dataset: 12_CCLE_metabolomics_20190502.csv from path: cleaned_data/non gene expression
2026-08-16 04:38:40,240 | Utils | INFO | Successfully loaded file. Calculated shape: (928, 227)
2026-08-16 04:38:40,245 | Utils | INFO | Reading structured dataset: multiomincsfactor.csv from path: mofa_data/multiomincsfactor
2026-08-16 04:38:40,257 | Utils | INFO | Successfully loaded file. Calculated shape: (1479, 21)
2026-08-16 04:38:40,258 | Utils | INFO | Attempting to load binary pipeline estimator from storage name: kmeans_model.joblib
2026-08-16 04:38:40,303 | Utils | INFO | Model has been successfully loaded from the path
2026-08-16 04:39:05,315 | Utils | INFO | Reading structured dataset: multiomincsfactor.csv from path: mofa_data/multiomincsfactor
2026-08-16 04:39:05,329 | Utils | INFO | Successfully loaded file. Calculated shape: (1479, 21)
2026-08-16 04:39:05,329 | Utils | INFO | Attempting to load binary pipeline estimator from storage name: knn_model.joblib
2026-08-16 04:39:05,331 | Utils | INFO | Model has been successfully loaded from the path
2026-08-16 04:39:05,641 | Utils | INFO | Reading structured dataset: master_lookup.csv from path: lookup/master
2026-08-16 04:39:05,654 | Utils | INFO | Successfully loaded file. Calculated shape: (1479, 10)
2026-08-16 04:39:05,665 | Utils | INFO | Reading structured dataset: master_lookup.csv from path: lookup/master
2026-08-16 04:39:05,679 | Utils | INFO | Successfully loaded file. Calculated shape: (1479, 10)
2026-08-16 04:45:27,654 | Utils | INFO | Initiating save routine for file: top10_explanation.csv into directory: test/top10
2026-08-16 04:45:27,661 | Utils | INFO | Data frame successfully serialized to: C:\Users\Shankar\Desktop\AstraZeneca\code\astrazeneca\CelllineSelector\data\test\top10\top10_explanation.csv
2026-08-16 05:00:43,247 | Utils | INFO | Reading structured dataset: gene_ensg_map.csv from path: lookup/gene_maps
2026-08-16 05:00:43,262 | Utils | INFO | Successfully loaded file. Calculated shape: (19907, 2)
2026-08-16 05:00:43,265 | Utils | INFO | Reading structured dataset: gene_protein_map.csv from path: lookup/gene_maps
2026-08-16 05:00:43,279 | Utils | INFO | Successfully loaded file. Calculated shape: (12559, 3)
2026-08-16 05:00:43,282 | Utils | INFO | Reading structured dataset: 2_DepMap_OmicsExpressionAllGenesTPMLogp1Profile.csv from path: scoring/gene expression
2026-08-16 05:00:53,343 | Utils | INFO | Successfully loaded file. Calculated shape: (1479, 19920)
2026-08-16 05:00:53,464 | Utils | INFO | Reading structured dataset: 1_4_hpa_rna_celline.csv from path: scoring/gene expression
2026-08-16 05:01:05,343 | Utils | INFO | Successfully loaded file. Calculated shape: (1145, 20165)
2026-08-16 05:01:05,881 | Utils | INFO | Reading structured dataset: 4_Harmonized_MS_CCLE_Gygi_subsetted.csv from path: scoring/gene expression
2026-08-16 05:01:07,630 | Utils | INFO | Successfully loaded file. Calculated shape: (375, 12559)
2026-08-16 05:01:07,682 | Utils | INFO | Reading structured dataset: cosinematrix.csv from path: scoring/cosine_matrix
2026-08-16 05:01:23,895 | Utils | INFO | Successfully loaded file. Calculated shape: (1479, 19919)
2026-08-16 05:01:25,414 | Utils | INFO | Reading structured dataset: 5_OmicsFusionFilteredSupplementary.csv from path: scoring/gene properties
2026-08-16 05:01:26,958 | Utils | INFO | Successfully loaded file. Calculated shape: (184237, 31)
2026-08-16 05:01:27,318 | Utils | INFO | Reading structured dataset: 6_OmicsSomaticMutationsProfile.csv from path: scoring/gene properties
2026-08-16 05:01:42,391 | Utils | INFO | Successfully loaded file. Calculated shape: (1066869, 71)
2026-08-16 05:01:43,307 | Utils | INFO | Reading structured dataset: 6_OmicsSomaticMutationsProfile.csv from path: scoring/gene properties
2026-08-16 05:01:58,085 | Utils | INFO | Successfully loaded file. Calculated shape: (1066869, 71)
2026-08-16 05:01:59,188 | Utils | INFO | Reading structured dataset: master_lookup.csv from path: lookup/master
2026-08-16 05:01:59,210 | Utils | INFO | Successfully loaded file. Calculated shape: (1479, 10)
2026-08-16 05:01:59,221 | Utils | INFO | Reading structured dataset: master_lookup.csv from path: lookup/master
2026-08-16 05:01:59,233 | Utils | INFO | Successfully loaded file. Calculated shape: (1479, 10)
2026-08-16 05:01:59,244 | Utils | INFO | Reading structured dataset: 5_OmicsFusionFilteredSupplementary.csv from path: scoring/gene properties
2026-08-16 05:02:00,879 | Utils | INFO | Successfully loaded file. Calculated shape: (184237, 31)
2026-08-16 05:02:01,090 | Utils | INFO | Reading structured dataset: 6_OmicsSomaticMutationsProfile.csv from path: scoring/gene properties
2026-08-16 05:02:15,983 | Utils | INFO | Successfully loaded file. Calculated shape: (1066869, 71)
2026-08-16 05:02:17,254 | Utils | INFO | Reading structured dataset: 12_CCLE_metabolomics_20190502.csv from path: cleaned_data/non gene expression
2026-08-16 05:02:17,295 | Utils | INFO | Successfully loaded file. Calculated shape: (928, 227)
2026-08-16 05:02:17,301 | Utils | INFO | Reading structured dataset: multiomincsfactor.csv from path: mofa_data/multiomincsfactor
2026-08-16 05:02:17,315 | Utils | INFO | Successfully loaded file. Calculated shape: (1479, 21)
2026-08-16 05:02:17,316 | Utils | INFO | Attempting to load binary pipeline estimator from storage name: kmeans_model.joblib
2026-08-16 05:02:17,367 | Utils | INFO | Model has been successfully loaded from the path
2026-08-16 05:02:43,470 | Utils | INFO | Reading structured dataset: multiomincsfactor.csv from path: mofa_data/multiomincsfactor
2026-08-16 05:02:43,487 | Utils | INFO | Successfully loaded file. Calculated shape: (1479, 21)
2026-08-16 05:02:43,487 | Utils | INFO | Attempting to load binary pipeline estimator from storage name: knn_model.joblib
2026-08-16 05:02:43,507 | Utils | INFO | Model has been successfully loaded from the path
2026-08-16 05:02:43,772 | Utils | INFO | Reading structured dataset: master_lookup.csv from path: lookup/master
2026-08-16 05:02:43,782 | Utils | INFO | Successfully loaded file. Calculated shape: (1479, 10)
2026-08-16 05:02:43,792 | Utils | INFO | Reading structured dataset: master_lookup.csv from path: lookup/master
2026-08-16 05:02:43,801 | Utils | INFO | Successfully loaded file. Calculated shape: (1479, 10)
2026-08-16 05:09:09,391 | Utils | INFO | Initiating save routine for file: top10_explanation.csv into directory: test/top10
2026-08-16 05:09:09,407 | Utils | INFO | Data frame successfully serialized to: C:\Users\Shankar\Desktop\AstraZeneca\code\astrazeneca\CelllineSelector\data\test\top10\top10_explanation.csv
2026-08-19 02:56:47,636 | Utils | INFO | Reading structured dataset: gene_ensg_map.csv from path: lookup/gene_maps
2026-08-19 02:56:47,754 | Utils | INFO | Successfully loaded file. Calculated shape: (19907, 2)
2026-08-19 02:56:47,776 | Utils | INFO | Reading structured dataset: gene_protein_map.csv from path: lookup/gene_maps
2026-08-19 02:56:47,822 | Utils | INFO | Successfully loaded file. Calculated shape: (12559, 3)
2026-08-19 02:56:47,828 | Utils | INFO | Reading structured dataset: 2_DepMap_OmicsExpressionAllGenesTPMLogp1Profile.csv from path: scoring/gene expression
2026-08-19 02:57:08,074 | Utils | INFO | Successfully loaded file. Calculated shape: (1479, 19920)
2026-08-19 02:57:08,246 | Utils | INFO | Reading structured dataset: 1_4_hpa_rna_celline.csv from path: scoring/gene expression
2026-08-19 02:57:21,514 | Utils | INFO | Successfully loaded file. Calculated shape: (1145, 20165)
2026-08-19 02:57:22,013 | Utils | INFO | Reading structured dataset: 4_Harmonized_MS_CCLE_Gygi_subsetted.csv from path: scoring/gene expression
2026-08-19 02:57:24,180 | Utils | INFO | Successfully loaded file. Calculated shape: (375, 12559)
2026-08-19 02:57:24,229 | Utils | INFO | Reading structured dataset: cosinematrix.csv from path: scoring/cosine_matrix
2026-08-19 02:57:44,775 | Utils | INFO | Successfully loaded file. Calculated shape: (1479, 19919)
2026-08-19 02:57:45,785 | Utils | INFO | Reading structured dataset: 5_OmicsFusionFilteredSupplementary.csv from path: scoring/gene properties
2026-08-19 02:57:47,039 | Utils | INFO | Successfully loaded file. Calculated shape: (184237, 31)
2026-08-19 02:57:47,274 | Utils | INFO | Reading structured dataset: 6_OmicsSomaticMutationsProfile.csv from path: scoring/gene properties
2026-08-19 02:58:05,689 | Utils | INFO | Successfully loaded file. Calculated shape: (1066869, 71)
2026-08-19 02:58:07,044 | Utils | INFO | Reading structured dataset: 6_OmicsSomaticMutationsProfile.csv from path: scoring/gene properties
2026-08-19 02:58:26,396 | Utils | INFO | Successfully loaded file. Calculated shape: (1066869, 71)
2026-08-19 02:58:28,851 | Utils | INFO | Reading structured dataset: master_lookup.csv from path: lookup/master
2026-08-19 02:58:28,914 | Utils | INFO | Successfully loaded file. Calculated shape: (1479, 10)
2026-08-19 02:58:29,102 | Utils | INFO | Reading structured dataset: master_lookup.csv from path: lookup/master
2026-08-19 02:58:29,116 | Utils | INFO | Successfully loaded file. Calculated shape: (1479, 10)
2026-08-19 02:58:29,137 | Utils | INFO | Reading structured dataset: 5_OmicsFusionFilteredSupplementary.csv from path: scoring/gene properties
2026-08-19 02:58:30,364 | Utils | INFO | Successfully loaded file. Calculated shape: (184237, 31)
2026-08-19 02:58:30,480 | Utils | INFO | Reading structured dataset: 6_OmicsSomaticMutationsProfile.csv from path: scoring/gene properties
2026-08-19 02:58:44,020 | Utils | INFO | Successfully loaded file. Calculated shape: (1066869, 71)
2026-08-19 02:58:45,956 | Utils | INFO | Reading structured dataset: 12_CCLE_metabolomics_20190502.csv from path: cleaned_data/non gene expression
2026-08-19 02:58:46,039 | Utils | INFO | Successfully loaded file. Calculated shape: (928, 227)
2026-08-19 02:58:46,046 | Utils | INFO | Reading structured dataset: multiomincsfactor.csv from path: mofa_data/multiomincsfactor
2026-08-19 02:58:46,080 | Utils | INFO | Successfully loaded file. Calculated shape: (1479, 21)
2026-08-19 02:58:46,081 | Utils | INFO | Attempting to load binary pipeline estimator from storage name: kmeans_model.joblib
2026-08-19 02:58:46,661 | Utils | INFO | Model has been successfully loaded from the path
2026-08-19 02:59:11,790 | Utils | INFO | Reading structured dataset: multiomincsfactor.csv from path: mofa_data/multiomincsfactor
2026-08-19 02:59:11,811 | Utils | INFO | Successfully loaded file. Calculated shape: (1479, 21)
2026-08-19 02:59:11,812 | Utils | INFO | Attempting to load binary pipeline estimator from storage name: knn_model.joblib
2026-08-19 02:59:11,830 | Utils | INFO | Model has been successfully loaded from the path
2026-08-19 02:59:12,152 | Utils | INFO | Reading structured dataset: master_lookup.csv from path: lookup/master
2026-08-19 02:59:12,160 | Utils | INFO | Successfully loaded file. Calculated shape: (1479, 10)
2026-08-19 02:59:12,178 | Utils | INFO | Reading structured dataset: master_lookup.csv from path: lookup/master
2026-08-19 02:59:12,191 | Utils | INFO | Successfully loaded file. Calculated shape: (1479, 10)
2026-08-19 03:05:27,476 | Utils | INFO | Initiating save routine for file: top10_explanation.csv into directory: test/top10
2026-08-19 03:05:27,506 | Utils | INFO | Data frame successfully serialized to: C:\Users\Shankar\Desktop\AstraZeneca\code\astrazeneca\CelllineSelector\data\test\top10\top10_explanation.csv
2026-08-19 03:05:27,517 | Utils | INFO | Initiating save routine for file: final_top10_df.csv into directory: test/top10
2026-08-19 03:05:27,522 | Utils | INFO | Data frame successfully serialized to: C:\Users\Shankar\Desktop\AstraZeneca\code\astrazeneca\CelllineSelector\data\test\top10\final_top10_df.csv
2026-08-19 03:05:27,523 | Utils | INFO | Initiating save routine for file: full_scored_data.csv into directory: test/top10
2026-08-19 03:05:27,562 | Utils | INFO | Data frame successfully serialized to: C:\Users\Shankar\Desktop\AstraZeneca\code\astrazeneca\CelllineSelector\data\test\top10\full_scored_data.csv
2026-08-19 03:05:27,562 | Utils | INFO | Initiating save routine for file: metabolomnic_df.csv into directory: test/top10
2026-08-19 03:05:27,571 | Utils | INFO | Data frame successfully serialized to: C:\Users\Shankar\Desktop\AstraZeneca\code\astrazeneca\CelllineSelector\data\test\top10\metabolomnic_df.csv
2026-08-19 03:05:27,572 | Utils | INFO | Initiating save routine for file: fusion_reference_df.csv into directory: test/top10
2026-08-19 03:05:27,576 | Utils | INFO | Data frame successfully serialized to: C:\Users\Shankar\Desktop\AstraZeneca\code\astrazeneca\CelllineSelector\data\test\top10\fusion_reference_df.csv
2026-08-19 03:05:27,576 | Utils | INFO | Initiating save routine for file: mutation_reference_df.csv into directory: test/top10
2026-08-19 03:05:27,581 | Utils | INFO | Data frame successfully serialized to: C:\Users\Shankar\Desktop\AstraZeneca\code\astrazeneca\CelllineSelector\data\test\top10\mutation_reference_df.csv
2026-08-19 03:07:57,209 | Utils | INFO | Reading structured dataset: gene_ensg_map.csv from path: lookup/gene_maps
2026-08-19 03:07:57,271 | Utils | INFO | Successfully loaded file. Calculated shape: (19907, 2)
2026-08-19 03:07:57,292 | Utils | INFO | Reading structured dataset: gene_protein_map.csv from path: lookup/gene_maps
2026-08-19 03:07:57,317 | Utils | INFO | Successfully loaded file. Calculated shape: (12559, 3)
2026-08-19 03:07:57,321 | Utils | INFO | Reading structured dataset: 2_DepMap_OmicsExpressionAllGenesTPMLogp1Profile.csv from path: scoring/gene expression
2026-08-19 03:08:07,559 | Utils | INFO | Successfully loaded file. Calculated shape: (1479, 19920)
2026-08-19 03:08:07,663 | Utils | INFO | Reading structured dataset: 1_4_hpa_rna_celline.csv from path: scoring/gene expression
2026-08-19 03:08:16,347 | Utils | INFO | Successfully loaded file. Calculated shape: (1145, 20165)
2026-08-19 03:08:16,716 | Utils | INFO | Reading structured dataset: 4_Harmonized_MS_CCLE_Gygi_subsetted.csv from path: scoring/gene expression
2026-08-19 03:08:18,101 | Utils | INFO | Successfully loaded file. Calculated shape: (375, 12559)
2026-08-19 03:08:18,135 | Utils | INFO | Reading structured dataset: cosinematrix.csv from path: scoring/cosine_matrix
2026-08-19 03:08:28,933 | Utils | INFO | Successfully loaded file. Calculated shape: (1479, 19919)
2026-08-19 03:08:29,987 | Utils | INFO | Reading structured dataset: 5_OmicsFusionFilteredSupplementary.csv from path: scoring/gene properties
2026-08-19 03:08:31,056 | Utils | INFO | Successfully loaded file. Calculated shape: (184237, 31)
2026-08-19 03:08:31,258 | Utils | INFO | Reading structured dataset: 6_OmicsSomaticMutationsProfile.csv from path: scoring/gene properties
2026-08-19 03:08:44,999 | Utils | INFO | Successfully loaded file. Calculated shape: (1066869, 71)
2026-08-19 03:08:45,602 | Utils | INFO | Reading structured dataset: 6_OmicsSomaticMutationsProfile.csv from path: scoring/gene properties
2026-08-19 03:08:58,994 | Utils | INFO | Successfully loaded file. Calculated shape: (1066869, 71)
2026-08-19 03:08:59,950 | Utils | INFO | Reading structured dataset: master_lookup.csv from path: lookup/master
2026-08-19 03:08:59,963 | Utils | INFO | Successfully loaded file. Calculated shape: (1479, 10)
2026-08-19 03:08:59,973 | Utils | INFO | Reading structured dataset: master_lookup.csv from path: lookup/master
2026-08-19 03:08:59,983 | Utils | INFO | Successfully loaded file. Calculated shape: (1479, 10)
2026-08-19 03:08:59,996 | Utils | INFO | Reading structured dataset: 5_OmicsFusionFilteredSupplementary.csv from path: scoring/gene properties
2026-08-19 03:09:01,490 | Utils | INFO | Successfully loaded file. Calculated shape: (184237, 31)
2026-08-19 03:09:01,613 | Utils | INFO | Reading structured dataset: 6_OmicsSomaticMutationsProfile.csv from path: scoring/gene properties
2026-08-19 03:09:15,038 | Utils | INFO | Successfully loaded file. Calculated shape: (1066869, 71)
2026-08-19 03:09:15,934 | Utils | INFO | Reading structured dataset: 12_CCLE_metabolomics_20190502.csv from path: cleaned_data/non gene expression
2026-08-19 03:09:15,986 | Utils | INFO | Successfully loaded file. Calculated shape: (928, 227)
2026-08-19 03:09:15,990 | Utils | INFO | Reading structured dataset: multiomincsfactor.csv from path: mofa_data/multiomincsfactor
2026-08-19 03:09:16,003 | Utils | INFO | Successfully loaded file. Calculated shape: (1479, 21)
2026-08-19 03:09:16,004 | Utils | INFO | Attempting to load binary pipeline estimator from storage name: kmeans_model.joblib
2026-08-19 03:09:16,057 | Utils | INFO | Model has been successfully loaded from the path
2026-08-19 03:09:33,342 | Utils | INFO | Reading structured dataset: multiomincsfactor.csv from path: mofa_data/multiomincsfactor
2026-08-19 03:09:33,350 | Utils | INFO | Successfully loaded file. Calculated shape: (1479, 21)
2026-08-19 03:09:33,351 | Utils | INFO | Attempting to load binary pipeline estimator from storage name: knn_model.joblib
2026-08-19 03:09:33,352 | Utils | INFO | Model has been successfully loaded from the path
2026-08-19 03:09:33,489 | Utils | INFO | Reading structured dataset: master_lookup.csv from path: lookup/master
2026-08-19 03:09:33,600 | Utils | INFO | Successfully loaded file. Calculated shape: (1479, 10)
2026-08-19 03:09:33,607 | Utils | INFO | Reading structured dataset: master_lookup.csv from path: lookup/master
2026-08-19 03:09:33,615 | Utils | INFO | Successfully loaded file. Calculated shape: (1479, 10)
2026-08-19 03:10:37,618 | Utils | INFO | Initiating save routine for file: top10_explanation.csv into directory: test/top10
2026-08-19 03:10:37,632 | Utils | INFO | Data frame successfully serialized to: C:\Users\Shankar\Desktop\AstraZeneca\code\astrazeneca\CelllineSelector\data\test\top10\top10_explanation.csv
2026-08-19 03:10:37,645 | Utils | INFO | Initiating save routine for file: final_top10_df.csv into directory: test/top10
2026-08-19 03:10:37,652 | Utils | INFO | Data frame successfully serialized to: C:\Users\Shankar\Desktop\AstraZeneca\code\astrazeneca\CelllineSelector\data\test\top10\final_top10_df.csv
2026-08-19 03:10:37,653 | Utils | INFO | Initiating save routine for file: full_scored_data.csv into directory: test/top10
2026-08-19 03:10:37,717 | Utils | INFO | Data frame successfully serialized to: C:\Users\Shankar\Desktop\AstraZeneca\code\astrazeneca\CelllineSelector\data\test\top10\full_scored_data.csv
2026-08-19 03:10:37,718 | Utils | INFO | Initiating save routine for file: metabolomnic_df.csv into directory: test/top10
2026-08-19 03:10:37,732 | Utils | INFO | Data frame successfully serialized to: C:\Users\Shankar\Desktop\AstraZeneca\code\astrazeneca\CelllineSelector\data\test\top10\metabolomnic_df.csv
2026-08-19 03:10:37,732 | Utils | INFO | Initiating save routine for file: fusion_reference_df.csv into directory: test/top10
2026-08-19 03:10:37,737 | Utils | INFO | Data frame successfully serialized to: C:\Users\Shankar\Desktop\AstraZeneca\code\astrazeneca\CelllineSelector\data\test\top10\fusion_reference_df.csv
2026-08-19 03:10:37,738 | Utils | INFO | Initiating save routine for file: mutation_reference_df.csv into directory: test/top10
2026-08-19 03:10:37,746 | Utils | INFO | Data frame successfully serialized to: C:\Users\Shankar\Desktop\AstraZeneca\code\astrazeneca\CelllineSelector\data\test\top10\mutation_reference_df.csv
2026-08-19 03:12:54,005 | Utils | INFO | Reading structured dataset: gene_ensg_map.csv from path: lookup/gene_maps
2026-08-19 03:12:54,034 | Utils | INFO | Successfully loaded file. Calculated shape: (19907, 2)
2026-08-19 03:12:54,037 | Utils | INFO | Reading structured dataset: gene_protein_map.csv from path: lookup/gene_maps
2026-08-19 03:12:54,054 | Utils | INFO | Successfully loaded file. Calculated shape: (12559, 3)
2026-08-19 03:12:54,058 | Utils | INFO | Reading structured dataset: 2_DepMap_OmicsExpressionAllGenesTPMLogp1Profile.csv from path: scoring/gene expression
2026-08-19 03:13:03,424 | Utils | INFO | Successfully loaded file. Calculated shape: (1479, 19920)
2026-08-19 03:13:03,494 | Utils | INFO | Reading structured dataset: 1_4_hpa_rna_celline.csv from path: scoring/gene expression
2026-08-19 03:13:09,424 | Utils | INFO | Successfully loaded file. Calculated shape: (1145, 20165)
2026-08-19 03:13:09,718 | Utils | INFO | Reading structured dataset: 4_Harmonized_MS_CCLE_Gygi_subsetted.csv from path: scoring/gene expression
2026-08-19 03:13:11,000 | Utils | INFO | Successfully loaded file. Calculated shape: (375, 12559)
2026-08-19 03:13:11,038 | Utils | INFO | Reading structured dataset: cosinematrix.csv from path: scoring/cosine_matrix
2026-08-19 03:13:23,126 | Utils | INFO | Successfully loaded file. Calculated shape: (1479, 19919)
2026-08-19 03:13:23,915 | Utils | INFO | Reading structured dataset: 5_OmicsFusionFilteredSupplementary.csv from path: scoring/gene properties
2026-08-19 03:13:24,740 | Utils | INFO | Successfully loaded file. Calculated shape: (184237, 31)
2026-08-19 03:13:24,950 | Utils | INFO | Reading structured dataset: 6_OmicsSomaticMutationsProfile.csv from path: scoring/gene properties
2026-08-19 03:13:35,042 | Utils | INFO | Successfully loaded file. Calculated shape: (1066869, 71)
2026-08-19 03:13:35,812 | Utils | INFO | Reading structured dataset: 6_OmicsSomaticMutationsProfile.csv from path: scoring/gene properties
2026-08-19 03:13:47,534 | Utils | INFO | Successfully loaded file. Calculated shape: (1066869, 71)
2026-08-19 03:13:48,533 | Utils | INFO | Reading structured dataset: master_lookup.csv from path: lookup/master
2026-08-19 03:13:48,542 | Utils | INFO | Successfully loaded file. Calculated shape: (1479, 10)
2026-08-19 03:13:48,551 | Utils | INFO | Reading structured dataset: master_lookup.csv from path: lookup/master
2026-08-19 03:13:48,561 | Utils | INFO | Successfully loaded file. Calculated shape: (1479, 10)
2026-08-19 03:13:48,572 | Utils | INFO | Reading structured dataset: 5_OmicsFusionFilteredSupplementary.csv from path: scoring/gene properties
2026-08-19 03:13:50,090 | Utils | INFO | Successfully loaded file. Calculated shape: (184237, 31)
2026-08-19 03:13:50,214 | Utils | INFO | Reading structured dataset: 6_OmicsSomaticMutationsProfile.csv from path: scoring/gene properties
2026-08-19 03:14:01,281 | Utils | INFO | Successfully loaded file. Calculated shape: (1066869, 71)
2026-08-19 03:14:02,014 | Utils | INFO | Reading structured dataset: 12_CCLE_metabolomics_20190502.csv from path: cleaned_data/non gene expression
2026-08-19 03:14:02,042 | Utils | INFO | Successfully loaded file. Calculated shape: (928, 227)
2026-08-19 03:14:02,046 | Utils | INFO | Reading structured dataset: multiomincsfactor.csv from path: mofa_data/multiomincsfactor
2026-08-19 03:14:02,056 | Utils | INFO | Successfully loaded file. Calculated shape: (1479, 21)
2026-08-19 03:14:02,056 | Utils | INFO | Attempting to load binary pipeline estimator from storage name: kmeans_model.joblib
2026-08-19 03:14:02,096 | Utils | INFO | Model has been successfully loaded from the path
2026-08-19 03:14:16,440 | Utils | INFO | Reading structured dataset: multiomincsfactor.csv from path: mofa_data/multiomincsfactor
2026-08-19 03:14:16,448 | Utils | INFO | Successfully loaded file. Calculated shape: (1479, 21)
2026-08-19 03:14:16,449 | Utils | INFO | Attempting to load binary pipeline estimator from storage name: knn_model.joblib
2026-08-19 03:14:16,452 | Utils | INFO | Model has been successfully loaded from the path
2026-08-19 03:14:16,601 | Utils | INFO | Reading structured dataset: master_lookup.csv from path: lookup/master
2026-08-19 03:14:16,608 | Utils | INFO | Successfully loaded file. Calculated shape: (1479, 10)
2026-08-19 03:14:16,615 | Utils | INFO | Reading structured dataset: master_lookup.csv from path: lookup/master
2026-08-19 03:14:16,621 | Utils | INFO | Successfully loaded file. Calculated shape: (1479, 10)
2026-08-19 03:15:15,230 | Utils | INFO | Initiating save routine for file: top10_explanation.csv into directory: test/top10
2026-08-19 03:15:15,243 | Utils | INFO | Data frame successfully serialized to: C:\Users\Shankar\Desktop\AstraZeneca\code\astrazeneca\CelllineSelector\data\test\top10\top10_explanation.csv
2026-08-19 03:15:15,255 | Utils | INFO | Initiating save routine for file: final_top10_df.csv into directory: test/top10
2026-08-19 03:15:15,260 | Utils | INFO | Data frame successfully serialized to: C:\Users\Shankar\Desktop\AstraZeneca\code\astrazeneca\CelllineSelector\data\test\top10\final_top10_df.csv
2026-08-19 03:15:15,260 | Utils | INFO | Initiating save routine for file: full_scored_data.csv into directory: test/top10
2026-08-19 03:15:15,326 | Utils | INFO | Data frame successfully serialized to: C:\Users\Shankar\Desktop\AstraZeneca\code\astrazeneca\CelllineSelector\data\test\top10\full_scored_data.csv
2026-08-19 03:15:15,326 | Utils | INFO | Initiating save routine for file: metabolomnic_df.csv into directory: test/top10
2026-08-19 03:15:15,341 | Utils | INFO | Data frame successfully serialized to: C:\Users\Shankar\Desktop\AstraZeneca\code\astrazeneca\CelllineSelector\data\test\top10\metabolomnic_df.csv
2026-08-19 03:15:15,342 | Utils | INFO | Initiating save routine for file: fusion_reference_df.csv into directory: test/top10
2026-08-19 03:15:15,346 | Utils | INFO | Data frame successfully serialized to: C:\Users\Shankar\Desktop\AstraZeneca\code\astrazeneca\CelllineSelector\data\test\top10\fusion_reference_df.csv
2026-08-19 03:15:15,347 | Utils | INFO | Initiating save routine for file: mutation_reference_df.csv into directory: test/top10
2026-08-19 03:15:15,352 | Utils | INFO | Data frame successfully serialized to: C:\Users\Shankar\Desktop\AstraZeneca\code\astrazeneca\CelllineSelector\data\test\top10\mutation_reference_df.csv
2026-08-19 03:15:39,282 | Utils | INFO | Reading structured dataset: gene_ensg_map.csv from path: lookup/gene_maps
2026-08-19 03:15:39,318 | Utils | INFO | Successfully loaded file. Calculated shape: (19907, 2)
2026-08-19 03:15:39,326 | Utils | INFO | Reading structured dataset: gene_protein_map.csv from path: lookup/gene_maps
2026-08-19 03:15:39,349 | Utils | INFO | Successfully loaded file. Calculated shape: (12559, 3)
2026-08-19 03:15:39,353 | Utils | INFO | Reading structured dataset: 2_DepMap_OmicsExpressionAllGenesTPMLogp1Profile.csv from path: scoring/gene expression
2026-08-19 03:15:53,144 | Utils | INFO | Successfully loaded file. Calculated shape: (1479, 19920)
2026-08-19 03:15:53,234 | Utils | INFO | Reading structured dataset: 1_4_hpa_rna_celline.csv from path: scoring/gene expression
2026-08-19 03:16:01,189 | Utils | INFO | Successfully loaded file. Calculated shape: (1145, 20165)
2026-08-19 03:16:01,562 | Utils | INFO | Reading structured dataset: 4_Harmonized_MS_CCLE_Gygi_subsetted.csv from path: scoring/gene expression
2026-08-19 03:16:02,956 | Utils | INFO | Successfully loaded file. Calculated shape: (375, 12559)
2026-08-19 03:16:02,993 | Utils | INFO | Reading structured dataset: cosinematrix.csv from path: scoring/cosine_matrix
2026-08-19 03:16:14,091 | Utils | INFO | Successfully loaded file. Calculated shape: (1479, 19919)
2026-08-19 03:16:15,045 | Utils | INFO | Reading structured dataset: 5_OmicsFusionFilteredSupplementary.csv from path: scoring/gene properties
2026-08-19 03:16:16,198 | Utils | INFO | Successfully loaded file. Calculated shape: (184237, 31)
2026-08-19 03:16:16,435 | Utils | INFO | Reading structured dataset: 6_OmicsSomaticMutationsProfile.csv from path: scoring/gene properties
2026-08-19 03:16:28,813 | Utils | INFO | Successfully loaded file. Calculated shape: (1066869, 71)
2026-08-19 03:16:30,062 | Utils | INFO | Reading structured dataset: 6_OmicsSomaticMutationsProfile.csv from path: scoring/gene properties
2026-08-19 03:16:44,985 | Utils | INFO | Successfully loaded file. Calculated shape: (1066869, 71)
2026-08-19 03:16:46,045 | Utils | INFO | Initiating save routine for file: final_top10_df.csv into directory: test/top10
2026-08-19 03:16:46,046 | Utils | ERROR | Failed to save data matrix asset to disk structure: Provided dataframe reference is empty or undefined.
2026-08-19 03:16:46,046 | Utils | INFO | Initiating save routine for file: full_scored_data.csv into directory: test/top10
2026-08-19 03:16:46,046 | Utils | ERROR | Failed to save data matrix asset to disk structure: Provided dataframe reference is empty or undefined.
2026-08-19 03:16:46,046 | Utils | INFO | Initiating save routine for file: metabolomnic_df.csv into directory: test/top10
2026-08-19 03:16:46,046 | Utils | ERROR | Failed to save data matrix asset to disk structure: Provided dataframe reference is empty or undefined.
2026-08-19 03:16:46,047 | Utils | INFO | Initiating save routine for file: fusion_reference_df.csv into directory: test/top10
2026-08-19 03:16:46,048 | Utils | ERROR | Failed to save data matrix asset to disk structure: Provided dataframe reference is empty or undefined.
2026-08-19 03:16:46,048 | Utils | INFO | Initiating save routine for file: mutation_reference_df.csv into directory: test/top10
2026-08-19 03:16:46,048 | Utils | ERROR | Failed to save data matrix asset to disk structure: Provided dataframe reference is empty or undefined.
2026-08-19 03:17:17,775 | Utils | INFO | Reading structured dataset: gene_ensg_map.csv from path: lookup/gene_maps
2026-08-19 03:17:17,817 | Utils | INFO | Successfully loaded file. Calculated shape: (19907, 2)
2026-08-19 03:17:17,823 | Utils | INFO | Reading structured dataset: gene_protein_map.csv from path: lookup/gene_maps
2026-08-19 03:17:17,847 | Utils | INFO | Successfully loaded file. Calculated shape: (12559, 3)
2026-08-19 03:17:17,853 | Utils | INFO | Reading structured dataset: 2_DepMap_OmicsExpressionAllGenesTPMLogp1Profile.csv from path: scoring/gene expression
2026-08-19 03:17:31,108 | Utils | INFO | Successfully loaded file. Calculated shape: (1479, 19920)
2026-08-19 03:17:31,292 | Utils | INFO | Reading structured dataset: 1_4_hpa_rna_celline.csv from path: scoring/gene expression
2026-08-19 03:17:42,203 | Utils | INFO | Successfully loaded file. Calculated shape: (1145, 20165)
2026-08-19 03:17:42,500 | Utils | INFO | Reading structured dataset: 4_Harmonized_MS_CCLE_Gygi_subsetted.csv from path: scoring/gene expression
2026-08-19 03:17:43,732 | Utils | INFO | Successfully loaded file. Calculated shape: (375, 12559)
2026-08-19 03:17:43,767 | Utils | INFO | Reading structured dataset: cosinematrix.csv from path: scoring/cosine_matrix
2026-08-19 03:17:55,659 | Utils | INFO | Successfully loaded file. Calculated shape: (1479, 19919)
2026-08-19 03:17:56,814 | Utils | INFO | Reading structured dataset: 5_OmicsFusionFilteredSupplementary.csv from path: scoring/gene properties
2026-08-19 03:17:58,274 | Utils | INFO | Successfully loaded file. Calculated shape: (184237, 31)
2026-08-19 03:17:58,530 | Utils | INFO | Reading structured dataset: 6_OmicsSomaticMutationsProfile.csv from path: scoring/gene properties
2026-08-19 03:18:12,811 | Utils | INFO | Successfully loaded file. Calculated shape: (1066869, 71)
2026-08-19 03:18:14,037 | Utils | INFO | Reading structured dataset: 6_OmicsSomaticMutationsProfile.csv from path: scoring/gene properties
2026-08-19 03:18:27,090 | Utils | INFO | Successfully loaded file. Calculated shape: (1066869, 71)
2026-08-19 03:18:28,104 | Utils | INFO | Initiating save routine for file: final_top10_df.csv into directory: test/top10
2026-08-19 03:18:28,104 | Utils | ERROR | Failed to save data matrix asset to disk structure: Provided dataframe reference is empty or undefined.
2026-08-19 03:18:28,105 | Utils | INFO | Initiating save routine for file: full_scored_data.csv into directory: test/top10
2026-08-19 03:18:28,105 | Utils | ERROR | Failed to save data matrix asset to disk structure: Provided dataframe reference is empty or undefined.
2026-08-19 03:18:28,105 | Utils | INFO | Initiating save routine for file: metabolomnic_df.csv into directory: test/top10
2026-08-19 03:18:28,105 | Utils | ERROR | Failed to save data matrix asset to disk structure: Provided dataframe reference is empty or undefined.
2026-08-19 03:18:28,105 | Utils | INFO | Initiating save routine for file: fusion_reference_df.csv into directory: test/top10
2026-08-19 03:18:28,105 | Utils | ERROR | Failed to save data matrix asset to disk structure: Provided dataframe reference is empty or undefined.
2026-08-19 03:18:28,105 | Utils | INFO | Initiating save routine for file: mutation_reference_df.csv into directory: test/top10
2026-08-19 03:18:28,106 | Utils | ERROR | Failed to save data matrix asset to disk structure: Provided dataframe reference is empty or undefined.
2026-08-19 03:19:08,158 | Utils | INFO | Reading structured dataset: gene_ensg_map.csv from path: lookup/gene_maps
2026-08-19 03:19:08,188 | Utils | INFO | Successfully loaded file. Calculated shape: (19907, 2)
2026-08-19 03:19:08,191 | Utils | INFO | Reading structured dataset: gene_protein_map.csv from path: lookup/gene_maps
2026-08-19 03:19:08,207 | Utils | INFO | Successfully loaded file. Calculated shape: (12559, 3)
2026-08-19 03:19:08,211 | Utils | INFO | Reading structured dataset: 2_DepMap_OmicsExpressionAllGenesTPMLogp1Profile.csv from path: scoring/gene expression
2026-08-19 03:19:21,907 | Utils | INFO | Successfully loaded file. Calculated shape: (1479, 19920)
2026-08-19 03:19:22,055 | Utils | INFO | Reading structured dataset: 1_4_hpa_rna_celline.csv from path: scoring/gene expression
2026-08-19 03:19:30,554 | Utils | INFO | Successfully loaded file. Calculated shape: (1145, 20165)
2026-08-19 03:19:30,833 | Utils | INFO | Reading structured dataset: 4_Harmonized_MS_CCLE_Gygi_subsetted.csv from path: scoring/gene expression
2026-08-19 03:19:31,840 | Utils | INFO | Successfully loaded file. Calculated shape: (375, 12559)
2026-08-19 03:19:31,867 | Utils | INFO | Reading structured dataset: cosinematrix.csv from path: scoring/cosine_matrix
2026-08-19 03:19:39,983 | Utils | INFO | Successfully loaded file. Calculated shape: (1479, 19919)
2026-08-19 03:19:40,786 | Utils | INFO | Reading structured dataset: 5_OmicsFusionFilteredSupplementary.csv from path: scoring/gene properties
2026-08-19 03:19:41,687 | Utils | INFO | Successfully loaded file. Calculated shape: (184237, 31)
2026-08-19 03:19:41,878 | Utils | INFO | Reading structured dataset: 6_OmicsSomaticMutationsProfile.csv from path: scoring/gene properties
2026-08-19 03:19:52,140 | Utils | INFO | Successfully loaded file. Calculated shape: (1066869, 71)
2026-08-19 03:19:53,035 | Utils | INFO | Reading structured dataset: 6_OmicsSomaticMutationsProfile.csv from path: scoring/gene properties
2026-08-19 03:20:05,236 | Utils | INFO | Successfully loaded file. Calculated shape: (1066869, 71)
2026-08-19 03:20:05,983 | Utils | INFO | Reading structured dataset: master_lookup.csv from path: lookup/master
2026-08-19 03:20:05,993 | Utils | INFO | Successfully loaded file. Calculated shape: (1479, 10)
2026-08-19 03:20:06,001 | Utils | INFO | Reading structured dataset: master_lookup.csv from path: lookup/master
2026-08-19 03:20:06,009 | Utils | INFO | Successfully loaded file. Calculated shape: (1479, 10)
2026-08-19 03:20:06,120 | Utils | INFO | Reading structured dataset: 12_CCLE_metabolomics_20190502.csv from path: cleaned_data/non gene expression
2026-08-19 03:20:06,152 | Utils | INFO | Successfully loaded file. Calculated shape: (928, 227)
2026-08-19 03:20:06,156 | Utils | INFO | Reading structured dataset: multiomincsfactor.csv from path: mofa_data/multiomincsfactor
2026-08-19 03:20:06,166 | Utils | INFO | Successfully loaded file. Calculated shape: (1479, 21)
2026-08-19 03:20:06,166 | Utils | INFO | Attempting to load binary pipeline estimator from storage name: kmeans_model.joblib
2026-08-19 03:20:06,208 | Utils | INFO | Model has been successfully loaded from the path
2026-08-19 03:20:24,787 | Utils | INFO | Reading structured dataset: multiomincsfactor.csv from path: mofa_data/multiomincsfactor
2026-08-19 03:20:24,795 | Utils | INFO | Successfully loaded file. Calculated shape: (1479, 21)
2026-08-19 03:20:24,796 | Utils | INFO | Attempting to load binary pipeline estimator from storage name: knn_model.joblib
2026-08-19 03:20:24,798 | Utils | INFO | Model has been successfully loaded from the path
2026-08-19 03:20:24,957 | Utils | INFO | Reading structured dataset: master_lookup.csv from path: lookup/master
2026-08-19 03:20:24,962 | Utils | INFO | Successfully loaded file. Calculated shape: (1479, 10)
2026-08-19 03:20:24,968 | Utils | INFO | Reading structured dataset: master_lookup.csv from path: lookup/master
2026-08-19 03:20:24,974 | Utils | INFO | Successfully loaded file. Calculated shape: (1479, 10)
2026-08-19 03:26:45,418 | Utils | INFO | Initiating save routine for file: top10_explanation.csv into directory: test/top10
2026-08-19 03:26:45,435 | Utils | INFO | Data frame successfully serialized to: C:\Users\Shankar\Desktop\AstraZeneca\code\astrazeneca\CelllineSelector\data\test\top10\top10_explanation.csv
2026-08-19 03:26:45,449 | Utils | INFO | Initiating save routine for file: final_top10_df.csv into directory: test/top10
2026-08-19 03:26:45,457 | Utils | INFO | Data frame successfully serialized to: C:\Users\Shankar\Desktop\AstraZeneca\code\astrazeneca\CelllineSelector\data\test\top10\final_top10_df.csv
2026-08-19 03:26:45,458 | Utils | INFO | Initiating save routine for file: full_scored_data.csv into directory: test/top10
2026-08-19 03:26:45,511 | Utils | INFO | Data frame successfully serialized to: C:\Users\Shankar\Desktop\AstraZeneca\code\astrazeneca\CelllineSelector\data\test\top10\full_scored_data.csv
2026-08-19 03:26:45,512 | Utils | INFO | Initiating save routine for file: metabolomnic_df.csv into directory: test/top10
2026-08-19 03:26:45,524 | Utils | INFO | Data frame successfully serialized to: C:\Users\Shankar\Desktop\AstraZeneca\code\astrazeneca\CelllineSelector\data\test\top10\metabolomnic_df.csv
2026-08-19 03:26:45,524 | Utils | INFO | Initiating save routine for file: fusion_reference_df.csv into directory: test/top10
2026-08-19 03:26:45,525 | Utils | ERROR | Failed to save data matrix asset to disk structure: Provided dataframe reference is empty or undefined.
2026-08-19 03:26:45,525 | Utils | INFO | Initiating save routine for file: mutation_reference_df.csv into directory: test/top10
2026-08-19 03:26:45,526 | Utils | ERROR | Failed to save data matrix asset to disk structure: Provided dataframe reference is empty or undefined.
2026-08-19 11:10:28,223 | Utils | INFO | Reading structured dataset: gene_ensg_map.csv from path: lookup/gene_maps
2026-08-19 11:10:28,300 | Utils | INFO | Successfully loaded file. Calculated shape: (19907, 2)
2026-08-19 11:10:28,314 | Utils | INFO | Reading structured dataset: gene_protein_map.csv from path: lookup/gene_maps
2026-08-19 11:10:28,351 | Utils | INFO | Successfully loaded file. Calculated shape: (12559, 3)
2026-08-19 11:10:28,354 | Utils | INFO | Reading structured dataset: 2_DepMap_OmicsExpressionAllGenesTPMLogp1Profile.csv from path: scoring/gene expression
2026-08-19 11:10:42,630 | Utils | INFO | Successfully loaded file. Calculated shape: (1479, 19920)
2026-08-19 11:10:42,776 | Utils | INFO | Reading structured dataset: 1_4_hpa_rna_celline.csv from path: scoring/gene expression
2026-08-19 11:10:51,614 | Utils | INFO | Successfully loaded file. Calculated shape: (1145, 20165)
2026-08-19 11:10:51,947 | Utils | INFO | Reading structured dataset: 4_Harmonized_MS_CCLE_Gygi_subsetted.csv from path: scoring/gene expression
2026-08-19 11:10:53,480 | Utils | INFO | Successfully loaded file. Calculated shape: (375, 12559)
2026-08-19 11:10:53,522 | Utils | INFO | Reading structured dataset: cosinematrix.csv from path: scoring/cosine_matrix
2026-08-19 11:11:04,317 | Utils | INFO | Successfully loaded file. Calculated shape: (1479, 19919)
2026-08-19 11:11:04,514 | Utils | INFO | Reading structured dataset: gene_ensg_map.csv from path: lookup/gene_maps
2026-08-19 11:11:04,538 | Utils | INFO | Successfully loaded file. Calculated shape: (19907, 2)
2026-08-19 11:11:04,541 | Utils | INFO | Reading structured dataset: gene_protein_map.csv from path: lookup/gene_maps
2026-08-19 11:11:04,562 | Utils | INFO | Successfully loaded file. Calculated shape: (12559, 3)
2026-08-19 11:11:04,565 | Utils | INFO | Reading structured dataset: 2_DepMap_OmicsExpressionAllGenesTPMLogp1Profile.csv from path: scoring/gene expression
2026-08-19 11:11:15,219 | Utils | INFO | Successfully loaded file. Calculated shape: (1479, 19920)
2026-08-19 11:11:15,289 | Utils | INFO | Reading structured dataset: 1_4_hpa_rna_celline.csv from path: scoring/gene expression
2026-08-19 11:11:22,600 | Utils | INFO | Successfully loaded file. Calculated shape: (1145, 20165)
2026-08-19 11:11:22,948 | Utils | INFO | Reading structured dataset: 4_Harmonized_MS_CCLE_Gygi_subsetted.csv from path: scoring/gene expression
2026-08-19 11:11:24,221 | Utils | INFO | Successfully loaded file. Calculated shape: (375, 12559)
2026-08-19 11:11:24,256 | Utils | INFO | Reading structured dataset: cosinematrix.csv from path: scoring/cosine_matrix
2026-08-19 11:11:34,201 | Utils | INFO | Successfully loaded file. Calculated shape: (1479, 19919)
2026-08-19 11:11:35,664 | Utils | INFO | Reading structured dataset: 5_OmicsFusionFilteredSupplementary.csv from path: scoring/gene properties
2026-08-19 11:11:36,884 | Utils | INFO | Successfully loaded file. Calculated shape: (184237, 31)
2026-08-19 11:11:37,127 | Utils | INFO | Reading structured dataset: 6_OmicsSomaticMutationsProfile.csv from path: scoring/gene properties
2026-08-19 11:12:01,069 | Utils | INFO | Successfully loaded file. Calculated shape: (1066869, 71)
2026-08-19 11:12:03,465 | Utils | INFO | Reading structured dataset: 6_OmicsSomaticMutationsProfile.csv from path: scoring/gene properties
2026-08-19 11:12:24,359 | Utils | INFO | Successfully loaded file. Calculated shape: (1066869, 71)
2026-08-19 11:12:26,196 | Utils | INFO | Reading structured dataset: master_lookup.csv from path: lookup/master
2026-08-19 11:12:26,289 | Utils | INFO | Successfully loaded file. Calculated shape: (1479, 10)
2026-08-19 11:12:26,451 | Utils | INFO | Reading structured dataset: master_lookup.csv from path: lookup/master
2026-08-19 11:12:26,460 | Utils | INFO | Successfully loaded file. Calculated shape: (1479, 10)
2026-08-19 11:12:26,472 | Utils | INFO | Reading structured dataset: 5_OmicsFusionFilteredSupplementary.csv from path: scoring/gene properties
2026-08-19 11:12:27,607 | Utils | INFO | Successfully loaded file. Calculated shape: (184237, 31)
2026-08-19 11:12:27,738 | Utils | INFO | Reading structured dataset: 6_OmicsSomaticMutationsProfile.csv from path: scoring/gene properties
2026-08-19 11:12:41,992 | Utils | INFO | Successfully loaded file. Calculated shape: (1066869, 71)
2026-08-19 11:12:43,021 | Utils | INFO | Reading structured dataset: 12_CCLE_metabolomics_20190502.csv from path: cleaned_data/non gene expression
2026-08-19 11:12:43,095 | Utils | INFO | Successfully loaded file. Calculated shape: (928, 227)
2026-08-19 11:12:43,103 | Utils | INFO | Reading structured dataset: multiomincsfactor.csv from path: mofa_data/multiomincsfactor
2026-08-19 11:12:43,132 | Utils | INFO | Successfully loaded file. Calculated shape: (1479, 21)
2026-08-19 11:12:43,132 | Utils | INFO | Attempting to load binary pipeline estimator from storage name: kmeans_model.joblib
2026-08-19 11:12:43,682 | Utils | INFO | Model has been successfully loaded from the path
2026-08-19 11:13:06,940 | Utils | INFO | Reading structured dataset: multiomincsfactor.csv from path: mofa_data/multiomincsfactor
2026-08-19 11:13:06,953 | Utils | INFO | Successfully loaded file. Calculated shape: (1479, 21)
2026-08-19 11:13:06,954 | Utils | INFO | Attempting to load binary pipeline estimator from storage name: knn_model.joblib
2026-08-19 11:13:06,965 | Utils | INFO | Model has been successfully loaded from the path
2026-08-19 11:13:07,150 | Utils | INFO | Reading structured dataset: master_lookup.csv from path: lookup/master
2026-08-19 11:13:07,302 | Utils | INFO | Successfully loaded file. Calculated shape: (1479, 10)
2026-08-19 11:13:07,316 | Utils | INFO | Reading structured dataset: master_lookup.csv from path: lookup/master
2026-08-19 11:13:07,323 | Utils | INFO | Successfully loaded file. Calculated shape: (1479, 10)
2026-08-19 11:19:28,666 | Utils | INFO | Initiating save routine for file: top10_explanation.csv into directory: test/top10
2026-08-19 11:19:28,690 | Utils | INFO | Data frame successfully serialized to: C:\Users\Shankar\Desktop\AstraZeneca\code\astrazeneca\CelllineSelector\data\test\top10\top10_explanation.csv
2026-08-19 11:19:28,704 | Utils | INFO | Initiating save routine for file: final_top10_df.csv into directory: test/top10
2026-08-19 11:19:28,715 | Utils | INFO | Data frame successfully serialized to: C:\Users\Shankar\Desktop\AstraZeneca\code\astrazeneca\CelllineSelector\data\test\top10\final_top10_df.csv
2026-08-19 11:19:28,715 | Utils | INFO | Initiating save routine for file: full_scored_data.csv into directory: test/top10
2026-08-19 11:19:28,848 | Utils | INFO | Data frame successfully serialized to: C:\Users\Shankar\Desktop\AstraZeneca\code\astrazeneca\CelllineSelector\data\test\top10\full_scored_data.csv
2026-08-19 11:19:28,848 | Utils | INFO | Initiating save routine for file: metabolomnic_df.csv into directory: test/top10
2026-08-19 11:19:28,869 | Utils | INFO | Data frame successfully serialized to: C:\Users\Shankar\Desktop\AstraZeneca\code\astrazeneca\CelllineSelector\data\test\top10\metabolomnic_df.csv
2026-08-19 11:19:28,869 | Utils | INFO | Initiating save routine for file: fusion_reference_df.csv into directory: test/top10
2026-08-19 11:19:28,876 | Utils | INFO | Data frame successfully serialized to: C:\Users\Shankar\Desktop\AstraZeneca\code\astrazeneca\CelllineSelector\data\test\top10\fusion_reference_df.csv
2026-08-19 11:19:28,877 | Utils | INFO | Initiating save routine for file: mutation_reference_df.csv into directory: test/top10
2026-08-19 11:19:28,884 | Utils | INFO | Data frame successfully serialized to: C:\Users\Shankar\Desktop\AstraZeneca\code\astrazeneca\CelllineSelector\data\test\top10\mutation_reference_df.csv
2026-08-23 21:47:15,569 | Utils | INFO | Reading structured dataset: gene_ensg_map.csv from path: lookup/gene_maps
2026-08-23 21:47:15,874 | Utils | INFO | Successfully loaded file. Calculated shape: (19907, 2)
2026-08-23 21:47:15,905 | Utils | INFO | Reading structured dataset: gene_protein_map.csv from path: lookup/gene_maps
2026-08-23 21:47:15,954 | Utils | INFO | Successfully loaded file. Calculated shape: (12559, 3)
2026-08-23 21:47:15,958 | Utils | INFO | Reading structured dataset: 2_DepMap_OmicsExpressionAllGenesTPMLogp1Profile.csv from path: scoring/gene expression
2026-08-23 21:47:35,024 | Utils | INFO | Successfully loaded file. Calculated shape: (1479, 19920)
2026-08-23 21:47:35,155 | Utils | INFO | Reading structured dataset: 1_4_hpa_rna_celline.csv from path: scoring/gene expression
2026-08-23 21:47:45,351 | Utils | INFO | Successfully loaded file. Calculated shape: (1145, 20165)
2026-08-23 21:47:45,935 | Utils | INFO | Reading structured dataset: 4_Harmonized_MS_CCLE_Gygi_subsetted.csv from path: scoring/gene expression
2026-08-23 21:47:47,429 | Utils | INFO | Successfully loaded file. Calculated shape: (375, 12559)
2026-08-23 21:47:47,468 | Utils | INFO | Reading structured dataset: cosinematrix.csv from path: scoring/cosine_matrix
2026-08-23 21:48:04,351 | Utils | INFO | Successfully loaded file. Calculated shape: (1479, 19919)
2026-08-23 21:48:05,838 | Utils | INFO | Reading structured dataset: 5_OmicsFusionFilteredSupplementary.csv from path: scoring/gene properties
2026-08-23 21:48:07,564 | Utils | INFO | Successfully loaded file. Calculated shape: (184237, 31)
2026-08-23 21:48:08,056 | Utils | INFO | Reading structured dataset: 6_OmicsSomaticMutationsProfile.csv from path: scoring/gene properties
2026-08-23 21:48:29,514 | Utils | INFO | Successfully loaded file. Calculated shape: (1066869, 71)
2026-08-23 21:48:31,185 | Utils | INFO | Reading structured dataset: 6_OmicsSomaticMutationsProfile.csv from path: scoring/gene properties
2026-08-23 21:48:56,186 | Utils | INFO | Successfully loaded file. Calculated shape: (1066869, 71)
2026-08-23 21:48:57,992 | Utils | INFO | Reading structured dataset: master_lookup.csv from path: lookup/master
2026-08-23 21:48:58,113 | Utils | INFO | Successfully loaded file. Calculated shape: (1479, 10)
2026-08-23 21:48:58,131 | Utils | INFO | Reading structured dataset: master_lookup.csv from path: lookup/master
2026-08-23 21:48:58,144 | Utils | INFO | Successfully loaded file. Calculated shape: (1479, 10)
2026-08-23 21:48:58,384 | Utils | INFO | Reading structured dataset: 12_CCLE_metabolomics_20190502.csv from path: cleaned_data/non gene expression
2026-08-23 21:48:58,480 | Utils | INFO | Successfully loaded file. Calculated shape: (928, 227)
2026-08-23 21:48:58,494 | Utils | INFO | Reading structured dataset: multiomincsfactor.csv from path: mofa_data/multiomincsfactor
2026-08-23 21:48:58,530 | Utils | INFO | Successfully loaded file. Calculated shape: (1479, 21)
2026-08-23 21:48:58,530 | Utils | INFO | Attempting to load binary pipeline estimator from storage name: kmeans_model.joblib
2026-08-23 21:48:59,469 | Utils | INFO | Model has been successfully loaded from the path
2026-08-23 21:49:33,414 | Utils | INFO | Reading structured dataset: multiomincsfactor.csv from path: mofa_data/multiomincsfactor
2026-08-23 21:49:33,432 | Utils | INFO | Successfully loaded file. Calculated shape: (1479, 21)
2026-08-23 21:49:33,433 | Utils | INFO | Attempting to load binary pipeline estimator from storage name: knn_model.joblib
2026-08-23 21:49:33,452 | Utils | INFO | Model has been successfully loaded from the path
2026-08-23 21:49:33,829 | Utils | INFO | Reading structured dataset: master_lookup.csv from path: lookup/master
2026-08-23 21:49:33,843 | Utils | INFO | Successfully loaded file. Calculated shape: (1479, 10)
2026-08-23 21:49:33,859 | Utils | INFO | Reading structured dataset: master_lookup.csv from path: lookup/master
2026-08-23 21:49:33,875 | Utils | INFO | Successfully loaded file. Calculated shape: (1479, 10)
2026-08-23 21:50:23,289 | Utils | INFO | Initiating save routine for file: top10_explanation.csv into directory: test/top10
2026-08-23 21:50:23,295 | Utils | INFO | Data frame successfully serialized to: C:\Users\Shankar\Desktop\AstraZeneca\code\astrazeneca\CelllineSelector\data\test\top10\top10_explanation.csv
2026-08-24 17:50:10,576 | Utils | INFO | Reading structured dataset: gene_ensg_map.csv from path: lookup/gene_maps
2026-08-24 17:50:10,603 | Utils | INFO | Successfully loaded file. Calculated shape: (19907, 2)
2026-08-24 17:50:10,614 | Utils | INFO | Reading structured dataset: gene_protein_map.csv from path: lookup/gene_maps
2026-08-24 17:50:10,668 | Utils | INFO | Successfully loaded file. Calculated shape: (12559, 3)
2026-08-24 17:50:10,676 | Utils | INFO | Reading structured dataset: 2_DepMap_OmicsExpressionAllGenesTPMLogp1Profile.csv from path: scoring/gene expression
2026-08-24 17:50:25,586 | Utils | INFO | Successfully loaded file. Calculated shape: (1479, 19920)
2026-08-24 17:50:25,692 | Utils | INFO | Reading structured dataset: 1_4_hpa_rna_celline.csv from path: scoring/gene expression
2026-08-24 17:50:38,609 | Utils | INFO | Successfully loaded file. Calculated shape: (1145, 20165)
2026-08-24 17:50:39,141 | Utils | INFO | Reading structured dataset: 4_Harmonized_MS_CCLE_Gygi_subsetted.csv from path: scoring/gene expression
2026-08-24 17:50:40,936 | Utils | INFO | Successfully loaded file. Calculated shape: (375, 12559)
2026-08-24 17:50:40,986 | Utils | INFO | Reading structured dataset: cosinematrix.csv from path: scoring/cosine_matrix
2026-08-24 17:50:58,706 | Utils | INFO | Successfully loaded file. Calculated shape: (1479, 19919)
2026-08-24 17:50:59,044 | Utils | INFO | Reading structured dataset: gene_ensg_map.csv from path: lookup/gene_maps
2026-08-24 17:50:59,069 | Utils | INFO | Successfully loaded file. Calculated shape: (19907, 2)
2026-08-24 17:50:59,071 | Utils | INFO | Reading structured dataset: gene_protein_map.csv from path: lookup/gene_maps
2026-08-24 17:50:59,095 | Utils | INFO | Successfully loaded file. Calculated shape: (12559, 3)
2026-08-24 17:50:59,098 | Utils | INFO | Reading structured dataset: 2_DepMap_OmicsExpressionAllGenesTPMLogp1Profile.csv from path: scoring/gene expression
2026-08-24 17:51:13,776 | Utils | INFO | Successfully loaded file. Calculated shape: (1479, 19920)
2026-08-24 17:51:13,867 | Utils | INFO | Reading structured dataset: 1_4_hpa_rna_celline.csv from path: scoring/gene expression
2026-08-24 17:51:21,518 | Utils | INFO | Successfully loaded file. Calculated shape: (1145, 20165)
2026-08-24 17:51:21,874 | Utils | INFO | Reading structured dataset: 4_Harmonized_MS_CCLE_Gygi_subsetted.csv from path: scoring/gene expression
2026-08-24 17:51:23,228 | Utils | INFO | Successfully loaded file. Calculated shape: (375, 12559)
2026-08-24 17:51:23,262 | Utils | INFO | Reading structured dataset: cosinematrix.csv from path: scoring/cosine_matrix
2026-08-24 17:51:33,572 | Utils | INFO | Successfully loaded file. Calculated shape: (1479, 19919)
2026-08-24 17:51:34,901 | Utils | INFO | Reading structured dataset: 5_OmicsFusionFilteredSupplementary.csv from path: scoring/gene properties
2026-08-24 17:51:35,918 | Utils | INFO | Successfully loaded file. Calculated shape: (184237, 31)
2026-08-24 17:51:36,183 | Utils | INFO | Reading structured dataset: 6_OmicsSomaticMutationsProfile.csv from path: scoring/gene properties
2026-08-24 17:51:47,959 | Utils | INFO | Successfully loaded file. Calculated shape: (1066869, 71)
2026-08-24 17:51:49,385 | Utils | INFO | Reading structured dataset: 6_OmicsSomaticMutationsProfile.csv from path: scoring/gene properties
2026-08-24 17:52:13,117 | Utils | INFO | Successfully loaded file. Calculated shape: (1066869, 71)
2026-08-24 17:52:15,049 | Utils | INFO | Reading structured dataset: master_lookup.csv from path: lookup/master
2026-08-24 17:52:15,067 | Utils | INFO | Successfully loaded file. Calculated shape: (1479, 10)
2026-08-24 17:52:15,082 | Utils | INFO | Reading structured dataset: master_lookup.csv from path: lookup/master
2026-08-24 17:52:15,095 | Utils | INFO | Successfully loaded file. Calculated shape: (1479, 10)
2026-08-24 17:52:15,113 | Utils | INFO | Reading structured dataset: 5_OmicsFusionFilteredSupplementary.csv from path: scoring/gene properties
2026-08-24 17:52:17,361 | Utils | INFO | Successfully loaded file. Calculated shape: (184237, 31)
2026-08-24 17:52:17,593 | Utils | INFO | Reading structured dataset: 6_OmicsSomaticMutationsProfile.csv from path: scoring/gene properties
2026-08-24 17:52:37,673 | Utils | INFO | Successfully loaded file. Calculated shape: (1066869, 71)
2026-08-24 17:52:39,020 | Utils | INFO | Reading structured dataset: 12_CCLE_metabolomics_20190502.csv from path: cleaned_data/non gene expression
2026-08-24 17:52:39,177 | Utils | INFO | Successfully loaded file. Calculated shape: (928, 227)
2026-08-24 17:52:39,188 | Utils | INFO | Reading structured dataset: multiomincsfactor.csv from path: mofa_data/multiomincsfactor
2026-08-24 17:52:39,225 | Utils | INFO | Successfully loaded file. Calculated shape: (1479, 21)
2026-08-24 17:52:39,225 | Utils | INFO | Attempting to load binary pipeline estimator from storage name: kmeans_model.joblib
2026-08-24 17:52:39,800 | Utils | INFO | Model has been successfully loaded from the path
2026-08-24 17:53:09,022 | Utils | INFO | Reading structured dataset: multiomincsfactor.csv from path: mofa_data/multiomincsfactor
2026-08-24 17:53:09,034 | Utils | INFO | Successfully loaded file. Calculated shape: (1479, 21)
2026-08-24 17:53:09,034 | Utils | INFO | Attempting to load binary pipeline estimator from storage name: knn_model.joblib
2026-08-24 17:53:09,063 | Utils | INFO | Model has been successfully loaded from the path
2026-08-24 17:53:09,349 | Utils | INFO | Reading structured dataset: master_lookup.csv from path: lookup/master
2026-08-24 17:53:09,541 | Utils | INFO | Successfully loaded file. Calculated shape: (1479, 10)
2026-08-24 17:53:09,574 | Utils | INFO | Reading structured dataset: master_lookup.csv from path: lookup/master
2026-08-24 17:53:09,585 | Utils | INFO | Successfully loaded file. Calculated shape: (1479, 10)
2026-08-24 17:53:58,915 | Utils | INFO | Initiating save routine for file: top10_explanation.csv into directory: test/top10
2026-08-24 17:53:58,924 | Utils | INFO | Data frame successfully serialized to: C:\Users\Shankar\Desktop\AstraZeneca\code\astrazeneca\CelllineSelector\data\test\top10\top10_explanation.csv
